14:05:21 [main] INFO  com.iteaj.iboot.boot.IBootApplication - Starting IBootApplication v3.0.0 using Java 1.8.0_492 on DESKTOP-6NM70T0 with PID 6248 (D:\Proj\5.29\iboot-jetlinks\bootstrap\target\bootstrap.jar started by DESKTOP-6NM70T0$ in D:\Proj\5.29\iboot-jetlinks\bootstrap\target)
14:05:21 [main] INFO  com.iteaj.iboot.boot.IBootApplication - The following 5 profiles are active: "iot", "framework", "satoken", "knife4j", "prod"
14:05:57 [main] INFO  c.iteaj.framework.spi.iot.ProtocolSupplierManager - <<<注册协议提供成功 MODBUS_RTU - 版本: 1.0.0 - 实现: 系统内置 - 说明: Modbus Rtu协议提供
14:05:57 [main] INFO  c.iteaj.framework.spi.iot.ProtocolSupplierManager - <<<注册协议提供成功 MODBUS_TCP - 版本: 1.0.0 - 实现: 系统内置 - 说明: Modbus Tcp协议提供
14:05:57 [main] INFO  c.iteaj.framework.spi.iot.ProtocolSupplierManager - <<<注册协议提供成功 DTU:MODBUS_TCP - 版本: 1.0.0 - 实现: 系统内置 - 说明: 基于DTU网关的Modbus Tcp协议提供
14:05:57 [main] INFO  c.iteaj.framework.spi.iot.ProtocolSupplierManager - <<<注册协议提供成功 DTU:MODBUS_RTU - 版本: 1.0.0 - 实现: 系统内置 - 说明: 基于DTU网关的Modbus Rtu协议提供
14:05:57 [main] INFO  c.iteaj.framework.spi.iot.ProtocolSupplierManager - <<<注册协议提供成功 MQTT_DEFAULT_IMPL - 版本: 1.0.0 - 实现: 系统内置 - 说明: 默认Mqtt协议
14:06:01 [main] INFO  com.iteaj.iboot.boot.IBootApplication - Started IBootApplication in 43.894 seconds (JVM running for 49.571)
14:06:01 [main] INFO  com.iteaj.framework.plugin.PluginManagerService - 框架已加载完成所有插件[Oauth2、Knife4j]
14:06:01 [main] INFO  com.iteaj.iot.boot.LoggerLifeCyclePostProcessor - 执行组件生命周期[start]前钩子函数[LifeCyclePostProcessor]
14:06:01 [IST-4-1] INFO  com.iteaj.iot.server.IotSocketServer - 监听端口成功(websocket(Server)) 主机：0.0.0.0:8170 - 简介：websocket服务端默认实现
14:06:01 [main] INFO  com.iteaj.iot.boot.LoggerLifeCyclePostProcessor - 执行组件生命周期[start]后钩子函数[LifeCyclePostProcessor]
14:06:02 [IST-4-1] INFO  com.iteaj.iot.server.IotSocketServer - 监听端口成功(ModbusRtuForDtu) 主机：0.0.0.0:5020 - 简介：使用Dtu连网且设备基于标准Modbus Rtu协议的iot服务端实现
14:06:09 [main] ERROR c.i.i.modbus.client.rtu.ModbusRtuClientComponent$1 - 串口客户端(COM1) 打开失败 - 方式：同步
14:06:12 [IWT-5-3] ERROR com.iteaj.iot.modbus.client.tcp.ModbusTcpClient - 客户端(ModbusTcpClient) 连接服务器失败 - 远程主机 127.0.0.1:502 - 客户端标识：gwd_modbus_tcp_60_0001
io.netty.channel.AbstractChannel$AnnotatedConnectException: Connection refused: no further information: /127.0.0.1:502
Caused by: java.net.ConnectException: Connection refused: no further information
	at sun.nio.ch.SocketChannelImpl.checkConnect(Native Method)
	at sun.nio.ch.SocketChannelImpl.finishConnect(SocketChannelImpl.java:716)
	at io.netty.channel.socket.nio.NioSocketChannel.doFinishConnect(NioSocketChannel.java:337)
	at io.netty.channel.nio.AbstractNioChannel$AbstractNioUnsafe.finishConnect(AbstractNioChannel.java:334)
	at io.netty.channel.nio.NioEventLoop.processSelectedKey(NioEventLoop.java:710)
	at io.netty.channel.nio.NioEventLoop.processSelectedKeysOptimized(NioEventLoop.java:658)
	at io.netty.channel.nio.NioEventLoop.processSelectedKeys(NioEventLoop.java:584)
	at io.netty.channel.nio.NioEventLoop.run(NioEventLoop.java:496)
	at io.netty.util.concurrent.SingleThreadEventExecutor$4.run(SingleThreadEventExecutor.java:997)
	at io.netty.util.internal.ThreadExecutorMap$2.run(ThreadExecutorMap.java:74)
	at io.netty.util.concurrent.FastThreadLocalRunnable.run(FastThreadLocalRunnable.java:30)
	at java.lang.Thread.run(Thread.java:750)
14:06:12 [IWT-5-3] WARN  com.iteaj.iot.modbus.client.tcp.ModbusTcpClient - 客户端(ModbusTcpClient) 断线重连 - 等待重连时间：15(s) - 远程主机 127.0.0.1:502 - 客户端标识：gwd_modbus_tcp_60_0001
14:06:24 [IWT-5-2] ERROR com.iteaj.iot.client.mqtt.MqttClient - 客户端(MQTT<默认>) 连接服务器失败 - 远程主机 broker-cn.emqx.io:1883 - 客户端标识：gwd_mqtt_57_0001
io.netty.channel.AbstractChannel$AnnotatedConnectException: Connection timed out: no further information: broker-cn.emqx.io/35.172.255.228:1883
Caused by: java.net.ConnectException: Connection timed out: no further information
	at sun.nio.ch.SocketChannelImpl.checkConnect(Native Method)
	at sun.nio.ch.SocketChannelImpl.finishConnect(SocketChannelImpl.java:716)
	at io.netty.channel.socket.nio.NioSocketChannel.doFinishConnect(NioSocketChannel.java:337)
	at io.netty.channel.nio.AbstractNioChannel$AbstractNioUnsafe.finishConnect(AbstractNioChannel.java:334)
	at io.netty.channel.nio.NioEventLoop.processSelectedKey(NioEventLoop.java:710)
	at io.netty.channel.nio.NioEventLoop.processSelectedKeysOptimized(NioEventLoop.java:658)
	at io.netty.channel.nio.NioEventLoop.processSelectedKeys(NioEventLoop.java:584)
	at io.netty.channel.nio.NioEventLoop.run(NioEventLoop.java:496)
	at io.netty.util.concurrent.SingleThreadEventExecutor$4.run(SingleThreadEventExecutor.java:997)
	at io.netty.util.internal.ThreadExecutorMap$2.run(ThreadExecutorMap.java:74)
	at io.netty.util.concurrent.FastThreadLocalRunnable.run(FastThreadLocalRunnable.java:30)
	at java.lang.Thread.run(Thread.java:750)
14:06:24 [IWT-5-2] WARN  com.iteaj.iot.client.mqtt.MqttClient - 客户端(MQTT<默认>) 断线重连 - 等待重连时间：15(s) - 远程主机 broker-cn.emqx.io:1883 - 客户端标识：gwd_mqtt_57_0001
14:06:29 [IWT-5-4] ERROR com.iteaj.iot.modbus.client.tcp.ModbusTcpClient - 客户端(ModbusTcpClient) 连接服务器失败 - 远程主机 127.0.0.1:502 - 客户端标识：gwd_modbus_tcp_60_0001
io.netty.channel.AbstractChannel$AnnotatedConnectException: Connection refused: no further information: /127.0.0.1:502
Caused by: java.net.ConnectException: Connection refused: no further information
	at sun.nio.ch.SocketChannelImpl.checkConnect(Native Method)
	at sun.nio.ch.SocketChannelImpl.finishConnect(SocketChannelImpl.java:716)
	at io.netty.channel.socket.nio.NioSocketChannel.doFinishConnect(NioSocketChannel.java:337)
	at io.netty.channel.nio.AbstractNioChannel$AbstractNioUnsafe.finishConnect(AbstractNioChannel.java:334)
	at io.netty.channel.nio.NioEventLoop.processSelectedKey(NioEventLoop.java:710)
	at io.netty.channel.nio.NioEventLoop.processSelectedKeysOptimized(NioEventLoop.java:658)
	at io.netty.channel.nio.NioEventLoop.processSelectedKeys(NioEventLoop.java:584)
	at io.netty.channel.nio.NioEventLoop.run(NioEventLoop.java:496)
	at io.netty.util.concurrent.SingleThreadEventExecutor$4.run(SingleThreadEventExecutor.java:997)
	at io.netty.util.internal.ThreadExecutorMap$2.run(ThreadExecutorMap.java:74)
	at io.netty.util.concurrent.FastThreadLocalRunnable.run(FastThreadLocalRunnable.java:30)
	at java.lang.Thread.run(Thread.java:750)
14:06:29 [IWT-5-4] WARN  com.iteaj.iot.modbus.client.tcp.ModbusTcpClient - 客户端(ModbusTcpClient) 断线重连 - 等待重连时间：15(s) - 远程主机 127.0.0.1:502 - 客户端标识：gwd_modbus_tcp_60_0001
14:06:46 [IWT-5-6] ERROR com.iteaj.iot.modbus.client.tcp.ModbusTcpClient - 客户端(ModbusTcpClient) 连接服务器失败 - 远程主机 127.0.0.1:502 - 客户端标识：gwd_modbus_tcp_60_0001
io.netty.channel.AbstractChannel$AnnotatedConnectException: Connection refused: no further information: /127.0.0.1:502
Caused by: java.net.ConnectException: Connection refused: no further information
	at sun.nio.ch.SocketChannelImpl.checkConnect(Native Method)
	at sun.nio.ch.SocketChannelImpl.finishConnect(SocketChannelImpl.java:716)
	at io.netty.channel.socket.nio.NioSocketChannel.doFinishConnect(NioSocketChannel.java:337)
	at io.netty.channel.nio.AbstractNioChannel$AbstractNioUnsafe.finishConnect(AbstractNioChannel.java:334)
	at io.netty.channel.nio.NioEventLoop.processSelectedKey(NioEventLoop.java:710)
	at io.netty.channel.nio.NioEventLoop.processSelectedKeysOptimized(NioEventLoop.java:658)
	at io.netty.channel.nio.NioEventLoop.processSelectedKeys(NioEventLoop.java:584)
	at io.netty.channel.nio.NioEventLoop.run(NioEventLoop.java:496)
	at io.netty.util.concurrent.SingleThreadEventExecutor$4.run(SingleThreadEventExecutor.java:997)
	at io.netty.util.internal.ThreadExecutorMap$2.run(ThreadExecutorMap.java:74)
	at io.netty.util.concurrent.FastThreadLocalRunnable.run(FastThreadLocalRunnable.java:30)
	at java.lang.Thread.run(Thread.java:750)
14:06:46 [IWT-5-6] WARN  com.iteaj.iot.modbus.client.tcp.ModbusTcpClient - 客户端(ModbusTcpClient) 断线重连 - 等待重连时间：15(s) - 远程主机 127.0.0.1:502 - 客户端标识：gwd_modbus_tcp_60_0001
14:07:00 [IWT-5-5] ERROR com.iteaj.iot.client.mqtt.MqttClient - 客户端(MQTT<默认>) 连接服务器失败 - 远程主机 broker-cn.emqx.io:1883 - 客户端标识：gwd_mqtt_57_0001
io.netty.channel.AbstractChannel$AnnotatedConnectException: Connection timed out: no further information: broker-cn.emqx.io/35.172.255.228:1883
Caused by: java.net.ConnectException: Connection timed out: no further information
	at sun.nio.ch.SocketChannelImpl.checkConnect(Native Method)
	at sun.nio.ch.SocketChannelImpl.finishConnect(SocketChannelImpl.java:716)
	at io.netty.channel.socket.nio.NioSocketChannel.doFinishConnect(NioSocketChannel.java:337)
	at io.netty.channel.nio.AbstractNioChannel$AbstractNioUnsafe.finishConnect(AbstractNioChannel.java:334)
	at io.netty.channel.nio.NioEventLoop.processSelectedKey(NioEventLoop.java:710)
	at io.netty.channel.nio.NioEventLoop.processSelectedKeysOptimized(NioEventLoop.java:658)
	at io.netty.channel.nio.NioEventLoop.processSelectedKeys(NioEventLoop.java:584)
	at io.netty.channel.nio.NioEventLoop.run(NioEventLoop.java:496)
	at io.netty.util.concurrent.SingleThreadEventExecutor$4.run(SingleThreadEventExecutor.java:997)
	at io.netty.util.internal.ThreadExecutorMap$2.run(ThreadExecutorMap.java:74)
	at io.netty.util.concurrent.FastThreadLocalRunnable.run(FastThreadLocalRunnable.java:30)
	at java.lang.Thread.run(Thread.java:750)
14:07:00 [IWT-5-5] WARN  com.iteaj.iot.client.mqtt.MqttClient - 客户端(MQTT<默认>) 断线重连 - 等待重连时间：15(s) - 远程主机 broker-cn.emqx.io:1883 - 客户端标识：gwd_mqtt_57_0001
14:07:03 [IWT-5-7] ERROR com.iteaj.iot.modbus.client.tcp.ModbusTcpClient - 客户端(ModbusTcpClient) 连接服务器失败 - 远程主机 127.0.0.1:502 - 客户端标识：gwd_modbus_tcp_60_0001
io.netty.channel.AbstractChannel$AnnotatedConnectException: Connection refused: no further information: /127.0.0.1:502
Caused by: java.net.ConnectException: Connection refused: no further information
	at sun.nio.ch.SocketChannelImpl.checkConnect(Native Method)
	at sun.nio.ch.SocketChannelImpl.finishConnect(SocketChannelImpl.java:716)
	at io.netty.channel.socket.nio.NioSocketChannel.doFinishConnect(NioSocketChannel.java:337)
	at io.netty.channel.nio.AbstractNioChannel$AbstractNioUnsafe.finishConnect(AbstractNioChannel.java:334)
	at io.netty.channel.nio.NioEventLoop.processSelectedKey(NioEventLoop.java:710)
	at io.netty.channel.nio.NioEventLoop.processSelectedKeysOptimized(NioEventLoop.java:658)
	at io.netty.channel.nio.NioEventLoop.processSelectedKeys(NioEventLoop.java:584)
	at io.netty.channel.nio.NioEventLoop.run(NioEventLoop.java:496)
	at io.netty.util.concurrent.SingleThreadEventExecutor$4.run(SingleThreadEventExecutor.java:997)
	at io.netty.util.internal.ThreadExecutorMap$2.run(ThreadExecutorMap.java:74)
	at io.netty.util.concurrent.FastThreadLocalRunnable.run(FastThreadLocalRunnable.java:30)
	at java.lang.Thread.run(Thread.java:750)
14:07:03 [IWT-5-7] WARN  com.iteaj.iot.modbus.client.tcp.ModbusTcpClient - 客户端(ModbusTcpClient) 断线重连 - 等待重连时间：15(s) - 远程主机 127.0.0.1:502 - 客户端标识：gwd_modbus_tcp_60_0001
14:07:20 [IWT-5-9] ERROR com.iteaj.iot.modbus.client.tcp.ModbusTcpClient - 客户端(ModbusTcpClient) 连接服务器失败 - 远程主机 127.0.0.1:502 - 客户端标识：gwd_modbus_tcp_60_0001
io.netty.channel.AbstractChannel$AnnotatedConnectException: Connection refused: no further information: /127.0.0.1:502
Caused by: java.net.ConnectException: Connection refused: no further information
	at sun.nio.ch.SocketChannelImpl.checkConnect(Native Method)
	at sun.nio.ch.SocketChannelImpl.finishConnect(SocketChannelImpl.java:716)
	at io.netty.channel.socket.nio.NioSocketChannel.doFinishConnect(NioSocketChannel.java:337)
	at io.netty.channel.nio.AbstractNioChannel$AbstractNioUnsafe.finishConnect(AbstractNioChannel.java:334)
	at io.netty.channel.nio.NioEventLoop.processSelectedKey(NioEventLoop.java:710)
	at io.netty.channel.nio.NioEventLoop.processSelectedKeysOptimized(NioEventLoop.java:658)
	at io.netty.channel.nio.NioEventLoop.processSelectedKeys(NioEventLoop.java:584)
	at io.netty.channel.nio.NioEventLoop.run(NioEventLoop.java:496)
	at io.netty.util.concurrent.SingleThreadEventExecutor$4.run(SingleThreadEventExecutor.java:997)
	at io.netty.util.internal.ThreadExecutorMap$2.run(ThreadExecutorMap.java:74)
	at io.netty.util.concurrent.FastThreadLocalRunnable.run(FastThreadLocalRunnable.java:30)
	at java.lang.Thread.run(Thread.java:750)
14:07:20 [IWT-5-9] WARN  com.iteaj.iot.modbus.client.tcp.ModbusTcpClient - 客户端(ModbusTcpClient) 断线重连 - 等待重连时间：15(s) - 远程主机 127.0.0.1:502 - 客户端标识：gwd_modbus_tcp_60_0001
14:07:36 [IWT-5-8] ERROR com.iteaj.iot.client.mqtt.MqttClient - 客户端(MQTT<默认>) 连接服务器失败 - 远程主机 broker-cn.emqx.io:1883 - 客户端标识：gwd_mqtt_57_0001
io.netty.channel.AbstractChannel$AnnotatedConnectException: Connection timed out: no further information: broker-cn.emqx.io/35.172.255.228:1883
Caused by: java.net.ConnectException: Connection timed out: no further information
	at sun.nio.ch.SocketChannelImpl.checkConnect(Native Method)
	at sun.nio.ch.SocketChannelImpl.finishConnect(SocketChannelImpl.java:716)
	at io.netty.channel.socket.nio.NioSocketChannel.doFinishConnect(NioSocketChannel.java:337)
	at io.netty.channel.nio.AbstractNioChannel$AbstractNioUnsafe.finishConnect(AbstractNioChannel.java:334)
	at io.netty.channel.nio.NioEventLoop.processSelectedKey(NioEventLoop.java:710)
	at io.netty.channel.nio.NioEventLoop.processSelectedKeysOptimized(NioEventLoop.java:658)
	at io.netty.channel.nio.NioEventLoop.processSelectedKeys(NioEventLoop.java:584)
	at io.netty.channel.nio.NioEventLoop.run(NioEventLoop.java:496)
	at io.netty.util.concurrent.SingleThreadEventExecutor$4.run(SingleThreadEventExecutor.java:997)
	at io.netty.util.internal.ThreadExecutorMap$2.run(ThreadExecutorMap.java:74)
	at io.netty.util.concurrent.FastThreadLocalRunnable.run(FastThreadLocalRunnable.java:30)
	at java.lang.Thread.run(Thread.java:750)
14:07:36 [IWT-5-8] WARN  com.iteaj.iot.client.mqtt.MqttClient - 客户端(MQTT<默认>) 断线重连 - 等待重连时间：15(s) - 远程主机 broker-cn.emqx.io:1883 - 客户端标识：gwd_mqtt_57_0001
14:07:37 [IWT-5-10] ERROR com.iteaj.iot.modbus.client.tcp.ModbusTcpClient - 客户端(ModbusTcpClient) 连接服务器失败 - 远程主机 127.0.0.1:502 - 客户端标识：gwd_modbus_tcp_60_0001
io.netty.channel.AbstractChannel$AnnotatedConnectException: Connection refused: no further information: /127.0.0.1:502
Caused by: java.net.ConnectException: Connection refused: no further information
	at sun.nio.ch.SocketChannelImpl.checkConnect(Native Method)
	at sun.nio.ch.SocketChannelImpl.finishConnect(SocketChannelImpl.java:716)
	at io.netty.channel.socket.nio.NioSocketChannel.doFinishConnect(NioSocketChannel.java:337)
	at io.netty.channel.nio.AbstractNioChannel$AbstractNioUnsafe.finishConnect(AbstractNioChannel.java:334)
	at io.netty.channel.nio.NioEventLoop.processSelectedKey(NioEventLoop.java:710)
	at io.netty.channel.nio.NioEventLoop.processSelectedKeysOptimized(NioEventLoop.java:658)
	at io.netty.channel.nio.NioEventLoop.processSelectedKeys(NioEventLoop.java:584)
	at io.netty.channel.nio.NioEventLoop.run(NioEventLoop.java:496)
	at io.netty.util.concurrent.SingleThreadEventExecutor$4.run(SingleThreadEventExecutor.java:997)
	at io.netty.util.internal.ThreadExecutorMap$2.run(ThreadExecutorMap.java:74)
	at io.netty.util.concurrent.FastThreadLocalRunnable.run(FastThreadLocalRunnable.java:30)
	at java.lang.Thread.run(Thread.java:750)
14:07:37 [IWT-5-10] WARN  com.iteaj.iot.modbus.client.tcp.ModbusTcpClient - 客户端(ModbusTcpClient) 断线重连 - 等待重连时间：15(s) - 远程主机 127.0.0.1:502 - 客户端标识：gwd_modbus_tcp_60_0001
14:07:56 [IWT-5-12] ERROR com.iteaj.iot.modbus.client.tcp.ModbusTcpClient - 客户端(ModbusTcpClient) 连接服务器失败 - 远程主机 127.0.0.1:502 - 客户端标识：gwd_modbus_tcp_60_0001
io.netty.channel.AbstractChannel$AnnotatedConnectException: Connection refused: no further information: /127.0.0.1:502
Caused by: java.net.ConnectException: Connection refused: no further information
	at sun.nio.ch.SocketChannelImpl.checkConnect(Native Method)
	at sun.nio.ch.SocketChannelImpl.finishConnect(SocketChannelImpl.java:716)
	at io.netty.channel.socket.nio.NioSocketChannel.doFinishConnect(NioSocketChannel.java:337)
	at io.netty.channel.nio.AbstractNioChannel$AbstractNioUnsafe.finishConnect(AbstractNioChannel.java:334)
	at io.netty.channel.nio.NioEventLoop.processSelectedKey(NioEventLoop.java:710)
	at io.netty.channel.nio.NioEventLoop.processSelectedKeysOptimized(NioEventLoop.java:658)
	at io.netty.channel.nio.NioEventLoop.processSelectedKeys(NioEventLoop.java:584)
	at io.netty.channel.nio.NioEventLoop.run(NioEventLoop.java:496)
	at io.netty.util.concurrent.SingleThreadEventExecutor$4.run(SingleThreadEventExecutor.java:997)
	at io.netty.util.internal.ThreadExecutorMap$2.run(ThreadExecutorMap.java:74)
	at io.netty.util.concurrent.FastThreadLocalRunnable.run(FastThreadLocalRunnable.java:30)
	at java.lang.Thread.run(Thread.java:750)
14:07:56 [IWT-5-12] WARN  com.iteaj.iot.modbus.client.tcp.ModbusTcpClient - 客户端(ModbusTcpClient) 断线重连 - 等待重连时间：15(s) - 远程主机 127.0.0.1:502 - 客户端标识：gwd_modbus_tcp_60_0001
14:08:13 [IWT-5-11] ERROR com.iteaj.iot.client.mqtt.MqttClient - 客户端(MQTT<默认>) 连接服务器失败 - 远程主机 broker-cn.emqx.io:1883 - 客户端标识：gwd_mqtt_57_0001
io.netty.channel.AbstractChannel$AnnotatedConnectException: Connection timed out: no further information: broker-cn.emqx.io/35.172.255.228:1883
Caused by: java.net.ConnectException: Connection timed out: no further information
	at sun.nio.ch.SocketChannelImpl.checkConnect(Native Method)
	at sun.nio.ch.SocketChannelImpl.finishConnect(SocketChannelImpl.java:716)
	at io.netty.channel.socket.nio.NioSocketChannel.doFinishConnect(NioSocketChannel.java:337)
	at io.netty.channel.nio.AbstractNioChannel$AbstractNioUnsafe.finishConnect(AbstractNioChannel.java:334)
	at io.netty.channel.nio.NioEventLoop.processSelectedKey(NioEventLoop.java:710)
	at io.netty.channel.nio.NioEventLoop.processSelectedKeysOptimized(NioEventLoop.java:658)
	at io.netty.channel.nio.NioEventLoop.processSelectedKeys(NioEventLoop.java:584)
	at io.netty.channel.nio.NioEventLoop.run(NioEventLoop.java:496)
	at io.netty.util.concurrent.SingleThreadEventExecutor$4.run(SingleThreadEventExecutor.java:997)
	at io.netty.util.internal.ThreadExecutorMap$2.run(ThreadExecutorMap.java:74)
	at io.netty.util.concurrent.FastThreadLocalRunnable.run(FastThreadLocalRunnable.java:30)
	at java.lang.Thread.run(Thread.java:750)
14:08:13 [IWT-5-11] WARN  com.iteaj.iot.client.mqtt.MqttClient - 客户端(MQTT<默认>) 断线重连 - 等待重连时间：15(s) - 远程主机 broker-cn.emqx.io:1883 - 客户端标识：gwd_mqtt_57_0001
14:08:15 [IWT-5-13] ERROR com.iteaj.iot.modbus.client.tcp.ModbusTcpClient - 客户端(ModbusTcpClient) 连接服务器失败 - 远程主机 127.0.0.1:502 - 客户端标识：gwd_modbus_tcp_60_0001
io.netty.channel.AbstractChannel$AnnotatedConnectException: Connection refused: no further information: /127.0.0.1:502
Caused by: java.net.ConnectException: Connection refused: no further information
	at sun.nio.ch.SocketChannelImpl.checkConnect(Native Method)
	at sun.nio.ch.SocketChannelImpl.finishConnect(SocketChannelImpl.java:716)
	at io.netty.channel.socket.nio.NioSocketChannel.doFinishConnect(NioSocketChannel.java:337)
	at io.netty.channel.nio.AbstractNioChannel$AbstractNioUnsafe.finishConnect(AbstractNioChannel.java:334)
	at io.netty.channel.nio.NioEventLoop.processSelectedKey(NioEventLoop.java:710)
	at io.netty.channel.nio.NioEventLoop.processSelectedKeysOptimized(NioEventLoop.java:658)
	at io.netty.channel.nio.NioEventLoop.processSelectedKeys(NioEventLoop.java:584)
	at io.netty.channel.nio.NioEventLoop.run(NioEventLoop.java:496)
	at io.netty.util.concurrent.SingleThreadEventExecutor$4.run(SingleThreadEventExecutor.java:997)
	at io.netty.util.internal.ThreadExecutorMap$2.run(ThreadExecutorMap.java:74)
	at io.netty.util.concurrent.FastThreadLocalRunnable.run(FastThreadLocalRunnable.java:30)
	at java.lang.Thread.run(Thread.java:750)
14:08:15 [IWT-5-13] WARN  com.iteaj.iot.modbus.client.tcp.ModbusTcpClient - 客户端(ModbusTcpClient) 断线重连 - 等待重连时间：15(s) - 远程主机 127.0.0.1:502 - 客户端标识：gwd_modbus_tcp_60_0001
14:08:33 [IWT-5-15] ERROR com.iteaj.iot.modbus.client.tcp.ModbusTcpClient - 客户端(ModbusTcpClient) 连接服务器失败 - 远程主机 127.0.0.1:502 - 客户端标识：gwd_modbus_tcp_60_0001
io.netty.channel.AbstractChannel$AnnotatedConnectException: Connection refused: no further information: /127.0.0.1:502
Caused by: java.net.ConnectException: Connection refused: no further information
	at sun.nio.ch.SocketChannelImpl.checkConnect(Native Method)
	at sun.nio.ch.SocketChannelImpl.finishConnect(SocketChannelImpl.java:716)
	at io.netty.channel.socket.nio.NioSocketChannel.doFinishConnect(NioSocketChannel.java:337)
	at io.netty.channel.nio.AbstractNioChannel$AbstractNioUnsafe.finishConnect(AbstractNioChannel.java:334)
	at io.netty.channel.nio.NioEventLoop.processSelectedKey(NioEventLoop.java:710)
	at io.netty.channel.nio.NioEventLoop.processSelectedKeysOptimized(NioEventLoop.java:658)
	at io.netty.channel.nio.NioEventLoop.processSelectedKeys(NioEventLoop.java:584)
	at io.netty.channel.nio.NioEventLoop.run(NioEventLoop.java:496)
	at io.netty.util.concurrent.SingleThreadEventExecutor$4.run(SingleThreadEventExecutor.java:997)
	at io.netty.util.internal.ThreadExecutorMap$2.run(ThreadExecutorMap.java:74)
	at io.netty.util.concurrent.FastThreadLocalRunnable.run(FastThreadLocalRunnable.java:30)
	at java.lang.Thread.run(Thread.java:750)
14:08:33 [IWT-5-15] WARN  com.iteaj.iot.modbus.client.tcp.ModbusTcpClient - 客户端(ModbusTcpClient) 断线重连 - 等待重连时间：15(s) - 远程主机 127.0.0.1:502 - 客户端标识：gwd_modbus_tcp_60_0001
14:08:49 [IWT-5-14] ERROR com.iteaj.iot.client.mqtt.MqttClient - 客户端(MQTT<默认>) 连接服务器失败 - 远程主机 broker-cn.emqx.io:1883 - 客户端标识：gwd_mqtt_57_0001
io.netty.channel.AbstractChannel$AnnotatedConnectException: Connection timed out: no further information: broker-cn.emqx.io/34.243.217.54:1883
Caused by: java.net.ConnectException: Connection timed out: no further information
	at sun.nio.ch.SocketChannelImpl.checkConnect(Native Method)
	at sun.nio.ch.SocketChannelImpl.finishConnect(SocketChannelImpl.java:716)
	at io.netty.channel.socket.nio.NioSocketChannel.doFinishConnect(NioSocketChannel.java:337)
	at io.netty.channel.nio.AbstractNioChannel$AbstractNioUnsafe.finishConnect(AbstractNioChannel.java:334)
	at io.netty.channel.nio.NioEventLoop.processSelectedKey(NioEventLoop.java:710)
	at io.netty.channel.nio.NioEventLoop.processSelectedKeysOptimized(NioEventLoop.java:658)
	at io.netty.channel.nio.NioEventLoop.processSelectedKeys(NioEventLoop.java:584)
	at io.netty.channel.nio.NioEventLoop.run(NioEventLoop.java:496)
	at io.netty.util.concurrent.SingleThreadEventExecutor$4.run(SingleThreadEventExecutor.java:997)
	at io.netty.util.internal.ThreadExecutorMap$2.run(ThreadExecutorMap.java:74)
	at io.netty.util.concurrent.FastThreadLocalRunnable.run(FastThreadLocalRunnable.java:30)
	at java.lang.Thread.run(Thread.java:750)
14:08:49 [IWT-5-14] WARN  com.iteaj.iot.client.mqtt.MqttClient - 客户端(MQTT<默认>) 断线重连 - 等待重连时间：15(s) - 远程主机 broker-cn.emqx.io:1883 - 客户端标识：gwd_mqtt_57_0001
14:08:50 [IWT-5-16] ERROR com.iteaj.iot.modbus.client.tcp.ModbusTcpClient - 客户端(ModbusTcpClient) 连接服务器失败 - 远程主机 127.0.0.1:502 - 客户端标识：gwd_modbus_tcp_60_0001
io.netty.channel.AbstractChannel$AnnotatedConnectException: Connection refused: no further information: /127.0.0.1:502
Caused by: java.net.ConnectException: Connection refused: no further information
	at sun.nio.ch.SocketChannelImpl.checkConnect(Native Method)
	at sun.nio.ch.SocketChannelImpl.finishConnect(SocketChannelImpl.java:716)
	at io.netty.channel.socket.nio.NioSocketChannel.doFinishConnect(NioSocketChannel.java:337)
	at io.netty.channel.nio.AbstractNioChannel$AbstractNioUnsafe.finishConnect(AbstractNioChannel.java:334)
	at io.netty.channel.nio.NioEventLoop.processSelectedKey(NioEventLoop.java:710)
	at io.netty.channel.nio.NioEventLoop.processSelectedKeysOptimized(NioEventLoop.java:658)
	at io.netty.channel.nio.NioEventLoop.processSelectedKeys(NioEventLoop.java:584)
	at io.netty.channel.nio.NioEventLoop.run(NioEventLoop.java:496)
	at io.netty.util.concurrent.SingleThreadEventExecutor$4.run(SingleThreadEventExecutor.java:997)
	at io.netty.util.internal.ThreadExecutorMap$2.run(ThreadExecutorMap.java:74)
	at io.netty.util.concurrent.FastThreadLocalRunnable.run(FastThreadLocalRunnable.java:30)
	at java.lang.Thread.run(Thread.java:750)
14:08:50 [IWT-5-16] WARN  com.iteaj.iot.modbus.client.tcp.ModbusTcpClient - 客户端(ModbusTcpClient) 断线重连 - 等待重连时间：15(s) - 远程主机 127.0.0.1:502 - 客户端标识：gwd_modbus_tcp_60_0001
14:09:09 [IWT-5-2] ERROR com.iteaj.iot.modbus.client.tcp.ModbusTcpClient - 客户端(ModbusTcpClient) 连接服务器失败 - 远程主机 127.0.0.1:502 - 客户端标识：gwd_modbus_tcp_60_0001
io.netty.channel.AbstractChannel$AnnotatedConnectException: Connection refused: no further information: /127.0.0.1:502
Caused by: java.net.ConnectException: Connection refused: no further information
	at sun.nio.ch.SocketChannelImpl.checkConnect(Native Method)
	at sun.nio.ch.SocketChannelImpl.finishConnect(SocketChannelImpl.java:716)
	at io.netty.channel.socket.nio.NioSocketChannel.doFinishConnect(NioSocketChannel.java:337)
	at io.netty.channel.nio.AbstractNioChannel$AbstractNioUnsafe.finishConnect(AbstractNioChannel.java:334)
	at io.netty.channel.nio.NioEventLoop.processSelectedKey(NioEventLoop.java:710)
	at io.netty.channel.nio.NioEventLoop.processSelectedKeysOptimized(NioEventLoop.java:658)
	at io.netty.channel.nio.NioEventLoop.processSelectedKeys(NioEventLoop.java:584)
	at io.netty.channel.nio.NioEventLoop.run(NioEventLoop.java:496)
	at io.netty.util.concurrent.SingleThreadEventExecutor$4.run(SingleThreadEventExecutor.java:997)
	at io.netty.util.internal.ThreadExecutorMap$2.run(ThreadExecutorMap.java:74)
	at io.netty.util.concurrent.FastThreadLocalRunnable.run(FastThreadLocalRunnable.java:30)
	at java.lang.Thread.run(Thread.java:750)
14:09:09 [IWT-5-2] WARN  com.iteaj.iot.modbus.client.tcp.ModbusTcpClient - 客户端(ModbusTcpClient) 断线重连 - 等待重连时间：15(s) - 远程主机 127.0.0.1:502 - 客户端标识：gwd_modbus_tcp_60_0001
14:09:25 [IWT-5-1] ERROR com.iteaj.iot.client.mqtt.MqttClient - 客户端(MQTT<默认>) 连接服务器失败 - 远程主机 broker-cn.emqx.io:1883 - 客户端标识：gwd_mqtt_57_0001
io.netty.channel.AbstractChannel$AnnotatedConnectException: Connection timed out: no further information: broker-cn.emqx.io/34.243.217.54:1883
Caused by: java.net.ConnectException: Connection timed out: no further information
	at sun.nio.ch.SocketChannelImpl.checkConnect(Native Method)
	at sun.nio.ch.SocketChannelImpl.finishConnect(SocketChannelImpl.java:716)
	at io.netty.channel.socket.nio.NioSocketChannel.doFinishConnect(NioSocketChannel.java:337)
	at io.netty.channel.nio.AbstractNioChannel$AbstractNioUnsafe.finishConnect(AbstractNioChannel.java:334)
	at io.netty.channel.nio.NioEventLoop.processSelectedKey(NioEventLoop.java:710)
	at io.netty.channel.nio.NioEventLoop.processSelectedKeysOptimized(NioEventLoop.java:658)
	at io.netty.channel.nio.NioEventLoop.processSelectedKeys(NioEventLoop.java:584)
	at io.netty.channel.nio.NioEventLoop.run(NioEventLoop.java:496)
	at io.netty.util.concurrent.SingleThreadEventExecutor$4.run(SingleThreadEventExecutor.java:997)
	at io.netty.util.internal.ThreadExecutorMap$2.run(ThreadExecutorMap.java:74)
	at io.netty.util.concurrent.FastThreadLocalRunnable.run(FastThreadLocalRunnable.java:30)
	at java.lang.Thread.run(Thread.java:750)
14:09:25 [IWT-5-1] WARN  com.iteaj.iot.client.mqtt.MqttClient - 客户端(MQTT<默认>) 断线重连 - 等待重连时间：15(s) - 远程主机 broker-cn.emqx.io:1883 - 客户端标识：gwd_mqtt_57_0001
14:09:26 [IWT-5-3] ERROR com.iteaj.iot.modbus.client.tcp.ModbusTcpClient - 客户端(ModbusTcpClient) 连接服务器失败 - 远程主机 127.0.0.1:502 - 客户端标识：gwd_modbus_tcp_60_0001
io.netty.channel.AbstractChannel$AnnotatedConnectException: Connection refused: no further information: /127.0.0.1:502
Caused by: java.net.ConnectException: Connection refused: no further information
	at sun.nio.ch.SocketChannelImpl.checkConnect(Native Method)
	at sun.nio.ch.SocketChannelImpl.finishConnect(SocketChannelImpl.java:716)
	at io.netty.channel.socket.nio.NioSocketChannel.doFinishConnect(NioSocketChannel.java:337)
	at io.netty.channel.nio.AbstractNioChannel$AbstractNioUnsafe.finishConnect(AbstractNioChannel.java:334)
	at io.netty.channel.nio.NioEventLoop.processSelectedKey(NioEventLoop.java:710)
	at io.netty.channel.nio.NioEventLoop.processSelectedKeysOptimized(NioEventLoop.java:658)
	at io.netty.channel.nio.NioEventLoop.processSelectedKeys(NioEventLoop.java:584)
	at io.netty.channel.nio.NioEventLoop.run(NioEventLoop.java:496)
	at io.netty.util.concurrent.SingleThreadEventExecutor$4.run(SingleThreadEventExecutor.java:997)
	at io.netty.util.internal.ThreadExecutorMap$2.run(ThreadExecutorMap.java:74)
	at io.netty.util.concurrent.FastThreadLocalRunnable.run(FastThreadLocalRunnable.java:30)
	at java.lang.Thread.run(Thread.java:750)
14:09:26 [IWT-5-3] WARN  com.iteaj.iot.modbus.client.tcp.ModbusTcpClient - 客户端(ModbusTcpClient) 断线重连 - 等待重连时间：15(s) - 远程主机 127.0.0.1:502 - 客户端标识：gwd_modbus_tcp_60_0001
14:09:45 [IWT-5-5] ERROR com.iteaj.iot.modbus.client.tcp.ModbusTcpClient - 客户端(ModbusTcpClient) 连接服务器失败 - 远程主机 127.0.0.1:502 - 客户端标识：gwd_modbus_tcp_60_0001
io.netty.channel.AbstractChannel$AnnotatedConnectException: Connection refused: no further information: /127.0.0.1:502
Caused by: java.net.ConnectException: Connection refused: no further information
	at sun.nio.ch.SocketChannelImpl.checkConnect(Native Method)
	at sun.nio.ch.SocketChannelImpl.finishConnect(SocketChannelImpl.java:716)
	at io.netty.channel.socket.nio.NioSocketChannel.doFinishConnect(NioSocketChannel.java:337)
	at io.netty.channel.nio.AbstractNioChannel$AbstractNioUnsafe.finishConnect(AbstractNioChannel.java:334)
	at io.netty.channel.nio.NioEventLoop.processSelectedKey(NioEventLoop.java:710)
	at io.netty.channel.nio.NioEventLoop.processSelectedKeysOptimized(NioEventLoop.java:658)
	at io.netty.channel.nio.NioEventLoop.processSelectedKeys(NioEventLoop.java:584)
	at io.netty.channel.nio.NioEventLoop.run(NioEventLoop.java:496)
	at io.netty.util.concurrent.SingleThreadEventExecutor$4.run(SingleThreadEventExecutor.java:997)
	at io.netty.util.internal.ThreadExecutorMap$2.run(ThreadExecutorMap.java:74)
	at io.netty.util.concurrent.FastThreadLocalRunnable.run(FastThreadLocalRunnable.java:30)
	at java.lang.Thread.run(Thread.java:750)
14:09:45 [IWT-5-5] WARN  com.iteaj.iot.modbus.client.tcp.ModbusTcpClient - 客户端(ModbusTcpClient) 断线重连 - 等待重连时间：15(s) - 远程主机 127.0.0.1:502 - 客户端标识：gwd_modbus_tcp_60_0001
14:10:01 [IWT-5-4] ERROR com.iteaj.iot.client.mqtt.MqttClient - 客户端(MQTT<默认>) 连接服务器失败 - 远程主机 broker-cn.emqx.io:1883 - 客户端标识：gwd_mqtt_57_0001
io.netty.channel.AbstractChannel$AnnotatedConnectException: Connection timed out: no further information: broker-cn.emqx.io/35.172.255.228:1883
Caused by: java.net.ConnectException: Connection timed out: no further information
	at sun.nio.ch.SocketChannelImpl.checkConnect(Native Method)
	at sun.nio.ch.SocketChannelImpl.finishConnect(SocketChannelImpl.java:716)
	at io.netty.channel.socket.nio.NioSocketChannel.doFinishConnect(NioSocketChannel.java:337)
	at io.netty.channel.nio.AbstractNioChannel$AbstractNioUnsafe.finishConnect(AbstractNioChannel.java:334)
	at io.netty.channel.nio.NioEventLoop.processSelectedKey(NioEventLoop.java:710)
	at io.netty.channel.nio.NioEventLoop.processSelectedKeysOptimized(NioEventLoop.java:658)
	at io.netty.channel.nio.NioEventLoop.processSelectedKeys(NioEventLoop.java:584)
	at io.netty.channel.nio.NioEventLoop.run(NioEventLoop.java:496)
	at io.netty.util.concurrent.SingleThreadEventExecutor$4.run(SingleThreadEventExecutor.java:997)
	at io.netty.util.internal.ThreadExecutorMap$2.run(ThreadExecutorMap.java:74)
	at io.netty.util.concurrent.FastThreadLocalRunnable.run(FastThreadLocalRunnable.java:30)
	at java.lang.Thread.run(Thread.java:750)
14:10:01 [IWT-5-4] WARN  com.iteaj.iot.client.mqtt.MqttClient - 客户端(MQTT<默认>) 断线重连 - 等待重连时间：15(s) - 远程主机 broker-cn.emqx.io:1883 - 客户端标识：gwd_mqtt_57_0001
14:10:02 [IWT-5-6] ERROR com.iteaj.iot.modbus.client.tcp.ModbusTcpClient - 客户端(ModbusTcpClient) 连接服务器失败 - 远程主机 127.0.0.1:502 - 客户端标识：gwd_modbus_tcp_60_0001
io.netty.channel.AbstractChannel$AnnotatedConnectException: Connection refused: no further information: /127.0.0.1:502
Caused by: java.net.ConnectException: Connection refused: no further information
	at sun.nio.ch.SocketChannelImpl.checkConnect(Native Method)
	at sun.nio.ch.SocketChannelImpl.finishConnect(SocketChannelImpl.java:716)
	at io.netty.channel.socket.nio.NioSocketChannel.doFinishConnect(NioSocketChannel.java:337)
	at io.netty.channel.nio.AbstractNioChannel$AbstractNioUnsafe.finishConnect(AbstractNioChannel.java:334)
	at io.netty.channel.nio.NioEventLoop.processSelectedKey(NioEventLoop.java:710)
	at io.netty.channel.nio.NioEventLoop.processSelectedKeysOptimized(NioEventLoop.java:658)
	at io.netty.channel.nio.NioEventLoop.processSelectedKeys(NioEventLoop.java:584)
	at io.netty.channel.nio.NioEventLoop.run(NioEventLoop.java:496)
	at io.netty.util.concurrent.SingleThreadEventExecutor$4.run(SingleThreadEventExecutor.java:997)
	at io.netty.util.internal.ThreadExecutorMap$2.run(ThreadExecutorMap.java:74)
	at io.netty.util.concurrent.FastThreadLocalRunnable.run(FastThreadLocalRunnable.java:30)
	at java.lang.Thread.run(Thread.java:750)
14:10:02 [IWT-5-6] WARN  com.iteaj.iot.modbus.client.tcp.ModbusTcpClient - 客户端(ModbusTcpClient) 断线重连 - 等待重连时间：15(s) - 远程主机 127.0.0.1:502 - 客户端标识：gwd_modbus_tcp_60_0001
14:10:21 [IWT-5-8] ERROR com.iteaj.iot.modbus.client.tcp.ModbusTcpClient - 客户端(ModbusTcpClient) 连接服务器失败 - 远程主机 127.0.0.1:502 - 客户端标识：gwd_modbus_tcp_60_0001
io.netty.channel.AbstractChannel$AnnotatedConnectException: Connection refused: no further information: /127.0.0.1:502
Caused by: java.net.ConnectException: Connection refused: no further information
	at sun.nio.ch.SocketChannelImpl.checkConnect(Native Method)
	at sun.nio.ch.SocketChannelImpl.finishConnect(SocketChannelImpl.java:716)
	at io.netty.channel.socket.nio.NioSocketChannel.doFinishConnect(NioSocketChannel.java:337)
	at io.netty.channel.nio.AbstractNioChannel$AbstractNioUnsafe.finishConnect(AbstractNioChannel.java:334)
	at io.netty.channel.nio.NioEventLoop.processSelectedKey(NioEventLoop.java:710)
	at io.netty.channel.nio.NioEventLoop.processSelectedKeysOptimized(NioEventLoop.java:658)
	at io.netty.channel.nio.NioEventLoop.processSelectedKeys(NioEventLoop.java:584)
	at io.netty.channel.nio.NioEventLoop.run(NioEventLoop.java:496)
	at io.netty.util.concurrent.SingleThreadEventExecutor$4.run(SingleThreadEventExecutor.java:997)
	at io.netty.util.internal.ThreadExecutorMap$2.run(ThreadExecutorMap.java:74)
	at io.netty.util.concurrent.FastThreadLocalRunnable.run(FastThreadLocalRunnable.java:30)
	at java.lang.Thread.run(Thread.java:750)
14:10:21 [IWT-5-8] WARN  com.iteaj.iot.modbus.client.tcp.ModbusTcpClient - 客户端(ModbusTcpClient) 断线重连 - 等待重连时间：15(s) - 远程主机 127.0.0.1:502 - 客户端标识：gwd_modbus_tcp_60_0001
14:10:37 [IWT-5-7] ERROR com.iteaj.iot.client.mqtt.MqttClient - 客户端(MQTT<默认>) 连接服务器失败 - 远程主机 broker-cn.emqx.io:1883 - 客户端标识：gwd_mqtt_57_0001
io.netty.channel.AbstractChannel$AnnotatedConnectException: Connection timed out: no further information: broker-cn.emqx.io/35.172.255.228:1883
Caused by: java.net.ConnectException: Connection timed out: no further information
	at sun.nio.ch.SocketChannelImpl.checkConnect(Native Method)
	at sun.nio.ch.SocketChannelImpl.finishConnect(SocketChannelImpl.java:716)
	at io.netty.channel.socket.nio.NioSocketChannel.doFinishConnect(NioSocketChannel.java:337)
	at io.netty.channel.nio.AbstractNioChannel$AbstractNioUnsafe.finishConnect(AbstractNioChannel.java:334)
	at io.netty.channel.nio.NioEventLoop.processSelectedKey(NioEventLoop.java:710)
	at io.netty.channel.nio.NioEventLoop.processSelectedKeysOptimized(NioEventLoop.java:658)
	at io.netty.channel.nio.NioEventLoop.processSelectedKeys(NioEventLoop.java:584)
	at io.netty.channel.nio.NioEventLoop.run(NioEventLoop.java:496)
	at io.netty.util.concurrent.SingleThreadEventExecutor$4.run(SingleThreadEventExecutor.java:997)
	at io.netty.util.internal.ThreadExecutorMap$2.run(ThreadExecutorMap.java:74)
	at io.netty.util.concurrent.FastThreadLocalRunnable.run(FastThreadLocalRunnable.java:30)
	at java.lang.Thread.run(Thread.java:750)
14:10:37 [IWT-5-7] WARN  com.iteaj.iot.client.mqtt.MqttClient - 客户端(MQTT<默认>) 断线重连 - 等待重连时间：15(s) - 远程主机 broker-cn.emqx.io:1883 - 客户端标识：gwd_mqtt_57_0001
14:10:38 [IWT-5-9] ERROR com.iteaj.iot.modbus.client.tcp.ModbusTcpClient - 客户端(ModbusTcpClient) 连接服务器失败 - 远程主机 127.0.0.1:502 - 客户端标识：gwd_modbus_tcp_60_0001
io.netty.channel.AbstractChannel$AnnotatedConnectException: Connection refused: no further information: /127.0.0.1:502
Caused by: java.net.ConnectException: Connection refused: no further information
	at sun.nio.ch.SocketChannelImpl.checkConnect(Native Method)
	at sun.nio.ch.SocketChannelImpl.finishConnect(SocketChannelImpl.java:716)
	at io.netty.channel.socket.nio.NioSocketChannel.doFinishConnect(NioSocketChannel.java:337)
	at io.netty.channel.nio.AbstractNioChannel$AbstractNioUnsafe.finishConnect(AbstractNioChannel.java:334)
	at io.netty.channel.nio.NioEventLoop.processSelectedKey(NioEventLoop.java:710)
	at io.netty.channel.nio.NioEventLoop.processSelectedKeysOptimized(NioEventLoop.java:658)
	at io.netty.channel.nio.NioEventLoop.processSelectedKeys(NioEventLoop.java:584)
	at io.netty.channel.nio.NioEventLoop.run(NioEventLoop.java:496)
	at io.netty.util.concurrent.SingleThreadEventExecutor$4.run(SingleThreadEventExecutor.java:997)
	at io.netty.util.internal.ThreadExecutorMap$2.run(ThreadExecutorMap.java:74)
	at io.netty.util.concurrent.FastThreadLocalRunnable.run(FastThreadLocalRunnable.java:30)
	at java.lang.Thread.run(Thread.java:750)
14:10:38 [IWT-5-9] WARN  com.iteaj.iot.modbus.client.tcp.ModbusTcpClient - 客户端(ModbusTcpClient) 断线重连 - 等待重连时间：15(s) - 远程主机 127.0.0.1:502 - 客户端标识：gwd_modbus_tcp_60_0001
14:10:57 [IWT-5-11] ERROR com.iteaj.iot.modbus.client.tcp.ModbusTcpClient - 客户端(ModbusTcpClient) 连接服务器失败 - 远程主机 127.0.0.1:502 - 客户端标识：gwd_modbus_tcp_60_0001
io.netty.channel.AbstractChannel$AnnotatedConnectException: Connection refused: no further information: /127.0.0.1:502
Caused by: java.net.ConnectException: Connection refused: no further information
	at sun.nio.ch.SocketChannelImpl.checkConnect(Native Method)
	at sun.nio.ch.SocketChannelImpl.finishConnect(SocketChannelImpl.java:716)
	at io.netty.channel.socket.nio.NioSocketChannel.doFinishConnect(NioSocketChannel.java:337)
	at io.netty.channel.nio.AbstractNioChannel$AbstractNioUnsafe.finishConnect(AbstractNioChannel.java:334)
	at io.netty.channel.nio.NioEventLoop.processSelectedKey(NioEventLoop.java:710)
	at io.netty.channel.nio.NioEventLoop.processSelectedKeysOptimized(NioEventLoop.java:658)
	at io.netty.channel.nio.NioEventLoop.processSelectedKeys(NioEventLoop.java:584)
	at io.netty.channel.nio.NioEventLoop.run(NioEventLoop.java:496)
	at io.netty.util.concurrent.SingleThreadEventExecutor$4.run(SingleThreadEventExecutor.java:997)
	at io.netty.util.internal.ThreadExecutorMap$2.run(ThreadExecutorMap.java:74)
	at io.netty.util.concurrent.FastThreadLocalRunnable.run(FastThreadLocalRunnable.java:30)
	at java.lang.Thread.run(Thread.java:750)
14:10:57 [IWT-5-11] WARN  com.iteaj.iot.modbus.client.tcp.ModbusTcpClient - 客户端(ModbusTcpClient) 断线重连 - 等待重连时间：15(s) - 远程主机 127.0.0.1:502 - 客户端标识：gwd_modbus_tcp_60_0001
14:11:13 [IWT-5-10] ERROR com.iteaj.iot.client.mqtt.MqttClient - 客户端(MQTT<默认>) 连接服务器失败 - 远程主机 broker-cn.emqx.io:1883 - 客户端标识：gwd_mqtt_57_0001
io.netty.channel.AbstractChannel$AnnotatedConnectException: Connection timed out: no further information: broker-cn.emqx.io/44.232.241.40:1883
Caused by: java.net.ConnectException: Connection timed out: no further information
	at sun.nio.ch.SocketChannelImpl.checkConnect(Native Method)
	at sun.nio.ch.SocketChannelImpl.finishConnect(SocketChannelImpl.java:716)
	at io.netty.channel.socket.nio.NioSocketChannel.doFinishConnect(NioSocketChannel.java:337)
	at io.netty.channel.nio.AbstractNioChannel$AbstractNioUnsafe.finishConnect(AbstractNioChannel.java:334)
	at io.netty.channel.nio.NioEventLoop.processSelectedKey(NioEventLoop.java:710)
	at io.netty.channel.nio.NioEventLoop.processSelectedKeysOptimized(NioEventLoop.java:658)
	at io.netty.channel.nio.NioEventLoop.processSelectedKeys(NioEventLoop.java:584)
	at io.netty.channel.nio.NioEventLoop.run(NioEventLoop.java:496)
	at io.netty.util.concurrent.SingleThreadEventExecutor$4.run(SingleThreadEventExecutor.java:997)
	at io.netty.util.internal.ThreadExecutorMap$2.run(ThreadExecutorMap.java:74)
	at io.netty.util.concurrent.FastThreadLocalRunnable.run(FastThreadLocalRunnable.java:30)
	at java.lang.Thread.run(Thread.java:750)
14:11:13 [IWT-5-10] WARN  com.iteaj.iot.client.mqtt.MqttClient - 客户端(MQTT<默认>) 断线重连 - 等待重连时间：15(s) - 远程主机 broker-cn.emqx.io:1883 - 客户端标识：gwd_mqtt_57_0001
14:11:14 [IWT-5-12] ERROR com.iteaj.iot.modbus.client.tcp.ModbusTcpClient - 客户端(ModbusTcpClient) 连接服务器失败 - 远程主机 127.0.0.1:502 - 客户端标识：gwd_modbus_tcp_60_0001
io.netty.channel.AbstractChannel$AnnotatedConnectException: Connection refused: no further information: /127.0.0.1:502
Caused by: java.net.ConnectException: Connection refused: no further information
	at sun.nio.ch.SocketChannelImpl.checkConnect(Native Method)
	at sun.nio.ch.SocketChannelImpl.finishConnect(SocketChannelImpl.java:716)
	at io.netty.channel.socket.nio.NioSocketChannel.doFinishConnect(NioSocketChannel.java:337)
	at io.netty.channel.nio.AbstractNioChannel$AbstractNioUnsafe.finishConnect(AbstractNioChannel.java:334)
	at io.netty.channel.nio.NioEventLoop.processSelectedKey(NioEventLoop.java:710)
	at io.netty.channel.nio.NioEventLoop.processSelectedKeysOptimized(NioEventLoop.java:658)
	at io.netty.channel.nio.NioEventLoop.processSelectedKeys(NioEventLoop.java:584)
	at io.netty.channel.nio.NioEventLoop.run(NioEventLoop.java:496)
	at io.netty.util.concurrent.SingleThreadEventExecutor$4.run(SingleThreadEventExecutor.java:997)
	at io.netty.util.internal.ThreadExecutorMap$2.run(ThreadExecutorMap.java:74)
	at io.netty.util.concurrent.FastThreadLocalRunnable.run(FastThreadLocalRunnable.java:30)
	at java.lang.Thread.run(Thread.java:750)
14:11:14 [IWT-5-12] WARN  com.iteaj.iot.modbus.client.tcp.ModbusTcpClient - 客户端(ModbusTcpClient) 断线重连 - 等待重连时间：15(s) - 远程主机 127.0.0.1:502 - 客户端标识：gwd_modbus_tcp_60_0001
14:11:33 [IWT-5-14] ERROR com.iteaj.iot.modbus.client.tcp.ModbusTcpClient - 客户端(ModbusTcpClient) 连接服务器失败 - 远程主机 127.0.0.1:502 - 客户端标识：gwd_modbus_tcp_60_0001
io.netty.channel.AbstractChannel$AnnotatedConnectException: Connection refused: no further information: /127.0.0.1:502
Caused by: java.net.ConnectException: Connection refused: no further information
	at sun.nio.ch.SocketChannelImpl.checkConnect(Native Method)
	at sun.nio.ch.SocketChannelImpl.finishConnect(SocketChannelImpl.java:716)
	at io.netty.channel.socket.nio.NioSocketChannel.doFinishConnect(NioSocketChannel.java:337)
	at io.netty.channel.nio.AbstractNioChannel$AbstractNioUnsafe.finishConnect(AbstractNioChannel.java:334)
	at io.netty.channel.nio.NioEventLoop.processSelectedKey(NioEventLoop.java:710)
	at io.netty.channel.nio.NioEventLoop.processSelectedKeysOptimized(NioEventLoop.java:658)
	at io.netty.channel.nio.NioEventLoop.processSelectedKeys(NioEventLoop.java:584)
	at io.netty.channel.nio.NioEventLoop.run(NioEventLoop.java:496)
	at io.netty.util.concurrent.SingleThreadEventExecutor$4.run(SingleThreadEventExecutor.java:997)
	at io.netty.util.internal.ThreadExecutorMap$2.run(ThreadExecutorMap.java:74)
	at io.netty.util.concurrent.FastThreadLocalRunnable.run(FastThreadLocalRunnable.java:30)
	at java.lang.Thread.run(Thread.java:750)
14:11:33 [IWT-5-14] WARN  com.iteaj.iot.modbus.client.tcp.ModbusTcpClient - 客户端(ModbusTcpClient) 断线重连 - 等待重连时间：15(s) - 远程主机 127.0.0.1:502 - 客户端标识：gwd_modbus_tcp_60_0001
14:11:49 [IWT-5-13] ERROR com.iteaj.iot.client.mqtt.MqttClient - 客户端(MQTT<默认>) 连接服务器失败 - 远程主机 broker-cn.emqx.io:1883 - 客户端标识：gwd_mqtt_57_0001
io.netty.channel.AbstractChannel$AnnotatedConnectException: Connection timed out: no further information: broker-cn.emqx.io/44.232.241.40:1883
Caused by: java.net.ConnectException: Connection timed out: no further information
	at sun.nio.ch.SocketChannelImpl.checkConnect(Native Method)
	at sun.nio.ch.SocketChannelImpl.finishConnect(SocketChannelImpl.java:716)
	at io.netty.channel.socket.nio.NioSocketChannel.doFinishConnect(NioSocketChannel.java:337)
	at io.netty.channel.nio.AbstractNioChannel$AbstractNioUnsafe.finishConnect(AbstractNioChannel.java:334)
	at io.netty.channel.nio.NioEventLoop.processSelectedKey(NioEventLoop.java:710)
	at io.netty.channel.nio.NioEventLoop.processSelectedKeysOptimized(NioEventLoop.java:658)
	at io.netty.channel.nio.NioEventLoop.processSelectedKeys(NioEventLoop.java:584)
	at io.netty.channel.nio.NioEventLoop.run(NioEventLoop.java:496)
	at io.netty.util.concurrent.SingleThreadEventExecutor$4.run(SingleThreadEventExecutor.java:997)
	at io.netty.util.internal.ThreadExecutorMap$2.run(ThreadExecutorMap.java:74)
	at io.netty.util.concurrent.FastThreadLocalRunnable.run(FastThreadLocalRunnable.java:30)
	at java.lang.Thread.run(Thread.java:750)
14:11:49 [IWT-5-13] WARN  com.iteaj.iot.client.mqtt.MqttClient - 客户端(MQTT<默认>) 断线重连 - 等待重连时间：15(s) - 远程主机 broker-cn.emqx.io:1883 - 客户端标识：gwd_mqtt_57_0001
14:11:50 [IWT-5-15] ERROR com.iteaj.iot.modbus.client.tcp.ModbusTcpClient - 客户端(ModbusTcpClient) 连接服务器失败 - 远程主机 127.0.0.1:502 - 客户端标识：gwd_modbus_tcp_60_0001
io.netty.channel.AbstractChannel$AnnotatedConnectException: Connection refused: no further information: /127.0.0.1:502
Caused by: java.net.ConnectException: Connection refused: no further information
	at sun.nio.ch.SocketChannelImpl.checkConnect(Native Method)
	at sun.nio.ch.SocketChannelImpl.finishConnect(SocketChannelImpl.java:716)
	at io.netty.channel.socket.nio.NioSocketChannel.doFinishConnect(NioSocketChannel.java:337)
	at io.netty.channel.nio.AbstractNioChannel$AbstractNioUnsafe.finishConnect(AbstractNioChannel.java:334)
	at io.netty.channel.nio.NioEventLoop.processSelectedKey(NioEventLoop.java:710)
	at io.netty.channel.nio.NioEventLoop.processSelectedKeysOptimized(NioEventLoop.java:658)
	at io.netty.channel.nio.NioEventLoop.processSelectedKeys(NioEventLoop.java:584)
	at io.netty.channel.nio.NioEventLoop.run(NioEventLoop.java:496)
	at io.netty.util.concurrent.SingleThreadEventExecutor$4.run(SingleThreadEventExecutor.java:997)
	at io.netty.util.internal.ThreadExecutorMap$2.run(ThreadExecutorMap.java:74)
	at io.netty.util.concurrent.FastThreadLocalRunnable.run(FastThreadLocalRunnable.java:30)
	at java.lang.Thread.run(Thread.java:750)
14:11:50 [IWT-5-15] WARN  com.iteaj.iot.modbus.client.tcp.ModbusTcpClient - 客户端(ModbusTcpClient) 断线重连 - 等待重连时间：15(s) - 远程主机 127.0.0.1:502 - 客户端标识：gwd_modbus_tcp_60_0001
14:12:09 [IWT-5-1] ERROR com.iteaj.iot.modbus.client.tcp.ModbusTcpClient - 客户端(ModbusTcpClient) 连接服务器失败 - 远程主机 127.0.0.1:502 - 客户端标识：gwd_modbus_tcp_60_0001
io.netty.channel.AbstractChannel$AnnotatedConnectException: Connection refused: no further information: /127.0.0.1:502
Caused by: java.net.ConnectException: Connection refused: no further information
	at sun.nio.ch.SocketChannelImpl.checkConnect(Native Method)
	at sun.nio.ch.SocketChannelImpl.finishConnect(SocketChannelImpl.java:716)
	at io.netty.channel.socket.nio.NioSocketChannel.doFinishConnect(NioSocketChannel.java:337)
	at io.netty.channel.nio.AbstractNioChannel$AbstractNioUnsafe.finishConnect(AbstractNioChannel.java:334)
	at io.netty.channel.nio.NioEventLoop.processSelectedKey(NioEventLoop.java:710)
	at io.netty.channel.nio.NioEventLoop.processSelectedKeysOptimized(NioEventLoop.java:658)
	at io.netty.channel.nio.NioEventLoop.processSelectedKeys(NioEventLoop.java:584)
	at io.netty.channel.nio.NioEventLoop.run(NioEventLoop.java:496)
	at io.netty.util.concurrent.SingleThreadEventExecutor$4.run(SingleThreadEventExecutor.java:997)
	at io.netty.util.internal.ThreadExecutorMap$2.run(ThreadExecutorMap.java:74)
	at io.netty.util.concurrent.FastThreadLocalRunnable.run(FastThreadLocalRunnable.java:30)
	at java.lang.Thread.run(Thread.java:750)
14:12:09 [IWT-5-1] WARN  com.iteaj.iot.modbus.client.tcp.ModbusTcpClient - 客户端(ModbusTcpClient) 断线重连 - 等待重连时间：15(s) - 远程主机 127.0.0.1:502 - 客户端标识：gwd_modbus_tcp_60_0001
14:12:25 [IWT-5-16] ERROR com.iteaj.iot.client.mqtt.MqttClient - 客户端(MQTT<默认>) 连接服务器失败 - 远程主机 broker-cn.emqx.io:1883 - 客户端标识：gwd_mqtt_57_0001
io.netty.channel.AbstractChannel$AnnotatedConnectException: Connection timed out: no further information: broker-cn.emqx.io/34.243.217.54:1883
Caused by: java.net.ConnectException: Connection timed out: no further information
	at sun.nio.ch.SocketChannelImpl.checkConnect(Native Method)
	at sun.nio.ch.SocketChannelImpl.finishConnect(SocketChannelImpl.java:716)
	at io.netty.channel.socket.nio.NioSocketChannel.doFinishConnect(NioSocketChannel.java:337)
	at io.netty.channel.nio.AbstractNioChannel$AbstractNioUnsafe.finishConnect(AbstractNioChannel.java:334)
	at io.netty.channel.nio.NioEventLoop.processSelectedKey(NioEventLoop.java:710)
	at io.netty.channel.nio.NioEventLoop.processSelectedKeysOptimized(NioEventLoop.java:658)
	at io.netty.channel.nio.NioEventLoop.processSelectedKeys(NioEventLoop.java:584)
	at io.netty.channel.nio.NioEventLoop.run(NioEventLoop.java:496)
	at io.netty.util.concurrent.SingleThreadEventExecutor$4.run(SingleThreadEventExecutor.java:997)
	at io.netty.util.internal.ThreadExecutorMap$2.run(ThreadExecutorMap.java:74)
	at io.netty.util.concurrent.FastThreadLocalRunnable.run(FastThreadLocalRunnable.java:30)
	at java.lang.Thread.run(Thread.java:750)
14:12:25 [IWT-5-16] WARN  com.iteaj.iot.client.mqtt.MqttClient - 客户端(MQTT<默认>) 断线重连 - 等待重连时间：15(s) - 远程主机 broker-cn.emqx.io:1883 - 客户端标识：gwd_mqtt_57_0001
14:12:26 [IWT-5-2] ERROR com.iteaj.iot.modbus.client.tcp.ModbusTcpClient - 客户端(ModbusTcpClient) 连接服务器失败 - 远程主机 127.0.0.1:502 - 客户端标识：gwd_modbus_tcp_60_0001
io.netty.channel.AbstractChannel$AnnotatedConnectException: Connection refused: no further information: /127.0.0.1:502
Caused by: java.net.ConnectException: Connection refused: no further information
	at sun.nio.ch.SocketChannelImpl.checkConnect(Native Method)
	at sun.nio.ch.SocketChannelImpl.finishConnect(SocketChannelImpl.java:716)
	at io.netty.channel.socket.nio.NioSocketChannel.doFinishConnect(NioSocketChannel.java:337)
	at io.netty.channel.nio.AbstractNioChannel$AbstractNioUnsafe.finishConnect(AbstractNioChannel.java:334)
	at io.netty.channel.nio.NioEventLoop.processSelectedKey(NioEventLoop.java:710)
	at io.netty.channel.nio.NioEventLoop.processSelectedKeysOptimized(NioEventLoop.java:658)
	at io.netty.channel.nio.NioEventLoop.processSelectedKeys(NioEventLoop.java:584)
	at io.netty.channel.nio.NioEventLoop.run(NioEventLoop.java:496)
	at io.netty.util.concurrent.SingleThreadEventExecutor$4.run(SingleThreadEventExecutor.java:997)
	at io.netty.util.internal.ThreadExecutorMap$2.run(ThreadExecutorMap.java:74)
	at io.netty.util.concurrent.FastThreadLocalRunnable.run(FastThreadLocalRunnable.java:30)
	at java.lang.Thread.run(Thread.java:750)
14:12:26 [IWT-5-2] WARN  com.iteaj.iot.modbus.client.tcp.ModbusTcpClient - 客户端(ModbusTcpClient) 断线重连 - 等待重连时间：15(s) - 远程主机 127.0.0.1:502 - 客户端标识：gwd_modbus_tcp_60_0001
14:12:46 [IWT-5-4] ERROR com.iteaj.iot.modbus.client.tcp.ModbusTcpClient - 客户端(ModbusTcpClient) 连接服务器失败 - 远程主机 127.0.0.1:502 - 客户端标识：gwd_modbus_tcp_60_0001
io.netty.channel.AbstractChannel$AnnotatedConnectException: Connection refused: no further information: /127.0.0.1:502
Caused by: java.net.ConnectException: Connection refused: no further information
	at sun.nio.ch.SocketChannelImpl.checkConnect(Native Method)
	at sun.nio.ch.SocketChannelImpl.finishConnect(SocketChannelImpl.java:716)
	at io.netty.channel.socket.nio.NioSocketChannel.doFinishConnect(NioSocketChannel.java:337)
	at io.netty.channel.nio.AbstractNioChannel$AbstractNioUnsafe.finishConnect(AbstractNioChannel.java:334)
	at io.netty.channel.nio.NioEventLoop.processSelectedKey(NioEventLoop.java:710)
	at io.netty.channel.nio.NioEventLoop.processSelectedKeysOptimized(NioEventLoop.java:658)
	at io.netty.channel.nio.NioEventLoop.processSelectedKeys(NioEventLoop.java:584)
	at io.netty.channel.nio.NioEventLoop.run(NioEventLoop.java:496)
	at io.netty.util.concurrent.SingleThreadEventExecutor$4.run(SingleThreadEventExecutor.java:997)
	at io.netty.util.internal.ThreadExecutorMap$2.run(ThreadExecutorMap.java:74)
	at io.netty.util.concurrent.FastThreadLocalRunnable.run(FastThreadLocalRunnable.java:30)
	at java.lang.Thread.run(Thread.java:750)
14:12:46 [IWT-5-4] WARN  com.iteaj.iot.modbus.client.tcp.ModbusTcpClient - 客户端(ModbusTcpClient) 断线重连 - 等待重连时间：15(s) - 远程主机 127.0.0.1:502 - 客户端标识：gwd_modbus_tcp_60_0001
14:13:02 [IWT-5-3] ERROR com.iteaj.iot.client.mqtt.MqttClient - 客户端(MQTT<默认>) 连接服务器失败 - 远程主机 broker-cn.emqx.io:1883 - 客户端标识：gwd_mqtt_57_0001
io.netty.channel.AbstractChannel$AnnotatedConnectException: Connection timed out: no further information: broker-cn.emqx.io/34.243.217.54:1883
Caused by: java.net.ConnectException: Connection timed out: no further information
	at sun.nio.ch.SocketChannelImpl.checkConnect(Native Method)
	at sun.nio.ch.SocketChannelImpl.finishConnect(SocketChannelImpl.java:716)
	at io.netty.channel.socket.nio.NioSocketChannel.doFinishConnect(NioSocketChannel.java:337)
	at io.netty.channel.nio.AbstractNioChannel$AbstractNioUnsafe.finishConnect(AbstractNioChannel.java:334)
	at io.netty.channel.nio.NioEventLoop.processSelectedKey(NioEventLoop.java:710)
	at io.netty.channel.nio.NioEventLoop.processSelectedKeysOptimized(NioEventLoop.java:658)
	at io.netty.channel.nio.NioEventLoop.processSelectedKeys(NioEventLoop.java:584)
	at io.netty.channel.nio.NioEventLoop.run(NioEventLoop.java:496)
	at io.netty.util.concurrent.SingleThreadEventExecutor$4.run(SingleThreadEventExecutor.java:997)
	at io.netty.util.internal.ThreadExecutorMap$2.run(ThreadExecutorMap.java:74)
	at io.netty.util.concurrent.FastThreadLocalRunnable.run(FastThreadLocalRunnable.java:30)
	at java.lang.Thread.run(Thread.java:750)
14:13:02 [IWT-5-3] WARN  com.iteaj.iot.client.mqtt.MqttClient - 客户端(MQTT<默认>) 断线重连 - 等待重连时间：15(s) - 远程主机 broker-cn.emqx.io:1883 - 客户端标识：gwd_mqtt_57_0001
14:13:03 [IWT-5-5] ERROR com.iteaj.iot.modbus.client.tcp.ModbusTcpClient - 客户端(ModbusTcpClient) 连接服务器失败 - 远程主机 127.0.0.1:502 - 客户端标识：gwd_modbus_tcp_60_0001
io.netty.channel.AbstractChannel$AnnotatedConnectException: Connection refused: no further information: /127.0.0.1:502
Caused by: java.net.ConnectException: Connection refused: no further information
	at sun.nio.ch.SocketChannelImpl.checkConnect(Native Method)
	at sun.nio.ch.SocketChannelImpl.finishConnect(SocketChannelImpl.java:716)
	at io.netty.channel.socket.nio.NioSocketChannel.doFinishConnect(NioSocketChannel.java:337)
	at io.netty.channel.nio.AbstractNioChannel$AbstractNioUnsafe.finishConnect(AbstractNioChannel.java:334)
	at io.netty.channel.nio.NioEventLoop.processSelectedKey(NioEventLoop.java:710)
	at io.netty.channel.nio.NioEventLoop.processSelectedKeysOptimized(NioEventLoop.java:658)
	at io.netty.channel.nio.NioEventLoop.processSelectedKeys(NioEventLoop.java:584)
	at io.netty.channel.nio.NioEventLoop.run(NioEventLoop.java:496)
	at io.netty.util.concurrent.SingleThreadEventExecutor$4.run(SingleThreadEventExecutor.java:997)
	at io.netty.util.internal.ThreadExecutorMap$2.run(ThreadExecutorMap.java:74)
	at io.netty.util.concurrent.FastThreadLocalRunnable.run(FastThreadLocalRunnable.java:30)
	at java.lang.Thread.run(Thread.java:750)
14:13:03 [IWT-5-5] WARN  com.iteaj.iot.modbus.client.tcp.ModbusTcpClient - 客户端(ModbusTcpClient) 断线重连 - 等待重连时间：15(s) - 远程主机 127.0.0.1:502 - 客户端标识：gwd_modbus_tcp_60_0001
14:13:22 [IWT-5-7] ERROR com.iteaj.iot.modbus.client.tcp.ModbusTcpClient - 客户端(ModbusTcpClient) 连接服务器失败 - 远程主机 127.0.0.1:502 - 客户端标识：gwd_modbus_tcp_60_0001
io.netty.channel.AbstractChannel$AnnotatedConnectException: Connection refused: no further information: /127.0.0.1:502
Caused by: java.net.ConnectException: Connection refused: no further information
	at sun.nio.ch.SocketChannelImpl.checkConnect(Native Method)
	at sun.nio.ch.SocketChannelImpl.finishConnect(SocketChannelImpl.java:716)
	at io.netty.channel.socket.nio.NioSocketChannel.doFinishConnect(NioSocketChannel.java:337)
	at io.netty.channel.nio.AbstractNioChannel$AbstractNioUnsafe.finishConnect(AbstractNioChannel.java:334)
	at io.netty.channel.nio.NioEventLoop.processSelectedKey(NioEventLoop.java:710)
	at io.netty.channel.nio.NioEventLoop.processSelectedKeysOptimized(NioEventLoop.java:658)
	at io.netty.channel.nio.NioEventLoop.processSelectedKeys(NioEventLoop.java:584)
	at io.netty.channel.nio.NioEventLoop.run(NioEventLoop.java:496)
	at io.netty.util.concurrent.SingleThreadEventExecutor$4.run(SingleThreadEventExecutor.java:997)
	at io.netty.util.internal.ThreadExecutorMap$2.run(ThreadExecutorMap.java:74)
	at io.netty.util.concurrent.FastThreadLocalRunnable.run(FastThreadLocalRunnable.java:30)
	at java.lang.Thread.run(Thread.java:750)
14:13:22 [IWT-5-7] WARN  com.iteaj.iot.modbus.client.tcp.ModbusTcpClient - 客户端(ModbusTcpClient) 断线重连 - 等待重连时间：15(s) - 远程主机 127.0.0.1:502 - 客户端标识：gwd_modbus_tcp_60_0001
14:13:38 [IWT-5-6] ERROR com.iteaj.iot.client.mqtt.MqttClient - 客户端(MQTT<默认>) 连接服务器失败 - 远程主机 broker-cn.emqx.io:1883 - 客户端标识：gwd_mqtt_57_0001
io.netty.channel.AbstractChannel$AnnotatedConnectException: Connection timed out: no further information: broker-cn.emqx.io/44.232.241.40:1883
Caused by: java.net.ConnectException: Connection timed out: no further information
	at sun.nio.ch.SocketChannelImpl.checkConnect(Native Method)
	at sun.nio.ch.SocketChannelImpl.finishConnect(SocketChannelImpl.java:716)
	at io.netty.channel.socket.nio.NioSocketChannel.doFinishConnect(NioSocketChannel.java:337)
	at io.netty.channel.nio.AbstractNioChannel$AbstractNioUnsafe.finishConnect(AbstractNioChannel.java:334)
	at io.netty.channel.nio.NioEventLoop.processSelectedKey(NioEventLoop.java:710)
	at io.netty.channel.nio.NioEventLoop.processSelectedKeysOptimized(NioEventLoop.java:658)
	at io.netty.channel.nio.NioEventLoop.processSelectedKeys(NioEventLoop.java:584)
	at io.netty.channel.nio.NioEventLoop.run(NioEventLoop.java:496)
	at io.netty.util.concurrent.SingleThreadEventExecutor$4.run(SingleThreadEventExecutor.java:997)
	at io.netty.util.internal.ThreadExecutorMap$2.run(ThreadExecutorMap.java:74)
	at io.netty.util.concurrent.FastThreadLocalRunnable.run(FastThreadLocalRunnable.java:30)
	at java.lang.Thread.run(Thread.java:750)
14:13:38 [IWT-5-6] WARN  com.iteaj.iot.client.mqtt.MqttClient - 客户端(MQTT<默认>) 断线重连 - 等待重连时间：15(s) - 远程主机 broker-cn.emqx.io:1883 - 客户端标识：gwd_mqtt_57_0001
14:13:39 [IWT-5-8] ERROR com.iteaj.iot.modbus.client.tcp.ModbusTcpClient - 客户端(ModbusTcpClient) 连接服务器失败 - 远程主机 127.0.0.1:502 - 客户端标识：gwd_modbus_tcp_60_0001
io.netty.channel.AbstractChannel$AnnotatedConnectException: Connection refused: no further information: /127.0.0.1:502
Caused by: java.net.ConnectException: Connection refused: no further information
	at sun.nio.ch.SocketChannelImpl.checkConnect(Native Method)
	at sun.nio.ch.SocketChannelImpl.finishConnect(SocketChannelImpl.java:716)
	at io.netty.channel.socket.nio.NioSocketChannel.doFinishConnect(NioSocketChannel.java:337)
	at io.netty.channel.nio.AbstractNioChannel$AbstractNioUnsafe.finishConnect(AbstractNioChannel.java:334)
	at io.netty.channel.nio.NioEventLoop.processSelectedKey(NioEventLoop.java:710)
	at io.netty.channel.nio.NioEventLoop.processSelectedKeysOptimized(NioEventLoop.java:658)
	at io.netty.channel.nio.NioEventLoop.processSelectedKeys(NioEventLoop.java:584)
	at io.netty.channel.nio.NioEventLoop.run(NioEventLoop.java:496)
	at io.netty.util.concurrent.SingleThreadEventExecutor$4.run(SingleThreadEventExecutor.java:997)
	at io.netty.util.internal.ThreadExecutorMap$2.run(ThreadExecutorMap.java:74)
	at io.netty.util.concurrent.FastThreadLocalRunnable.run(FastThreadLocalRunnable.java:30)
	at java.lang.Thread.run(Thread.java:750)
14:13:39 [IWT-5-8] WARN  com.iteaj.iot.modbus.client.tcp.ModbusTcpClient - 客户端(ModbusTcpClient) 断线重连 - 等待重连时间：15(s) - 远程主机 127.0.0.1:502 - 客户端标识：gwd_modbus_tcp_60_0001
14:13:58 [IWT-5-10] ERROR com.iteaj.iot.modbus.client.tcp.ModbusTcpClient - 客户端(ModbusTcpClient) 连接服务器失败 - 远程主机 127.0.0.1:502 - 客户端标识：gwd_modbus_tcp_60_0001
io.netty.channel.AbstractChannel$AnnotatedConnectException: Connection refused: no further information: /127.0.0.1:502
Caused by: java.net.ConnectException: Connection refused: no further information
	at sun.nio.ch.SocketChannelImpl.checkConnect(Native Method)
	at sun.nio.ch.SocketChannelImpl.finishConnect(SocketChannelImpl.java:716)
	at io.netty.channel.socket.nio.NioSocketChannel.doFinishConnect(NioSocketChannel.java:337)
	at io.netty.channel.nio.AbstractNioChannel$AbstractNioUnsafe.finishConnect(AbstractNioChannel.java:334)
	at io.netty.channel.nio.NioEventLoop.processSelectedKey(NioEventLoop.java:710)
	at io.netty.channel.nio.NioEventLoop.processSelectedKeysOptimized(NioEventLoop.java:658)
	at io.netty.channel.nio.NioEventLoop.processSelectedKeys(NioEventLoop.java:584)
	at io.netty.channel.nio.NioEventLoop.run(NioEventLoop.java:496)
	at io.netty.util.concurrent.SingleThreadEventExecutor$4.run(SingleThreadEventExecutor.java:997)
	at io.netty.util.internal.ThreadExecutorMap$2.run(ThreadExecutorMap.java:74)
	at io.netty.util.concurrent.FastThreadLocalRunnable.run(FastThreadLocalRunnable.java:30)
	at java.lang.Thread.run(Thread.java:750)
14:13:58 [IWT-5-10] WARN  com.iteaj.iot.modbus.client.tcp.ModbusTcpClient - 客户端(ModbusTcpClient) 断线重连 - 等待重连时间：15(s) - 远程主机 127.0.0.1:502 - 客户端标识：gwd_modbus_tcp_60_0001
14:14:14 [IWT-5-9] ERROR com.iteaj.iot.client.mqtt.MqttClient - 客户端(MQTT<默认>) 连接服务器失败 - 远程主机 broker-cn.emqx.io:1883 - 客户端标识：gwd_mqtt_57_0001
io.netty.channel.AbstractChannel$AnnotatedConnectException: Connection timed out: no further information: broker-cn.emqx.io/44.232.241.40:1883
Caused by: java.net.ConnectException: Connection timed out: no further information
	at sun.nio.ch.SocketChannelImpl.checkConnect(Native Method)
	at sun.nio.ch.SocketChannelImpl.finishConnect(SocketChannelImpl.java:716)
	at io.netty.channel.socket.nio.NioSocketChannel.doFinishConnect(NioSocketChannel.java:337)
	at io.netty.channel.nio.AbstractNioChannel$AbstractNioUnsafe.finishConnect(AbstractNioChannel.java:334)
	at io.netty.channel.nio.NioEventLoop.processSelectedKey(NioEventLoop.java:710)
	at io.netty.channel.nio.NioEventLoop.processSelectedKeysOptimized(NioEventLoop.java:658)
	at io.netty.channel.nio.NioEventLoop.processSelectedKeys(NioEventLoop.java:584)
	at io.netty.channel.nio.NioEventLoop.run(NioEventLoop.java:496)
	at io.netty.util.concurrent.SingleThreadEventExecutor$4.run(SingleThreadEventExecutor.java:997)
	at io.netty.util.internal.ThreadExecutorMap$2.run(ThreadExecutorMap.java:74)
	at io.netty.util.concurrent.FastThreadLocalRunnable.run(FastThreadLocalRunnable.java:30)
	at java.lang.Thread.run(Thread.java:750)
14:14:14 [IWT-5-9] WARN  com.iteaj.iot.client.mqtt.MqttClient - 客户端(MQTT<默认>) 断线重连 - 等待重连时间：15(s) - 远程主机 broker-cn.emqx.io:1883 - 客户端标识：gwd_mqtt_57_0001
14:14:15 [IWT-5-11] ERROR com.iteaj.iot.modbus.client.tcp.ModbusTcpClient - 客户端(ModbusTcpClient) 连接服务器失败 - 远程主机 127.0.0.1:502 - 客户端标识：gwd_modbus_tcp_60_0001
io.netty.channel.AbstractChannel$AnnotatedConnectException: Connection refused: no further information: /127.0.0.1:502
Caused by: java.net.ConnectException: Connection refused: no further information
	at sun.nio.ch.SocketChannelImpl.checkConnect(Native Method)
	at sun.nio.ch.SocketChannelImpl.finishConnect(SocketChannelImpl.java:716)
	at io.netty.channel.socket.nio.NioSocketChannel.doFinishConnect(NioSocketChannel.java:337)
	at io.netty.channel.nio.AbstractNioChannel$AbstractNioUnsafe.finishConnect(AbstractNioChannel.java:334)
	at io.netty.channel.nio.NioEventLoop.processSelectedKey(NioEventLoop.java:710)
	at io.netty.channel.nio.NioEventLoop.processSelectedKeysOptimized(NioEventLoop.java:658)
	at io.netty.channel.nio.NioEventLoop.processSelectedKeys(NioEventLoop.java:584)
	at io.netty.channel.nio.NioEventLoop.run(NioEventLoop.java:496)
	at io.netty.util.concurrent.SingleThreadEventExecutor$4.run(SingleThreadEventExecutor.java:997)
	at io.netty.util.internal.ThreadExecutorMap$2.run(ThreadExecutorMap.java:74)
	at io.netty.util.concurrent.FastThreadLocalRunnable.run(FastThreadLocalRunnable.java:30)
	at java.lang.Thread.run(Thread.java:750)
14:14:15 [IWT-5-11] WARN  com.iteaj.iot.modbus.client.tcp.ModbusTcpClient - 客户端(ModbusTcpClient) 断线重连 - 等待重连时间：15(s) - 远程主机 127.0.0.1:502 - 客户端标识：gwd_modbus_tcp_60_0001
14:14:34 [IWT-5-13] ERROR com.iteaj.iot.modbus.client.tcp.ModbusTcpClient - 客户端(ModbusTcpClient) 连接服务器失败 - 远程主机 127.0.0.1:502 - 客户端标识：gwd_modbus_tcp_60_0001
io.netty.channel.AbstractChannel$AnnotatedConnectException: Connection refused: no further information: /127.0.0.1:502
Caused by: java.net.ConnectException: Connection refused: no further information
	at sun.nio.ch.SocketChannelImpl.checkConnect(Native Method)
	at sun.nio.ch.SocketChannelImpl.finishConnect(SocketChannelImpl.java:716)
	at io.netty.channel.socket.nio.NioSocketChannel.doFinishConnect(NioSocketChannel.java:337)
	at io.netty.channel.nio.AbstractNioChannel$AbstractNioUnsafe.finishConnect(AbstractNioChannel.java:334)
	at io.netty.channel.nio.NioEventLoop.processSelectedKey(NioEventLoop.java:710)
	at io.netty.channel.nio.NioEventLoop.processSelectedKeysOptimized(NioEventLoop.java:658)
	at io.netty.channel.nio.NioEventLoop.processSelectedKeys(NioEventLoop.java:584)
	at io.netty.channel.nio.NioEventLoop.run(NioEventLoop.java:496)
	at io.netty.util.concurrent.SingleThreadEventExecutor$4.run(SingleThreadEventExecutor.java:997)
	at io.netty.util.internal.ThreadExecutorMap$2.run(ThreadExecutorMap.java:74)
	at io.netty.util.concurrent.FastThreadLocalRunnable.run(FastThreadLocalRunnable.java:30)
	at java.lang.Thread.run(Thread.java:750)
14:14:34 [IWT-5-13] WARN  com.iteaj.iot.modbus.client.tcp.ModbusTcpClient - 客户端(ModbusTcpClient) 断线重连 - 等待重连时间：15(s) - 远程主机 127.0.0.1:502 - 客户端标识：gwd_modbus_tcp_60_0001
14:14:50 [IWT-5-12] ERROR com.iteaj.iot.client.mqtt.MqttClient - 客户端(MQTT<默认>) 连接服务器失败 - 远程主机 broker-cn.emqx.io:1883 - 客户端标识：gwd_mqtt_57_0001
io.netty.channel.AbstractChannel$AnnotatedConnectException: Connection timed out: no further information: broker-cn.emqx.io/44.232.241.40:1883
Caused by: java.net.ConnectException: Connection timed out: no further information
	at sun.nio.ch.SocketChannelImpl.checkConnect(Native Method)
	at sun.nio.ch.SocketChannelImpl.finishConnect(SocketChannelImpl.java:716)
	at io.netty.channel.socket.nio.NioSocketChannel.doFinishConnect(NioSocketChannel.java:337)
	at io.netty.channel.nio.AbstractNioChannel$AbstractNioUnsafe.finishConnect(AbstractNioChannel.java:334)
	at io.netty.channel.nio.NioEventLoop.processSelectedKey(NioEventLoop.java:710)
	at io.netty.channel.nio.NioEventLoop.processSelectedKeysOptimized(NioEventLoop.java:658)
	at io.netty.channel.nio.NioEventLoop.processSelectedKeys(NioEventLoop.java:584)
	at io.netty.channel.nio.NioEventLoop.run(NioEventLoop.java:496)
	at io.netty.util.concurrent.SingleThreadEventExecutor$4.run(SingleThreadEventExecutor.java:997)
	at io.netty.util.internal.ThreadExecutorMap$2.run(ThreadExecutorMap.java:74)
	at io.netty.util.concurrent.FastThreadLocalRunnable.run(FastThreadLocalRunnable.java:30)
	at java.lang.Thread.run(Thread.java:750)
14:14:50 [IWT-5-12] WARN  com.iteaj.iot.client.mqtt.MqttClient - 客户端(MQTT<默认>) 断线重连 - 等待重连时间：15(s) - 远程主机 broker-cn.emqx.io:1883 - 客户端标识：gwd_mqtt_57_0001
14:14:51 [IWT-5-14] ERROR com.iteaj.iot.modbus.client.tcp.ModbusTcpClient - 客户端(ModbusTcpClient) 连接服务器失败 - 远程主机 127.0.0.1:502 - 客户端标识：gwd_modbus_tcp_60_0001
io.netty.channel.AbstractChannel$AnnotatedConnectException: Connection refused: no further information: /127.0.0.1:502
Caused by: java.net.ConnectException: Connection refused: no further information
	at sun.nio.ch.SocketChannelImpl.checkConnect(Native Method)
	at sun.nio.ch.SocketChannelImpl.finishConnect(SocketChannelImpl.java:716)
	at io.netty.channel.socket.nio.NioSocketChannel.doFinishConnect(NioSocketChannel.java:337)
	at io.netty.channel.nio.AbstractNioChannel$AbstractNioUnsafe.finishConnect(AbstractNioChannel.java:334)
	at io.netty.channel.nio.NioEventLoop.processSelectedKey(NioEventLoop.java:710)
	at io.netty.channel.nio.NioEventLoop.processSelectedKeysOptimized(NioEventLoop.java:658)
	at io.netty.channel.nio.NioEventLoop.processSelectedKeys(NioEventLoop.java:584)
	at io.netty.channel.nio.NioEventLoop.run(NioEventLoop.java:496)
	at io.netty.util.concurrent.SingleThreadEventExecutor$4.run(SingleThreadEventExecutor.java:997)
	at io.netty.util.internal.ThreadExecutorMap$2.run(ThreadExecutorMap.java:74)
	at io.netty.util.concurrent.FastThreadLocalRunnable.run(FastThreadLocalRunnable.java:30)
	at java.lang.Thread.run(Thread.java:750)
14:14:51 [IWT-5-14] WARN  com.iteaj.iot.modbus.client.tcp.ModbusTcpClient - 客户端(ModbusTcpClient) 断线重连 - 等待重连时间：15(s) - 远程主机 127.0.0.1:502 - 客户端标识：gwd_modbus_tcp_60_0001
14:15:10 [IWT-5-16] ERROR com.iteaj.iot.modbus.client.tcp.ModbusTcpClient - 客户端(ModbusTcpClient) 连接服务器失败 - 远程主机 127.0.0.1:502 - 客户端标识：gwd_modbus_tcp_60_0001
io.netty.channel.AbstractChannel$AnnotatedConnectException: Connection refused: no further information: /127.0.0.1:502
Caused by: java.net.ConnectException: Connection refused: no further information
	at sun.nio.ch.SocketChannelImpl.checkConnect(Native Method)
	at sun.nio.ch.SocketChannelImpl.finishConnect(SocketChannelImpl.java:716)
	at io.netty.channel.socket.nio.NioSocketChannel.doFinishConnect(NioSocketChannel.java:337)
	at io.netty.channel.nio.AbstractNioChannel$AbstractNioUnsafe.finishConnect(AbstractNioChannel.java:334)
	at io.netty.channel.nio.NioEventLoop.processSelectedKey(NioEventLoop.java:710)
	at io.netty.channel.nio.NioEventLoop.processSelectedKeysOptimized(NioEventLoop.java:658)
	at io.netty.channel.nio.NioEventLoop.processSelectedKeys(NioEventLoop.java:584)
	at io.netty.channel.nio.NioEventLoop.run(NioEventLoop.java:496)
	at io.netty.util.concurrent.SingleThreadEventExecutor$4.run(SingleThreadEventExecutor.java:997)
	at io.netty.util.internal.ThreadExecutorMap$2.run(ThreadExecutorMap.java:74)
	at io.netty.util.concurrent.FastThreadLocalRunnable.run(FastThreadLocalRunnable.java:30)
	at java.lang.Thread.run(Thread.java:750)
14:15:10 [IWT-5-16] WARN  com.iteaj.iot.modbus.client.tcp.ModbusTcpClient - 客户端(ModbusTcpClient) 断线重连 - 等待重连时间：15(s) - 远程主机 127.0.0.1:502 - 客户端标识：gwd_modbus_tcp_60_0001
14:15:26 [IWT-5-15] ERROR com.iteaj.iot.client.mqtt.MqttClient - 客户端(MQTT<默认>) 连接服务器失败 - 远程主机 broker-cn.emqx.io:1883 - 客户端标识：gwd_mqtt_57_0001
io.netty.channel.AbstractChannel$AnnotatedConnectException: Connection timed out: no further information: broker-cn.emqx.io/44.232.241.40:1883
Caused by: java.net.ConnectException: Connection timed out: no further information
	at sun.nio.ch.SocketChannelImpl.checkConnect(Native Method)
	at sun.nio.ch.SocketChannelImpl.finishConnect(SocketChannelImpl.java:716)
	at io.netty.channel.socket.nio.NioSocketChannel.doFinishConnect(NioSocketChannel.java:337)
	at io.netty.channel.nio.AbstractNioChannel$AbstractNioUnsafe.finishConnect(AbstractNioChannel.java:334)
	at io.netty.channel.nio.NioEventLoop.processSelectedKey(NioEventLoop.java:710)
	at io.netty.channel.nio.NioEventLoop.processSelectedKeysOptimized(NioEventLoop.java:658)
	at io.netty.channel.nio.NioEventLoop.processSelectedKeys(NioEventLoop.java:584)
	at io.netty.channel.nio.NioEventLoop.run(NioEventLoop.java:496)
	at io.netty.util.concurrent.SingleThreadEventExecutor$4.run(SingleThreadEventExecutor.java:997)
	at io.netty.util.internal.ThreadExecutorMap$2.run(ThreadExecutorMap.java:74)
	at io.netty.util.concurrent.FastThreadLocalRunnable.run(FastThreadLocalRunnable.java:30)
	at java.lang.Thread.run(Thread.java:750)
14:15:26 [IWT-5-15] WARN  com.iteaj.iot.client.mqtt.MqttClient - 客户端(MQTT<默认>) 断线重连 - 等待重连时间：15(s) - 远程主机 broker-cn.emqx.io:1883 - 客户端标识：gwd_mqtt_57_0001
14:15:27 [IWT-5-1] ERROR com.iteaj.iot.modbus.client.tcp.ModbusTcpClient - 客户端(ModbusTcpClient) 连接服务器失败 - 远程主机 127.0.0.1:502 - 客户端标识：gwd_modbus_tcp_60_0001
io.netty.channel.AbstractChannel$AnnotatedConnectException: Connection refused: no further information: /127.0.0.1:502
Caused by: java.net.ConnectException: Connection refused: no further information
	at sun.nio.ch.SocketChannelImpl.checkConnect(Native Method)
	at sun.nio.ch.SocketChannelImpl.finishConnect(SocketChannelImpl.java:716)
	at io.netty.channel.socket.nio.NioSocketChannel.doFinishConnect(NioSocketChannel.java:337)
	at io.netty.channel.nio.AbstractNioChannel$AbstractNioUnsafe.finishConnect(AbstractNioChannel.java:334)
	at io.netty.channel.nio.NioEventLoop.processSelectedKey(NioEventLoop.java:710)
	at io.netty.channel.nio.NioEventLoop.processSelectedKeysOptimized(NioEventLoop.java:658)
	at io.netty.channel.nio.NioEventLoop.processSelectedKeys(NioEventLoop.java:584)
	at io.netty.channel.nio.NioEventLoop.run(NioEventLoop.java:496)
	at io.netty.util.concurrent.SingleThreadEventExecutor$4.run(SingleThreadEventExecutor.java:997)
	at io.netty.util.internal.ThreadExecutorMap$2.run(ThreadExecutorMap.java:74)
	at io.netty.util.concurrent.FastThreadLocalRunnable.run(FastThreadLocalRunnable.java:30)
	at java.lang.Thread.run(Thread.java:750)
14:15:27 [IWT-5-1] WARN  com.iteaj.iot.modbus.client.tcp.ModbusTcpClient - 客户端(ModbusTcpClient) 断线重连 - 等待重连时间：15(s) - 远程主机 127.0.0.1:502 - 客户端标识：gwd_modbus_tcp_60_0001
14:15:46 [IWT-5-3] ERROR com.iteaj.iot.modbus.client.tcp.ModbusTcpClient - 客户端(ModbusTcpClient) 连接服务器失败 - 远程主机 127.0.0.1:502 - 客户端标识：gwd_modbus_tcp_60_0001
io.netty.channel.AbstractChannel$AnnotatedConnectException: Connection refused: no further information: /127.0.0.1:502
Caused by: java.net.ConnectException: Connection refused: no further information
	at sun.nio.ch.SocketChannelImpl.checkConnect(Native Method)
	at sun.nio.ch.SocketChannelImpl.finishConnect(SocketChannelImpl.java:716)
	at io.netty.channel.socket.nio.NioSocketChannel.doFinishConnect(NioSocketChannel.java:337)
	at io.netty.channel.nio.AbstractNioChannel$AbstractNioUnsafe.finishConnect(AbstractNioChannel.java:334)
	at io.netty.channel.nio.NioEventLoop.processSelectedKey(NioEventLoop.java:710)
	at io.netty.channel.nio.NioEventLoop.processSelectedKeysOptimized(NioEventLoop.java:658)
	at io.netty.channel.nio.NioEventLoop.processSelectedKeys(NioEventLoop.java:584)
	at io.netty.channel.nio.NioEventLoop.run(NioEventLoop.java:496)
	at io.netty.util.concurrent.SingleThreadEventExecutor$4.run(SingleThreadEventExecutor.java:997)
	at io.netty.util.internal.ThreadExecutorMap$2.run(ThreadExecutorMap.java:74)
	at io.netty.util.concurrent.FastThreadLocalRunnable.run(FastThreadLocalRunnable.java:30)
	at java.lang.Thread.run(Thread.java:750)
14:15:46 [IWT-5-3] WARN  com.iteaj.iot.modbus.client.tcp.ModbusTcpClient - 客户端(ModbusTcpClient) 断线重连 - 等待重连时间：15(s) - 远程主机 127.0.0.1:502 - 客户端标识：gwd_modbus_tcp_60_0001
14:16:02 [IWT-5-2] ERROR com.iteaj.iot.client.mqtt.MqttClient - 客户端(MQTT<默认>) 连接服务器失败 - 远程主机 broker-cn.emqx.io:1883 - 客户端标识：gwd_mqtt_57_0001
io.netty.channel.AbstractChannel$AnnotatedConnectException: Connection timed out: no further information: broker-cn.emqx.io/34.243.217.54:1883
Caused by: java.net.ConnectException: Connection timed out: no further information
	at sun.nio.ch.SocketChannelImpl.checkConnect(Native Method)
	at sun.nio.ch.SocketChannelImpl.finishConnect(SocketChannelImpl.java:716)
	at io.netty.channel.socket.nio.NioSocketChannel.doFinishConnect(NioSocketChannel.java:337)
	at io.netty.channel.nio.AbstractNioChannel$AbstractNioUnsafe.finishConnect(AbstractNioChannel.java:334)
	at io.netty.channel.nio.NioEventLoop.processSelectedKey(NioEventLoop.java:710)
	at io.netty.channel.nio.NioEventLoop.processSelectedKeysOptimized(NioEventLoop.java:658)
	at io.netty.channel.nio.NioEventLoop.processSelectedKeys(NioEventLoop.java:584)
	at io.netty.channel.nio.NioEventLoop.run(NioEventLoop.java:496)
	at io.netty.util.concurrent.SingleThreadEventExecutor$4.run(SingleThreadEventExecutor.java:997)
	at io.netty.util.internal.ThreadExecutorMap$2.run(ThreadExecutorMap.java:74)
	at io.netty.util.concurrent.FastThreadLocalRunnable.run(FastThreadLocalRunnable.java:30)
	at java.lang.Thread.run(Thread.java:750)
14:16:02 [IWT-5-2] WARN  com.iteaj.iot.client.mqtt.MqttClient - 客户端(MQTT<默认>) 断线重连 - 等待重连时间：15(s) - 远程主机 broker-cn.emqx.io:1883 - 客户端标识：gwd_mqtt_57_0001
14:16:03 [IWT-5-4] ERROR com.iteaj.iot.modbus.client.tcp.ModbusTcpClient - 客户端(ModbusTcpClient) 连接服务器失败 - 远程主机 127.0.0.1:502 - 客户端标识：gwd_modbus_tcp_60_0001
io.netty.channel.AbstractChannel$AnnotatedConnectException: Connection refused: no further information: /127.0.0.1:502
Caused by: java.net.ConnectException: Connection refused: no further information
	at sun.nio.ch.SocketChannelImpl.checkConnect(Native Method)
	at sun.nio.ch.SocketChannelImpl.finishConnect(SocketChannelImpl.java:716)
	at io.netty.channel.socket.nio.NioSocketChannel.doFinishConnect(NioSocketChannel.java:337)
	at io.netty.channel.nio.AbstractNioChannel$AbstractNioUnsafe.finishConnect(AbstractNioChannel.java:334)
	at io.netty.channel.nio.NioEventLoop.processSelectedKey(NioEventLoop.java:710)
	at io.netty.channel.nio.NioEventLoop.processSelectedKeysOptimized(NioEventLoop.java:658)
	at io.netty.channel.nio.NioEventLoop.processSelectedKeys(NioEventLoop.java:584)
	at io.netty.channel.nio.NioEventLoop.run(NioEventLoop.java:496)
	at io.netty.util.concurrent.SingleThreadEventExecutor$4.run(SingleThreadEventExecutor.java:997)
	at io.netty.util.internal.ThreadExecutorMap$2.run(ThreadExecutorMap.java:74)
	at io.netty.util.concurrent.FastThreadLocalRunnable.run(FastThreadLocalRunnable.java:30)
	at java.lang.Thread.run(Thread.java:750)
14:16:03 [IWT-5-4] WARN  com.iteaj.iot.modbus.client.tcp.ModbusTcpClient - 客户端(ModbusTcpClient) 断线重连 - 等待重连时间：15(s) - 远程主机 127.0.0.1:502 - 客户端标识：gwd_modbus_tcp_60_0001
14:16:22 [IWT-5-6] ERROR com.iteaj.iot.modbus.client.tcp.ModbusTcpClient - 客户端(ModbusTcpClient) 连接服务器失败 - 远程主机 127.0.0.1:502 - 客户端标识：gwd_modbus_tcp_60_0001
io.netty.channel.AbstractChannel$AnnotatedConnectException: Connection refused: no further information: /127.0.0.1:502
Caused by: java.net.ConnectException: Connection refused: no further information
	at sun.nio.ch.SocketChannelImpl.checkConnect(Native Method)
	at sun.nio.ch.SocketChannelImpl.finishConnect(SocketChannelImpl.java:716)
	at io.netty.channel.socket.nio.NioSocketChannel.doFinishConnect(NioSocketChannel.java:337)
	at io.netty.channel.nio.AbstractNioChannel$AbstractNioUnsafe.finishConnect(AbstractNioChannel.java:334)
	at io.netty.channel.nio.NioEventLoop.processSelectedKey(NioEventLoop.java:710)
	at io.netty.channel.nio.NioEventLoop.processSelectedKeysOptimized(NioEventLoop.java:658)
	at io.netty.channel.nio.NioEventLoop.processSelectedKeys(NioEventLoop.java:584)
	at io.netty.channel.nio.NioEventLoop.run(NioEventLoop.java:496)
	at io.netty.util.concurrent.SingleThreadEventExecutor$4.run(SingleThreadEventExecutor.java:997)
	at io.netty.util.internal.ThreadExecutorMap$2.run(ThreadExecutorMap.java:74)
	at io.netty.util.concurrent.FastThreadLocalRunnable.run(FastThreadLocalRunnable.java:30)
	at java.lang.Thread.run(Thread.java:750)
14:16:22 [IWT-5-6] WARN  com.iteaj.iot.modbus.client.tcp.ModbusTcpClient - 客户端(ModbusTcpClient) 断线重连 - 等待重连时间：15(s) - 远程主机 127.0.0.1:502 - 客户端标识：gwd_modbus_tcp_60_0001
14:16:38 [IWT-5-5] ERROR com.iteaj.iot.client.mqtt.MqttClient - 客户端(MQTT<默认>) 连接服务器失败 - 远程主机 broker-cn.emqx.io:1883 - 客户端标识：gwd_mqtt_57_0001
io.netty.channel.AbstractChannel$AnnotatedConnectException: Connection timed out: no further information: broker-cn.emqx.io/34.243.217.54:1883
Caused by: java.net.ConnectException: Connection timed out: no further information
	at sun.nio.ch.SocketChannelImpl.checkConnect(Native Method)
	at sun.nio.ch.SocketChannelImpl.finishConnect(SocketChannelImpl.java:716)
	at io.netty.channel.socket.nio.NioSocketChannel.doFinishConnect(NioSocketChannel.java:337)
	at io.netty.channel.nio.AbstractNioChannel$AbstractNioUnsafe.finishConnect(AbstractNioChannel.java:334)
	at io.netty.channel.nio.NioEventLoop.processSelectedKey(NioEventLoop.java:710)
	at io.netty.channel.nio.NioEventLoop.processSelectedKeysOptimized(NioEventLoop.java:658)
	at io.netty.channel.nio.NioEventLoop.processSelectedKeys(NioEventLoop.java:584)
	at io.netty.channel.nio.NioEventLoop.run(NioEventLoop.java:496)
	at io.netty.util.concurrent.SingleThreadEventExecutor$4.run(SingleThreadEventExecutor.java:997)
	at io.netty.util.internal.ThreadExecutorMap$2.run(ThreadExecutorMap.java:74)
	at io.netty.util.concurrent.FastThreadLocalRunnable.run(FastThreadLocalRunnable.java:30)
	at java.lang.Thread.run(Thread.java:750)
14:16:38 [IWT-5-5] WARN  com.iteaj.iot.client.mqtt.MqttClient - 客户端(MQTT<默认>) 断线重连 - 等待重连时间：15(s) - 远程主机 broker-cn.emqx.io:1883 - 客户端标识：gwd_mqtt_57_0001
14:16:39 [IWT-5-7] ERROR com.iteaj.iot.modbus.client.tcp.ModbusTcpClient - 客户端(ModbusTcpClient) 连接服务器失败 - 远程主机 127.0.0.1:502 - 客户端标识：gwd_modbus_tcp_60_0001
io.netty.channel.AbstractChannel$AnnotatedConnectException: Connection refused: no further information: /127.0.0.1:502
Caused by: java.net.ConnectException: Connection refused: no further information
	at sun.nio.ch.SocketChannelImpl.checkConnect(Native Method)
	at sun.nio.ch.SocketChannelImpl.finishConnect(SocketChannelImpl.java:716)
	at io.netty.channel.socket.nio.NioSocketChannel.doFinishConnect(NioSocketChannel.java:337)
	at io.netty.channel.nio.AbstractNioChannel$AbstractNioUnsafe.finishConnect(AbstractNioChannel.java:334)
	at io.netty.channel.nio.NioEventLoop.processSelectedKey(NioEventLoop.java:710)
	at io.netty.channel.nio.NioEventLoop.processSelectedKeysOptimized(NioEventLoop.java:658)
	at io.netty.channel.nio.NioEventLoop.processSelectedKeys(NioEventLoop.java:584)
	at io.netty.channel.nio.NioEventLoop.run(NioEventLoop.java:496)
	at io.netty.util.concurrent.SingleThreadEventExecutor$4.run(SingleThreadEventExecutor.java:997)
	at io.netty.util.internal.ThreadExecutorMap$2.run(ThreadExecutorMap.java:74)
	at io.netty.util.concurrent.FastThreadLocalRunnable.run(FastThreadLocalRunnable.java:30)
	at java.lang.Thread.run(Thread.java:750)
14:16:39 [IWT-5-7] WARN  com.iteaj.iot.modbus.client.tcp.ModbusTcpClient - 客户端(ModbusTcpClient) 断线重连 - 等待重连时间：15(s) - 远程主机 127.0.0.1:502 - 客户端标识：gwd_modbus_tcp_60_0001
14:16:58 [IWT-5-9] ERROR com.iteaj.iot.modbus.client.tcp.ModbusTcpClient - 客户端(ModbusTcpClient) 连接服务器失败 - 远程主机 127.0.0.1:502 - 客户端标识：gwd_modbus_tcp_60_0001
io.netty.channel.AbstractChannel$AnnotatedConnectException: Connection refused: no further information: /127.0.0.1:502
Caused by: java.net.ConnectException: Connection refused: no further information
	at sun.nio.ch.SocketChannelImpl.checkConnect(Native Method)
	at sun.nio.ch.SocketChannelImpl.finishConnect(SocketChannelImpl.java:716)
	at io.netty.channel.socket.nio.NioSocketChannel.doFinishConnect(NioSocketChannel.java:337)
	at io.netty.channel.nio.AbstractNioChannel$AbstractNioUnsafe.finishConnect(AbstractNioChannel.java:334)
	at io.netty.channel.nio.NioEventLoop.processSelectedKey(NioEventLoop.java:710)
	at io.netty.channel.nio.NioEventLoop.processSelectedKeysOptimized(NioEventLoop.java:658)
	at io.netty.channel.nio.NioEventLoop.processSelectedKeys(NioEventLoop.java:584)
	at io.netty.channel.nio.NioEventLoop.run(NioEventLoop.java:496)
	at io.netty.util.concurrent.SingleThreadEventExecutor$4.run(SingleThreadEventExecutor.java:997)
	at io.netty.util.internal.ThreadExecutorMap$2.run(ThreadExecutorMap.java:74)
	at io.netty.util.concurrent.FastThreadLocalRunnable.run(FastThreadLocalRunnable.java:30)
	at java.lang.Thread.run(Thread.java:750)
14:16:58 [IWT-5-9] WARN  com.iteaj.iot.modbus.client.tcp.ModbusTcpClient - 客户端(ModbusTcpClient) 断线重连 - 等待重连时间：15(s) - 远程主机 127.0.0.1:502 - 客户端标识：gwd_modbus_tcp_60_0001
14:17:14 [IWT-5-8] ERROR com.iteaj.iot.client.mqtt.MqttClient - 客户端(MQTT<默认>) 连接服务器失败 - 远程主机 broker-cn.emqx.io:1883 - 客户端标识：gwd_mqtt_57_0001
io.netty.channel.AbstractChannel$AnnotatedConnectException: Connection timed out: no further information: broker-cn.emqx.io/35.172.255.228:1883
Caused by: java.net.ConnectException: Connection timed out: no further information
	at sun.nio.ch.SocketChannelImpl.checkConnect(Native Method)
	at sun.nio.ch.SocketChannelImpl.finishConnect(SocketChannelImpl.java:716)
	at io.netty.channel.socket.nio.NioSocketChannel.doFinishConnect(NioSocketChannel.java:337)
	at io.netty.channel.nio.AbstractNioChannel$AbstractNioUnsafe.finishConnect(AbstractNioChannel.java:334)
	at io.netty.channel.nio.NioEventLoop.processSelectedKey(NioEventLoop.java:710)
	at io.netty.channel.nio.NioEventLoop.processSelectedKeysOptimized(NioEventLoop.java:658)
	at io.netty.channel.nio.NioEventLoop.processSelectedKeys(NioEventLoop.java:584)
	at io.netty.channel.nio.NioEventLoop.run(NioEventLoop.java:496)
	at io.netty.util.concurrent.SingleThreadEventExecutor$4.run(SingleThreadEventExecutor.java:997)
	at io.netty.util.internal.ThreadExecutorMap$2.run(ThreadExecutorMap.java:74)
	at io.netty.util.concurrent.FastThreadLocalRunnable.run(FastThreadLocalRunnable.java:30)
	at java.lang.Thread.run(Thread.java:750)
14:17:14 [IWT-5-8] WARN  com.iteaj.iot.client.mqtt.MqttClient - 客户端(MQTT<默认>) 断线重连 - 等待重连时间：15(s) - 远程主机 broker-cn.emqx.io:1883 - 客户端标识：gwd_mqtt_57_0001
14:17:15 [IWT-5-10] ERROR com.iteaj.iot.modbus.client.tcp.ModbusTcpClient - 客户端(ModbusTcpClient) 连接服务器失败 - 远程主机 127.0.0.1:502 - 客户端标识：gwd_modbus_tcp_60_0001
io.netty.channel.AbstractChannel$AnnotatedConnectException: Connection refused: no further information: /127.0.0.1:502
Caused by: java.net.ConnectException: Connection refused: no further information
	at sun.nio.ch.SocketChannelImpl.checkConnect(Native Method)
	at sun.nio.ch.SocketChannelImpl.finishConnect(SocketChannelImpl.java:716)
	at io.netty.channel.socket.nio.NioSocketChannel.doFinishConnect(NioSocketChannel.java:337)
	at io.netty.channel.nio.AbstractNioChannel$AbstractNioUnsafe.finishConnect(AbstractNioChannel.java:334)
	at io.netty.channel.nio.NioEventLoop.processSelectedKey(NioEventLoop.java:710)
	at io.netty.channel.nio.NioEventLoop.processSelectedKeysOptimized(NioEventLoop.java:658)
	at io.netty.channel.nio.NioEventLoop.processSelectedKeys(NioEventLoop.java:584)
	at io.netty.channel.nio.NioEventLoop.run(NioEventLoop.java:496)
	at io.netty.util.concurrent.SingleThreadEventExecutor$4.run(SingleThreadEventExecutor.java:997)
	at io.netty.util.internal.ThreadExecutorMap$2.run(ThreadExecutorMap.java:74)
	at io.netty.util.concurrent.FastThreadLocalRunnable.run(FastThreadLocalRunnable.java:30)
	at java.lang.Thread.run(Thread.java:750)
14:17:15 [IWT-5-10] WARN  com.iteaj.iot.modbus.client.tcp.ModbusTcpClient - 客户端(ModbusTcpClient) 断线重连 - 等待重连时间：15(s) - 远程主机 127.0.0.1:502 - 客户端标识：gwd_modbus_tcp_60_0001
14:17:34 [IWT-5-12] ERROR com.iteaj.iot.modbus.client.tcp.ModbusTcpClient - 客户端(ModbusTcpClient) 连接服务器失败 - 远程主机 127.0.0.1:502 - 客户端标识：gwd_modbus_tcp_60_0001
io.netty.channel.AbstractChannel$AnnotatedConnectException: Connection refused: no further information: /127.0.0.1:502
Caused by: java.net.ConnectException: Connection refused: no further information
	at sun.nio.ch.SocketChannelImpl.checkConnect(Native Method)
	at sun.nio.ch.SocketChannelImpl.finishConnect(SocketChannelImpl.java:716)
	at io.netty.channel.socket.nio.NioSocketChannel.doFinishConnect(NioSocketChannel.java:337)
	at io.netty.channel.nio.AbstractNioChannel$AbstractNioUnsafe.finishConnect(AbstractNioChannel.java:334)
	at io.netty.channel.nio.NioEventLoop.processSelectedKey(NioEventLoop.java:710)
	at io.netty.channel.nio.NioEventLoop.processSelectedKeysOptimized(NioEventLoop.java:658)
	at io.netty.channel.nio.NioEventLoop.processSelectedKeys(NioEventLoop.java:584)
	at io.netty.channel.nio.NioEventLoop.run(NioEventLoop.java:496)
	at io.netty.util.concurrent.SingleThreadEventExecutor$4.run(SingleThreadEventExecutor.java:997)
	at io.netty.util.internal.ThreadExecutorMap$2.run(ThreadExecutorMap.java:74)
	at io.netty.util.concurrent.FastThreadLocalRunnable.run(FastThreadLocalRunnable.java:30)
	at java.lang.Thread.run(Thread.java:750)
14:17:34 [IWT-5-12] WARN  com.iteaj.iot.modbus.client.tcp.ModbusTcpClient - 客户端(ModbusTcpClient) 断线重连 - 等待重连时间：15(s) - 远程主机 127.0.0.1:502 - 客户端标识：gwd_modbus_tcp_60_0001
14:17:50 [IWT-5-11] ERROR com.iteaj.iot.client.mqtt.MqttClient - 客户端(MQTT<默认>) 连接服务器失败 - 远程主机 broker-cn.emqx.io:1883 - 客户端标识：gwd_mqtt_57_0001
io.netty.channel.AbstractChannel$AnnotatedConnectException: Connection timed out: no further information: broker-cn.emqx.io/35.172.255.228:1883
Caused by: java.net.ConnectException: Connection timed out: no further information
	at sun.nio.ch.SocketChannelImpl.checkConnect(Native Method)
	at sun.nio.ch.SocketChannelImpl.finishConnect(SocketChannelImpl.java:716)
	at io.netty.channel.socket.nio.NioSocketChannel.doFinishConnect(NioSocketChannel.java:337)
	at io.netty.channel.nio.AbstractNioChannel$AbstractNioUnsafe.finishConnect(AbstractNioChannel.java:334)
	at io.netty.channel.nio.NioEventLoop.processSelectedKey(NioEventLoop.java:710)
	at io.netty.channel.nio.NioEventLoop.processSelectedKeysOptimized(NioEventLoop.java:658)
	at io.netty.channel.nio.NioEventLoop.processSelectedKeys(NioEventLoop.java:584)
	at io.netty.channel.nio.NioEventLoop.run(NioEventLoop.java:496)
	at io.netty.util.concurrent.SingleThreadEventExecutor$4.run(SingleThreadEventExecutor.java:997)
	at io.netty.util.internal.ThreadExecutorMap$2.run(ThreadExecutorMap.java:74)
	at io.netty.util.concurrent.FastThreadLocalRunnable.run(FastThreadLocalRunnable.java:30)
	at java.lang.Thread.run(Thread.java:750)
14:17:50 [IWT-5-11] WARN  com.iteaj.iot.client.mqtt.MqttClient - 客户端(MQTT<默认>) 断线重连 - 等待重连时间：15(s) - 远程主机 broker-cn.emqx.io:1883 - 客户端标识：gwd_mqtt_57_0001
14:17:51 [IWT-5-13] ERROR com.iteaj.iot.modbus.client.tcp.ModbusTcpClient - 客户端(ModbusTcpClient) 连接服务器失败 - 远程主机 127.0.0.1:502 - 客户端标识：gwd_modbus_tcp_60_0001
io.netty.channel.AbstractChannel$AnnotatedConnectException: Connection refused: no further information: /127.0.0.1:502
Caused by: java.net.ConnectException: Connection refused: no further information
	at sun.nio.ch.SocketChannelImpl.checkConnect(Native Method)
	at sun.nio.ch.SocketChannelImpl.finishConnect(SocketChannelImpl.java:716)
	at io.netty.channel.socket.nio.NioSocketChannel.doFinishConnect(NioSocketChannel.java:337)
	at io.netty.channel.nio.AbstractNioChannel$AbstractNioUnsafe.finishConnect(AbstractNioChannel.java:334)
	at io.netty.channel.nio.NioEventLoop.processSelectedKey(NioEventLoop.java:710)
	at io.netty.channel.nio.NioEventLoop.processSelectedKeysOptimized(NioEventLoop.java:658)
	at io.netty.channel.nio.NioEventLoop.processSelectedKeys(NioEventLoop.java:584)
	at io.netty.channel.nio.NioEventLoop.run(NioEventLoop.java:496)
	at io.netty.util.concurrent.SingleThreadEventExecutor$4.run(SingleThreadEventExecutor.java:997)
	at io.netty.util.internal.ThreadExecutorMap$2.run(ThreadExecutorMap.java:74)
	at io.netty.util.concurrent.FastThreadLocalRunnable.run(FastThreadLocalRunnable.java:30)
	at java.lang.Thread.run(Thread.java:750)
14:17:52 [IWT-5-13] WARN  com.iteaj.iot.modbus.client.tcp.ModbusTcpClient - 客户端(ModbusTcpClient) 断线重连 - 等待重连时间：15(s) - 远程主机 127.0.0.1:502 - 客户端标识：gwd_modbus_tcp_60_0001
14:18:11 [IWT-5-15] ERROR com.iteaj.iot.modbus.client.tcp.ModbusTcpClient - 客户端(ModbusTcpClient) 连接服务器失败 - 远程主机 127.0.0.1:502 - 客户端标识：gwd_modbus_tcp_60_0001
io.netty.channel.AbstractChannel$AnnotatedConnectException: Connection refused: no further information: /127.0.0.1:502
Caused by: java.net.ConnectException: Connection refused: no further information
	at sun.nio.ch.SocketChannelImpl.checkConnect(Native Method)
	at sun.nio.ch.SocketChannelImpl.finishConnect(SocketChannelImpl.java:716)
	at io.netty.channel.socket.nio.NioSocketChannel.doFinishConnect(NioSocketChannel.java:337)
	at io.netty.channel.nio.AbstractNioChannel$AbstractNioUnsafe.finishConnect(AbstractNioChannel.java:334)
	at io.netty.channel.nio.NioEventLoop.processSelectedKey(NioEventLoop.java:710)
	at io.netty.channel.nio.NioEventLoop.processSelectedKeysOptimized(NioEventLoop.java:658)
	at io.netty.channel.nio.NioEventLoop.processSelectedKeys(NioEventLoop.java:584)
	at io.netty.channel.nio.NioEventLoop.run(NioEventLoop.java:496)
	at io.netty.util.concurrent.SingleThreadEventExecutor$4.run(SingleThreadEventExecutor.java:997)
	at io.netty.util.internal.ThreadExecutorMap$2.run(ThreadExecutorMap.java:74)
	at io.netty.util.concurrent.FastThreadLocalRunnable.run(FastThreadLocalRunnable.java:30)
	at java.lang.Thread.run(Thread.java:750)
14:18:11 [IWT-5-15] WARN  com.iteaj.iot.modbus.client.tcp.ModbusTcpClient - 客户端(ModbusTcpClient) 断线重连 - 等待重连时间：15(s) - 远程主机 127.0.0.1:502 - 客户端标识：gwd_modbus_tcp_60_0001
14:18:27 [IWT-5-14] ERROR com.iteaj.iot.client.mqtt.MqttClient - 客户端(MQTT<默认>) 连接服务器失败 - 远程主机 broker-cn.emqx.io:1883 - 客户端标识：gwd_mqtt_57_0001
io.netty.channel.AbstractChannel$AnnotatedConnectException: Connection timed out: no further information: broker-cn.emqx.io/35.172.255.228:1883
Caused by: java.net.ConnectException: Connection timed out: no further information
	at sun.nio.ch.SocketChannelImpl.checkConnect(Native Method)
	at sun.nio.ch.SocketChannelImpl.finishConnect(SocketChannelImpl.java:716)
	at io.netty.channel.socket.nio.NioSocketChannel.doFinishConnect(NioSocketChannel.java:337)
	at io.netty.channel.nio.AbstractNioChannel$AbstractNioUnsafe.finishConnect(AbstractNioChannel.java:334)
	at io.netty.channel.nio.NioEventLoop.processSelectedKey(NioEventLoop.java:710)
	at io.netty.channel.nio.NioEventLoop.processSelectedKeysOptimized(NioEventLoop.java:658)
	at io.netty.channel.nio.NioEventLoop.processSelectedKeys(NioEventLoop.java:584)
	at io.netty.channel.nio.NioEventLoop.run(NioEventLoop.java:496)
	at io.netty.util.concurrent.SingleThreadEventExecutor$4.run(SingleThreadEventExecutor.java:997)
	at io.netty.util.internal.ThreadExecutorMap$2.run(ThreadExecutorMap.java:74)
	at io.netty.util.concurrent.FastThreadLocalRunnable.run(FastThreadLocalRunnable.java:30)
	at java.lang.Thread.run(Thread.java:750)
14:18:27 [IWT-5-14] WARN  com.iteaj.iot.client.mqtt.MqttClient - 客户端(MQTT<默认>) 断线重连 - 等待重连时间：15(s) - 远程主机 broker-cn.emqx.io:1883 - 客户端标识：gwd_mqtt_57_0001
14:18:28 [IWT-5-16] ERROR com.iteaj.iot.modbus.client.tcp.ModbusTcpClient - 客户端(ModbusTcpClient) 连接服务器失败 - 远程主机 127.0.0.1:502 - 客户端标识：gwd_modbus_tcp_60_0001
io.netty.channel.AbstractChannel$AnnotatedConnectException: Connection refused: no further information: /127.0.0.1:502
Caused by: java.net.ConnectException: Connection refused: no further information
	at sun.nio.ch.SocketChannelImpl.checkConnect(Native Method)
	at sun.nio.ch.SocketChannelImpl.finishConnect(SocketChannelImpl.java:716)
	at io.netty.channel.socket.nio.NioSocketChannel.doFinishConnect(NioSocketChannel.java:337)
	at io.netty.channel.nio.AbstractNioChannel$AbstractNioUnsafe.finishConnect(AbstractNioChannel.java:334)
	at io.netty.channel.nio.NioEventLoop.processSelectedKey(NioEventLoop.java:710)
	at io.netty.channel.nio.NioEventLoop.processSelectedKeysOptimized(NioEventLoop.java:658)
	at io.netty.channel.nio.NioEventLoop.processSelectedKeys(NioEventLoop.java:584)
	at io.netty.channel.nio.NioEventLoop.run(NioEventLoop.java:496)
	at io.netty.util.concurrent.SingleThreadEventExecutor$4.run(SingleThreadEventExecutor.java:997)
	at io.netty.util.internal.ThreadExecutorMap$2.run(ThreadExecutorMap.java:74)
	at io.netty.util.concurrent.FastThreadLocalRunnable.run(FastThreadLocalRunnable.java:30)
	at java.lang.Thread.run(Thread.java:750)
14:18:28 [IWT-5-16] WARN  com.iteaj.iot.modbus.client.tcp.ModbusTcpClient - 客户端(ModbusTcpClient) 断线重连 - 等待重连时间：15(s) - 远程主机 127.0.0.1:502 - 客户端标识：gwd_modbus_tcp_60_0001
14:18:47 [IWT-5-2] ERROR com.iteaj.iot.modbus.client.tcp.ModbusTcpClient - 客户端(ModbusTcpClient) 连接服务器失败 - 远程主机 127.0.0.1:502 - 客户端标识：gwd_modbus_tcp_60_0001
io.netty.channel.AbstractChannel$AnnotatedConnectException: Connection refused: no further information: /127.0.0.1:502
Caused by: java.net.ConnectException: Connection refused: no further information
	at sun.nio.ch.SocketChannelImpl.checkConnect(Native Method)
	at sun.nio.ch.SocketChannelImpl.finishConnect(SocketChannelImpl.java:716)
	at io.netty.channel.socket.nio.NioSocketChannel.doFinishConnect(NioSocketChannel.java:337)
	at io.netty.channel.nio.AbstractNioChannel$AbstractNioUnsafe.finishConnect(AbstractNioChannel.java:334)
	at io.netty.channel.nio.NioEventLoop.processSelectedKey(NioEventLoop.java:710)
	at io.netty.channel.nio.NioEventLoop.processSelectedKeysOptimized(NioEventLoop.java:658)
	at io.netty.channel.nio.NioEventLoop.processSelectedKeys(NioEventLoop.java:584)
	at io.netty.channel.nio.NioEventLoop.run(NioEventLoop.java:496)
	at io.netty.util.concurrent.SingleThreadEventExecutor$4.run(SingleThreadEventExecutor.java:997)
	at io.netty.util.internal.ThreadExecutorMap$2.run(ThreadExecutorMap.java:74)
	at io.netty.util.concurrent.FastThreadLocalRunnable.run(FastThreadLocalRunnable.java:30)
	at java.lang.Thread.run(Thread.java:750)
14:18:47 [IWT-5-2] WARN  com.iteaj.iot.modbus.client.tcp.ModbusTcpClient - 客户端(ModbusTcpClient) 断线重连 - 等待重连时间：15(s) - 远程主机 127.0.0.1:502 - 客户端标识：gwd_modbus_tcp_60_0001
14:19:03 [IWT-5-1] ERROR com.iteaj.iot.client.mqtt.MqttClient - 客户端(MQTT<默认>) 连接服务器失败 - 远程主机 broker-cn.emqx.io:1883 - 客户端标识：gwd_mqtt_57_0001
io.netty.channel.AbstractChannel$AnnotatedConnectException: Connection timed out: no further information: broker-cn.emqx.io/35.172.255.228:1883
Caused by: java.net.ConnectException: Connection timed out: no further information
	at sun.nio.ch.SocketChannelImpl.checkConnect(Native Method)
	at sun.nio.ch.SocketChannelImpl.finishConnect(SocketChannelImpl.java:716)
	at io.netty.channel.socket.nio.NioSocketChannel.doFinishConnect(NioSocketChannel.java:337)
	at io.netty.channel.nio.AbstractNioChannel$AbstractNioUnsafe.finishConnect(AbstractNioChannel.java:334)
	at io.netty.channel.nio.NioEventLoop.processSelectedKey(NioEventLoop.java:710)
	at io.netty.channel.nio.NioEventLoop.processSelectedKeysOptimized(NioEventLoop.java:658)
	at io.netty.channel.nio.NioEventLoop.processSelectedKeys(NioEventLoop.java:584)
	at io.netty.channel.nio.NioEventLoop.run(NioEventLoop.java:496)
	at io.netty.util.concurrent.SingleThreadEventExecutor$4.run(SingleThreadEventExecutor.java:997)
	at io.netty.util.internal.ThreadExecutorMap$2.run(ThreadExecutorMap.java:74)
	at io.netty.util.concurrent.FastThreadLocalRunnable.run(FastThreadLocalRunnable.java:30)
	at java.lang.Thread.run(Thread.java:750)
14:19:03 [IWT-5-1] WARN  com.iteaj.iot.client.mqtt.MqttClient - 客户端(MQTT<默认>) 断线重连 - 等待重连时间：15(s) - 远程主机 broker-cn.emqx.io:1883 - 客户端标识：gwd_mqtt_57_0001
14:19:04 [IWT-5-3] ERROR com.iteaj.iot.modbus.client.tcp.ModbusTcpClient - 客户端(ModbusTcpClient) 连接服务器失败 - 远程主机 127.0.0.1:502 - 客户端标识：gwd_modbus_tcp_60_0001
io.netty.channel.AbstractChannel$AnnotatedConnectException: Connection refused: no further information: /127.0.0.1:502
Caused by: java.net.ConnectException: Connection refused: no further information
	at sun.nio.ch.SocketChannelImpl.checkConnect(Native Method)
	at sun.nio.ch.SocketChannelImpl.finishConnect(SocketChannelImpl.java:716)
	at io.netty.channel.socket.nio.NioSocketChannel.doFinishConnect(NioSocketChannel.java:337)
	at io.netty.channel.nio.AbstractNioChannel$AbstractNioUnsafe.finishConnect(AbstractNioChannel.java:334)
	at io.netty.channel.nio.NioEventLoop.processSelectedKey(NioEventLoop.java:710)
	at io.netty.channel.nio.NioEventLoop.processSelectedKeysOptimized(NioEventLoop.java:658)
	at io.netty.channel.nio.NioEventLoop.processSelectedKeys(NioEventLoop.java:584)
	at io.netty.channel.nio.NioEventLoop.run(NioEventLoop.java:496)
	at io.netty.util.concurrent.SingleThreadEventExecutor$4.run(SingleThreadEventExecutor.java:997)
	at io.netty.util.internal.ThreadExecutorMap$2.run(ThreadExecutorMap.java:74)
	at io.netty.util.concurrent.FastThreadLocalRunnable.run(FastThreadLocalRunnable.java:30)
	at java.lang.Thread.run(Thread.java:750)
14:19:04 [IWT-5-3] WARN  com.iteaj.iot.modbus.client.tcp.ModbusTcpClient - 客户端(ModbusTcpClient) 断线重连 - 等待重连时间：15(s) - 远程主机 127.0.0.1:502 - 客户端标识：gwd_modbus_tcp_60_0001
14:19:23 [IWT-5-5] ERROR com.iteaj.iot.modbus.client.tcp.ModbusTcpClient - 客户端(ModbusTcpClient) 连接服务器失败 - 远程主机 127.0.0.1:502 - 客户端标识：gwd_modbus_tcp_60_0001
io.netty.channel.AbstractChannel$AnnotatedConnectException: Connection refused: no further information: /127.0.0.1:502
Caused by: java.net.ConnectException: Connection refused: no further information
	at sun.nio.ch.SocketChannelImpl.checkConnect(Native Method)
	at sun.nio.ch.SocketChannelImpl.finishConnect(SocketChannelImpl.java:716)
	at io.netty.channel.socket.nio.NioSocketChannel.doFinishConnect(NioSocketChannel.java:337)
	at io.netty.channel.nio.AbstractNioChannel$AbstractNioUnsafe.finishConnect(AbstractNioChannel.java:334)
	at io.netty.channel.nio.NioEventLoop.processSelectedKey(NioEventLoop.java:710)
	at io.netty.channel.nio.NioEventLoop.processSelectedKeysOptimized(NioEventLoop.java:658)
	at io.netty.channel.nio.NioEventLoop.processSelectedKeys(NioEventLoop.java:584)
	at io.netty.channel.nio.NioEventLoop.run(NioEventLoop.java:496)
	at io.netty.util.concurrent.SingleThreadEventExecutor$4.run(SingleThreadEventExecutor.java:997)
	at io.netty.util.internal.ThreadExecutorMap$2.run(ThreadExecutorMap.java:74)
	at io.netty.util.concurrent.FastThreadLocalRunnable.run(FastThreadLocalRunnable.java:30)
	at java.lang.Thread.run(Thread.java:750)
14:19:23 [IWT-5-5] WARN  com.iteaj.iot.modbus.client.tcp.ModbusTcpClient - 客户端(ModbusTcpClient) 断线重连 - 等待重连时间：15(s) - 远程主机 127.0.0.1:502 - 客户端标识：gwd_modbus_tcp_60_0001
14:19:39 [IWT-5-4] ERROR com.iteaj.iot.client.mqtt.MqttClient - 客户端(MQTT<默认>) 连接服务器失败 - 远程主机 broker-cn.emqx.io:1883 - 客户端标识：gwd_mqtt_57_0001
io.netty.channel.AbstractChannel$AnnotatedConnectException: Connection timed out: no further information: broker-cn.emqx.io/34.243.217.54:1883
Caused by: java.net.ConnectException: Connection timed out: no further information
	at sun.nio.ch.SocketChannelImpl.checkConnect(Native Method)
	at sun.nio.ch.SocketChannelImpl.finishConnect(SocketChannelImpl.java:716)
	at io.netty.channel.socket.nio.NioSocketChannel.doFinishConnect(NioSocketChannel.java:337)
	at io.netty.channel.nio.AbstractNioChannel$AbstractNioUnsafe.finishConnect(AbstractNioChannel.java:334)
	at io.netty.channel.nio.NioEventLoop.processSelectedKey(NioEventLoop.java:710)
	at io.netty.channel.nio.NioEventLoop.processSelectedKeysOptimized(NioEventLoop.java:658)
	at io.netty.channel.nio.NioEventLoop.processSelectedKeys(NioEventLoop.java:584)
	at io.netty.channel.nio.NioEventLoop.run(NioEventLoop.java:496)
	at io.netty.util.concurrent.SingleThreadEventExecutor$4.run(SingleThreadEventExecutor.java:997)
	at io.netty.util.internal.ThreadExecutorMap$2.run(ThreadExecutorMap.java:74)
	at io.netty.util.concurrent.FastThreadLocalRunnable.run(FastThreadLocalRunnable.java:30)
	at java.lang.Thread.run(Thread.java:750)
14:19:39 [IWT-5-4] WARN  com.iteaj.iot.client.mqtt.MqttClient - 客户端(MQTT<默认>) 断线重连 - 等待重连时间：15(s) - 远程主机 broker-cn.emqx.io:1883 - 客户端标识：gwd_mqtt_57_0001
14:19:40 [IWT-5-6] ERROR com.iteaj.iot.modbus.client.tcp.ModbusTcpClient - 客户端(ModbusTcpClient) 连接服务器失败 - 远程主机 127.0.0.1:502 - 客户端标识：gwd_modbus_tcp_60_0001
io.netty.channel.AbstractChannel$AnnotatedConnectException: Connection refused: no further information: /127.0.0.1:502
Caused by: java.net.ConnectException: Connection refused: no further information
	at sun.nio.ch.SocketChannelImpl.checkConnect(Native Method)
	at sun.nio.ch.SocketChannelImpl.finishConnect(SocketChannelImpl.java:716)
	at io.netty.channel.socket.nio.NioSocketChannel.doFinishConnect(NioSocketChannel.java:337)
	at io.netty.channel.nio.AbstractNioChannel$AbstractNioUnsafe.finishConnect(AbstractNioChannel.java:334)
	at io.netty.channel.nio.NioEventLoop.processSelectedKey(NioEventLoop.java:710)
	at io.netty.channel.nio.NioEventLoop.processSelectedKeysOptimized(NioEventLoop.java:658)
	at io.netty.channel.nio.NioEventLoop.processSelectedKeys(NioEventLoop.java:584)
	at io.netty.channel.nio.NioEventLoop.run(NioEventLoop.java:496)
	at io.netty.util.concurrent.SingleThreadEventExecutor$4.run(SingleThreadEventExecutor.java:997)
	at io.netty.util.internal.ThreadExecutorMap$2.run(ThreadExecutorMap.java:74)
	at io.netty.util.concurrent.FastThreadLocalRunnable.run(FastThreadLocalRunnable.java:30)
	at java.lang.Thread.run(Thread.java:750)
14:19:40 [IWT-5-6] WARN  com.iteaj.iot.modbus.client.tcp.ModbusTcpClient - 客户端(ModbusTcpClient) 断线重连 - 等待重连时间：15(s) - 远程主机 127.0.0.1:502 - 客户端标识：gwd_modbus_tcp_60_0001
14:19:55 [IWT-5-7] INFO  com.iteaj.iot.client.mqtt.MqttClient - 客户端(MQTT<默认>) 连接服务器成功 - 远程主机 broker-cn.emqx.io:1883 - 客户端标识：gwd_mqtt_57_0001
14:19:55 [IWT-5-7] WARN  com.iteaj.iot.client.mqtt.MqttClient - mqtt(MQTT<默认>) CONNACK - 远程主机：broker-cn.emqx.io:gwd_mqtt_57_0001 - 状态: CONNECTION_REFUSED_SERVER_UNAVAILABLE
14:19:55 [IWT-5-7] WARN  com.iteaj.iot.client.handle.ClientServiceHandler - 客户端关闭(MQTT<默认>) 未知原因 - 客户端: gwd_mqtt_57_0001 - 远程地址: /broker-cn.emqx.io:1883
14:19:55 [IWT-5-7] WARN  com.iteaj.iot.client.mqtt.MqttClient - 客户端(MQTT<默认>) 断线重连 - 等待重连时间：15(s) - 远程主机 broker-cn.emqx.io:1883 - 客户端标识：gwd_mqtt_57_0001
14:19:57 [IWT-5-8] ERROR com.iteaj.iot.modbus.client.tcp.ModbusTcpClient - 客户端(ModbusTcpClient) 连接服务器失败 - 远程主机 127.0.0.1:502 - 客户端标识：gwd_modbus_tcp_60_0001
io.netty.channel.AbstractChannel$AnnotatedConnectException: Connection refused: no further information: /127.0.0.1:502
Caused by: java.net.ConnectException: Connection refused: no further information
	at sun.nio.ch.SocketChannelImpl.checkConnect(Native Method)
	at sun.nio.ch.SocketChannelImpl.finishConnect(SocketChannelImpl.java:716)
	at io.netty.channel.socket.nio.NioSocketChannel.doFinishConnect(NioSocketChannel.java:337)
	at io.netty.channel.nio.AbstractNioChannel$AbstractNioUnsafe.finishConnect(AbstractNioChannel.java:334)
	at io.netty.channel.nio.NioEventLoop.processSelectedKey(NioEventLoop.java:710)
	at io.netty.channel.nio.NioEventLoop.processSelectedKeysOptimized(NioEventLoop.java:658)
	at io.netty.channel.nio.NioEventLoop.processSelectedKeys(NioEventLoop.java:584)
	at io.netty.channel.nio.NioEventLoop.run(NioEventLoop.java:496)
	at io.netty.util.concurrent.SingleThreadEventExecutor$4.run(SingleThreadEventExecutor.java:997)
	at io.netty.util.internal.ThreadExecutorMap$2.run(ThreadExecutorMap.java:74)
	at io.netty.util.concurrent.FastThreadLocalRunnable.run(FastThreadLocalRunnable.java:30)
	at java.lang.Thread.run(Thread.java:750)
14:19:57 [IWT-5-8] WARN  com.iteaj.iot.modbus.client.tcp.ModbusTcpClient - 客户端(ModbusTcpClient) 断线重连 - 等待重连时间：15(s) - 远程主机 127.0.0.1:502 - 客户端标识：gwd_modbus_tcp_60_0001
14:20:11 [IWT-5-9] INFO  com.iteaj.iot.client.mqtt.MqttClient - 客户端(MQTT<默认>) 连接服务器成功 - 远程主机 broker-cn.emqx.io:1883 - 客户端标识：gwd_mqtt_57_0001
14:20:11 [IWT-5-9] WARN  com.iteaj.iot.client.mqtt.MqttClient - mqtt(MQTT<默认>) CONNACK - 远程主机：broker-cn.emqx.io:gwd_mqtt_57_0001 - 状态: CONNECTION_REFUSED_NOT_AUTHORIZED
14:20:11 [IWT-5-9] WARN  com.iteaj.iot.client.handle.ClientServiceHandler - 客户端关闭(MQTT<默认>) 未知原因 - 客户端: gwd_mqtt_57_0001 - 远程地址: /broker-cn.emqx.io:1883
14:20:11 [IWT-5-9] WARN  com.iteaj.iot.client.mqtt.MqttClient - 客户端(MQTT<默认>) 断线重连 - 等待重连时间：15(s) - 远程主机 broker-cn.emqx.io:1883 - 客户端标识：gwd_mqtt_57_0001
14:20:14 [IWT-5-10] ERROR com.iteaj.iot.modbus.client.tcp.ModbusTcpClient - 客户端(ModbusTcpClient) 连接服务器失败 - 远程主机 127.0.0.1:502 - 客户端标识：gwd_modbus_tcp_60_0001
io.netty.channel.AbstractChannel$AnnotatedConnectException: Connection refused: no further information: /127.0.0.1:502
Caused by: java.net.ConnectException: Connection refused: no further information
	at sun.nio.ch.SocketChannelImpl.checkConnect(Native Method)
	at sun.nio.ch.SocketChannelImpl.finishConnect(SocketChannelImpl.java:716)
	at io.netty.channel.socket.nio.NioSocketChannel.doFinishConnect(NioSocketChannel.java:337)
	at io.netty.channel.nio.AbstractNioChannel$AbstractNioUnsafe.finishConnect(AbstractNioChannel.java:334)
	at io.netty.channel.nio.NioEventLoop.processSelectedKey(NioEventLoop.java:710)
	at io.netty.channel.nio.NioEventLoop.processSelectedKeysOptimized(NioEventLoop.java:658)
	at io.netty.channel.nio.NioEventLoop.processSelectedKeys(NioEventLoop.java:584)
	at io.netty.channel.nio.NioEventLoop.run(NioEventLoop.java:496)
	at io.netty.util.concurrent.SingleThreadEventExecutor$4.run(SingleThreadEventExecutor.java:997)
	at io.netty.util.internal.ThreadExecutorMap$2.run(ThreadExecutorMap.java:74)
	at io.netty.util.concurrent.FastThreadLocalRunnable.run(FastThreadLocalRunnable.java:30)
	at java.lang.Thread.run(Thread.java:750)
14:20:14 [IWT-5-10] WARN  com.iteaj.iot.modbus.client.tcp.ModbusTcpClient - 客户端(ModbusTcpClient) 断线重连 - 等待重连时间：15(s) - 远程主机 127.0.0.1:502 - 客户端标识：gwd_modbus_tcp_60_0001
14:20:26 [IWT-5-11] INFO  com.iteaj.iot.client.mqtt.MqttClient - 客户端(MQTT<默认>) 连接服务器成功 - 远程主机 broker-cn.emqx.io:1883 - 客户端标识：gwd_mqtt_57_0001
14:20:26 [IWT-5-11] WARN  com.iteaj.iot.client.mqtt.MqttClient - mqtt(MQTT<默认>) CONNACK - 远程主机：broker-cn.emqx.io:gwd_mqtt_57_0001 - 状态: CONNECTION_REFUSED_NOT_AUTHORIZED
14:20:26 [IWT-5-11] WARN  com.iteaj.iot.client.handle.ClientServiceHandler - 客户端关闭(MQTT<默认>) 未知原因 - 客户端: gwd_mqtt_57_0001 - 远程地址: /broker-cn.emqx.io:1883
14:20:26 [IWT-5-11] WARN  com.iteaj.iot.client.mqtt.MqttClient - 客户端(MQTT<默认>) 断线重连 - 等待重连时间：15(s) - 远程主机 broker-cn.emqx.io:1883 - 客户端标识：gwd_mqtt_57_0001
14:20:31 [IWT-5-12] ERROR com.iteaj.iot.modbus.client.tcp.ModbusTcpClient - 客户端(ModbusTcpClient) 连接服务器失败 - 远程主机 127.0.0.1:502 - 客户端标识：gwd_modbus_tcp_60_0001
io.netty.channel.AbstractChannel$AnnotatedConnectException: Connection refused: no further information: /127.0.0.1:502
Caused by: java.net.ConnectException: Connection refused: no further information
	at sun.nio.ch.SocketChannelImpl.checkConnect(Native Method)
	at sun.nio.ch.SocketChannelImpl.finishConnect(SocketChannelImpl.java:716)
	at io.netty.channel.socket.nio.NioSocketChannel.doFinishConnect(NioSocketChannel.java:337)
	at io.netty.channel.nio.AbstractNioChannel$AbstractNioUnsafe.finishConnect(AbstractNioChannel.java:334)
	at io.netty.channel.nio.NioEventLoop.processSelectedKey(NioEventLoop.java:710)
	at io.netty.channel.nio.NioEventLoop.processSelectedKeysOptimized(NioEventLoop.java:658)
	at io.netty.channel.nio.NioEventLoop.processSelectedKeys(NioEventLoop.java:584)
	at io.netty.channel.nio.NioEventLoop.run(NioEventLoop.java:496)
	at io.netty.util.concurrent.SingleThreadEventExecutor$4.run(SingleThreadEventExecutor.java:997)
	at io.netty.util.internal.ThreadExecutorMap$2.run(ThreadExecutorMap.java:74)
	at io.netty.util.concurrent.FastThreadLocalRunnable.run(FastThreadLocalRunnable.java:30)
	at java.lang.Thread.run(Thread.java:750)
14:20:31 [IWT-5-12] WARN  com.iteaj.iot.modbus.client.tcp.ModbusTcpClient - 客户端(ModbusTcpClient) 断线重连 - 等待重连时间：15(s) - 远程主机 127.0.0.1:502 - 客户端标识：gwd_modbus_tcp_60_0001
14:20:42 [IWT-5-13] INFO  com.iteaj.iot.client.mqtt.MqttClient - 客户端(MQTT<默认>) 连接服务器成功 - 远程主机 broker-cn.emqx.io:1883 - 客户端标识：gwd_mqtt_57_0001
14:20:42 [IWT-5-13] WARN  com.iteaj.iot.client.mqtt.MqttClient - mqtt(MQTT<默认>) CONNACK - 远程主机：broker-cn.emqx.io:gwd_mqtt_57_0001 - 状态: CONNECTION_REFUSED_NOT_AUTHORIZED
14:20:42 [IWT-5-13] WARN  com.iteaj.iot.client.handle.ClientServiceHandler - 客户端关闭(MQTT<默认>) 未知原因 - 客户端: gwd_mqtt_57_0001 - 远程地址: /broker-cn.emqx.io:1883
14:20:42 [IWT-5-13] WARN  com.iteaj.iot.client.mqtt.MqttClient - 客户端(MQTT<默认>) 断线重连 - 等待重连时间：15(s) - 远程主机 broker-cn.emqx.io:1883 - 客户端标识：gwd_mqtt_57_0001
14:20:48 [IWT-5-14] ERROR com.iteaj.iot.modbus.client.tcp.ModbusTcpClient - 客户端(ModbusTcpClient) 连接服务器失败 - 远程主机 127.0.0.1:502 - 客户端标识：gwd_modbus_tcp_60_0001
io.netty.channel.AbstractChannel$AnnotatedConnectException: Connection refused: no further information: /127.0.0.1:502
Caused by: java.net.ConnectException: Connection refused: no further information
	at sun.nio.ch.SocketChannelImpl.checkConnect(Native Method)
	at sun.nio.ch.SocketChannelImpl.finishConnect(SocketChannelImpl.java:716)
	at io.netty.channel.socket.nio.NioSocketChannel.doFinishConnect(NioSocketChannel.java:337)
	at io.netty.channel.nio.AbstractNioChannel$AbstractNioUnsafe.finishConnect(AbstractNioChannel.java:334)
	at io.netty.channel.nio.NioEventLoop.processSelectedKey(NioEventLoop.java:710)
	at io.netty.channel.nio.NioEventLoop.processSelectedKeysOptimized(NioEventLoop.java:658)
	at io.netty.channel.nio.NioEventLoop.processSelectedKeys(NioEventLoop.java:584)
	at io.netty.channel.nio.NioEventLoop.run(NioEventLoop.java:496)
	at io.netty.util.concurrent.SingleThreadEventExecutor$4.run(SingleThreadEventExecutor.java:997)
	at io.netty.util.internal.ThreadExecutorMap$2.run(ThreadExecutorMap.java:74)
	at io.netty.util.concurrent.FastThreadLocalRunnable.run(FastThreadLocalRunnable.java:30)
	at java.lang.Thread.run(Thread.java:750)
14:20:48 [IWT-5-14] WARN  com.iteaj.iot.modbus.client.tcp.ModbusTcpClient - 客户端(ModbusTcpClient) 断线重连 - 等待重连时间：15(s) - 远程主机 127.0.0.1:502 - 客户端标识：gwd_modbus_tcp_60_0001
14:20:57 [IWT-5-15] INFO  com.iteaj.iot.client.mqtt.MqttClient - 客户端(MQTT<默认>) 连接服务器成功 - 远程主机 broker-cn.emqx.io:1883 - 客户端标识：gwd_mqtt_57_0001
14:20:58 [IWT-5-15] WARN  com.iteaj.iot.client.mqtt.MqttClient - mqtt(MQTT<默认>) CONNACK - 远程主机：broker-cn.emqx.io:gwd_mqtt_57_0001 - 状态: CONNECTION_REFUSED_NOT_AUTHORIZED
14:20:58 [IWT-5-15] WARN  com.iteaj.iot.client.handle.ClientServiceHandler - 客户端关闭(MQTT<默认>) 未知原因 - 客户端: gwd_mqtt_57_0001 - 远程地址: /broker-cn.emqx.io:1883
14:20:58 [IWT-5-15] WARN  com.iteaj.iot.client.mqtt.MqttClient - 客户端(MQTT<默认>) 断线重连 - 等待重连时间：15(s) - 远程主机 broker-cn.emqx.io:1883 - 客户端标识：gwd_mqtt_57_0001
14:21:05 [IWT-5-16] ERROR com.iteaj.iot.modbus.client.tcp.ModbusTcpClient - 客户端(ModbusTcpClient) 连接服务器失败 - 远程主机 127.0.0.1:502 - 客户端标识：gwd_modbus_tcp_60_0001
io.netty.channel.AbstractChannel$AnnotatedConnectException: Connection refused: no further information: /127.0.0.1:502
Caused by: java.net.ConnectException: Connection refused: no further information
	at sun.nio.ch.SocketChannelImpl.checkConnect(Native Method)
	at sun.nio.ch.SocketChannelImpl.finishConnect(SocketChannelImpl.java:716)
	at io.netty.channel.socket.nio.NioSocketChannel.doFinishConnect(NioSocketChannel.java:337)
	at io.netty.channel.nio.AbstractNioChannel$AbstractNioUnsafe.finishConnect(AbstractNioChannel.java:334)
	at io.netty.channel.nio.NioEventLoop.processSelectedKey(NioEventLoop.java:710)
	at io.netty.channel.nio.NioEventLoop.processSelectedKeysOptimized(NioEventLoop.java:658)
	at io.netty.channel.nio.NioEventLoop.processSelectedKeys(NioEventLoop.java:584)
	at io.netty.channel.nio.NioEventLoop.run(NioEventLoop.java:496)
	at io.netty.util.concurrent.SingleThreadEventExecutor$4.run(SingleThreadEventExecutor.java:997)
	at io.netty.util.internal.ThreadExecutorMap$2.run(ThreadExecutorMap.java:74)
	at io.netty.util.concurrent.FastThreadLocalRunnable.run(FastThreadLocalRunnable.java:30)
	at java.lang.Thread.run(Thread.java:750)
14:21:05 [IWT-5-16] WARN  com.iteaj.iot.modbus.client.tcp.ModbusTcpClient - 客户端(ModbusTcpClient) 断线重连 - 等待重连时间：15(s) - 远程主机 127.0.0.1:502 - 客户端标识：gwd_modbus_tcp_60_0001
14:21:13 [IWT-5-1] INFO  com.iteaj.iot.client.mqtt.MqttClient - 客户端(MQTT<默认>) 连接服务器成功 - 远程主机 broker-cn.emqx.io:1883 - 客户端标识：gwd_mqtt_57_0001
14:21:13 [IWT-5-1] WARN  com.iteaj.iot.client.mqtt.MqttClient - mqtt(MQTT<默认>) CONNACK - 远程主机：broker-cn.emqx.io:gwd_mqtt_57_0001 - 状态: CONNECTION_REFUSED_NOT_AUTHORIZED
14:21:13 [IWT-5-1] WARN  com.iteaj.iot.client.handle.ClientServiceHandler - 客户端关闭(MQTT<默认>) 未知原因 - 客户端: gwd_mqtt_57_0001 - 远程地址: /broker-cn.emqx.io:1883
14:21:13 [IWT-5-1] WARN  com.iteaj.iot.client.mqtt.MqttClient - 客户端(MQTT<默认>) 断线重连 - 等待重连时间：15(s) - 远程主机 broker-cn.emqx.io:1883 - 客户端标识：gwd_mqtt_57_0001
14:21:22 [IWT-5-2] ERROR com.iteaj.iot.modbus.client.tcp.ModbusTcpClient - 客户端(ModbusTcpClient) 连接服务器失败 - 远程主机 127.0.0.1:502 - 客户端标识：gwd_modbus_tcp_60_0001
io.netty.channel.AbstractChannel$AnnotatedConnectException: Connection refused: no further information: /127.0.0.1:502
Caused by: java.net.ConnectException: Connection refused: no further information
	at sun.nio.ch.SocketChannelImpl.checkConnect(Native Method)
	at sun.nio.ch.SocketChannelImpl.finishConnect(SocketChannelImpl.java:716)
	at io.netty.channel.socket.nio.NioSocketChannel.doFinishConnect(NioSocketChannel.java:337)
	at io.netty.channel.nio.AbstractNioChannel$AbstractNioUnsafe.finishConnect(AbstractNioChannel.java:334)
	at io.netty.channel.nio.NioEventLoop.processSelectedKey(NioEventLoop.java:710)
	at io.netty.channel.nio.NioEventLoop.processSelectedKeysOptimized(NioEventLoop.java:658)
	at io.netty.channel.nio.NioEventLoop.processSelectedKeys(NioEventLoop.java:584)
	at io.netty.channel.nio.NioEventLoop.run(NioEventLoop.java:496)
	at io.netty.util.concurrent.SingleThreadEventExecutor$4.run(SingleThreadEventExecutor.java:997)
	at io.netty.util.internal.ThreadExecutorMap$2.run(ThreadExecutorMap.java:74)
	at io.netty.util.concurrent.FastThreadLocalRunnable.run(FastThreadLocalRunnable.java:30)
	at java.lang.Thread.run(Thread.java:750)
14:21:22 [IWT-5-2] WARN  com.iteaj.iot.modbus.client.tcp.ModbusTcpClient - 客户端(ModbusTcpClient) 断线重连 - 等待重连时间：15(s) - 远程主机 127.0.0.1:502 - 客户端标识：gwd_modbus_tcp_60_0001
14:21:28 [IWT-5-3] INFO  com.iteaj.iot.client.mqtt.MqttClient - 客户端(MQTT<默认>) 连接服务器成功 - 远程主机 broker-cn.emqx.io:1883 - 客户端标识：gwd_mqtt_57_0001
14:21:28 [IWT-5-3] WARN  com.iteaj.iot.client.mqtt.MqttClient - mqtt(MQTT<默认>) CONNACK - 远程主机：broker-cn.emqx.io:gwd_mqtt_57_0001 - 状态: CONNECTION_REFUSED_NOT_AUTHORIZED
14:21:28 [IWT-5-3] WARN  com.iteaj.iot.client.handle.ClientServiceHandler - 客户端关闭(MQTT<默认>) 未知原因 - 客户端: gwd_mqtt_57_0001 - 远程地址: /broker-cn.emqx.io:1883
14:21:28 [IWT-5-3] WARN  com.iteaj.iot.client.mqtt.MqttClient - 客户端(MQTT<默认>) 断线重连 - 等待重连时间：15(s) - 远程主机 broker-cn.emqx.io:1883 - 客户端标识：gwd_mqtt_57_0001
14:21:39 [IWT-5-4] ERROR com.iteaj.iot.modbus.client.tcp.ModbusTcpClient - 客户端(ModbusTcpClient) 连接服务器失败 - 远程主机 127.0.0.1:502 - 客户端标识：gwd_modbus_tcp_60_0001
io.netty.channel.AbstractChannel$AnnotatedConnectException: Connection refused: no further information: /127.0.0.1:502
Caused by: java.net.ConnectException: Connection refused: no further information
	at sun.nio.ch.SocketChannelImpl.checkConnect(Native Method)
	at sun.nio.ch.SocketChannelImpl.finishConnect(SocketChannelImpl.java:716)
	at io.netty.channel.socket.nio.NioSocketChannel.doFinishConnect(NioSocketChannel.java:337)
	at io.netty.channel.nio.AbstractNioChannel$AbstractNioUnsafe.finishConnect(AbstractNioChannel.java:334)
	at io.netty.channel.nio.NioEventLoop.processSelectedKey(NioEventLoop.java:710)
	at io.netty.channel.nio.NioEventLoop.processSelectedKeysOptimized(NioEventLoop.java:658)
	at io.netty.channel.nio.NioEventLoop.processSelectedKeys(NioEventLoop.java:584)
	at io.netty.channel.nio.NioEventLoop.run(NioEventLoop.java:496)
	at io.netty.util.concurrent.SingleThreadEventExecutor$4.run(SingleThreadEventExecutor.java:997)
	at io.netty.util.internal.ThreadExecutorMap$2.run(ThreadExecutorMap.java:74)
	at io.netty.util.concurrent.FastThreadLocalRunnable.run(FastThreadLocalRunnable.java:30)
	at java.lang.Thread.run(Thread.java:750)
14:21:39 [IWT-5-4] WARN  com.iteaj.iot.modbus.client.tcp.ModbusTcpClient - 客户端(ModbusTcpClient) 断线重连 - 等待重连时间：15(s) - 远程主机 127.0.0.1:502 - 客户端标识：gwd_modbus_tcp_60_0001
14:21:44 [IWT-5-5] INFO  com.iteaj.iot.client.mqtt.MqttClient - 客户端(MQTT<默认>) 连接服务器成功 - 远程主机 broker-cn.emqx.io:1883 - 客户端标识：gwd_mqtt_57_0001
14:21:44 [IWT-5-5] WARN  com.iteaj.iot.client.mqtt.MqttClient - mqtt(MQTT<默认>) CONNACK - 远程主机：broker-cn.emqx.io:gwd_mqtt_57_0001 - 状态: CONNECTION_REFUSED_NOT_AUTHORIZED
14:21:44 [IWT-5-5] WARN  com.iteaj.iot.client.handle.ClientServiceHandler - 客户端关闭(MQTT<默认>) 未知原因 - 客户端: gwd_mqtt_57_0001 - 远程地址: /broker-cn.emqx.io:1883
14:21:44 [IWT-5-5] WARN  com.iteaj.iot.client.mqtt.MqttClient - 客户端(MQTT<默认>) 断线重连 - 等待重连时间：15(s) - 远程主机 broker-cn.emqx.io:1883 - 客户端标识：gwd_mqtt_57_0001
14:21:56 [IWT-5-6] ERROR com.iteaj.iot.modbus.client.tcp.ModbusTcpClient - 客户端(ModbusTcpClient) 连接服务器失败 - 远程主机 127.0.0.1:502 - 客户端标识：gwd_modbus_tcp_60_0001
io.netty.channel.AbstractChannel$AnnotatedConnectException: Connection refused: no further information: /127.0.0.1:502
Caused by: java.net.ConnectException: Connection refused: no further information
	at sun.nio.ch.SocketChannelImpl.checkConnect(Native Method)
	at sun.nio.ch.SocketChannelImpl.finishConnect(SocketChannelImpl.java:716)
	at io.netty.channel.socket.nio.NioSocketChannel.doFinishConnect(NioSocketChannel.java:337)
	at io.netty.channel.nio.AbstractNioChannel$AbstractNioUnsafe.finishConnect(AbstractNioChannel.java:334)
	at io.netty.channel.nio.NioEventLoop.processSelectedKey(NioEventLoop.java:710)
	at io.netty.channel.nio.NioEventLoop.processSelectedKeysOptimized(NioEventLoop.java:658)
	at io.netty.channel.nio.NioEventLoop.processSelectedKeys(NioEventLoop.java:584)
	at io.netty.channel.nio.NioEventLoop.run(NioEventLoop.java:496)
	at io.netty.util.concurrent.SingleThreadEventExecutor$4.run(SingleThreadEventExecutor.java:997)
	at io.netty.util.internal.ThreadExecutorMap$2.run(ThreadExecutorMap.java:74)
	at io.netty.util.concurrent.FastThreadLocalRunnable.run(FastThreadLocalRunnable.java:30)
	at java.lang.Thread.run(Thread.java:750)
14:21:56 [IWT-5-6] WARN  com.iteaj.iot.modbus.client.tcp.ModbusTcpClient - 客户端(ModbusTcpClient) 断线重连 - 等待重连时间：15(s) - 远程主机 127.0.0.1:502 - 客户端标识：gwd_modbus_tcp_60_0001
14:21:59 [IWT-5-7] INFO  com.iteaj.iot.client.mqtt.MqttClient - 客户端(MQTT<默认>) 连接服务器成功 - 远程主机 broker-cn.emqx.io:1883 - 客户端标识：gwd_mqtt_57_0001
14:21:59 [IWT-5-7] WARN  com.iteaj.iot.client.mqtt.MqttClient - mqtt(MQTT<默认>) CONNACK - 远程主机：broker-cn.emqx.io:gwd_mqtt_57_0001 - 状态: CONNECTION_REFUSED_NOT_AUTHORIZED
14:21:59 [IWT-5-7] WARN  com.iteaj.iot.client.handle.ClientServiceHandler - 客户端关闭(MQTT<默认>) 未知原因 - 客户端: gwd_mqtt_57_0001 - 远程地址: /broker-cn.emqx.io:1883
14:21:59 [IWT-5-7] WARN  com.iteaj.iot.client.mqtt.MqttClient - 客户端(MQTT<默认>) 断线重连 - 等待重连时间：15(s) - 远程主机 broker-cn.emqx.io:1883 - 客户端标识：gwd_mqtt_57_0001
14:22:13 [IWT-5-8] ERROR com.iteaj.iot.modbus.client.tcp.ModbusTcpClient - 客户端(ModbusTcpClient) 连接服务器失败 - 远程主机 127.0.0.1:502 - 客户端标识：gwd_modbus_tcp_60_0001
io.netty.channel.AbstractChannel$AnnotatedConnectException: Connection refused: no further information: /127.0.0.1:502
Caused by: java.net.ConnectException: Connection refused: no further information
	at sun.nio.ch.SocketChannelImpl.checkConnect(Native Method)
	at sun.nio.ch.SocketChannelImpl.finishConnect(SocketChannelImpl.java:716)
	at io.netty.channel.socket.nio.NioSocketChannel.doFinishConnect(NioSocketChannel.java:337)
	at io.netty.channel.nio.AbstractNioChannel$AbstractNioUnsafe.finishConnect(AbstractNioChannel.java:334)
	at io.netty.channel.nio.NioEventLoop.processSelectedKey(NioEventLoop.java:710)
	at io.netty.channel.nio.NioEventLoop.processSelectedKeysOptimized(NioEventLoop.java:658)
	at io.netty.channel.nio.NioEventLoop.processSelectedKeys(NioEventLoop.java:584)
	at io.netty.channel.nio.NioEventLoop.run(NioEventLoop.java:496)
	at io.netty.util.concurrent.SingleThreadEventExecutor$4.run(SingleThreadEventExecutor.java:997)
	at io.netty.util.internal.ThreadExecutorMap$2.run(ThreadExecutorMap.java:74)
	at io.netty.util.concurrent.FastThreadLocalRunnable.run(FastThreadLocalRunnable.java:30)
	at java.lang.Thread.run(Thread.java:750)
14:22:13 [IWT-5-8] WARN  com.iteaj.iot.modbus.client.tcp.ModbusTcpClient - 客户端(ModbusTcpClient) 断线重连 - 等待重连时间：15(s) - 远程主机 127.0.0.1:502 - 客户端标识：gwd_modbus_tcp_60_0001
14:22:15 [IWT-5-9] INFO  com.iteaj.iot.client.mqtt.MqttClient - 客户端(MQTT<默认>) 连接服务器成功 - 远程主机 broker-cn.emqx.io:1883 - 客户端标识：gwd_mqtt_57_0001
14:22:15 [IWT-5-9] WARN  com.iteaj.iot.client.mqtt.MqttClient - mqtt(MQTT<默认>) CONNACK - 远程主机：broker-cn.emqx.io:gwd_mqtt_57_0001 - 状态: CONNECTION_REFUSED_NOT_AUTHORIZED
14:22:15 [IWT-5-9] WARN  com.iteaj.iot.client.handle.ClientServiceHandler - 客户端关闭(MQTT<默认>) 未知原因 - 客户端: gwd_mqtt_57_0001 - 远程地址: /broker-cn.emqx.io:1883
14:22:15 [IWT-5-9] WARN  com.iteaj.iot.client.mqtt.MqttClient - 客户端(MQTT<默认>) 断线重连 - 等待重连时间：15(s) - 远程主机 broker-cn.emqx.io:1883 - 客户端标识：gwd_mqtt_57_0001
14:22:30 [IWT-5-11] INFO  com.iteaj.iot.client.mqtt.MqttClient - 客户端(MQTT<默认>) 连接服务器成功 - 远程主机 broker-cn.emqx.io:1883 - 客户端标识：gwd_mqtt_57_0001
14:22:30 [IWT-5-11] WARN  com.iteaj.iot.client.mqtt.MqttClient - mqtt(MQTT<默认>) CONNACK - 远程主机：broker-cn.emqx.io:gwd_mqtt_57_0001 - 状态: CONNECTION_REFUSED_NOT_AUTHORIZED
14:22:30 [IWT-5-11] WARN  com.iteaj.iot.client.handle.ClientServiceHandler - 客户端关闭(MQTT<默认>) 未知原因 - 客户端: gwd_mqtt_57_0001 - 远程地址: /broker-cn.emqx.io:1883
14:22:30 [IWT-5-11] WARN  com.iteaj.iot.client.mqtt.MqttClient - 客户端(MQTT<默认>) 断线重连 - 等待重连时间：15(s) - 远程主机 broker-cn.emqx.io:1883 - 客户端标识：gwd_mqtt_57_0001
14:22:31 [IWT-5-10] ERROR com.iteaj.iot.modbus.client.tcp.ModbusTcpClient - 客户端(ModbusTcpClient) 连接服务器失败 - 远程主机 127.0.0.1:502 - 客户端标识：gwd_modbus_tcp_60_0001
io.netty.channel.AbstractChannel$AnnotatedConnectException: Connection refused: no further information: /127.0.0.1:502
Caused by: java.net.ConnectException: Connection refused: no further information
	at sun.nio.ch.SocketChannelImpl.checkConnect(Native Method)
	at sun.nio.ch.SocketChannelImpl.finishConnect(SocketChannelImpl.java:716)
	at io.netty.channel.socket.nio.NioSocketChannel.doFinishConnect(NioSocketChannel.java:337)
	at io.netty.channel.nio.AbstractNioChannel$AbstractNioUnsafe.finishConnect(AbstractNioChannel.java:334)
	at io.netty.channel.nio.NioEventLoop.processSelectedKey(NioEventLoop.java:710)
	at io.netty.channel.nio.NioEventLoop.processSelectedKeysOptimized(NioEventLoop.java:658)
	at io.netty.channel.nio.NioEventLoop.processSelectedKeys(NioEventLoop.java:584)
	at io.netty.channel.nio.NioEventLoop.run(NioEventLoop.java:496)
	at io.netty.util.concurrent.SingleThreadEventExecutor$4.run(SingleThreadEventExecutor.java:997)
	at io.netty.util.internal.ThreadExecutorMap$2.run(ThreadExecutorMap.java:74)
	at io.netty.util.concurrent.FastThreadLocalRunnable.run(FastThreadLocalRunnable.java:30)
	at java.lang.Thread.run(Thread.java:750)
14:22:31 [IWT-5-10] WARN  com.iteaj.iot.modbus.client.tcp.ModbusTcpClient - 客户端(ModbusTcpClient) 断线重连 - 等待重连时间：15(s) - 远程主机 127.0.0.1:502 - 客户端标识：gwd_modbus_tcp_60_0001
14:22:46 [IWT-5-12] INFO  com.iteaj.iot.client.mqtt.MqttClient - 客户端(MQTT<默认>) 连接服务器成功 - 远程主机 broker-cn.emqx.io:1883 - 客户端标识：gwd_mqtt_57_0001
14:22:46 [IWT-5-12] WARN  com.iteaj.iot.client.mqtt.MqttClient - mqtt(MQTT<默认>) CONNACK - 远程主机：broker-cn.emqx.io:gwd_mqtt_57_0001 - 状态: CONNECTION_REFUSED_NOT_AUTHORIZED
14:22:46 [IWT-5-12] WARN  com.iteaj.iot.client.handle.ClientServiceHandler - 客户端关闭(MQTT<默认>) 未知原因 - 客户端: gwd_mqtt_57_0001 - 远程地址: /broker-cn.emqx.io:1883
14:22:46 [IWT-5-12] WARN  com.iteaj.iot.client.mqtt.MqttClient - 客户端(MQTT<默认>) 断线重连 - 等待重连时间：15(s) - 远程主机 broker-cn.emqx.io:1883 - 客户端标识：gwd_mqtt_57_0001
14:22:48 [IWT-5-13] ERROR com.iteaj.iot.modbus.client.tcp.ModbusTcpClient - 客户端(ModbusTcpClient) 连接服务器失败 - 远程主机 127.0.0.1:502 - 客户端标识：gwd_modbus_tcp_60_0001
io.netty.channel.AbstractChannel$AnnotatedConnectException: Connection refused: no further information: /127.0.0.1:502
Caused by: java.net.ConnectException: Connection refused: no further information
	at sun.nio.ch.SocketChannelImpl.checkConnect(Native Method)
	at sun.nio.ch.SocketChannelImpl.finishConnect(SocketChannelImpl.java:716)
	at io.netty.channel.socket.nio.NioSocketChannel.doFinishConnect(NioSocketChannel.java:337)
	at io.netty.channel.nio.AbstractNioChannel$AbstractNioUnsafe.finishConnect(AbstractNioChannel.java:334)
	at io.netty.channel.nio.NioEventLoop.processSelectedKey(NioEventLoop.java:710)
	at io.netty.channel.nio.NioEventLoop.processSelectedKeysOptimized(NioEventLoop.java:658)
	at io.netty.channel.nio.NioEventLoop.processSelectedKeys(NioEventLoop.java:584)
	at io.netty.channel.nio.NioEventLoop.run(NioEventLoop.java:496)
	at io.netty.util.concurrent.SingleThreadEventExecutor$4.run(SingleThreadEventExecutor.java:997)
	at io.netty.util.internal.ThreadExecutorMap$2.run(ThreadExecutorMap.java:74)
	at io.netty.util.concurrent.FastThreadLocalRunnable.run(FastThreadLocalRunnable.java:30)
	at java.lang.Thread.run(Thread.java:750)
14:22:48 [IWT-5-13] WARN  com.iteaj.iot.modbus.client.tcp.ModbusTcpClient - 客户端(ModbusTcpClient) 断线重连 - 等待重连时间：15(s) - 远程主机 127.0.0.1:502 - 客户端标识：gwd_modbus_tcp_60_0001
14:23:01 [IWT-5-14] INFO  com.iteaj.iot.client.mqtt.MqttClient - 客户端(MQTT<默认>) 连接服务器成功 - 远程主机 broker-cn.emqx.io:1883 - 客户端标识：gwd_mqtt_57_0001
14:23:02 [IWT-5-14] WARN  com.iteaj.iot.client.mqtt.MqttClient - mqtt(MQTT<默认>) CONNACK - 远程主机：broker-cn.emqx.io:gwd_mqtt_57_0001 - 状态: CONNECTION_REFUSED_NOT_AUTHORIZED
14:23:02 [IWT-5-14] WARN  com.iteaj.iot.client.handle.ClientServiceHandler - 客户端关闭(MQTT<默认>) 未知原因 - 客户端: gwd_mqtt_57_0001 - 远程地址: /broker-cn.emqx.io:1883
14:23:02 [IWT-5-14] WARN  com.iteaj.iot.client.mqtt.MqttClient - 客户端(MQTT<默认>) 断线重连 - 等待重连时间：15(s) - 远程主机 broker-cn.emqx.io:1883 - 客户端标识：gwd_mqtt_57_0001
14:23:05 [IWT-5-15] ERROR com.iteaj.iot.modbus.client.tcp.ModbusTcpClient - 客户端(ModbusTcpClient) 连接服务器失败 - 远程主机 127.0.0.1:502 - 客户端标识：gwd_modbus_tcp_60_0001
io.netty.channel.AbstractChannel$AnnotatedConnectException: Connection refused: no further information: /127.0.0.1:502
Caused by: java.net.ConnectException: Connection refused: no further information
	at sun.nio.ch.SocketChannelImpl.checkConnect(Native Method)
	at sun.nio.ch.SocketChannelImpl.finishConnect(SocketChannelImpl.java:716)
	at io.netty.channel.socket.nio.NioSocketChannel.doFinishConnect(NioSocketChannel.java:337)
	at io.netty.channel.nio.AbstractNioChannel$AbstractNioUnsafe.finishConnect(AbstractNioChannel.java:334)
	at io.netty.channel.nio.NioEventLoop.processSelectedKey(NioEventLoop.java:710)
	at io.netty.channel.nio.NioEventLoop.processSelectedKeysOptimized(NioEventLoop.java:658)
	at io.netty.channel.nio.NioEventLoop.processSelectedKeys(NioEventLoop.java:584)
	at io.netty.channel.nio.NioEventLoop.run(NioEventLoop.java:496)
	at io.netty.util.concurrent.SingleThreadEventExecutor$4.run(SingleThreadEventExecutor.java:997)
	at io.netty.util.internal.ThreadExecutorMap$2.run(ThreadExecutorMap.java:74)
	at io.netty.util.concurrent.FastThreadLocalRunnable.run(FastThreadLocalRunnable.java:30)
	at java.lang.Thread.run(Thread.java:750)
14:23:05 [IWT-5-15] WARN  com.iteaj.iot.modbus.client.tcp.ModbusTcpClient - 客户端(ModbusTcpClient) 断线重连 - 等待重连时间：15(s) - 远程主机 127.0.0.1:502 - 客户端标识：gwd_modbus_tcp_60_0001
14:23:17 [IWT-5-16] INFO  com.iteaj.iot.client.mqtt.MqttClient - 客户端(MQTT<默认>) 连接服务器成功 - 远程主机 broker-cn.emqx.io:1883 - 客户端标识：gwd_mqtt_57_0001
14:23:17 [IWT-5-16] WARN  com.iteaj.iot.client.mqtt.MqttClient - mqtt(MQTT<默认>) CONNACK - 远程主机：broker-cn.emqx.io:gwd_mqtt_57_0001 - 状态: CONNECTION_REFUSED_NOT_AUTHORIZED
14:23:17 [IWT-5-16] WARN  com.iteaj.iot.client.handle.ClientServiceHandler - 客户端关闭(MQTT<默认>) 未知原因 - 客户端: gwd_mqtt_57_0001 - 远程地址: /broker-cn.emqx.io:1883
14:23:17 [IWT-5-16] WARN  com.iteaj.iot.client.mqtt.MqttClient - 客户端(MQTT<默认>) 断线重连 - 等待重连时间：15(s) - 远程主机 broker-cn.emqx.io:1883 - 客户端标识：gwd_mqtt_57_0001
14:23:22 [IWT-5-1] ERROR com.iteaj.iot.modbus.client.tcp.ModbusTcpClient - 客户端(ModbusTcpClient) 连接服务器失败 - 远程主机 127.0.0.1:502 - 客户端标识：gwd_modbus_tcp_60_0001
io.netty.channel.AbstractChannel$AnnotatedConnectException: Connection refused: no further information: /127.0.0.1:502
Caused by: java.net.ConnectException: Connection refused: no further information
	at sun.nio.ch.SocketChannelImpl.checkConnect(Native Method)
	at sun.nio.ch.SocketChannelImpl.finishConnect(SocketChannelImpl.java:716)
	at io.netty.channel.socket.nio.NioSocketChannel.doFinishConnect(NioSocketChannel.java:337)
	at io.netty.channel.nio.AbstractNioChannel$AbstractNioUnsafe.finishConnect(AbstractNioChannel.java:334)
	at io.netty.channel.nio.NioEventLoop.processSelectedKey(NioEventLoop.java:710)
	at io.netty.channel.nio.NioEventLoop.processSelectedKeysOptimized(NioEventLoop.java:658)
	at io.netty.channel.nio.NioEventLoop.processSelectedKeys(NioEventLoop.java:584)
	at io.netty.channel.nio.NioEventLoop.run(NioEventLoop.java:496)
	at io.netty.util.concurrent.SingleThreadEventExecutor$4.run(SingleThreadEventExecutor.java:997)
	at io.netty.util.internal.ThreadExecutorMap$2.run(ThreadExecutorMap.java:74)
	at io.netty.util.concurrent.FastThreadLocalRunnable.run(FastThreadLocalRunnable.java:30)
	at java.lang.Thread.run(Thread.java:750)
14:23:22 [IWT-5-1] WARN  com.iteaj.iot.modbus.client.tcp.ModbusTcpClient - 客户端(ModbusTcpClient) 断线重连 - 等待重连时间：15(s) - 远程主机 127.0.0.1:502 - 客户端标识：gwd_modbus_tcp_60_0001
14:23:32 [IWT-5-2] INFO  com.iteaj.iot.client.mqtt.MqttClient - 客户端(MQTT<默认>) 连接服务器成功 - 远程主机 broker-cn.emqx.io:1883 - 客户端标识：gwd_mqtt_57_0001
14:23:32 [IWT-5-2] WARN  com.iteaj.iot.client.mqtt.MqttClient - mqtt(MQTT<默认>) CONNACK - 远程主机：broker-cn.emqx.io:gwd_mqtt_57_0001 - 状态: CONNECTION_REFUSED_NOT_AUTHORIZED
14:23:32 [IWT-5-2] WARN  com.iteaj.iot.client.handle.ClientServiceHandler - 客户端关闭(MQTT<默认>) 未知原因 - 客户端: gwd_mqtt_57_0001 - 远程地址: /broker-cn.emqx.io:1883
14:23:32 [IWT-5-2] WARN  com.iteaj.iot.client.mqtt.MqttClient - 客户端(MQTT<默认>) 断线重连 - 等待重连时间：15(s) - 远程主机 broker-cn.emqx.io:1883 - 客户端标识：gwd_mqtt_57_0001
14:23:39 [IWT-5-3] ERROR com.iteaj.iot.modbus.client.tcp.ModbusTcpClient - 客户端(ModbusTcpClient) 连接服务器失败 - 远程主机 127.0.0.1:502 - 客户端标识：gwd_modbus_tcp_60_0001
io.netty.channel.AbstractChannel$AnnotatedConnectException: Connection refused: no further information: /127.0.0.1:502
Caused by: java.net.ConnectException: Connection refused: no further information
	at sun.nio.ch.SocketChannelImpl.checkConnect(Native Method)
	at sun.nio.ch.SocketChannelImpl.finishConnect(SocketChannelImpl.java:716)
	at io.netty.channel.socket.nio.NioSocketChannel.doFinishConnect(NioSocketChannel.java:337)
	at io.netty.channel.nio.AbstractNioChannel$AbstractNioUnsafe.finishConnect(AbstractNioChannel.java:334)
	at io.netty.channel.nio.NioEventLoop.processSelectedKey(NioEventLoop.java:710)
	at io.netty.channel.nio.NioEventLoop.processSelectedKeysOptimized(NioEventLoop.java:658)
	at io.netty.channel.nio.NioEventLoop.processSelectedKeys(NioEventLoop.java:584)
	at io.netty.channel.nio.NioEventLoop.run(NioEventLoop.java:496)
	at io.netty.util.concurrent.SingleThreadEventExecutor$4.run(SingleThreadEventExecutor.java:997)
	at io.netty.util.internal.ThreadExecutorMap$2.run(ThreadExecutorMap.java:74)
	at io.netty.util.concurrent.FastThreadLocalRunnable.run(FastThreadLocalRunnable.java:30)
	at java.lang.Thread.run(Thread.java:750)
14:23:39 [IWT-5-3] WARN  com.iteaj.iot.modbus.client.tcp.ModbusTcpClient - 客户端(ModbusTcpClient) 断线重连 - 等待重连时间：15(s) - 远程主机 127.0.0.1:502 - 客户端标识：gwd_modbus_tcp_60_0001
14:23:48 [IWT-5-4] INFO  com.iteaj.iot.client.mqtt.MqttClient - 客户端(MQTT<默认>) 连接服务器成功 - 远程主机 broker-cn.emqx.io:1883 - 客户端标识：gwd_mqtt_57_0001
14:23:48 [IWT-5-4] WARN  com.iteaj.iot.client.mqtt.MqttClient - mqtt(MQTT<默认>) CONNACK - 远程主机：broker-cn.emqx.io:gwd_mqtt_57_0001 - 状态: CONNECTION_REFUSED_NOT_AUTHORIZED
14:23:48 [IWT-5-4] WARN  com.iteaj.iot.client.handle.ClientServiceHandler - 客户端关闭(MQTT<默认>) 未知原因 - 客户端: gwd_mqtt_57_0001 - 远程地址: /broker-cn.emqx.io:1883
14:23:48 [IWT-5-4] WARN  com.iteaj.iot.client.mqtt.MqttClient - 客户端(MQTT<默认>) 断线重连 - 等待重连时间：15(s) - 远程主机 broker-cn.emqx.io:1883 - 客户端标识：gwd_mqtt_57_0001
14:23:56 [IWT-5-5] ERROR com.iteaj.iot.modbus.client.tcp.ModbusTcpClient - 客户端(ModbusTcpClient) 连接服务器失败 - 远程主机 127.0.0.1:502 - 客户端标识：gwd_modbus_tcp_60_0001
io.netty.channel.AbstractChannel$AnnotatedConnectException: Connection refused: no further information: /127.0.0.1:502
Caused by: java.net.ConnectException: Connection refused: no further information
	at sun.nio.ch.SocketChannelImpl.checkConnect(Native Method)
	at sun.nio.ch.SocketChannelImpl.finishConnect(SocketChannelImpl.java:716)
	at io.netty.channel.socket.nio.NioSocketChannel.doFinishConnect(NioSocketChannel.java:337)
	at io.netty.channel.nio.AbstractNioChannel$AbstractNioUnsafe.finishConnect(AbstractNioChannel.java:334)
	at io.netty.channel.nio.NioEventLoop.processSelectedKey(NioEventLoop.java:710)
	at io.netty.channel.nio.NioEventLoop.processSelectedKeysOptimized(NioEventLoop.java:658)
	at io.netty.channel.nio.NioEventLoop.processSelectedKeys(NioEventLoop.java:584)
	at io.netty.channel.nio.NioEventLoop.run(NioEventLoop.java:496)
	at io.netty.util.concurrent.SingleThreadEventExecutor$4.run(SingleThreadEventExecutor.java:997)
	at io.netty.util.internal.ThreadExecutorMap$2.run(ThreadExecutorMap.java:74)
	at io.netty.util.concurrent.FastThreadLocalRunnable.run(FastThreadLocalRunnable.java:30)
	at java.lang.Thread.run(Thread.java:750)
14:23:56 [IWT-5-5] WARN  com.iteaj.iot.modbus.client.tcp.ModbusTcpClient - 客户端(ModbusTcpClient) 断线重连 - 等待重连时间：15(s) - 远程主机 127.0.0.1:502 - 客户端标识：gwd_modbus_tcp_60_0001
14:24:03 [IWT-5-6] INFO  com.iteaj.iot.client.mqtt.MqttClient - 客户端(MQTT<默认>) 连接服务器成功 - 远程主机 broker-cn.emqx.io:1883 - 客户端标识：gwd_mqtt_57_0001
14:24:04 [IWT-5-6] WARN  com.iteaj.iot.client.mqtt.MqttClient - mqtt(MQTT<默认>) CONNACK - 远程主机：broker-cn.emqx.io:gwd_mqtt_57_0001 - 状态: CONNECTION_REFUSED_NOT_AUTHORIZED
14:24:04 [IWT-5-6] WARN  com.iteaj.iot.client.handle.ClientServiceHandler - 客户端关闭(MQTT<默认>) 未知原因 - 客户端: gwd_mqtt_57_0001 - 远程地址: /broker-cn.emqx.io:1883
14:24:04 [IWT-5-6] WARN  com.iteaj.iot.client.mqtt.MqttClient - 客户端(MQTT<默认>) 断线重连 - 等待重连时间：15(s) - 远程主机 broker-cn.emqx.io:1883 - 客户端标识：gwd_mqtt_57_0001
14:24:13 [IWT-5-7] ERROR com.iteaj.iot.modbus.client.tcp.ModbusTcpClient - 客户端(ModbusTcpClient) 连接服务器失败 - 远程主机 127.0.0.1:502 - 客户端标识：gwd_modbus_tcp_60_0001
io.netty.channel.AbstractChannel$AnnotatedConnectException: Connection refused: no further information: /127.0.0.1:502
Caused by: java.net.ConnectException: Connection refused: no further information
	at sun.nio.ch.SocketChannelImpl.checkConnect(Native Method)
	at sun.nio.ch.SocketChannelImpl.finishConnect(SocketChannelImpl.java:716)
	at io.netty.channel.socket.nio.NioSocketChannel.doFinishConnect(NioSocketChannel.java:337)
	at io.netty.channel.nio.AbstractNioChannel$AbstractNioUnsafe.finishConnect(AbstractNioChannel.java:334)
	at io.netty.channel.nio.NioEventLoop.processSelectedKey(NioEventLoop.java:710)
	at io.netty.channel.nio.NioEventLoop.processSelectedKeysOptimized(NioEventLoop.java:658)
	at io.netty.channel.nio.NioEventLoop.processSelectedKeys(NioEventLoop.java:584)
	at io.netty.channel.nio.NioEventLoop.run(NioEventLoop.java:496)
	at io.netty.util.concurrent.SingleThreadEventExecutor$4.run(SingleThreadEventExecutor.java:997)
	at io.netty.util.internal.ThreadExecutorMap$2.run(ThreadExecutorMap.java:74)
	at io.netty.util.concurrent.FastThreadLocalRunnable.run(FastThreadLocalRunnable.java:30)
	at java.lang.Thread.run(Thread.java:750)
14:24:13 [IWT-5-7] WARN  com.iteaj.iot.modbus.client.tcp.ModbusTcpClient - 客户端(ModbusTcpClient) 断线重连 - 等待重连时间：15(s) - 远程主机 127.0.0.1:502 - 客户端标识：gwd_modbus_tcp_60_0001
14:24:19 [IWT-5-8] INFO  com.iteaj.iot.client.mqtt.MqttClient - 客户端(MQTT<默认>) 连接服务器成功 - 远程主机 broker-cn.emqx.io:1883 - 客户端标识：gwd_mqtt_57_0001
14:24:19 [IWT-5-8] WARN  com.iteaj.iot.client.mqtt.MqttClient - mqtt(MQTT<默认>) CONNACK - 远程主机：broker-cn.emqx.io:gwd_mqtt_57_0001 - 状态: CONNECTION_REFUSED_NOT_AUTHORIZED
14:24:19 [IWT-5-8] WARN  com.iteaj.iot.client.handle.ClientServiceHandler - 客户端关闭(MQTT<默认>) 未知原因 - 客户端: gwd_mqtt_57_0001 - 远程地址: /broker-cn.emqx.io:1883
14:24:19 [IWT-5-8] WARN  com.iteaj.iot.client.mqtt.MqttClient - 客户端(MQTT<默认>) 断线重连 - 等待重连时间：15(s) - 远程主机 broker-cn.emqx.io:1883 - 客户端标识：gwd_mqtt_57_0001
14:24:30 [IWT-5-9] ERROR com.iteaj.iot.modbus.client.tcp.ModbusTcpClient - 客户端(ModbusTcpClient) 连接服务器失败 - 远程主机 127.0.0.1:502 - 客户端标识：gwd_modbus_tcp_60_0001
io.netty.channel.AbstractChannel$AnnotatedConnectException: Connection refused: no further information: /127.0.0.1:502
Caused by: java.net.ConnectException: Connection refused: no further information
	at sun.nio.ch.SocketChannelImpl.checkConnect(Native Method)
	at sun.nio.ch.SocketChannelImpl.finishConnect(SocketChannelImpl.java:716)
	at io.netty.channel.socket.nio.NioSocketChannel.doFinishConnect(NioSocketChannel.java:337)
	at io.netty.channel.nio.AbstractNioChannel$AbstractNioUnsafe.finishConnect(AbstractNioChannel.java:334)
	at io.netty.channel.nio.NioEventLoop.processSelectedKey(NioEventLoop.java:710)
	at io.netty.channel.nio.NioEventLoop.processSelectedKeysOptimized(NioEventLoop.java:658)
	at io.netty.channel.nio.NioEventLoop.processSelectedKeys(NioEventLoop.java:584)
	at io.netty.channel.nio.NioEventLoop.run(NioEventLoop.java:496)
	at io.netty.util.concurrent.SingleThreadEventExecutor$4.run(SingleThreadEventExecutor.java:997)
	at io.netty.util.internal.ThreadExecutorMap$2.run(ThreadExecutorMap.java:74)
	at io.netty.util.concurrent.FastThreadLocalRunnable.run(FastThreadLocalRunnable.java:30)
	at java.lang.Thread.run(Thread.java:750)
14:24:30 [IWT-5-9] WARN  com.iteaj.iot.modbus.client.tcp.ModbusTcpClient - 客户端(ModbusTcpClient) 断线重连 - 等待重连时间：15(s) - 远程主机 127.0.0.1:502 - 客户端标识：gwd_modbus_tcp_60_0001
14:24:34 [IWT-5-10] INFO  com.iteaj.iot.client.mqtt.MqttClient - 客户端(MQTT<默认>) 连接服务器成功 - 远程主机 broker-cn.emqx.io:1883 - 客户端标识：gwd_mqtt_57_0001
14:24:35 [IWT-5-10] WARN  com.iteaj.iot.client.mqtt.MqttClient - mqtt(MQTT<默认>) CONNACK - 远程主机：broker-cn.emqx.io:gwd_mqtt_57_0001 - 状态: CONNECTION_REFUSED_NOT_AUTHORIZED
14:24:35 [IWT-5-10] WARN  com.iteaj.iot.client.handle.ClientServiceHandler - 客户端关闭(MQTT<默认>) 未知原因 - 客户端: gwd_mqtt_57_0001 - 远程地址: /broker-cn.emqx.io:1883
14:24:35 [IWT-5-10] WARN  com.iteaj.iot.client.mqtt.MqttClient - 客户端(MQTT<默认>) 断线重连 - 等待重连时间：15(s) - 远程主机 broker-cn.emqx.io:1883 - 客户端标识：gwd_mqtt_57_0001
