15:43:21 [main] INFO  com.iteaj.iboot.boot.IBootApplication - Starting IBootApplication v3.0.0 using Java 1.8.0_492 on DESKTOP-6NM70T0 with PID 6340 (D:\Proj\5.29\iboot-jetlinks\bootstrap\target\bootstrap.jar started by DESKTOP-6NM70T0$ in D:\Proj\5.29\iboot-jetlinks\bootstrap\target)
15:43:21 [main] INFO  com.iteaj.iboot.boot.IBootApplication - The following 5 profiles are active: "iot", "framework", "satoken", "knife4j", "prod"
15:44:02 [main] INFO  c.iteaj.framework.spi.iot.ProtocolSupplierManager - <<<注册协议提供成功 MODBUS_RTU - 版本: 1.0.0 - 实现: 系统内置 - 说明: Modbus Rtu协议提供
15:44:02 [main] INFO  c.iteaj.framework.spi.iot.ProtocolSupplierManager - <<<注册协议提供成功 MODBUS_TCP - 版本: 1.0.0 - 实现: 系统内置 - 说明: Modbus Tcp协议提供
15:44:02 [main] INFO  c.iteaj.framework.spi.iot.ProtocolSupplierManager - <<<注册协议提供成功 DTU:MODBUS_TCP - 版本: 1.0.0 - 实现: 系统内置 - 说明: 基于DTU网关的Modbus Tcp协议提供
15:44:02 [main] INFO  c.iteaj.framework.spi.iot.ProtocolSupplierManager - <<<注册协议提供成功 DTU:MODBUS_RTU - 版本: 1.0.0 - 实现: 系统内置 - 说明: 基于DTU网关的Modbus Rtu协议提供
15:44:02 [main] INFO  c.iteaj.framework.spi.iot.ProtocolSupplierManager - <<<注册协议提供成功 MQTT_DEFAULT_IMPL - 版本: 1.0.0 - 实现: 系统内置 - 说明: 默认Mqtt协议
15:44:13 [main] INFO  com.iteaj.iboot.boot.IBootApplication - Started IBootApplication in 55.811 seconds (JVM running for 60.963)
15:44:13 [main] INFO  com.iteaj.framework.plugin.PluginManagerService - 框架已加载完成所有插件[Oauth2、Knife4j]
15:44:13 [main] INFO  com.iteaj.iot.boot.LoggerLifeCyclePostProcessor - 执行组件生命周期[start]前钩子函数[LifeCyclePostProcessor]
15:44:14 [IST-4-1] INFO  com.iteaj.iot.server.IotSocketServer - 监听端口成功(websocket(Server)) 主机：0.0.0.0:8170 - 简介：websocket服务端默认实现
15:44:14 [main] INFO  com.iteaj.iot.boot.LoggerLifeCyclePostProcessor - 执行组件生命周期[start]后钩子函数[LifeCyclePostProcessor]
15:44:16 [IST-4-1] INFO  com.iteaj.iot.server.IotSocketServer - 监听端口成功(ModbusRtuForDtu) 主机：0.0.0.0:5020 - 简介：使用Dtu连网且设备基于标准Modbus Rtu协议的iot服务端实现
15:44:19 [IWT-5-2] ERROR com.iteaj.iot.client.mqtt.MqttClient - 客户端(MQTT<默认>) 连接服务器失败 - 远程主机 127.0.0.1:1883 - 客户端标识：mqtt_gateway_env_led
io.netty.channel.AbstractChannel$AnnotatedConnectException: Connection refused: no further information: /127.0.0.1:1883
Caused by: java.net.ConnectException: Connection refused: no further information
	at sun.nio.ch.SocketChannelImpl.checkConnect(Native Method)
	at sun.nio.ch.SocketChannelImpl.finishConnect(SocketChannelImpl.java:716)
	at io.netty.channel.socket.nio.NioSocketChannel.doFinishConnect(NioSocketChannel.java:337)
	at io.netty.channel.nio.AbstractNioChannel$AbstractNioUnsafe.finishConnect(AbstractNioChannel.java:334)
	at io.netty.channel.nio.NioEventLoop.processSelectedKey(NioEventLoop.java:710)
	at io.netty.channel.nio.NioEventLoop.processSelectedKeysOptimized(NioEventLoop.java:658)
	at io.netty.channel.nio.NioEventLoop.processSelectedKeys(NioEventLoop.java:584)
	at io.netty.channel.nio.NioEventLoop.run(NioEventLoop.java:496)
	at io.netty.util.concurrent.SingleThreadEventExecutor$4.run(SingleThreadEventExecutor.java:997)
	at io.netty.util.internal.ThreadExecutorMap$2.run(ThreadExecutorMap.java:74)
	at io.netty.util.concurrent.FastThreadLocalRunnable.run(FastThreadLocalRunnable.java:30)
	at java.lang.Thread.run(Thread.java:750)
15:44:19 [IWT-5-2] WARN  com.iteaj.iot.client.mqtt.MqttClient - 客户端(MQTT<默认>) 断线重连 - 等待重连时间：15(s) - 远程主机 127.0.0.1:1883 - 客户端标识：mqtt_gateway_env_led
15:44:37 [IWT-5-3] ERROR com.iteaj.iot.client.mqtt.MqttClient - 客户端(MQTT<默认>) 连接服务器失败 - 远程主机 127.0.0.1:1883 - 客户端标识：mqtt_gateway_env_led
io.netty.channel.AbstractChannel$AnnotatedConnectException: Connection refused: no further information: /127.0.0.1:1883
Caused by: java.net.ConnectException: Connection refused: no further information
	at sun.nio.ch.SocketChannelImpl.checkConnect(Native Method)
	at sun.nio.ch.SocketChannelImpl.finishConnect(SocketChannelImpl.java:716)
	at io.netty.channel.socket.nio.NioSocketChannel.doFinishConnect(NioSocketChannel.java:337)
	at io.netty.channel.nio.AbstractNioChannel$AbstractNioUnsafe.finishConnect(AbstractNioChannel.java:334)
	at io.netty.channel.nio.NioEventLoop.processSelectedKey(NioEventLoop.java:710)
	at io.netty.channel.nio.NioEventLoop.processSelectedKeysOptimized(NioEventLoop.java:658)
	at io.netty.channel.nio.NioEventLoop.processSelectedKeys(NioEventLoop.java:584)
	at io.netty.channel.nio.NioEventLoop.run(NioEventLoop.java:496)
	at io.netty.util.concurrent.SingleThreadEventExecutor$4.run(SingleThreadEventExecutor.java:997)
	at io.netty.util.internal.ThreadExecutorMap$2.run(ThreadExecutorMap.java:74)
	at io.netty.util.concurrent.FastThreadLocalRunnable.run(FastThreadLocalRunnable.java:30)
	at java.lang.Thread.run(Thread.java:750)
15:44:37 [IWT-5-3] WARN  com.iteaj.iot.client.mqtt.MqttClient - 客户端(MQTT<默认>) 断线重连 - 等待重连时间：15(s) - 远程主机 127.0.0.1:1883 - 客户端标识：mqtt_gateway_env_led
15:44:54 [IWT-5-4] ERROR com.iteaj.iot.client.mqtt.MqttClient - 客户端(MQTT<默认>) 连接服务器失败 - 远程主机 127.0.0.1:1883 - 客户端标识：mqtt_gateway_env_led
io.netty.channel.AbstractChannel$AnnotatedConnectException: Connection refused: no further information: /127.0.0.1:1883
Caused by: java.net.ConnectException: Connection refused: no further information
	at sun.nio.ch.SocketChannelImpl.checkConnect(Native Method)
	at sun.nio.ch.SocketChannelImpl.finishConnect(SocketChannelImpl.java:716)
	at io.netty.channel.socket.nio.NioSocketChannel.doFinishConnect(NioSocketChannel.java:337)
	at io.netty.channel.nio.AbstractNioChannel$AbstractNioUnsafe.finishConnect(AbstractNioChannel.java:334)
	at io.netty.channel.nio.NioEventLoop.processSelectedKey(NioEventLoop.java:710)
	at io.netty.channel.nio.NioEventLoop.processSelectedKeysOptimized(NioEventLoop.java:658)
	at io.netty.channel.nio.NioEventLoop.processSelectedKeys(NioEventLoop.java:584)
	at io.netty.channel.nio.NioEventLoop.run(NioEventLoop.java:496)
	at io.netty.util.concurrent.SingleThreadEventExecutor$4.run(SingleThreadEventExecutor.java:997)
	at io.netty.util.internal.ThreadExecutorMap$2.run(ThreadExecutorMap.java:74)
	at io.netty.util.concurrent.FastThreadLocalRunnable.run(FastThreadLocalRunnable.java:30)
	at java.lang.Thread.run(Thread.java:750)
15:44:54 [IWT-5-4] WARN  com.iteaj.iot.client.mqtt.MqttClient - 客户端(MQTT<默认>) 断线重连 - 等待重连时间：15(s) - 远程主机 127.0.0.1:1883 - 客户端标识：mqtt_gateway_env_led
15:45:11 [IWT-5-5] ERROR com.iteaj.iot.client.mqtt.MqttClient - 客户端(MQTT<默认>) 连接服务器失败 - 远程主机 127.0.0.1:1883 - 客户端标识：mqtt_gateway_env_led
io.netty.channel.AbstractChannel$AnnotatedConnectException: Connection refused: no further information: /127.0.0.1:1883
Caused by: java.net.ConnectException: Connection refused: no further information
	at sun.nio.ch.SocketChannelImpl.checkConnect(Native Method)
	at sun.nio.ch.SocketChannelImpl.finishConnect(SocketChannelImpl.java:716)
	at io.netty.channel.socket.nio.NioSocketChannel.doFinishConnect(NioSocketChannel.java:337)
	at io.netty.channel.nio.AbstractNioChannel$AbstractNioUnsafe.finishConnect(AbstractNioChannel.java:334)
	at io.netty.channel.nio.NioEventLoop.processSelectedKey(NioEventLoop.java:710)
	at io.netty.channel.nio.NioEventLoop.processSelectedKeysOptimized(NioEventLoop.java:658)
	at io.netty.channel.nio.NioEventLoop.processSelectedKeys(NioEventLoop.java:584)
	at io.netty.channel.nio.NioEventLoop.run(NioEventLoop.java:496)
	at io.netty.util.concurrent.SingleThreadEventExecutor$4.run(SingleThreadEventExecutor.java:997)
	at io.netty.util.internal.ThreadExecutorMap$2.run(ThreadExecutorMap.java:74)
	at io.netty.util.concurrent.FastThreadLocalRunnable.run(FastThreadLocalRunnable.java:30)
	at java.lang.Thread.run(Thread.java:750)
15:45:11 [IWT-5-5] WARN  com.iteaj.iot.client.mqtt.MqttClient - 客户端(MQTT<默认>) 断线重连 - 等待重连时间：15(s) - 远程主机 127.0.0.1:1883 - 客户端标识：mqtt_gateway_env_led
15:45:28 [IWT-5-6] ERROR com.iteaj.iot.client.mqtt.MqttClient - 客户端(MQTT<默认>) 连接服务器失败 - 远程主机 127.0.0.1:1883 - 客户端标识：mqtt_gateway_env_led
io.netty.channel.AbstractChannel$AnnotatedConnectException: Connection refused: no further information: /127.0.0.1:1883
Caused by: java.net.ConnectException: Connection refused: no further information
	at sun.nio.ch.SocketChannelImpl.checkConnect(Native Method)
	at sun.nio.ch.SocketChannelImpl.finishConnect(SocketChannelImpl.java:716)
	at io.netty.channel.socket.nio.NioSocketChannel.doFinishConnect(NioSocketChannel.java:337)
	at io.netty.channel.nio.AbstractNioChannel$AbstractNioUnsafe.finishConnect(AbstractNioChannel.java:334)
	at io.netty.channel.nio.NioEventLoop.processSelectedKey(NioEventLoop.java:710)
	at io.netty.channel.nio.NioEventLoop.processSelectedKeysOptimized(NioEventLoop.java:658)
	at io.netty.channel.nio.NioEventLoop.processSelectedKeys(NioEventLoop.java:584)
	at io.netty.channel.nio.NioEventLoop.run(NioEventLoop.java:496)
	at io.netty.util.concurrent.SingleThreadEventExecutor$4.run(SingleThreadEventExecutor.java:997)
	at io.netty.util.internal.ThreadExecutorMap$2.run(ThreadExecutorMap.java:74)
	at io.netty.util.concurrent.FastThreadLocalRunnable.run(FastThreadLocalRunnable.java:30)
	at java.lang.Thread.run(Thread.java:750)
15:45:28 [IWT-5-6] WARN  com.iteaj.iot.client.mqtt.MqttClient - 客户端(MQTT<默认>) 断线重连 - 等待重连时间：15(s) - 远程主机 127.0.0.1:1883 - 客户端标识：mqtt_gateway_env_led
15:45:45 [IWT-5-7] ERROR com.iteaj.iot.client.mqtt.MqttClient - 客户端(MQTT<默认>) 连接服务器失败 - 远程主机 127.0.0.1:1883 - 客户端标识：mqtt_gateway_env_led
io.netty.channel.AbstractChannel$AnnotatedConnectException: Connection refused: no further information: /127.0.0.1:1883
Caused by: java.net.ConnectException: Connection refused: no further information
	at sun.nio.ch.SocketChannelImpl.checkConnect(Native Method)
	at sun.nio.ch.SocketChannelImpl.finishConnect(SocketChannelImpl.java:716)
	at io.netty.channel.socket.nio.NioSocketChannel.doFinishConnect(NioSocketChannel.java:337)
	at io.netty.channel.nio.AbstractNioChannel$AbstractNioUnsafe.finishConnect(AbstractNioChannel.java:334)
	at io.netty.channel.nio.NioEventLoop.processSelectedKey(NioEventLoop.java:710)
	at io.netty.channel.nio.NioEventLoop.processSelectedKeysOptimized(NioEventLoop.java:658)
	at io.netty.channel.nio.NioEventLoop.processSelectedKeys(NioEventLoop.java:584)
	at io.netty.channel.nio.NioEventLoop.run(NioEventLoop.java:496)
	at io.netty.util.concurrent.SingleThreadEventExecutor$4.run(SingleThreadEventExecutor.java:997)
	at io.netty.util.internal.ThreadExecutorMap$2.run(ThreadExecutorMap.java:74)
	at io.netty.util.concurrent.FastThreadLocalRunnable.run(FastThreadLocalRunnable.java:30)
	at java.lang.Thread.run(Thread.java:750)
15:45:45 [IWT-5-7] WARN  com.iteaj.iot.client.mqtt.MqttClient - 客户端(MQTT<默认>) 断线重连 - 等待重连时间：15(s) - 远程主机 127.0.0.1:1883 - 客户端标识：mqtt_gateway_env_led
15:46:02 [IWT-5-8] ERROR com.iteaj.iot.client.mqtt.MqttClient - 客户端(MQTT<默认>) 连接服务器失败 - 远程主机 127.0.0.1:1883 - 客户端标识：mqtt_gateway_env_led
io.netty.channel.AbstractChannel$AnnotatedConnectException: Connection refused: no further information: /127.0.0.1:1883
Caused by: java.net.ConnectException: Connection refused: no further information
	at sun.nio.ch.SocketChannelImpl.checkConnect(Native Method)
	at sun.nio.ch.SocketChannelImpl.finishConnect(SocketChannelImpl.java:716)
	at io.netty.channel.socket.nio.NioSocketChannel.doFinishConnect(NioSocketChannel.java:337)
	at io.netty.channel.nio.AbstractNioChannel$AbstractNioUnsafe.finishConnect(AbstractNioChannel.java:334)
	at io.netty.channel.nio.NioEventLoop.processSelectedKey(NioEventLoop.java:710)
	at io.netty.channel.nio.NioEventLoop.processSelectedKeysOptimized(NioEventLoop.java:658)
	at io.netty.channel.nio.NioEventLoop.processSelectedKeys(NioEventLoop.java:584)
	at io.netty.channel.nio.NioEventLoop.run(NioEventLoop.java:496)
	at io.netty.util.concurrent.SingleThreadEventExecutor$4.run(SingleThreadEventExecutor.java:997)
	at io.netty.util.internal.ThreadExecutorMap$2.run(ThreadExecutorMap.java:74)
	at io.netty.util.concurrent.FastThreadLocalRunnable.run(FastThreadLocalRunnable.java:30)
	at java.lang.Thread.run(Thread.java:750)
15:46:02 [IWT-5-8] WARN  com.iteaj.iot.client.mqtt.MqttClient - 客户端(MQTT<默认>) 断线重连 - 等待重连时间：15(s) - 远程主机 127.0.0.1:1883 - 客户端标识：mqtt_gateway_env_led
15:46:20 [IWT-5-9] ERROR com.iteaj.iot.client.mqtt.MqttClient - 客户端(MQTT<默认>) 连接服务器失败 - 远程主机 127.0.0.1:1883 - 客户端标识：mqtt_gateway_env_led
io.netty.channel.AbstractChannel$AnnotatedConnectException: Connection refused: no further information: /127.0.0.1:1883
Caused by: java.net.ConnectException: Connection refused: no further information
	at sun.nio.ch.SocketChannelImpl.checkConnect(Native Method)
	at sun.nio.ch.SocketChannelImpl.finishConnect(SocketChannelImpl.java:716)
	at io.netty.channel.socket.nio.NioSocketChannel.doFinishConnect(NioSocketChannel.java:337)
	at io.netty.channel.nio.AbstractNioChannel$AbstractNioUnsafe.finishConnect(AbstractNioChannel.java:334)
	at io.netty.channel.nio.NioEventLoop.processSelectedKey(NioEventLoop.java:710)
	at io.netty.channel.nio.NioEventLoop.processSelectedKeysOptimized(NioEventLoop.java:658)
	at io.netty.channel.nio.NioEventLoop.processSelectedKeys(NioEventLoop.java:584)
	at io.netty.channel.nio.NioEventLoop.run(NioEventLoop.java:496)
	at io.netty.util.concurrent.SingleThreadEventExecutor$4.run(SingleThreadEventExecutor.java:997)
	at io.netty.util.internal.ThreadExecutorMap$2.run(ThreadExecutorMap.java:74)
	at io.netty.util.concurrent.FastThreadLocalRunnable.run(FastThreadLocalRunnable.java:30)
	at java.lang.Thread.run(Thread.java:750)
15:46:20 [IWT-5-9] WARN  com.iteaj.iot.client.mqtt.MqttClient - 客户端(MQTT<默认>) 断线重连 - 等待重连时间：15(s) - 远程主机 127.0.0.1:1883 - 客户端标识：mqtt_gateway_env_led
15:46:37 [IWT-5-10] ERROR com.iteaj.iot.client.mqtt.MqttClient - 客户端(MQTT<默认>) 连接服务器失败 - 远程主机 127.0.0.1:1883 - 客户端标识：mqtt_gateway_env_led
io.netty.channel.AbstractChannel$AnnotatedConnectException: Connection refused: no further information: /127.0.0.1:1883
Caused by: java.net.ConnectException: Connection refused: no further information
	at sun.nio.ch.SocketChannelImpl.checkConnect(Native Method)
	at sun.nio.ch.SocketChannelImpl.finishConnect(SocketChannelImpl.java:716)
	at io.netty.channel.socket.nio.NioSocketChannel.doFinishConnect(NioSocketChannel.java:337)
	at io.netty.channel.nio.AbstractNioChannel$AbstractNioUnsafe.finishConnect(AbstractNioChannel.java:334)
	at io.netty.channel.nio.NioEventLoop.processSelectedKey(NioEventLoop.java:710)
	at io.netty.channel.nio.NioEventLoop.processSelectedKeysOptimized(NioEventLoop.java:658)
	at io.netty.channel.nio.NioEventLoop.processSelectedKeys(NioEventLoop.java:584)
	at io.netty.channel.nio.NioEventLoop.run(NioEventLoop.java:496)
	at io.netty.util.concurrent.SingleThreadEventExecutor$4.run(SingleThreadEventExecutor.java:997)
	at io.netty.util.internal.ThreadExecutorMap$2.run(ThreadExecutorMap.java:74)
	at io.netty.util.concurrent.FastThreadLocalRunnable.run(FastThreadLocalRunnable.java:30)
	at java.lang.Thread.run(Thread.java:750)
15:46:37 [IWT-5-10] WARN  com.iteaj.iot.client.mqtt.MqttClient - 客户端(MQTT<默认>) 断线重连 - 等待重连时间：15(s) - 远程主机 127.0.0.1:1883 - 客户端标识：mqtt_gateway_env_led
15:46:54 [IWT-5-11] ERROR com.iteaj.iot.client.mqtt.MqttClient - 客户端(MQTT<默认>) 连接服务器失败 - 远程主机 127.0.0.1:1883 - 客户端标识：mqtt_gateway_env_led
io.netty.channel.AbstractChannel$AnnotatedConnectException: Connection refused: no further information: /127.0.0.1:1883
Caused by: java.net.ConnectException: Connection refused: no further information
	at sun.nio.ch.SocketChannelImpl.checkConnect(Native Method)
	at sun.nio.ch.SocketChannelImpl.finishConnect(SocketChannelImpl.java:716)
	at io.netty.channel.socket.nio.NioSocketChannel.doFinishConnect(NioSocketChannel.java:337)
	at io.netty.channel.nio.AbstractNioChannel$AbstractNioUnsafe.finishConnect(AbstractNioChannel.java:334)
	at io.netty.channel.nio.NioEventLoop.processSelectedKey(NioEventLoop.java:710)
	at io.netty.channel.nio.NioEventLoop.processSelectedKeysOptimized(NioEventLoop.java:658)
	at io.netty.channel.nio.NioEventLoop.processSelectedKeys(NioEventLoop.java:584)
	at io.netty.channel.nio.NioEventLoop.run(NioEventLoop.java:496)
	at io.netty.util.concurrent.SingleThreadEventExecutor$4.run(SingleThreadEventExecutor.java:997)
	at io.netty.util.internal.ThreadExecutorMap$2.run(ThreadExecutorMap.java:74)
	at io.netty.util.concurrent.FastThreadLocalRunnable.run(FastThreadLocalRunnable.java:30)
	at java.lang.Thread.run(Thread.java:750)
15:46:54 [IWT-5-11] WARN  com.iteaj.iot.client.mqtt.MqttClient - 客户端(MQTT<默认>) 断线重连 - 等待重连时间：15(s) - 远程主机 127.0.0.1:1883 - 客户端标识：mqtt_gateway_env_led
15:47:11 [IWT-5-12] ERROR com.iteaj.iot.client.mqtt.MqttClient - 客户端(MQTT<默认>) 连接服务器失败 - 远程主机 127.0.0.1:1883 - 客户端标识：mqtt_gateway_env_led
io.netty.channel.AbstractChannel$AnnotatedConnectException: Connection refused: no further information: /127.0.0.1:1883
Caused by: java.net.ConnectException: Connection refused: no further information
	at sun.nio.ch.SocketChannelImpl.checkConnect(Native Method)
	at sun.nio.ch.SocketChannelImpl.finishConnect(SocketChannelImpl.java:716)
	at io.netty.channel.socket.nio.NioSocketChannel.doFinishConnect(NioSocketChannel.java:337)
	at io.netty.channel.nio.AbstractNioChannel$AbstractNioUnsafe.finishConnect(AbstractNioChannel.java:334)
	at io.netty.channel.nio.NioEventLoop.processSelectedKey(NioEventLoop.java:710)
	at io.netty.channel.nio.NioEventLoop.processSelectedKeysOptimized(NioEventLoop.java:658)
	at io.netty.channel.nio.NioEventLoop.processSelectedKeys(NioEventLoop.java:584)
	at io.netty.channel.nio.NioEventLoop.run(NioEventLoop.java:496)
	at io.netty.util.concurrent.SingleThreadEventExecutor$4.run(SingleThreadEventExecutor.java:997)
	at io.netty.util.internal.ThreadExecutorMap$2.run(ThreadExecutorMap.java:74)
	at io.netty.util.concurrent.FastThreadLocalRunnable.run(FastThreadLocalRunnable.java:30)
	at java.lang.Thread.run(Thread.java:750)
15:47:11 [IWT-5-12] WARN  com.iteaj.iot.client.mqtt.MqttClient - 客户端(MQTT<默认>) 断线重连 - 等待重连时间：15(s) - 远程主机 127.0.0.1:1883 - 客户端标识：mqtt_gateway_env_led
15:47:28 [IWT-5-13] ERROR com.iteaj.iot.client.mqtt.MqttClient - 客户端(MQTT<默认>) 连接服务器失败 - 远程主机 127.0.0.1:1883 - 客户端标识：mqtt_gateway_env_led
io.netty.channel.AbstractChannel$AnnotatedConnectException: Connection refused: no further information: /127.0.0.1:1883
Caused by: java.net.ConnectException: Connection refused: no further information
	at sun.nio.ch.SocketChannelImpl.checkConnect(Native Method)
	at sun.nio.ch.SocketChannelImpl.finishConnect(SocketChannelImpl.java:716)
	at io.netty.channel.socket.nio.NioSocketChannel.doFinishConnect(NioSocketChannel.java:337)
	at io.netty.channel.nio.AbstractNioChannel$AbstractNioUnsafe.finishConnect(AbstractNioChannel.java:334)
	at io.netty.channel.nio.NioEventLoop.processSelectedKey(NioEventLoop.java:710)
	at io.netty.channel.nio.NioEventLoop.processSelectedKeysOptimized(NioEventLoop.java:658)
	at io.netty.channel.nio.NioEventLoop.processSelectedKeys(NioEventLoop.java:584)
	at io.netty.channel.nio.NioEventLoop.run(NioEventLoop.java:496)
	at io.netty.util.concurrent.SingleThreadEventExecutor$4.run(SingleThreadEventExecutor.java:997)
	at io.netty.util.internal.ThreadExecutorMap$2.run(ThreadExecutorMap.java:74)
	at io.netty.util.concurrent.FastThreadLocalRunnable.run(FastThreadLocalRunnable.java:30)
	at java.lang.Thread.run(Thread.java:750)
15:47:28 [IWT-5-13] WARN  com.iteaj.iot.client.mqtt.MqttClient - 客户端(MQTT<默认>) 断线重连 - 等待重连时间：15(s) - 远程主机 127.0.0.1:1883 - 客户端标识：mqtt_gateway_env_led
15:47:45 [IWT-5-14] ERROR com.iteaj.iot.client.mqtt.MqttClient - 客户端(MQTT<默认>) 连接服务器失败 - 远程主机 127.0.0.1:1883 - 客户端标识：mqtt_gateway_env_led
io.netty.channel.AbstractChannel$AnnotatedConnectException: Connection refused: no further information: /127.0.0.1:1883
Caused by: java.net.ConnectException: Connection refused: no further information
	at sun.nio.ch.SocketChannelImpl.checkConnect(Native Method)
	at sun.nio.ch.SocketChannelImpl.finishConnect(SocketChannelImpl.java:716)
	at io.netty.channel.socket.nio.NioSocketChannel.doFinishConnect(NioSocketChannel.java:337)
	at io.netty.channel.nio.AbstractNioChannel$AbstractNioUnsafe.finishConnect(AbstractNioChannel.java:334)
	at io.netty.channel.nio.NioEventLoop.processSelectedKey(NioEventLoop.java:710)
	at io.netty.channel.nio.NioEventLoop.processSelectedKeysOptimized(NioEventLoop.java:658)
	at io.netty.channel.nio.NioEventLoop.processSelectedKeys(NioEventLoop.java:584)
	at io.netty.channel.nio.NioEventLoop.run(NioEventLoop.java:496)
	at io.netty.util.concurrent.SingleThreadEventExecutor$4.run(SingleThreadEventExecutor.java:997)
	at io.netty.util.internal.ThreadExecutorMap$2.run(ThreadExecutorMap.java:74)
	at io.netty.util.concurrent.FastThreadLocalRunnable.run(FastThreadLocalRunnable.java:30)
	at java.lang.Thread.run(Thread.java:750)
15:47:45 [IWT-5-14] WARN  com.iteaj.iot.client.mqtt.MqttClient - 客户端(MQTT<默认>) 断线重连 - 等待重连时间：15(s) - 远程主机 127.0.0.1:1883 - 客户端标识：mqtt_gateway_env_led
15:48:02 [IWT-5-15] ERROR com.iteaj.iot.client.mqtt.MqttClient - 客户端(MQTT<默认>) 连接服务器失败 - 远程主机 127.0.0.1:1883 - 客户端标识：mqtt_gateway_env_led
io.netty.channel.AbstractChannel$AnnotatedConnectException: Connection refused: no further information: /127.0.0.1:1883
Caused by: java.net.ConnectException: Connection refused: no further information
	at sun.nio.ch.SocketChannelImpl.checkConnect(Native Method)
	at sun.nio.ch.SocketChannelImpl.finishConnect(SocketChannelImpl.java:716)
	at io.netty.channel.socket.nio.NioSocketChannel.doFinishConnect(NioSocketChannel.java:337)
	at io.netty.channel.nio.AbstractNioChannel$AbstractNioUnsafe.finishConnect(AbstractNioChannel.java:334)
	at io.netty.channel.nio.NioEventLoop.processSelectedKey(NioEventLoop.java:710)
	at io.netty.channel.nio.NioEventLoop.processSelectedKeysOptimized(NioEventLoop.java:658)
	at io.netty.channel.nio.NioEventLoop.processSelectedKeys(NioEventLoop.java:584)
	at io.netty.channel.nio.NioEventLoop.run(NioEventLoop.java:496)
	at io.netty.util.concurrent.SingleThreadEventExecutor$4.run(SingleThreadEventExecutor.java:997)
	at io.netty.util.internal.ThreadExecutorMap$2.run(ThreadExecutorMap.java:74)
	at io.netty.util.concurrent.FastThreadLocalRunnable.run(FastThreadLocalRunnable.java:30)
	at java.lang.Thread.run(Thread.java:750)
15:48:02 [IWT-5-15] WARN  com.iteaj.iot.client.mqtt.MqttClient - 客户端(MQTT<默认>) 断线重连 - 等待重连时间：15(s) - 远程主机 127.0.0.1:1883 - 客户端标识：mqtt_gateway_env_led
15:48:19 [IWT-5-16] ERROR com.iteaj.iot.client.mqtt.MqttClient - 客户端(MQTT<默认>) 连接服务器失败 - 远程主机 127.0.0.1:1883 - 客户端标识：mqtt_gateway_env_led
io.netty.channel.AbstractChannel$AnnotatedConnectException: Connection refused: no further information: /127.0.0.1:1883
Caused by: java.net.ConnectException: Connection refused: no further information
	at sun.nio.ch.SocketChannelImpl.checkConnect(Native Method)
	at sun.nio.ch.SocketChannelImpl.finishConnect(SocketChannelImpl.java:716)
	at io.netty.channel.socket.nio.NioSocketChannel.doFinishConnect(NioSocketChannel.java:337)
	at io.netty.channel.nio.AbstractNioChannel$AbstractNioUnsafe.finishConnect(AbstractNioChannel.java:334)
	at io.netty.channel.nio.NioEventLoop.processSelectedKey(NioEventLoop.java:710)
	at io.netty.channel.nio.NioEventLoop.processSelectedKeysOptimized(NioEventLoop.java:658)
	at io.netty.channel.nio.NioEventLoop.processSelectedKeys(NioEventLoop.java:584)
	at io.netty.channel.nio.NioEventLoop.run(NioEventLoop.java:496)
	at io.netty.util.concurrent.SingleThreadEventExecutor$4.run(SingleThreadEventExecutor.java:997)
	at io.netty.util.internal.ThreadExecutorMap$2.run(ThreadExecutorMap.java:74)
	at io.netty.util.concurrent.FastThreadLocalRunnable.run(FastThreadLocalRunnable.java:30)
	at java.lang.Thread.run(Thread.java:750)
15:48:19 [IWT-5-16] WARN  com.iteaj.iot.client.mqtt.MqttClient - 客户端(MQTT<默认>) 断线重连 - 等待重连时间：15(s) - 远程主机 127.0.0.1:1883 - 客户端标识：mqtt_gateway_env_led
15:48:37 [IWT-5-1] ERROR com.iteaj.iot.client.mqtt.MqttClient - 客户端(MQTT<默认>) 连接服务器失败 - 远程主机 127.0.0.1:1883 - 客户端标识：mqtt_gateway_env_led
io.netty.channel.AbstractChannel$AnnotatedConnectException: Connection refused: no further information: /127.0.0.1:1883
Caused by: java.net.ConnectException: Connection refused: no further information
	at sun.nio.ch.SocketChannelImpl.checkConnect(Native Method)
	at sun.nio.ch.SocketChannelImpl.finishConnect(SocketChannelImpl.java:716)
	at io.netty.channel.socket.nio.NioSocketChannel.doFinishConnect(NioSocketChannel.java:337)
	at io.netty.channel.nio.AbstractNioChannel$AbstractNioUnsafe.finishConnect(AbstractNioChannel.java:334)
	at io.netty.channel.nio.NioEventLoop.processSelectedKey(NioEventLoop.java:710)
	at io.netty.channel.nio.NioEventLoop.processSelectedKeysOptimized(NioEventLoop.java:658)
	at io.netty.channel.nio.NioEventLoop.processSelectedKeys(NioEventLoop.java:584)
	at io.netty.channel.nio.NioEventLoop.run(NioEventLoop.java:496)
	at io.netty.util.concurrent.SingleThreadEventExecutor$4.run(SingleThreadEventExecutor.java:997)
	at io.netty.util.internal.ThreadExecutorMap$2.run(ThreadExecutorMap.java:74)
	at io.netty.util.concurrent.FastThreadLocalRunnable.run(FastThreadLocalRunnable.java:30)
	at java.lang.Thread.run(Thread.java:750)
15:48:37 [IWT-5-1] WARN  com.iteaj.iot.client.mqtt.MqttClient - 客户端(MQTT<默认>) 断线重连 - 等待重连时间：15(s) - 远程主机 127.0.0.1:1883 - 客户端标识：mqtt_gateway_env_led
15:48:54 [IWT-5-2] ERROR com.iteaj.iot.client.mqtt.MqttClient - 客户端(MQTT<默认>) 连接服务器失败 - 远程主机 127.0.0.1:1883 - 客户端标识：mqtt_gateway_env_led
io.netty.channel.AbstractChannel$AnnotatedConnectException: Connection refused: no further information: /127.0.0.1:1883
Caused by: java.net.ConnectException: Connection refused: no further information
	at sun.nio.ch.SocketChannelImpl.checkConnect(Native Method)
	at sun.nio.ch.SocketChannelImpl.finishConnect(SocketChannelImpl.java:716)
	at io.netty.channel.socket.nio.NioSocketChannel.doFinishConnect(NioSocketChannel.java:337)
	at io.netty.channel.nio.AbstractNioChannel$AbstractNioUnsafe.finishConnect(AbstractNioChannel.java:334)
	at io.netty.channel.nio.NioEventLoop.processSelectedKey(NioEventLoop.java:710)
	at io.netty.channel.nio.NioEventLoop.processSelectedKeysOptimized(NioEventLoop.java:658)
	at io.netty.channel.nio.NioEventLoop.processSelectedKeys(NioEventLoop.java:584)
	at io.netty.channel.nio.NioEventLoop.run(NioEventLoop.java:496)
	at io.netty.util.concurrent.SingleThreadEventExecutor$4.run(SingleThreadEventExecutor.java:997)
	at io.netty.util.internal.ThreadExecutorMap$2.run(ThreadExecutorMap.java:74)
	at io.netty.util.concurrent.FastThreadLocalRunnable.run(FastThreadLocalRunnable.java:30)
	at java.lang.Thread.run(Thread.java:750)
15:48:54 [IWT-5-2] WARN  com.iteaj.iot.client.mqtt.MqttClient - 客户端(MQTT<默认>) 断线重连 - 等待重连时间：15(s) - 远程主机 127.0.0.1:1883 - 客户端标识：mqtt_gateway_env_led
15:49:11 [IWT-5-3] ERROR com.iteaj.iot.client.mqtt.MqttClient - 客户端(MQTT<默认>) 连接服务器失败 - 远程主机 127.0.0.1:1883 - 客户端标识：mqtt_gateway_env_led
io.netty.channel.AbstractChannel$AnnotatedConnectException: Connection refused: no further information: /127.0.0.1:1883
Caused by: java.net.ConnectException: Connection refused: no further information
	at sun.nio.ch.SocketChannelImpl.checkConnect(Native Method)
	at sun.nio.ch.SocketChannelImpl.finishConnect(SocketChannelImpl.java:716)
	at io.netty.channel.socket.nio.NioSocketChannel.doFinishConnect(NioSocketChannel.java:337)
	at io.netty.channel.nio.AbstractNioChannel$AbstractNioUnsafe.finishConnect(AbstractNioChannel.java:334)
	at io.netty.channel.nio.NioEventLoop.processSelectedKey(NioEventLoop.java:710)
	at io.netty.channel.nio.NioEventLoop.processSelectedKeysOptimized(NioEventLoop.java:658)
	at io.netty.channel.nio.NioEventLoop.processSelectedKeys(NioEventLoop.java:584)
	at io.netty.channel.nio.NioEventLoop.run(NioEventLoop.java:496)
	at io.netty.util.concurrent.SingleThreadEventExecutor$4.run(SingleThreadEventExecutor.java:997)
	at io.netty.util.internal.ThreadExecutorMap$2.run(ThreadExecutorMap.java:74)
	at io.netty.util.concurrent.FastThreadLocalRunnable.run(FastThreadLocalRunnable.java:30)
	at java.lang.Thread.run(Thread.java:750)
15:49:11 [IWT-5-3] WARN  com.iteaj.iot.client.mqtt.MqttClient - 客户端(MQTT<默认>) 断线重连 - 等待重连时间：15(s) - 远程主机 127.0.0.1:1883 - 客户端标识：mqtt_gateway_env_led
15:49:28 [IWT-5-4] ERROR com.iteaj.iot.client.mqtt.MqttClient - 客户端(MQTT<默认>) 连接服务器失败 - 远程主机 127.0.0.1:1883 - 客户端标识：mqtt_gateway_env_led
io.netty.channel.AbstractChannel$AnnotatedConnectException: Connection refused: no further information: /127.0.0.1:1883
Caused by: java.net.ConnectException: Connection refused: no further information
	at sun.nio.ch.SocketChannelImpl.checkConnect(Native Method)
	at sun.nio.ch.SocketChannelImpl.finishConnect(SocketChannelImpl.java:716)
	at io.netty.channel.socket.nio.NioSocketChannel.doFinishConnect(NioSocketChannel.java:337)
	at io.netty.channel.nio.AbstractNioChannel$AbstractNioUnsafe.finishConnect(AbstractNioChannel.java:334)
	at io.netty.channel.nio.NioEventLoop.processSelectedKey(NioEventLoop.java:710)
	at io.netty.channel.nio.NioEventLoop.processSelectedKeysOptimized(NioEventLoop.java:658)
	at io.netty.channel.nio.NioEventLoop.processSelectedKeys(NioEventLoop.java:584)
	at io.netty.channel.nio.NioEventLoop.run(NioEventLoop.java:496)
	at io.netty.util.concurrent.SingleThreadEventExecutor$4.run(SingleThreadEventExecutor.java:997)
	at io.netty.util.internal.ThreadExecutorMap$2.run(ThreadExecutorMap.java:74)
	at io.netty.util.concurrent.FastThreadLocalRunnable.run(FastThreadLocalRunnable.java:30)
	at java.lang.Thread.run(Thread.java:750)
15:49:28 [IWT-5-4] WARN  com.iteaj.iot.client.mqtt.MqttClient - 客户端(MQTT<默认>) 断线重连 - 等待重连时间：15(s) - 远程主机 127.0.0.1:1883 - 客户端标识：mqtt_gateway_env_led
15:49:45 [IWT-5-5] ERROR com.iteaj.iot.client.mqtt.MqttClient - 客户端(MQTT<默认>) 连接服务器失败 - 远程主机 127.0.0.1:1883 - 客户端标识：mqtt_gateway_env_led
io.netty.channel.AbstractChannel$AnnotatedConnectException: Connection refused: no further information: /127.0.0.1:1883
Caused by: java.net.ConnectException: Connection refused: no further information
	at sun.nio.ch.SocketChannelImpl.checkConnect(Native Method)
	at sun.nio.ch.SocketChannelImpl.finishConnect(SocketChannelImpl.java:716)
	at io.netty.channel.socket.nio.NioSocketChannel.doFinishConnect(NioSocketChannel.java:337)
	at io.netty.channel.nio.AbstractNioChannel$AbstractNioUnsafe.finishConnect(AbstractNioChannel.java:334)
	at io.netty.channel.nio.NioEventLoop.processSelectedKey(NioEventLoop.java:710)
	at io.netty.channel.nio.NioEventLoop.processSelectedKeysOptimized(NioEventLoop.java:658)
	at io.netty.channel.nio.NioEventLoop.processSelectedKeys(NioEventLoop.java:584)
	at io.netty.channel.nio.NioEventLoop.run(NioEventLoop.java:496)
	at io.netty.util.concurrent.SingleThreadEventExecutor$4.run(SingleThreadEventExecutor.java:997)
	at io.netty.util.internal.ThreadExecutorMap$2.run(ThreadExecutorMap.java:74)
	at io.netty.util.concurrent.FastThreadLocalRunnable.run(FastThreadLocalRunnable.java:30)
	at java.lang.Thread.run(Thread.java:750)
15:49:45 [IWT-5-5] WARN  com.iteaj.iot.client.mqtt.MqttClient - 客户端(MQTT<默认>) 断线重连 - 等待重连时间：15(s) - 远程主机 127.0.0.1:1883 - 客户端标识：mqtt_gateway_env_led
15:50:02 [IWT-5-6] ERROR com.iteaj.iot.client.mqtt.MqttClient - 客户端(MQTT<默认>) 连接服务器失败 - 远程主机 127.0.0.1:1883 - 客户端标识：mqtt_gateway_env_led
io.netty.channel.AbstractChannel$AnnotatedConnectException: Connection refused: no further information: /127.0.0.1:1883
Caused by: java.net.ConnectException: Connection refused: no further information
	at sun.nio.ch.SocketChannelImpl.checkConnect(Native Method)
	at sun.nio.ch.SocketChannelImpl.finishConnect(SocketChannelImpl.java:716)
	at io.netty.channel.socket.nio.NioSocketChannel.doFinishConnect(NioSocketChannel.java:337)
	at io.netty.channel.nio.AbstractNioChannel$AbstractNioUnsafe.finishConnect(AbstractNioChannel.java:334)
	at io.netty.channel.nio.NioEventLoop.processSelectedKey(NioEventLoop.java:710)
	at io.netty.channel.nio.NioEventLoop.processSelectedKeysOptimized(NioEventLoop.java:658)
	at io.netty.channel.nio.NioEventLoop.processSelectedKeys(NioEventLoop.java:584)
	at io.netty.channel.nio.NioEventLoop.run(NioEventLoop.java:496)
	at io.netty.util.concurrent.SingleThreadEventExecutor$4.run(SingleThreadEventExecutor.java:997)
	at io.netty.util.internal.ThreadExecutorMap$2.run(ThreadExecutorMap.java:74)
	at io.netty.util.concurrent.FastThreadLocalRunnable.run(FastThreadLocalRunnable.java:30)
	at java.lang.Thread.run(Thread.java:750)
15:50:02 [IWT-5-6] WARN  com.iteaj.iot.client.mqtt.MqttClient - 客户端(MQTT<默认>) 断线重连 - 等待重连时间：15(s) - 远程主机 127.0.0.1:1883 - 客户端标识：mqtt_gateway_env_led
15:50:19 [IWT-5-7] ERROR com.iteaj.iot.client.mqtt.MqttClient - 客户端(MQTT<默认>) 连接服务器失败 - 远程主机 127.0.0.1:1883 - 客户端标识：mqtt_gateway_env_led
io.netty.channel.AbstractChannel$AnnotatedConnectException: Connection refused: no further information: /127.0.0.1:1883
Caused by: java.net.ConnectException: Connection refused: no further information
	at sun.nio.ch.SocketChannelImpl.checkConnect(Native Method)
	at sun.nio.ch.SocketChannelImpl.finishConnect(SocketChannelImpl.java:716)
	at io.netty.channel.socket.nio.NioSocketChannel.doFinishConnect(NioSocketChannel.java:337)
	at io.netty.channel.nio.AbstractNioChannel$AbstractNioUnsafe.finishConnect(AbstractNioChannel.java:334)
	at io.netty.channel.nio.NioEventLoop.processSelectedKey(NioEventLoop.java:710)
	at io.netty.channel.nio.NioEventLoop.processSelectedKeysOptimized(NioEventLoop.java:658)
	at io.netty.channel.nio.NioEventLoop.processSelectedKeys(NioEventLoop.java:584)
	at io.netty.channel.nio.NioEventLoop.run(NioEventLoop.java:496)
	at io.netty.util.concurrent.SingleThreadEventExecutor$4.run(SingleThreadEventExecutor.java:997)
	at io.netty.util.internal.ThreadExecutorMap$2.run(ThreadExecutorMap.java:74)
	at io.netty.util.concurrent.FastThreadLocalRunnable.run(FastThreadLocalRunnable.java:30)
	at java.lang.Thread.run(Thread.java:750)
15:50:19 [IWT-5-7] WARN  com.iteaj.iot.client.mqtt.MqttClient - 客户端(MQTT<默认>) 断线重连 - 等待重连时间：15(s) - 远程主机 127.0.0.1:1883 - 客户端标识：mqtt_gateway_env_led
15:50:36 [IWT-5-8] ERROR com.iteaj.iot.client.mqtt.MqttClient - 客户端(MQTT<默认>) 连接服务器失败 - 远程主机 127.0.0.1:1883 - 客户端标识：mqtt_gateway_env_led
io.netty.channel.AbstractChannel$AnnotatedConnectException: Connection refused: no further information: /127.0.0.1:1883
Caused by: java.net.ConnectException: Connection refused: no further information
	at sun.nio.ch.SocketChannelImpl.checkConnect(Native Method)
	at sun.nio.ch.SocketChannelImpl.finishConnect(SocketChannelImpl.java:716)
	at io.netty.channel.socket.nio.NioSocketChannel.doFinishConnect(NioSocketChannel.java:337)
	at io.netty.channel.nio.AbstractNioChannel$AbstractNioUnsafe.finishConnect(AbstractNioChannel.java:334)
	at io.netty.channel.nio.NioEventLoop.processSelectedKey(NioEventLoop.java:710)
	at io.netty.channel.nio.NioEventLoop.processSelectedKeysOptimized(NioEventLoop.java:658)
	at io.netty.channel.nio.NioEventLoop.processSelectedKeys(NioEventLoop.java:584)
	at io.netty.channel.nio.NioEventLoop.run(NioEventLoop.java:496)
	at io.netty.util.concurrent.SingleThreadEventExecutor$4.run(SingleThreadEventExecutor.java:997)
	at io.netty.util.internal.ThreadExecutorMap$2.run(ThreadExecutorMap.java:74)
	at io.netty.util.concurrent.FastThreadLocalRunnable.run(FastThreadLocalRunnable.java:30)
	at java.lang.Thread.run(Thread.java:750)
15:50:36 [IWT-5-8] WARN  com.iteaj.iot.client.mqtt.MqttClient - 客户端(MQTT<默认>) 断线重连 - 等待重连时间：15(s) - 远程主机 127.0.0.1:1883 - 客户端标识：mqtt_gateway_env_led
15:50:53 [IWT-5-9] ERROR com.iteaj.iot.client.mqtt.MqttClient - 客户端(MQTT<默认>) 连接服务器失败 - 远程主机 127.0.0.1:1883 - 客户端标识：mqtt_gateway_env_led
io.netty.channel.AbstractChannel$AnnotatedConnectException: Connection refused: no further information: /127.0.0.1:1883
Caused by: java.net.ConnectException: Connection refused: no further information
	at sun.nio.ch.SocketChannelImpl.checkConnect(Native Method)
	at sun.nio.ch.SocketChannelImpl.finishConnect(SocketChannelImpl.java:716)
	at io.netty.channel.socket.nio.NioSocketChannel.doFinishConnect(NioSocketChannel.java:337)
	at io.netty.channel.nio.AbstractNioChannel$AbstractNioUnsafe.finishConnect(AbstractNioChannel.java:334)
	at io.netty.channel.nio.NioEventLoop.processSelectedKey(NioEventLoop.java:710)
	at io.netty.channel.nio.NioEventLoop.processSelectedKeysOptimized(NioEventLoop.java:658)
	at io.netty.channel.nio.NioEventLoop.processSelectedKeys(NioEventLoop.java:584)
	at io.netty.channel.nio.NioEventLoop.run(NioEventLoop.java:496)
	at io.netty.util.concurrent.SingleThreadEventExecutor$4.run(SingleThreadEventExecutor.java:997)
	at io.netty.util.internal.ThreadExecutorMap$2.run(ThreadExecutorMap.java:74)
	at io.netty.util.concurrent.FastThreadLocalRunnable.run(FastThreadLocalRunnable.java:30)
	at java.lang.Thread.run(Thread.java:750)
15:50:53 [IWT-5-9] WARN  com.iteaj.iot.client.mqtt.MqttClient - 客户端(MQTT<默认>) 断线重连 - 等待重连时间：15(s) - 远程主机 127.0.0.1:1883 - 客户端标识：mqtt_gateway_env_led
15:51:10 [IWT-5-10] ERROR com.iteaj.iot.client.mqtt.MqttClient - 客户端(MQTT<默认>) 连接服务器失败 - 远程主机 127.0.0.1:1883 - 客户端标识：mqtt_gateway_env_led
io.netty.channel.AbstractChannel$AnnotatedConnectException: Connection refused: no further information: /127.0.0.1:1883
Caused by: java.net.ConnectException: Connection refused: no further information
	at sun.nio.ch.SocketChannelImpl.checkConnect(Native Method)
	at sun.nio.ch.SocketChannelImpl.finishConnect(SocketChannelImpl.java:716)
	at io.netty.channel.socket.nio.NioSocketChannel.doFinishConnect(NioSocketChannel.java:337)
	at io.netty.channel.nio.AbstractNioChannel$AbstractNioUnsafe.finishConnect(AbstractNioChannel.java:334)
	at io.netty.channel.nio.NioEventLoop.processSelectedKey(NioEventLoop.java:710)
	at io.netty.channel.nio.NioEventLoop.processSelectedKeysOptimized(NioEventLoop.java:658)
	at io.netty.channel.nio.NioEventLoop.processSelectedKeys(NioEventLoop.java:584)
	at io.netty.channel.nio.NioEventLoop.run(NioEventLoop.java:496)
	at io.netty.util.concurrent.SingleThreadEventExecutor$4.run(SingleThreadEventExecutor.java:997)
	at io.netty.util.internal.ThreadExecutorMap$2.run(ThreadExecutorMap.java:74)
	at io.netty.util.concurrent.FastThreadLocalRunnable.run(FastThreadLocalRunnable.java:30)
	at java.lang.Thread.run(Thread.java:750)
15:51:10 [IWT-5-10] WARN  com.iteaj.iot.client.mqtt.MqttClient - 客户端(MQTT<默认>) 断线重连 - 等待重连时间：15(s) - 远程主机 127.0.0.1:1883 - 客户端标识：mqtt_gateway_env_led
15:51:27 [IWT-5-11] ERROR com.iteaj.iot.client.mqtt.MqttClient - 客户端(MQTT<默认>) 连接服务器失败 - 远程主机 127.0.0.1:1883 - 客户端标识：mqtt_gateway_env_led
io.netty.channel.AbstractChannel$AnnotatedConnectException: Connection refused: no further information: /127.0.0.1:1883
Caused by: java.net.ConnectException: Connection refused: no further information
	at sun.nio.ch.SocketChannelImpl.checkConnect(Native Method)
	at sun.nio.ch.SocketChannelImpl.finishConnect(SocketChannelImpl.java:716)
	at io.netty.channel.socket.nio.NioSocketChannel.doFinishConnect(NioSocketChannel.java:337)
	at io.netty.channel.nio.AbstractNioChannel$AbstractNioUnsafe.finishConnect(AbstractNioChannel.java:334)
	at io.netty.channel.nio.NioEventLoop.processSelectedKey(NioEventLoop.java:710)
	at io.netty.channel.nio.NioEventLoop.processSelectedKeysOptimized(NioEventLoop.java:658)
	at io.netty.channel.nio.NioEventLoop.processSelectedKeys(NioEventLoop.java:584)
	at io.netty.channel.nio.NioEventLoop.run(NioEventLoop.java:496)
	at io.netty.util.concurrent.SingleThreadEventExecutor$4.run(SingleThreadEventExecutor.java:997)
	at io.netty.util.internal.ThreadExecutorMap$2.run(ThreadExecutorMap.java:74)
	at io.netty.util.concurrent.FastThreadLocalRunnable.run(FastThreadLocalRunnable.java:30)
	at java.lang.Thread.run(Thread.java:750)
15:51:27 [IWT-5-11] WARN  com.iteaj.iot.client.mqtt.MqttClient - 客户端(MQTT<默认>) 断线重连 - 等待重连时间：15(s) - 远程主机 127.0.0.1:1883 - 客户端标识：mqtt_gateway_env_led
15:51:44 [IWT-5-12] ERROR com.iteaj.iot.client.mqtt.MqttClient - 客户端(MQTT<默认>) 连接服务器失败 - 远程主机 127.0.0.1:1883 - 客户端标识：mqtt_gateway_env_led
io.netty.channel.AbstractChannel$AnnotatedConnectException: Connection refused: no further information: /127.0.0.1:1883
Caused by: java.net.ConnectException: Connection refused: no further information
	at sun.nio.ch.SocketChannelImpl.checkConnect(Native Method)
	at sun.nio.ch.SocketChannelImpl.finishConnect(SocketChannelImpl.java:716)
	at io.netty.channel.socket.nio.NioSocketChannel.doFinishConnect(NioSocketChannel.java:337)
	at io.netty.channel.nio.AbstractNioChannel$AbstractNioUnsafe.finishConnect(AbstractNioChannel.java:334)
	at io.netty.channel.nio.NioEventLoop.processSelectedKey(NioEventLoop.java:710)
	at io.netty.channel.nio.NioEventLoop.processSelectedKeysOptimized(NioEventLoop.java:658)
	at io.netty.channel.nio.NioEventLoop.processSelectedKeys(NioEventLoop.java:584)
	at io.netty.channel.nio.NioEventLoop.run(NioEventLoop.java:496)
	at io.netty.util.concurrent.SingleThreadEventExecutor$4.run(SingleThreadEventExecutor.java:997)
	at io.netty.util.internal.ThreadExecutorMap$2.run(ThreadExecutorMap.java:74)
	at io.netty.util.concurrent.FastThreadLocalRunnable.run(FastThreadLocalRunnable.java:30)
	at java.lang.Thread.run(Thread.java:750)
15:51:44 [IWT-5-12] WARN  com.iteaj.iot.client.mqtt.MqttClient - 客户端(MQTT<默认>) 断线重连 - 等待重连时间：15(s) - 远程主机 127.0.0.1:1883 - 客户端标识：mqtt_gateway_env_led
15:52:02 [IWT-5-13] ERROR com.iteaj.iot.client.mqtt.MqttClient - 客户端(MQTT<默认>) 连接服务器失败 - 远程主机 127.0.0.1:1883 - 客户端标识：mqtt_gateway_env_led
io.netty.channel.AbstractChannel$AnnotatedConnectException: Connection refused: no further information: /127.0.0.1:1883
Caused by: java.net.ConnectException: Connection refused: no further information
	at sun.nio.ch.SocketChannelImpl.checkConnect(Native Method)
	at sun.nio.ch.SocketChannelImpl.finishConnect(SocketChannelImpl.java:716)
	at io.netty.channel.socket.nio.NioSocketChannel.doFinishConnect(NioSocketChannel.java:337)
	at io.netty.channel.nio.AbstractNioChannel$AbstractNioUnsafe.finishConnect(AbstractNioChannel.java:334)
	at io.netty.channel.nio.NioEventLoop.processSelectedKey(NioEventLoop.java:710)
	at io.netty.channel.nio.NioEventLoop.processSelectedKeysOptimized(NioEventLoop.java:658)
	at io.netty.channel.nio.NioEventLoop.processSelectedKeys(NioEventLoop.java:584)
	at io.netty.channel.nio.NioEventLoop.run(NioEventLoop.java:496)
	at io.netty.util.concurrent.SingleThreadEventExecutor$4.run(SingleThreadEventExecutor.java:997)
	at io.netty.util.internal.ThreadExecutorMap$2.run(ThreadExecutorMap.java:74)
	at io.netty.util.concurrent.FastThreadLocalRunnable.run(FastThreadLocalRunnable.java:30)
	at java.lang.Thread.run(Thread.java:750)
15:52:02 [IWT-5-13] WARN  com.iteaj.iot.client.mqtt.MqttClient - 客户端(MQTT<默认>) 断线重连 - 等待重连时间：15(s) - 远程主机 127.0.0.1:1883 - 客户端标识：mqtt_gateway_env_led
15:52:19 [IWT-5-14] ERROR com.iteaj.iot.client.mqtt.MqttClient - 客户端(MQTT<默认>) 连接服务器失败 - 远程主机 127.0.0.1:1883 - 客户端标识：mqtt_gateway_env_led
io.netty.channel.AbstractChannel$AnnotatedConnectException: Connection refused: no further information: /127.0.0.1:1883
Caused by: java.net.ConnectException: Connection refused: no further information
	at sun.nio.ch.SocketChannelImpl.checkConnect(Native Method)
	at sun.nio.ch.SocketChannelImpl.finishConnect(SocketChannelImpl.java:716)
	at io.netty.channel.socket.nio.NioSocketChannel.doFinishConnect(NioSocketChannel.java:337)
	at io.netty.channel.nio.AbstractNioChannel$AbstractNioUnsafe.finishConnect(AbstractNioChannel.java:334)
	at io.netty.channel.nio.NioEventLoop.processSelectedKey(NioEventLoop.java:710)
	at io.netty.channel.nio.NioEventLoop.processSelectedKeysOptimized(NioEventLoop.java:658)
	at io.netty.channel.nio.NioEventLoop.processSelectedKeys(NioEventLoop.java:584)
	at io.netty.channel.nio.NioEventLoop.run(NioEventLoop.java:496)
	at io.netty.util.concurrent.SingleThreadEventExecutor$4.run(SingleThreadEventExecutor.java:997)
	at io.netty.util.internal.ThreadExecutorMap$2.run(ThreadExecutorMap.java:74)
	at io.netty.util.concurrent.FastThreadLocalRunnable.run(FastThreadLocalRunnable.java:30)
	at java.lang.Thread.run(Thread.java:750)
15:52:19 [IWT-5-14] WARN  com.iteaj.iot.client.mqtt.MqttClient - 客户端(MQTT<默认>) 断线重连 - 等待重连时间：15(s) - 远程主机 127.0.0.1:1883 - 客户端标识：mqtt_gateway_env_led
15:52:36 [IWT-5-15] ERROR com.iteaj.iot.client.mqtt.MqttClient - 客户端(MQTT<默认>) 连接服务器失败 - 远程主机 127.0.0.1:1883 - 客户端标识：mqtt_gateway_env_led
io.netty.channel.AbstractChannel$AnnotatedConnectException: Connection refused: no further information: /127.0.0.1:1883
Caused by: java.net.ConnectException: Connection refused: no further information
	at sun.nio.ch.SocketChannelImpl.checkConnect(Native Method)
	at sun.nio.ch.SocketChannelImpl.finishConnect(SocketChannelImpl.java:716)
	at io.netty.channel.socket.nio.NioSocketChannel.doFinishConnect(NioSocketChannel.java:337)
	at io.netty.channel.nio.AbstractNioChannel$AbstractNioUnsafe.finishConnect(AbstractNioChannel.java:334)
	at io.netty.channel.nio.NioEventLoop.processSelectedKey(NioEventLoop.java:710)
	at io.netty.channel.nio.NioEventLoop.processSelectedKeysOptimized(NioEventLoop.java:658)
	at io.netty.channel.nio.NioEventLoop.processSelectedKeys(NioEventLoop.java:584)
	at io.netty.channel.nio.NioEventLoop.run(NioEventLoop.java:496)
	at io.netty.util.concurrent.SingleThreadEventExecutor$4.run(SingleThreadEventExecutor.java:997)
	at io.netty.util.internal.ThreadExecutorMap$2.run(ThreadExecutorMap.java:74)
	at io.netty.util.concurrent.FastThreadLocalRunnable.run(FastThreadLocalRunnable.java:30)
	at java.lang.Thread.run(Thread.java:750)
15:52:36 [IWT-5-15] WARN  com.iteaj.iot.client.mqtt.MqttClient - 客户端(MQTT<默认>) 断线重连 - 等待重连时间：15(s) - 远程主机 127.0.0.1:1883 - 客户端标识：mqtt_gateway_env_led
17:09:17 [IWT-5-16] ERROR com.iteaj.iot.client.mqtt.MqttClient - 客户端(MQTT<默认>) 连接服务器失败 - 远程主机 127.0.0.1:1883 - 客户端标识：mqtt_gateway_env_led
io.netty.channel.AbstractChannel$AnnotatedConnectException: Connection refused: no further information: /127.0.0.1:1883
Caused by: java.net.ConnectException: Connection refused: no further information
	at sun.nio.ch.SocketChannelImpl.checkConnect(Native Method)
	at sun.nio.ch.SocketChannelImpl.finishConnect(SocketChannelImpl.java:716)
	at io.netty.channel.socket.nio.NioSocketChannel.doFinishConnect(NioSocketChannel.java:337)
	at io.netty.channel.nio.AbstractNioChannel$AbstractNioUnsafe.finishConnect(AbstractNioChannel.java:334)
	at io.netty.channel.nio.NioEventLoop.processSelectedKey(NioEventLoop.java:710)
	at io.netty.channel.nio.NioEventLoop.processSelectedKeysOptimized(NioEventLoop.java:658)
	at io.netty.channel.nio.NioEventLoop.processSelectedKeys(NioEventLoop.java:584)
	at io.netty.channel.nio.NioEventLoop.run(NioEventLoop.java:496)
	at io.netty.util.concurrent.SingleThreadEventExecutor$4.run(SingleThreadEventExecutor.java:997)
	at io.netty.util.internal.ThreadExecutorMap$2.run(ThreadExecutorMap.java:74)
	at io.netty.util.concurrent.FastThreadLocalRunnable.run(FastThreadLocalRunnable.java:30)
	at java.lang.Thread.run(Thread.java:750)
17:09:19 [IWT-5-16] WARN  com.iteaj.iot.client.mqtt.MqttClient - 客户端(MQTT<默认>) 断线重连 - 等待重连时间：15(s) - 远程主机 127.0.0.1:1883 - 客户端标识：mqtt_gateway_env_led
17:09:37 [IWT-5-1] ERROR com.iteaj.iot.client.mqtt.MqttClient - 客户端(MQTT<默认>) 连接服务器失败 - 远程主机 127.0.0.1:1883 - 客户端标识：mqtt_gateway_env_led
io.netty.channel.AbstractChannel$AnnotatedConnectException: Connection refused: no further information: /127.0.0.1:1883
Caused by: java.net.ConnectException: Connection refused: no further information
	at sun.nio.ch.SocketChannelImpl.checkConnect(Native Method)
	at sun.nio.ch.SocketChannelImpl.finishConnect(SocketChannelImpl.java:716)
	at io.netty.channel.socket.nio.NioSocketChannel.doFinishConnect(NioSocketChannel.java:337)
	at io.netty.channel.nio.AbstractNioChannel$AbstractNioUnsafe.finishConnect(AbstractNioChannel.java:334)
	at io.netty.channel.nio.NioEventLoop.processSelectedKey(NioEventLoop.java:710)
	at io.netty.channel.nio.NioEventLoop.processSelectedKeysOptimized(NioEventLoop.java:658)
	at io.netty.channel.nio.NioEventLoop.processSelectedKeys(NioEventLoop.java:584)
	at io.netty.channel.nio.NioEventLoop.run(NioEventLoop.java:496)
	at io.netty.util.concurrent.SingleThreadEventExecutor$4.run(SingleThreadEventExecutor.java:997)
	at io.netty.util.internal.ThreadExecutorMap$2.run(ThreadExecutorMap.java:74)
	at io.netty.util.concurrent.FastThreadLocalRunnable.run(FastThreadLocalRunnable.java:30)
	at java.lang.Thread.run(Thread.java:750)
17:09:37 [IWT-5-1] WARN  com.iteaj.iot.client.mqtt.MqttClient - 客户端(MQTT<默认>) 断线重连 - 等待重连时间：15(s) - 远程主机 127.0.0.1:1883 - 客户端标识：mqtt_gateway_env_led
17:09:54 [IWT-5-2] ERROR com.iteaj.iot.client.mqtt.MqttClient - 客户端(MQTT<默认>) 连接服务器失败 - 远程主机 127.0.0.1:1883 - 客户端标识：mqtt_gateway_env_led
io.netty.channel.AbstractChannel$AnnotatedConnectException: Connection refused: no further information: /127.0.0.1:1883
Caused by: java.net.ConnectException: Connection refused: no further information
	at sun.nio.ch.SocketChannelImpl.checkConnect(Native Method)
	at sun.nio.ch.SocketChannelImpl.finishConnect(SocketChannelImpl.java:716)
	at io.netty.channel.socket.nio.NioSocketChannel.doFinishConnect(NioSocketChannel.java:337)
	at io.netty.channel.nio.AbstractNioChannel$AbstractNioUnsafe.finishConnect(AbstractNioChannel.java:334)
	at io.netty.channel.nio.NioEventLoop.processSelectedKey(NioEventLoop.java:710)
	at io.netty.channel.nio.NioEventLoop.processSelectedKeysOptimized(NioEventLoop.java:658)
	at io.netty.channel.nio.NioEventLoop.processSelectedKeys(NioEventLoop.java:584)
	at io.netty.channel.nio.NioEventLoop.run(NioEventLoop.java:496)
	at io.netty.util.concurrent.SingleThreadEventExecutor$4.run(SingleThreadEventExecutor.java:997)
	at io.netty.util.internal.ThreadExecutorMap$2.run(ThreadExecutorMap.java:74)
	at io.netty.util.concurrent.FastThreadLocalRunnable.run(FastThreadLocalRunnable.java:30)
	at java.lang.Thread.run(Thread.java:750)
17:09:54 [IWT-5-2] WARN  com.iteaj.iot.client.mqtt.MqttClient - 客户端(MQTT<默认>) 断线重连 - 等待重连时间：15(s) - 远程主机 127.0.0.1:1883 - 客户端标识：mqtt_gateway_env_led
17:10:11 [IWT-5-3] ERROR com.iteaj.iot.client.mqtt.MqttClient - 客户端(MQTT<默认>) 连接服务器失败 - 远程主机 127.0.0.1:1883 - 客户端标识：mqtt_gateway_env_led
io.netty.channel.AbstractChannel$AnnotatedConnectException: Connection refused: no further information: /127.0.0.1:1883
Caused by: java.net.ConnectException: Connection refused: no further information
	at sun.nio.ch.SocketChannelImpl.checkConnect(Native Method)
	at sun.nio.ch.SocketChannelImpl.finishConnect(SocketChannelImpl.java:716)
	at io.netty.channel.socket.nio.NioSocketChannel.doFinishConnect(NioSocketChannel.java:337)
	at io.netty.channel.nio.AbstractNioChannel$AbstractNioUnsafe.finishConnect(AbstractNioChannel.java:334)
	at io.netty.channel.nio.NioEventLoop.processSelectedKey(NioEventLoop.java:710)
	at io.netty.channel.nio.NioEventLoop.processSelectedKeysOptimized(NioEventLoop.java:658)
	at io.netty.channel.nio.NioEventLoop.processSelectedKeys(NioEventLoop.java:584)
	at io.netty.channel.nio.NioEventLoop.run(NioEventLoop.java:496)
	at io.netty.util.concurrent.SingleThreadEventExecutor$4.run(SingleThreadEventExecutor.java:997)
	at io.netty.util.internal.ThreadExecutorMap$2.run(ThreadExecutorMap.java:74)
	at io.netty.util.concurrent.FastThreadLocalRunnable.run(FastThreadLocalRunnable.java:30)
	at java.lang.Thread.run(Thread.java:750)
17:10:11 [IWT-5-3] WARN  com.iteaj.iot.client.mqtt.MqttClient - 客户端(MQTT<默认>) 断线重连 - 等待重连时间：15(s) - 远程主机 127.0.0.1:1883 - 客户端标识：mqtt_gateway_env_led
17:10:28 [IWT-5-4] ERROR com.iteaj.iot.client.mqtt.MqttClient - 客户端(MQTT<默认>) 连接服务器失败 - 远程主机 127.0.0.1:1883 - 客户端标识：mqtt_gateway_env_led
io.netty.channel.AbstractChannel$AnnotatedConnectException: Connection refused: no further information: /127.0.0.1:1883
Caused by: java.net.ConnectException: Connection refused: no further information
	at sun.nio.ch.SocketChannelImpl.checkConnect(Native Method)
	at sun.nio.ch.SocketChannelImpl.finishConnect(SocketChannelImpl.java:716)
	at io.netty.channel.socket.nio.NioSocketChannel.doFinishConnect(NioSocketChannel.java:337)
	at io.netty.channel.nio.AbstractNioChannel$AbstractNioUnsafe.finishConnect(AbstractNioChannel.java:334)
	at io.netty.channel.nio.NioEventLoop.processSelectedKey(NioEventLoop.java:710)
	at io.netty.channel.nio.NioEventLoop.processSelectedKeysOptimized(NioEventLoop.java:658)
	at io.netty.channel.nio.NioEventLoop.processSelectedKeys(NioEventLoop.java:584)
	at io.netty.channel.nio.NioEventLoop.run(NioEventLoop.java:496)
	at io.netty.util.concurrent.SingleThreadEventExecutor$4.run(SingleThreadEventExecutor.java:997)
	at io.netty.util.internal.ThreadExecutorMap$2.run(ThreadExecutorMap.java:74)
	at io.netty.util.concurrent.FastThreadLocalRunnable.run(FastThreadLocalRunnable.java:30)
	at java.lang.Thread.run(Thread.java:750)
17:10:28 [IWT-5-4] WARN  com.iteaj.iot.client.mqtt.MqttClient - 客户端(MQTT<默认>) 断线重连 - 等待重连时间：15(s) - 远程主机 127.0.0.1:1883 - 客户端标识：mqtt_gateway_env_led
17:10:46 [IWT-5-5] ERROR com.iteaj.iot.client.mqtt.MqttClient - 客户端(MQTT<默认>) 连接服务器失败 - 远程主机 127.0.0.1:1883 - 客户端标识：mqtt_gateway_env_led
io.netty.channel.AbstractChannel$AnnotatedConnectException: Connection refused: no further information: /127.0.0.1:1883
Caused by: java.net.ConnectException: Connection refused: no further information
	at sun.nio.ch.SocketChannelImpl.checkConnect(Native Method)
	at sun.nio.ch.SocketChannelImpl.finishConnect(SocketChannelImpl.java:716)
	at io.netty.channel.socket.nio.NioSocketChannel.doFinishConnect(NioSocketChannel.java:337)
	at io.netty.channel.nio.AbstractNioChannel$AbstractNioUnsafe.finishConnect(AbstractNioChannel.java:334)
	at io.netty.channel.nio.NioEventLoop.processSelectedKey(NioEventLoop.java:710)
	at io.netty.channel.nio.NioEventLoop.processSelectedKeysOptimized(NioEventLoop.java:658)
	at io.netty.channel.nio.NioEventLoop.processSelectedKeys(NioEventLoop.java:584)
	at io.netty.channel.nio.NioEventLoop.run(NioEventLoop.java:496)
	at io.netty.util.concurrent.SingleThreadEventExecutor$4.run(SingleThreadEventExecutor.java:997)
	at io.netty.util.internal.ThreadExecutorMap$2.run(ThreadExecutorMap.java:74)
	at io.netty.util.concurrent.FastThreadLocalRunnable.run(FastThreadLocalRunnable.java:30)
	at java.lang.Thread.run(Thread.java:750)
17:10:46 [IWT-5-5] WARN  com.iteaj.iot.client.mqtt.MqttClient - 客户端(MQTT<默认>) 断线重连 - 等待重连时间：15(s) - 远程主机 127.0.0.1:1883 - 客户端标识：mqtt_gateway_env_led
08:31:30 [IWT-5-6] ERROR com.iteaj.iot.client.mqtt.MqttClient - 客户端(MQTT<默认>) 连接服务器失败 - 远程主机 127.0.0.1:1883 - 客户端标识：mqtt_gateway_env_led
io.netty.channel.AbstractChannel$AnnotatedConnectException: Connection refused: no further information: /127.0.0.1:1883
Caused by: java.net.ConnectException: Connection refused: no further information
	at sun.nio.ch.SocketChannelImpl.checkConnect(Native Method)
	at sun.nio.ch.SocketChannelImpl.finishConnect(SocketChannelImpl.java:716)
	at io.netty.channel.socket.nio.NioSocketChannel.doFinishConnect(NioSocketChannel.java:337)
	at io.netty.channel.nio.AbstractNioChannel$AbstractNioUnsafe.finishConnect(AbstractNioChannel.java:334)
	at io.netty.channel.nio.NioEventLoop.processSelectedKey(NioEventLoop.java:710)
	at io.netty.channel.nio.NioEventLoop.processSelectedKeysOptimized(NioEventLoop.java:658)
	at io.netty.channel.nio.NioEventLoop.processSelectedKeys(NioEventLoop.java:584)
	at io.netty.channel.nio.NioEventLoop.run(NioEventLoop.java:496)
	at io.netty.util.concurrent.SingleThreadEventExecutor$4.run(SingleThreadEventExecutor.java:997)
	at io.netty.util.internal.ThreadExecutorMap$2.run(ThreadExecutorMap.java:74)
	at io.netty.util.concurrent.FastThreadLocalRunnable.run(FastThreadLocalRunnable.java:30)
	at java.lang.Thread.run(Thread.java:750)
08:31:31 [IWT-5-6] WARN  com.iteaj.iot.client.mqtt.MqttClient - 客户端(MQTT<默认>) 断线重连 - 等待重连时间：15(s) - 远程主机 127.0.0.1:1883 - 客户端标识：mqtt_gateway_env_led
08:31:48 [IWT-5-7] ERROR com.iteaj.iot.client.mqtt.MqttClient - 客户端(MQTT<默认>) 连接服务器失败 - 远程主机 127.0.0.1:1883 - 客户端标识：mqtt_gateway_env_led
io.netty.channel.AbstractChannel$AnnotatedConnectException: Connection refused: no further information: /127.0.0.1:1883
Caused by: java.net.ConnectException: Connection refused: no further information
	at sun.nio.ch.SocketChannelImpl.checkConnect(Native Method)
	at sun.nio.ch.SocketChannelImpl.finishConnect(SocketChannelImpl.java:716)
	at io.netty.channel.socket.nio.NioSocketChannel.doFinishConnect(NioSocketChannel.java:337)
	at io.netty.channel.nio.AbstractNioChannel$AbstractNioUnsafe.finishConnect(AbstractNioChannel.java:334)
	at io.netty.channel.nio.NioEventLoop.processSelectedKey(NioEventLoop.java:710)
	at io.netty.channel.nio.NioEventLoop.processSelectedKeysOptimized(NioEventLoop.java:658)
	at io.netty.channel.nio.NioEventLoop.processSelectedKeys(NioEventLoop.java:584)
	at io.netty.channel.nio.NioEventLoop.run(NioEventLoop.java:496)
	at io.netty.util.concurrent.SingleThreadEventExecutor$4.run(SingleThreadEventExecutor.java:997)
	at io.netty.util.internal.ThreadExecutorMap$2.run(ThreadExecutorMap.java:74)
	at io.netty.util.concurrent.FastThreadLocalRunnable.run(FastThreadLocalRunnable.java:30)
	at java.lang.Thread.run(Thread.java:750)
08:31:48 [IWT-5-7] WARN  com.iteaj.iot.client.mqtt.MqttClient - 客户端(MQTT<默认>) 断线重连 - 等待重连时间：15(s) - 远程主机 127.0.0.1:1883 - 客户端标识：mqtt_gateway_env_led
08:32:05 [IWT-5-8] ERROR com.iteaj.iot.client.mqtt.MqttClient - 客户端(MQTT<默认>) 连接服务器失败 - 远程主机 127.0.0.1:1883 - 客户端标识：mqtt_gateway_env_led
io.netty.channel.AbstractChannel$AnnotatedConnectException: Connection refused: no further information: /127.0.0.1:1883
Caused by: java.net.ConnectException: Connection refused: no further information
	at sun.nio.ch.SocketChannelImpl.checkConnect(Native Method)
	at sun.nio.ch.SocketChannelImpl.finishConnect(SocketChannelImpl.java:716)
	at io.netty.channel.socket.nio.NioSocketChannel.doFinishConnect(NioSocketChannel.java:337)
	at io.netty.channel.nio.AbstractNioChannel$AbstractNioUnsafe.finishConnect(AbstractNioChannel.java:334)
	at io.netty.channel.nio.NioEventLoop.processSelectedKey(NioEventLoop.java:710)
	at io.netty.channel.nio.NioEventLoop.processSelectedKeysOptimized(NioEventLoop.java:658)
	at io.netty.channel.nio.NioEventLoop.processSelectedKeys(NioEventLoop.java:584)
	at io.netty.channel.nio.NioEventLoop.run(NioEventLoop.java:496)
	at io.netty.util.concurrent.SingleThreadEventExecutor$4.run(SingleThreadEventExecutor.java:997)
	at io.netty.util.internal.ThreadExecutorMap$2.run(ThreadExecutorMap.java:74)
	at io.netty.util.concurrent.FastThreadLocalRunnable.run(FastThreadLocalRunnable.java:30)
	at java.lang.Thread.run(Thread.java:750)
08:32:05 [IWT-5-8] WARN  com.iteaj.iot.client.mqtt.MqttClient - 客户端(MQTT<默认>) 断线重连 - 等待重连时间：15(s) - 远程主机 127.0.0.1:1883 - 客户端标识：mqtt_gateway_env_led
08:32:22 [IWT-5-9] ERROR com.iteaj.iot.client.mqtt.MqttClient - 客户端(MQTT<默认>) 连接服务器失败 - 远程主机 127.0.0.1:1883 - 客户端标识：mqtt_gateway_env_led
io.netty.channel.AbstractChannel$AnnotatedConnectException: Connection refused: no further information: /127.0.0.1:1883
Caused by: java.net.ConnectException: Connection refused: no further information
	at sun.nio.ch.SocketChannelImpl.checkConnect(Native Method)
	at sun.nio.ch.SocketChannelImpl.finishConnect(SocketChannelImpl.java:716)
	at io.netty.channel.socket.nio.NioSocketChannel.doFinishConnect(NioSocketChannel.java:337)
	at io.netty.channel.nio.AbstractNioChannel$AbstractNioUnsafe.finishConnect(AbstractNioChannel.java:334)
	at io.netty.channel.nio.NioEventLoop.processSelectedKey(NioEventLoop.java:710)
	at io.netty.channel.nio.NioEventLoop.processSelectedKeysOptimized(NioEventLoop.java:658)
	at io.netty.channel.nio.NioEventLoop.processSelectedKeys(NioEventLoop.java:584)
	at io.netty.channel.nio.NioEventLoop.run(NioEventLoop.java:496)
	at io.netty.util.concurrent.SingleThreadEventExecutor$4.run(SingleThreadEventExecutor.java:997)
	at io.netty.util.internal.ThreadExecutorMap$2.run(ThreadExecutorMap.java:74)
	at io.netty.util.concurrent.FastThreadLocalRunnable.run(FastThreadLocalRunnable.java:30)
	at java.lang.Thread.run(Thread.java:750)
08:32:22 [IWT-5-9] WARN  com.iteaj.iot.client.mqtt.MqttClient - 客户端(MQTT<默认>) 断线重连 - 等待重连时间：15(s) - 远程主机 127.0.0.1:1883 - 客户端标识：mqtt_gateway_env_led
08:32:39 [IWT-5-10] ERROR com.iteaj.iot.client.mqtt.MqttClient - 客户端(MQTT<默认>) 连接服务器失败 - 远程主机 127.0.0.1:1883 - 客户端标识：mqtt_gateway_env_led
io.netty.channel.AbstractChannel$AnnotatedConnectException: Connection refused: no further information: /127.0.0.1:1883
Caused by: java.net.ConnectException: Connection refused: no further information
	at sun.nio.ch.SocketChannelImpl.checkConnect(Native Method)
	at sun.nio.ch.SocketChannelImpl.finishConnect(SocketChannelImpl.java:716)
	at io.netty.channel.socket.nio.NioSocketChannel.doFinishConnect(NioSocketChannel.java:337)
	at io.netty.channel.nio.AbstractNioChannel$AbstractNioUnsafe.finishConnect(AbstractNioChannel.java:334)
	at io.netty.channel.nio.NioEventLoop.processSelectedKey(NioEventLoop.java:710)
	at io.netty.channel.nio.NioEventLoop.processSelectedKeysOptimized(NioEventLoop.java:658)
	at io.netty.channel.nio.NioEventLoop.processSelectedKeys(NioEventLoop.java:584)
	at io.netty.channel.nio.NioEventLoop.run(NioEventLoop.java:496)
	at io.netty.util.concurrent.SingleThreadEventExecutor$4.run(SingleThreadEventExecutor.java:997)
	at io.netty.util.internal.ThreadExecutorMap$2.run(ThreadExecutorMap.java:74)
	at io.netty.util.concurrent.FastThreadLocalRunnable.run(FastThreadLocalRunnable.java:30)
	at java.lang.Thread.run(Thread.java:750)
08:32:39 [IWT-5-10] WARN  com.iteaj.iot.client.mqtt.MqttClient - 客户端(MQTT<默认>) 断线重连 - 等待重连时间：15(s) - 远程主机 127.0.0.1:1883 - 客户端标识：mqtt_gateway_env_led
08:32:56 [IWT-5-11] ERROR com.iteaj.iot.client.mqtt.MqttClient - 客户端(MQTT<默认>) 连接服务器失败 - 远程主机 127.0.0.1:1883 - 客户端标识：mqtt_gateway_env_led
io.netty.channel.AbstractChannel$AnnotatedConnectException: Connection refused: no further information: /127.0.0.1:1883
Caused by: java.net.ConnectException: Connection refused: no further information
	at sun.nio.ch.SocketChannelImpl.checkConnect(Native Method)
	at sun.nio.ch.SocketChannelImpl.finishConnect(SocketChannelImpl.java:716)
	at io.netty.channel.socket.nio.NioSocketChannel.doFinishConnect(NioSocketChannel.java:337)
	at io.netty.channel.nio.AbstractNioChannel$AbstractNioUnsafe.finishConnect(AbstractNioChannel.java:334)
	at io.netty.channel.nio.NioEventLoop.processSelectedKey(NioEventLoop.java:710)
	at io.netty.channel.nio.NioEventLoop.processSelectedKeysOptimized(NioEventLoop.java:658)
	at io.netty.channel.nio.NioEventLoop.processSelectedKeys(NioEventLoop.java:584)
	at io.netty.channel.nio.NioEventLoop.run(NioEventLoop.java:496)
	at io.netty.util.concurrent.SingleThreadEventExecutor$4.run(SingleThreadEventExecutor.java:997)
	at io.netty.util.internal.ThreadExecutorMap$2.run(ThreadExecutorMap.java:74)
	at io.netty.util.concurrent.FastThreadLocalRunnable.run(FastThreadLocalRunnable.java:30)
	at java.lang.Thread.run(Thread.java:750)
08:32:56 [IWT-5-11] WARN  com.iteaj.iot.client.mqtt.MqttClient - 客户端(MQTT<默认>) 断线重连 - 等待重连时间：15(s) - 远程主机 127.0.0.1:1883 - 客户端标识：mqtt_gateway_env_led
08:33:13 [IWT-5-12] ERROR com.iteaj.iot.client.mqtt.MqttClient - 客户端(MQTT<默认>) 连接服务器失败 - 远程主机 127.0.0.1:1883 - 客户端标识：mqtt_gateway_env_led
io.netty.channel.AbstractChannel$AnnotatedConnectException: Connection refused: no further information: /127.0.0.1:1883
Caused by: java.net.ConnectException: Connection refused: no further information
	at sun.nio.ch.SocketChannelImpl.checkConnect(Native Method)
	at sun.nio.ch.SocketChannelImpl.finishConnect(SocketChannelImpl.java:716)
	at io.netty.channel.socket.nio.NioSocketChannel.doFinishConnect(NioSocketChannel.java:337)
	at io.netty.channel.nio.AbstractNioChannel$AbstractNioUnsafe.finishConnect(AbstractNioChannel.java:334)
	at io.netty.channel.nio.NioEventLoop.processSelectedKey(NioEventLoop.java:710)
	at io.netty.channel.nio.NioEventLoop.processSelectedKeysOptimized(NioEventLoop.java:658)
	at io.netty.channel.nio.NioEventLoop.processSelectedKeys(NioEventLoop.java:584)
	at io.netty.channel.nio.NioEventLoop.run(NioEventLoop.java:496)
	at io.netty.util.concurrent.SingleThreadEventExecutor$4.run(SingleThreadEventExecutor.java:997)
	at io.netty.util.internal.ThreadExecutorMap$2.run(ThreadExecutorMap.java:74)
	at io.netty.util.concurrent.FastThreadLocalRunnable.run(FastThreadLocalRunnable.java:30)
	at java.lang.Thread.run(Thread.java:750)
08:33:13 [IWT-5-12] WARN  com.iteaj.iot.client.mqtt.MqttClient - 客户端(MQTT<默认>) 断线重连 - 等待重连时间：15(s) - 远程主机 127.0.0.1:1883 - 客户端标识：mqtt_gateway_env_led
08:33:30 [IWT-5-13] ERROR com.iteaj.iot.client.mqtt.MqttClient - 客户端(MQTT<默认>) 连接服务器失败 - 远程主机 127.0.0.1:1883 - 客户端标识：mqtt_gateway_env_led
io.netty.channel.AbstractChannel$AnnotatedConnectException: Connection refused: no further information: /127.0.0.1:1883
Caused by: java.net.ConnectException: Connection refused: no further information
	at sun.nio.ch.SocketChannelImpl.checkConnect(Native Method)
	at sun.nio.ch.SocketChannelImpl.finishConnect(SocketChannelImpl.java:716)
	at io.netty.channel.socket.nio.NioSocketChannel.doFinishConnect(NioSocketChannel.java:337)
	at io.netty.channel.nio.AbstractNioChannel$AbstractNioUnsafe.finishConnect(AbstractNioChannel.java:334)
	at io.netty.channel.nio.NioEventLoop.processSelectedKey(NioEventLoop.java:710)
	at io.netty.channel.nio.NioEventLoop.processSelectedKeysOptimized(NioEventLoop.java:658)
	at io.netty.channel.nio.NioEventLoop.processSelectedKeys(NioEventLoop.java:584)
	at io.netty.channel.nio.NioEventLoop.run(NioEventLoop.java:496)
	at io.netty.util.concurrent.SingleThreadEventExecutor$4.run(SingleThreadEventExecutor.java:997)
	at io.netty.util.internal.ThreadExecutorMap$2.run(ThreadExecutorMap.java:74)
	at io.netty.util.concurrent.FastThreadLocalRunnable.run(FastThreadLocalRunnable.java:30)
	at java.lang.Thread.run(Thread.java:750)
08:33:30 [IWT-5-13] WARN  com.iteaj.iot.client.mqtt.MqttClient - 客户端(MQTT<默认>) 断线重连 - 等待重连时间：15(s) - 远程主机 127.0.0.1:1883 - 客户端标识：mqtt_gateway_env_led
08:33:47 [IWT-5-14] ERROR com.iteaj.iot.client.mqtt.MqttClient - 客户端(MQTT<默认>) 连接服务器失败 - 远程主机 127.0.0.1:1883 - 客户端标识：mqtt_gateway_env_led
io.netty.channel.AbstractChannel$AnnotatedConnectException: Connection refused: no further information: /127.0.0.1:1883
Caused by: java.net.ConnectException: Connection refused: no further information
	at sun.nio.ch.SocketChannelImpl.checkConnect(Native Method)
	at sun.nio.ch.SocketChannelImpl.finishConnect(SocketChannelImpl.java:716)
	at io.netty.channel.socket.nio.NioSocketChannel.doFinishConnect(NioSocketChannel.java:337)
	at io.netty.channel.nio.AbstractNioChannel$AbstractNioUnsafe.finishConnect(AbstractNioChannel.java:334)
	at io.netty.channel.nio.NioEventLoop.processSelectedKey(NioEventLoop.java:710)
	at io.netty.channel.nio.NioEventLoop.processSelectedKeysOptimized(NioEventLoop.java:658)
	at io.netty.channel.nio.NioEventLoop.processSelectedKeys(NioEventLoop.java:584)
	at io.netty.channel.nio.NioEventLoop.run(NioEventLoop.java:496)
	at io.netty.util.concurrent.SingleThreadEventExecutor$4.run(SingleThreadEventExecutor.java:997)
	at io.netty.util.internal.ThreadExecutorMap$2.run(ThreadExecutorMap.java:74)
	at io.netty.util.concurrent.FastThreadLocalRunnable.run(FastThreadLocalRunnable.java:30)
	at java.lang.Thread.run(Thread.java:750)
08:33:47 [IWT-5-14] WARN  com.iteaj.iot.client.mqtt.MqttClient - 客户端(MQTT<默认>) 断线重连 - 等待重连时间：15(s) - 远程主机 127.0.0.1:1883 - 客户端标识：mqtt_gateway_env_led
08:34:05 [IWT-5-15] ERROR com.iteaj.iot.client.mqtt.MqttClient - 客户端(MQTT<默认>) 连接服务器失败 - 远程主机 127.0.0.1:1883 - 客户端标识：mqtt_gateway_env_led
io.netty.channel.AbstractChannel$AnnotatedConnectException: Connection refused: no further information: /127.0.0.1:1883
Caused by: java.net.ConnectException: Connection refused: no further information
	at sun.nio.ch.SocketChannelImpl.checkConnect(Native Method)
	at sun.nio.ch.SocketChannelImpl.finishConnect(SocketChannelImpl.java:716)
	at io.netty.channel.socket.nio.NioSocketChannel.doFinishConnect(NioSocketChannel.java:337)
	at io.netty.channel.nio.AbstractNioChannel$AbstractNioUnsafe.finishConnect(AbstractNioChannel.java:334)
	at io.netty.channel.nio.NioEventLoop.processSelectedKey(NioEventLoop.java:710)
	at io.netty.channel.nio.NioEventLoop.processSelectedKeysOptimized(NioEventLoop.java:658)
	at io.netty.channel.nio.NioEventLoop.processSelectedKeys(NioEventLoop.java:584)
	at io.netty.channel.nio.NioEventLoop.run(NioEventLoop.java:496)
	at io.netty.util.concurrent.SingleThreadEventExecutor$4.run(SingleThreadEventExecutor.java:997)
	at io.netty.util.internal.ThreadExecutorMap$2.run(ThreadExecutorMap.java:74)
	at io.netty.util.concurrent.FastThreadLocalRunnable.run(FastThreadLocalRunnable.java:30)
	at java.lang.Thread.run(Thread.java:750)
08:34:05 [IWT-5-15] WARN  com.iteaj.iot.client.mqtt.MqttClient - 客户端(MQTT<默认>) 断线重连 - 等待重连时间：15(s) - 远程主机 127.0.0.1:1883 - 客户端标识：mqtt_gateway_env_led
08:34:22 [IWT-5-16] ERROR com.iteaj.iot.client.mqtt.MqttClient - 客户端(MQTT<默认>) 连接服务器失败 - 远程主机 127.0.0.1:1883 - 客户端标识：mqtt_gateway_env_led
io.netty.channel.AbstractChannel$AnnotatedConnectException: Connection refused: no further information: /127.0.0.1:1883
Caused by: java.net.ConnectException: Connection refused: no further information
	at sun.nio.ch.SocketChannelImpl.checkConnect(Native Method)
	at sun.nio.ch.SocketChannelImpl.finishConnect(SocketChannelImpl.java:716)
	at io.netty.channel.socket.nio.NioSocketChannel.doFinishConnect(NioSocketChannel.java:337)
	at io.netty.channel.nio.AbstractNioChannel$AbstractNioUnsafe.finishConnect(AbstractNioChannel.java:334)
	at io.netty.channel.nio.NioEventLoop.processSelectedKey(NioEventLoop.java:710)
	at io.netty.channel.nio.NioEventLoop.processSelectedKeysOptimized(NioEventLoop.java:658)
	at io.netty.channel.nio.NioEventLoop.processSelectedKeys(NioEventLoop.java:584)
	at io.netty.channel.nio.NioEventLoop.run(NioEventLoop.java:496)
	at io.netty.util.concurrent.SingleThreadEventExecutor$4.run(SingleThreadEventExecutor.java:997)
	at io.netty.util.internal.ThreadExecutorMap$2.run(ThreadExecutorMap.java:74)
	at io.netty.util.concurrent.FastThreadLocalRunnable.run(FastThreadLocalRunnable.java:30)
	at java.lang.Thread.run(Thread.java:750)
08:34:22 [IWT-5-16] WARN  com.iteaj.iot.client.mqtt.MqttClient - 客户端(MQTT<默认>) 断线重连 - 等待重连时间：15(s) - 远程主机 127.0.0.1:1883 - 客户端标识：mqtt_gateway_env_led
08:34:39 [IWT-5-1] ERROR com.iteaj.iot.client.mqtt.MqttClient - 客户端(MQTT<默认>) 连接服务器失败 - 远程主机 127.0.0.1:1883 - 客户端标识：mqtt_gateway_env_led
io.netty.channel.AbstractChannel$AnnotatedConnectException: Connection refused: no further information: /127.0.0.1:1883
Caused by: java.net.ConnectException: Connection refused: no further information
	at sun.nio.ch.SocketChannelImpl.checkConnect(Native Method)
	at sun.nio.ch.SocketChannelImpl.finishConnect(SocketChannelImpl.java:716)
	at io.netty.channel.socket.nio.NioSocketChannel.doFinishConnect(NioSocketChannel.java:337)
	at io.netty.channel.nio.AbstractNioChannel$AbstractNioUnsafe.finishConnect(AbstractNioChannel.java:334)
	at io.netty.channel.nio.NioEventLoop.processSelectedKey(NioEventLoop.java:710)
	at io.netty.channel.nio.NioEventLoop.processSelectedKeysOptimized(NioEventLoop.java:658)
	at io.netty.channel.nio.NioEventLoop.processSelectedKeys(NioEventLoop.java:584)
	at io.netty.channel.nio.NioEventLoop.run(NioEventLoop.java:496)
	at io.netty.util.concurrent.SingleThreadEventExecutor$4.run(SingleThreadEventExecutor.java:997)
	at io.netty.util.internal.ThreadExecutorMap$2.run(ThreadExecutorMap.java:74)
	at io.netty.util.concurrent.FastThreadLocalRunnable.run(FastThreadLocalRunnable.java:30)
	at java.lang.Thread.run(Thread.java:750)
08:34:39 [IWT-5-1] WARN  com.iteaj.iot.client.mqtt.MqttClient - 客户端(MQTT<默认>) 断线重连 - 等待重连时间：15(s) - 远程主机 127.0.0.1:1883 - 客户端标识：mqtt_gateway_env_led
08:34:56 [IWT-5-2] ERROR com.iteaj.iot.client.mqtt.MqttClient - 客户端(MQTT<默认>) 连接服务器失败 - 远程主机 127.0.0.1:1883 - 客户端标识：mqtt_gateway_env_led
io.netty.channel.AbstractChannel$AnnotatedConnectException: Connection refused: no further information: /127.0.0.1:1883
Caused by: java.net.ConnectException: Connection refused: no further information
	at sun.nio.ch.SocketChannelImpl.checkConnect(Native Method)
	at sun.nio.ch.SocketChannelImpl.finishConnect(SocketChannelImpl.java:716)
	at io.netty.channel.socket.nio.NioSocketChannel.doFinishConnect(NioSocketChannel.java:337)
	at io.netty.channel.nio.AbstractNioChannel$AbstractNioUnsafe.finishConnect(AbstractNioChannel.java:334)
	at io.netty.channel.nio.NioEventLoop.processSelectedKey(NioEventLoop.java:710)
	at io.netty.channel.nio.NioEventLoop.processSelectedKeysOptimized(NioEventLoop.java:658)
	at io.netty.channel.nio.NioEventLoop.processSelectedKeys(NioEventLoop.java:584)
	at io.netty.channel.nio.NioEventLoop.run(NioEventLoop.java:496)
	at io.netty.util.concurrent.SingleThreadEventExecutor$4.run(SingleThreadEventExecutor.java:997)
	at io.netty.util.internal.ThreadExecutorMap$2.run(ThreadExecutorMap.java:74)
	at io.netty.util.concurrent.FastThreadLocalRunnable.run(FastThreadLocalRunnable.java:30)
	at java.lang.Thread.run(Thread.java:750)
08:34:56 [IWT-5-2] WARN  com.iteaj.iot.client.mqtt.MqttClient - 客户端(MQTT<默认>) 断线重连 - 等待重连时间：15(s) - 远程主机 127.0.0.1:1883 - 客户端标识：mqtt_gateway_env_led
08:35:13 [IWT-5-3] ERROR com.iteaj.iot.client.mqtt.MqttClient - 客户端(MQTT<默认>) 连接服务器失败 - 远程主机 127.0.0.1:1883 - 客户端标识：mqtt_gateway_env_led
io.netty.channel.AbstractChannel$AnnotatedConnectException: Connection refused: no further information: /127.0.0.1:1883
Caused by: java.net.ConnectException: Connection refused: no further information
	at sun.nio.ch.SocketChannelImpl.checkConnect(Native Method)
	at sun.nio.ch.SocketChannelImpl.finishConnect(SocketChannelImpl.java:716)
	at io.netty.channel.socket.nio.NioSocketChannel.doFinishConnect(NioSocketChannel.java:337)
	at io.netty.channel.nio.AbstractNioChannel$AbstractNioUnsafe.finishConnect(AbstractNioChannel.java:334)
	at io.netty.channel.nio.NioEventLoop.processSelectedKey(NioEventLoop.java:710)
	at io.netty.channel.nio.NioEventLoop.processSelectedKeysOptimized(NioEventLoop.java:658)
	at io.netty.channel.nio.NioEventLoop.processSelectedKeys(NioEventLoop.java:584)
	at io.netty.channel.nio.NioEventLoop.run(NioEventLoop.java:496)
	at io.netty.util.concurrent.SingleThreadEventExecutor$4.run(SingleThreadEventExecutor.java:997)
	at io.netty.util.internal.ThreadExecutorMap$2.run(ThreadExecutorMap.java:74)
	at io.netty.util.concurrent.FastThreadLocalRunnable.run(FastThreadLocalRunnable.java:30)
	at java.lang.Thread.run(Thread.java:750)
08:35:13 [IWT-5-3] WARN  com.iteaj.iot.client.mqtt.MqttClient - 客户端(MQTT<默认>) 断线重连 - 等待重连时间：15(s) - 远程主机 127.0.0.1:1883 - 客户端标识：mqtt_gateway_env_led
08:35:30 [IWT-5-4] ERROR com.iteaj.iot.client.mqtt.MqttClient - 客户端(MQTT<默认>) 连接服务器失败 - 远程主机 127.0.0.1:1883 - 客户端标识：mqtt_gateway_env_led
io.netty.channel.AbstractChannel$AnnotatedConnectException: Connection refused: no further information: /127.0.0.1:1883
Caused by: java.net.ConnectException: Connection refused: no further information
	at sun.nio.ch.SocketChannelImpl.checkConnect(Native Method)
	at sun.nio.ch.SocketChannelImpl.finishConnect(SocketChannelImpl.java:716)
	at io.netty.channel.socket.nio.NioSocketChannel.doFinishConnect(NioSocketChannel.java:337)
	at io.netty.channel.nio.AbstractNioChannel$AbstractNioUnsafe.finishConnect(AbstractNioChannel.java:334)
	at io.netty.channel.nio.NioEventLoop.processSelectedKey(NioEventLoop.java:710)
	at io.netty.channel.nio.NioEventLoop.processSelectedKeysOptimized(NioEventLoop.java:658)
	at io.netty.channel.nio.NioEventLoop.processSelectedKeys(NioEventLoop.java:584)
	at io.netty.channel.nio.NioEventLoop.run(NioEventLoop.java:496)
	at io.netty.util.concurrent.SingleThreadEventExecutor$4.run(SingleThreadEventExecutor.java:997)
	at io.netty.util.internal.ThreadExecutorMap$2.run(ThreadExecutorMap.java:74)
	at io.netty.util.concurrent.FastThreadLocalRunnable.run(FastThreadLocalRunnable.java:30)
	at java.lang.Thread.run(Thread.java:750)
08:35:30 [IWT-5-4] WARN  com.iteaj.iot.client.mqtt.MqttClient - 客户端(MQTT<默认>) 断线重连 - 等待重连时间：15(s) - 远程主机 127.0.0.1:1883 - 客户端标识：mqtt_gateway_env_led
08:35:47 [IWT-5-5] ERROR com.iteaj.iot.client.mqtt.MqttClient - 客户端(MQTT<默认>) 连接服务器失败 - 远程主机 127.0.0.1:1883 - 客户端标识：mqtt_gateway_env_led
io.netty.channel.AbstractChannel$AnnotatedConnectException: Connection refused: no further information: /127.0.0.1:1883
Caused by: java.net.ConnectException: Connection refused: no further information
	at sun.nio.ch.SocketChannelImpl.checkConnect(Native Method)
	at sun.nio.ch.SocketChannelImpl.finishConnect(SocketChannelImpl.java:716)
	at io.netty.channel.socket.nio.NioSocketChannel.doFinishConnect(NioSocketChannel.java:337)
	at io.netty.channel.nio.AbstractNioChannel$AbstractNioUnsafe.finishConnect(AbstractNioChannel.java:334)
	at io.netty.channel.nio.NioEventLoop.processSelectedKey(NioEventLoop.java:710)
	at io.netty.channel.nio.NioEventLoop.processSelectedKeysOptimized(NioEventLoop.java:658)
	at io.netty.channel.nio.NioEventLoop.processSelectedKeys(NioEventLoop.java:584)
	at io.netty.channel.nio.NioEventLoop.run(NioEventLoop.java:496)
	at io.netty.util.concurrent.SingleThreadEventExecutor$4.run(SingleThreadEventExecutor.java:997)
	at io.netty.util.internal.ThreadExecutorMap$2.run(ThreadExecutorMap.java:74)
	at io.netty.util.concurrent.FastThreadLocalRunnable.run(FastThreadLocalRunnable.java:30)
	at java.lang.Thread.run(Thread.java:750)
08:35:47 [IWT-5-5] WARN  com.iteaj.iot.client.mqtt.MqttClient - 客户端(MQTT<默认>) 断线重连 - 等待重连时间：15(s) - 远程主机 127.0.0.1:1883 - 客户端标识：mqtt_gateway_env_led
08:36:04 [IWT-5-6] ERROR com.iteaj.iot.client.mqtt.MqttClient - 客户端(MQTT<默认>) 连接服务器失败 - 远程主机 127.0.0.1:1883 - 客户端标识：mqtt_gateway_env_led
io.netty.channel.AbstractChannel$AnnotatedConnectException: Connection refused: no further information: /127.0.0.1:1883
Caused by: java.net.ConnectException: Connection refused: no further information
	at sun.nio.ch.SocketChannelImpl.checkConnect(Native Method)
	at sun.nio.ch.SocketChannelImpl.finishConnect(SocketChannelImpl.java:716)
	at io.netty.channel.socket.nio.NioSocketChannel.doFinishConnect(NioSocketChannel.java:337)
	at io.netty.channel.nio.AbstractNioChannel$AbstractNioUnsafe.finishConnect(AbstractNioChannel.java:334)
	at io.netty.channel.nio.NioEventLoop.processSelectedKey(NioEventLoop.java:710)
	at io.netty.channel.nio.NioEventLoop.processSelectedKeysOptimized(NioEventLoop.java:658)
	at io.netty.channel.nio.NioEventLoop.processSelectedKeys(NioEventLoop.java:584)
	at io.netty.channel.nio.NioEventLoop.run(NioEventLoop.java:496)
	at io.netty.util.concurrent.SingleThreadEventExecutor$4.run(SingleThreadEventExecutor.java:997)
	at io.netty.util.internal.ThreadExecutorMap$2.run(ThreadExecutorMap.java:74)
	at io.netty.util.concurrent.FastThreadLocalRunnable.run(FastThreadLocalRunnable.java:30)
	at java.lang.Thread.run(Thread.java:750)
08:36:04 [IWT-5-6] WARN  com.iteaj.iot.client.mqtt.MqttClient - 客户端(MQTT<默认>) 断线重连 - 等待重连时间：15(s) - 远程主机 127.0.0.1:1883 - 客户端标识：mqtt_gateway_env_led
08:36:21 [IWT-5-7] ERROR com.iteaj.iot.client.mqtt.MqttClient - 客户端(MQTT<默认>) 连接服务器失败 - 远程主机 127.0.0.1:1883 - 客户端标识：mqtt_gateway_env_led
io.netty.channel.AbstractChannel$AnnotatedConnectException: Connection refused: no further information: /127.0.0.1:1883
Caused by: java.net.ConnectException: Connection refused: no further information
	at sun.nio.ch.SocketChannelImpl.checkConnect(Native Method)
	at sun.nio.ch.SocketChannelImpl.finishConnect(SocketChannelImpl.java:716)
	at io.netty.channel.socket.nio.NioSocketChannel.doFinishConnect(NioSocketChannel.java:337)
	at io.netty.channel.nio.AbstractNioChannel$AbstractNioUnsafe.finishConnect(AbstractNioChannel.java:334)
	at io.netty.channel.nio.NioEventLoop.processSelectedKey(NioEventLoop.java:710)
	at io.netty.channel.nio.NioEventLoop.processSelectedKeysOptimized(NioEventLoop.java:658)
	at io.netty.channel.nio.NioEventLoop.processSelectedKeys(NioEventLoop.java:584)
	at io.netty.channel.nio.NioEventLoop.run(NioEventLoop.java:496)
	at io.netty.util.concurrent.SingleThreadEventExecutor$4.run(SingleThreadEventExecutor.java:997)
	at io.netty.util.internal.ThreadExecutorMap$2.run(ThreadExecutorMap.java:74)
	at io.netty.util.concurrent.FastThreadLocalRunnable.run(FastThreadLocalRunnable.java:30)
	at java.lang.Thread.run(Thread.java:750)
08:36:21 [IWT-5-7] WARN  com.iteaj.iot.client.mqtt.MqttClient - 客户端(MQTT<默认>) 断线重连 - 等待重连时间：15(s) - 远程主机 127.0.0.1:1883 - 客户端标识：mqtt_gateway_env_led
08:36:39 [IWT-5-8] ERROR com.iteaj.iot.client.mqtt.MqttClient - 客户端(MQTT<默认>) 连接服务器失败 - 远程主机 127.0.0.1:1883 - 客户端标识：mqtt_gateway_env_led
io.netty.channel.AbstractChannel$AnnotatedConnectException: Connection refused: no further information: /127.0.0.1:1883
Caused by: java.net.ConnectException: Connection refused: no further information
	at sun.nio.ch.SocketChannelImpl.checkConnect(Native Method)
	at sun.nio.ch.SocketChannelImpl.finishConnect(SocketChannelImpl.java:716)
	at io.netty.channel.socket.nio.NioSocketChannel.doFinishConnect(NioSocketChannel.java:337)
	at io.netty.channel.nio.AbstractNioChannel$AbstractNioUnsafe.finishConnect(AbstractNioChannel.java:334)
	at io.netty.channel.nio.NioEventLoop.processSelectedKey(NioEventLoop.java:710)
	at io.netty.channel.nio.NioEventLoop.processSelectedKeysOptimized(NioEventLoop.java:658)
	at io.netty.channel.nio.NioEventLoop.processSelectedKeys(NioEventLoop.java:584)
	at io.netty.channel.nio.NioEventLoop.run(NioEventLoop.java:496)
	at io.netty.util.concurrent.SingleThreadEventExecutor$4.run(SingleThreadEventExecutor.java:997)
	at io.netty.util.internal.ThreadExecutorMap$2.run(ThreadExecutorMap.java:74)
	at io.netty.util.concurrent.FastThreadLocalRunnable.run(FastThreadLocalRunnable.java:30)
	at java.lang.Thread.run(Thread.java:750)
08:36:39 [IWT-5-8] WARN  com.iteaj.iot.client.mqtt.MqttClient - 客户端(MQTT<默认>) 断线重连 - 等待重连时间：15(s) - 远程主机 127.0.0.1:1883 - 客户端标识：mqtt_gateway_env_led
08:36:56 [IWT-5-9] ERROR com.iteaj.iot.client.mqtt.MqttClient - 客户端(MQTT<默认>) 连接服务器失败 - 远程主机 127.0.0.1:1883 - 客户端标识：mqtt_gateway_env_led
io.netty.channel.AbstractChannel$AnnotatedConnectException: Connection refused: no further information: /127.0.0.1:1883
Caused by: java.net.ConnectException: Connection refused: no further information
	at sun.nio.ch.SocketChannelImpl.checkConnect(Native Method)
	at sun.nio.ch.SocketChannelImpl.finishConnect(SocketChannelImpl.java:716)
	at io.netty.channel.socket.nio.NioSocketChannel.doFinishConnect(NioSocketChannel.java:337)
	at io.netty.channel.nio.AbstractNioChannel$AbstractNioUnsafe.finishConnect(AbstractNioChannel.java:334)
	at io.netty.channel.nio.NioEventLoop.processSelectedKey(NioEventLoop.java:710)
	at io.netty.channel.nio.NioEventLoop.processSelectedKeysOptimized(NioEventLoop.java:658)
	at io.netty.channel.nio.NioEventLoop.processSelectedKeys(NioEventLoop.java:584)
	at io.netty.channel.nio.NioEventLoop.run(NioEventLoop.java:496)
	at io.netty.util.concurrent.SingleThreadEventExecutor$4.run(SingleThreadEventExecutor.java:997)
	at io.netty.util.internal.ThreadExecutorMap$2.run(ThreadExecutorMap.java:74)
	at io.netty.util.concurrent.FastThreadLocalRunnable.run(FastThreadLocalRunnable.java:30)
	at java.lang.Thread.run(Thread.java:750)
08:36:56 [IWT-5-9] WARN  com.iteaj.iot.client.mqtt.MqttClient - 客户端(MQTT<默认>) 断线重连 - 等待重连时间：15(s) - 远程主机 127.0.0.1:1883 - 客户端标识：mqtt_gateway_env_led
08:37:13 [IWT-5-10] ERROR com.iteaj.iot.client.mqtt.MqttClient - 客户端(MQTT<默认>) 连接服务器失败 - 远程主机 127.0.0.1:1883 - 客户端标识：mqtt_gateway_env_led
io.netty.channel.AbstractChannel$AnnotatedConnectException: Connection refused: no further information: /127.0.0.1:1883
Caused by: java.net.ConnectException: Connection refused: no further information
	at sun.nio.ch.SocketChannelImpl.checkConnect(Native Method)
	at sun.nio.ch.SocketChannelImpl.finishConnect(SocketChannelImpl.java:716)
	at io.netty.channel.socket.nio.NioSocketChannel.doFinishConnect(NioSocketChannel.java:337)
	at io.netty.channel.nio.AbstractNioChannel$AbstractNioUnsafe.finishConnect(AbstractNioChannel.java:334)
	at io.netty.channel.nio.NioEventLoop.processSelectedKey(NioEventLoop.java:710)
	at io.netty.channel.nio.NioEventLoop.processSelectedKeysOptimized(NioEventLoop.java:658)
	at io.netty.channel.nio.NioEventLoop.processSelectedKeys(NioEventLoop.java:584)
	at io.netty.channel.nio.NioEventLoop.run(NioEventLoop.java:496)
	at io.netty.util.concurrent.SingleThreadEventExecutor$4.run(SingleThreadEventExecutor.java:997)
	at io.netty.util.internal.ThreadExecutorMap$2.run(ThreadExecutorMap.java:74)
	at io.netty.util.concurrent.FastThreadLocalRunnable.run(FastThreadLocalRunnable.java:30)
	at java.lang.Thread.run(Thread.java:750)
08:37:13 [IWT-5-10] WARN  com.iteaj.iot.client.mqtt.MqttClient - 客户端(MQTT<默认>) 断线重连 - 等待重连时间：15(s) - 远程主机 127.0.0.1:1883 - 客户端标识：mqtt_gateway_env_led
08:37:30 [IWT-5-11] ERROR com.iteaj.iot.client.mqtt.MqttClient - 客户端(MQTT<默认>) 连接服务器失败 - 远程主机 127.0.0.1:1883 - 客户端标识：mqtt_gateway_env_led
io.netty.channel.AbstractChannel$AnnotatedConnectException: Connection refused: no further information: /127.0.0.1:1883
Caused by: java.net.ConnectException: Connection refused: no further information
	at sun.nio.ch.SocketChannelImpl.checkConnect(Native Method)
	at sun.nio.ch.SocketChannelImpl.finishConnect(SocketChannelImpl.java:716)
	at io.netty.channel.socket.nio.NioSocketChannel.doFinishConnect(NioSocketChannel.java:337)
	at io.netty.channel.nio.AbstractNioChannel$AbstractNioUnsafe.finishConnect(AbstractNioChannel.java:334)
	at io.netty.channel.nio.NioEventLoop.processSelectedKey(NioEventLoop.java:710)
	at io.netty.channel.nio.NioEventLoop.processSelectedKeysOptimized(NioEventLoop.java:658)
	at io.netty.channel.nio.NioEventLoop.processSelectedKeys(NioEventLoop.java:584)
	at io.netty.channel.nio.NioEventLoop.run(NioEventLoop.java:496)
	at io.netty.util.concurrent.SingleThreadEventExecutor$4.run(SingleThreadEventExecutor.java:997)
	at io.netty.util.internal.ThreadExecutorMap$2.run(ThreadExecutorMap.java:74)
	at io.netty.util.concurrent.FastThreadLocalRunnable.run(FastThreadLocalRunnable.java:30)
	at java.lang.Thread.run(Thread.java:750)
08:37:30 [IWT-5-11] WARN  com.iteaj.iot.client.mqtt.MqttClient - 客户端(MQTT<默认>) 断线重连 - 等待重连时间：15(s) - 远程主机 127.0.0.1:1883 - 客户端标识：mqtt_gateway_env_led
08:37:47 [IWT-5-12] ERROR com.iteaj.iot.client.mqtt.MqttClient - 客户端(MQTT<默认>) 连接服务器失败 - 远程主机 127.0.0.1:1883 - 客户端标识：mqtt_gateway_env_led
io.netty.channel.AbstractChannel$AnnotatedConnectException: Connection refused: no further information: /127.0.0.1:1883
Caused by: java.net.ConnectException: Connection refused: no further information
	at sun.nio.ch.SocketChannelImpl.checkConnect(Native Method)
	at sun.nio.ch.SocketChannelImpl.finishConnect(SocketChannelImpl.java:716)
	at io.netty.channel.socket.nio.NioSocketChannel.doFinishConnect(NioSocketChannel.java:337)
	at io.netty.channel.nio.AbstractNioChannel$AbstractNioUnsafe.finishConnect(AbstractNioChannel.java:334)
	at io.netty.channel.nio.NioEventLoop.processSelectedKey(NioEventLoop.java:710)
	at io.netty.channel.nio.NioEventLoop.processSelectedKeysOptimized(NioEventLoop.java:658)
	at io.netty.channel.nio.NioEventLoop.processSelectedKeys(NioEventLoop.java:584)
	at io.netty.channel.nio.NioEventLoop.run(NioEventLoop.java:496)
	at io.netty.util.concurrent.SingleThreadEventExecutor$4.run(SingleThreadEventExecutor.java:997)
	at io.netty.util.internal.ThreadExecutorMap$2.run(ThreadExecutorMap.java:74)
	at io.netty.util.concurrent.FastThreadLocalRunnable.run(FastThreadLocalRunnable.java:30)
	at java.lang.Thread.run(Thread.java:750)
08:37:47 [IWT-5-12] WARN  com.iteaj.iot.client.mqtt.MqttClient - 客户端(MQTT<默认>) 断线重连 - 等待重连时间：15(s) - 远程主机 127.0.0.1:1883 - 客户端标识：mqtt_gateway_env_led
08:38:04 [IWT-5-13] ERROR com.iteaj.iot.client.mqtt.MqttClient - 客户端(MQTT<默认>) 连接服务器失败 - 远程主机 127.0.0.1:1883 - 客户端标识：mqtt_gateway_env_led
io.netty.channel.AbstractChannel$AnnotatedConnectException: Connection refused: no further information: /127.0.0.1:1883
Caused by: java.net.ConnectException: Connection refused: no further information
	at sun.nio.ch.SocketChannelImpl.checkConnect(Native Method)
	at sun.nio.ch.SocketChannelImpl.finishConnect(SocketChannelImpl.java:716)
	at io.netty.channel.socket.nio.NioSocketChannel.doFinishConnect(NioSocketChannel.java:337)
	at io.netty.channel.nio.AbstractNioChannel$AbstractNioUnsafe.finishConnect(AbstractNioChannel.java:334)
	at io.netty.channel.nio.NioEventLoop.processSelectedKey(NioEventLoop.java:710)
	at io.netty.channel.nio.NioEventLoop.processSelectedKeysOptimized(NioEventLoop.java:658)
	at io.netty.channel.nio.NioEventLoop.processSelectedKeys(NioEventLoop.java:584)
	at io.netty.channel.nio.NioEventLoop.run(NioEventLoop.java:496)
	at io.netty.util.concurrent.SingleThreadEventExecutor$4.run(SingleThreadEventExecutor.java:997)
	at io.netty.util.internal.ThreadExecutorMap$2.run(ThreadExecutorMap.java:74)
	at io.netty.util.concurrent.FastThreadLocalRunnable.run(FastThreadLocalRunnable.java:30)
	at java.lang.Thread.run(Thread.java:750)
08:38:04 [IWT-5-13] WARN  com.iteaj.iot.client.mqtt.MqttClient - 客户端(MQTT<默认>) 断线重连 - 等待重连时间：15(s) - 远程主机 127.0.0.1:1883 - 客户端标识：mqtt_gateway_env_led
08:38:21 [IWT-5-14] ERROR com.iteaj.iot.client.mqtt.MqttClient - 客户端(MQTT<默认>) 连接服务器失败 - 远程主机 127.0.0.1:1883 - 客户端标识：mqtt_gateway_env_led
io.netty.channel.AbstractChannel$AnnotatedConnectException: Connection refused: no further information: /127.0.0.1:1883
Caused by: java.net.ConnectException: Connection refused: no further information
	at sun.nio.ch.SocketChannelImpl.checkConnect(Native Method)
	at sun.nio.ch.SocketChannelImpl.finishConnect(SocketChannelImpl.java:716)
	at io.netty.channel.socket.nio.NioSocketChannel.doFinishConnect(NioSocketChannel.java:337)
	at io.netty.channel.nio.AbstractNioChannel$AbstractNioUnsafe.finishConnect(AbstractNioChannel.java:334)
	at io.netty.channel.nio.NioEventLoop.processSelectedKey(NioEventLoop.java:710)
	at io.netty.channel.nio.NioEventLoop.processSelectedKeysOptimized(NioEventLoop.java:658)
	at io.netty.channel.nio.NioEventLoop.processSelectedKeys(NioEventLoop.java:584)
	at io.netty.channel.nio.NioEventLoop.run(NioEventLoop.java:496)
	at io.netty.util.concurrent.SingleThreadEventExecutor$4.run(SingleThreadEventExecutor.java:997)
	at io.netty.util.internal.ThreadExecutorMap$2.run(ThreadExecutorMap.java:74)
	at io.netty.util.concurrent.FastThreadLocalRunnable.run(FastThreadLocalRunnable.java:30)
	at java.lang.Thread.run(Thread.java:750)
08:38:21 [IWT-5-14] WARN  com.iteaj.iot.client.mqtt.MqttClient - 客户端(MQTT<默认>) 断线重连 - 等待重连时间：15(s) - 远程主机 127.0.0.1:1883 - 客户端标识：mqtt_gateway_env_led
08:38:38 [IWT-5-15] ERROR com.iteaj.iot.client.mqtt.MqttClient - 客户端(MQTT<默认>) 连接服务器失败 - 远程主机 127.0.0.1:1883 - 客户端标识：mqtt_gateway_env_led
io.netty.channel.AbstractChannel$AnnotatedConnectException: Connection refused: no further information: /127.0.0.1:1883
Caused by: java.net.ConnectException: Connection refused: no further information
	at sun.nio.ch.SocketChannelImpl.checkConnect(Native Method)
	at sun.nio.ch.SocketChannelImpl.finishConnect(SocketChannelImpl.java:716)
	at io.netty.channel.socket.nio.NioSocketChannel.doFinishConnect(NioSocketChannel.java:337)
	at io.netty.channel.nio.AbstractNioChannel$AbstractNioUnsafe.finishConnect(AbstractNioChannel.java:334)
	at io.netty.channel.nio.NioEventLoop.processSelectedKey(NioEventLoop.java:710)
	at io.netty.channel.nio.NioEventLoop.processSelectedKeysOptimized(NioEventLoop.java:658)
	at io.netty.channel.nio.NioEventLoop.processSelectedKeys(NioEventLoop.java:584)
	at io.netty.channel.nio.NioEventLoop.run(NioEventLoop.java:496)
	at io.netty.util.concurrent.SingleThreadEventExecutor$4.run(SingleThreadEventExecutor.java:997)
	at io.netty.util.internal.ThreadExecutorMap$2.run(ThreadExecutorMap.java:74)
	at io.netty.util.concurrent.FastThreadLocalRunnable.run(FastThreadLocalRunnable.java:30)
	at java.lang.Thread.run(Thread.java:750)
08:38:38 [IWT-5-15] WARN  com.iteaj.iot.client.mqtt.MqttClient - 客户端(MQTT<默认>) 断线重连 - 等待重连时间：15(s) - 远程主机 127.0.0.1:1883 - 客户端标识：mqtt_gateway_env_led
08:38:56 [IWT-5-16] ERROR com.iteaj.iot.client.mqtt.MqttClient - 客户端(MQTT<默认>) 连接服务器失败 - 远程主机 127.0.0.1:1883 - 客户端标识：mqtt_gateway_env_led
io.netty.channel.AbstractChannel$AnnotatedConnectException: Connection refused: no further information: /127.0.0.1:1883
Caused by: java.net.ConnectException: Connection refused: no further information
	at sun.nio.ch.SocketChannelImpl.checkConnect(Native Method)
	at sun.nio.ch.SocketChannelImpl.finishConnect(SocketChannelImpl.java:716)
	at io.netty.channel.socket.nio.NioSocketChannel.doFinishConnect(NioSocketChannel.java:337)
	at io.netty.channel.nio.AbstractNioChannel$AbstractNioUnsafe.finishConnect(AbstractNioChannel.java:334)
	at io.netty.channel.nio.NioEventLoop.processSelectedKey(NioEventLoop.java:710)
	at io.netty.channel.nio.NioEventLoop.processSelectedKeysOptimized(NioEventLoop.java:658)
	at io.netty.channel.nio.NioEventLoop.processSelectedKeys(NioEventLoop.java:584)
	at io.netty.channel.nio.NioEventLoop.run(NioEventLoop.java:496)
	at io.netty.util.concurrent.SingleThreadEventExecutor$4.run(SingleThreadEventExecutor.java:997)
	at io.netty.util.internal.ThreadExecutorMap$2.run(ThreadExecutorMap.java:74)
	at io.netty.util.concurrent.FastThreadLocalRunnable.run(FastThreadLocalRunnable.java:30)
	at java.lang.Thread.run(Thread.java:750)
08:38:56 [IWT-5-16] WARN  com.iteaj.iot.client.mqtt.MqttClient - 客户端(MQTT<默认>) 断线重连 - 等待重连时间：15(s) - 远程主机 127.0.0.1:1883 - 客户端标识：mqtt_gateway_env_led
08:39:13 [IWT-5-1] ERROR com.iteaj.iot.client.mqtt.MqttClient - 客户端(MQTT<默认>) 连接服务器失败 - 远程主机 127.0.0.1:1883 - 客户端标识：mqtt_gateway_env_led
io.netty.channel.AbstractChannel$AnnotatedConnectException: Connection refused: no further information: /127.0.0.1:1883
Caused by: java.net.ConnectException: Connection refused: no further information
	at sun.nio.ch.SocketChannelImpl.checkConnect(Native Method)
	at sun.nio.ch.SocketChannelImpl.finishConnect(SocketChannelImpl.java:716)
	at io.netty.channel.socket.nio.NioSocketChannel.doFinishConnect(NioSocketChannel.java:337)
	at io.netty.channel.nio.AbstractNioChannel$AbstractNioUnsafe.finishConnect(AbstractNioChannel.java:334)
	at io.netty.channel.nio.NioEventLoop.processSelectedKey(NioEventLoop.java:710)
	at io.netty.channel.nio.NioEventLoop.processSelectedKeysOptimized(NioEventLoop.java:658)
	at io.netty.channel.nio.NioEventLoop.processSelectedKeys(NioEventLoop.java:584)
	at io.netty.channel.nio.NioEventLoop.run(NioEventLoop.java:496)
	at io.netty.util.concurrent.SingleThreadEventExecutor$4.run(SingleThreadEventExecutor.java:997)
	at io.netty.util.internal.ThreadExecutorMap$2.run(ThreadExecutorMap.java:74)
	at io.netty.util.concurrent.FastThreadLocalRunnable.run(FastThreadLocalRunnable.java:30)
	at java.lang.Thread.run(Thread.java:750)
08:39:13 [IWT-5-1] WARN  com.iteaj.iot.client.mqtt.MqttClient - 客户端(MQTT<默认>) 断线重连 - 等待重连时间：15(s) - 远程主机 127.0.0.1:1883 - 客户端标识：mqtt_gateway_env_led
08:39:30 [IWT-5-2] ERROR com.iteaj.iot.client.mqtt.MqttClient - 客户端(MQTT<默认>) 连接服务器失败 - 远程主机 127.0.0.1:1883 - 客户端标识：mqtt_gateway_env_led
io.netty.channel.AbstractChannel$AnnotatedConnectException: Connection refused: no further information: /127.0.0.1:1883
Caused by: java.net.ConnectException: Connection refused: no further information
	at sun.nio.ch.SocketChannelImpl.checkConnect(Native Method)
	at sun.nio.ch.SocketChannelImpl.finishConnect(SocketChannelImpl.java:716)
	at io.netty.channel.socket.nio.NioSocketChannel.doFinishConnect(NioSocketChannel.java:337)
	at io.netty.channel.nio.AbstractNioChannel$AbstractNioUnsafe.finishConnect(AbstractNioChannel.java:334)
	at io.netty.channel.nio.NioEventLoop.processSelectedKey(NioEventLoop.java:710)
	at io.netty.channel.nio.NioEventLoop.processSelectedKeysOptimized(NioEventLoop.java:658)
	at io.netty.channel.nio.NioEventLoop.processSelectedKeys(NioEventLoop.java:584)
	at io.netty.channel.nio.NioEventLoop.run(NioEventLoop.java:496)
	at io.netty.util.concurrent.SingleThreadEventExecutor$4.run(SingleThreadEventExecutor.java:997)
	at io.netty.util.internal.ThreadExecutorMap$2.run(ThreadExecutorMap.java:74)
	at io.netty.util.concurrent.FastThreadLocalRunnable.run(FastThreadLocalRunnable.java:30)
	at java.lang.Thread.run(Thread.java:750)
08:39:30 [IWT-5-2] WARN  com.iteaj.iot.client.mqtt.MqttClient - 客户端(MQTT<默认>) 断线重连 - 等待重连时间：15(s) - 远程主机 127.0.0.1:1883 - 客户端标识：mqtt_gateway_env_led
08:39:47 [IWT-5-3] ERROR com.iteaj.iot.client.mqtt.MqttClient - 客户端(MQTT<默认>) 连接服务器失败 - 远程主机 127.0.0.1:1883 - 客户端标识：mqtt_gateway_env_led
io.netty.channel.AbstractChannel$AnnotatedConnectException: Connection refused: no further information: /127.0.0.1:1883
Caused by: java.net.ConnectException: Connection refused: no further information
	at sun.nio.ch.SocketChannelImpl.checkConnect(Native Method)
	at sun.nio.ch.SocketChannelImpl.finishConnect(SocketChannelImpl.java:716)
	at io.netty.channel.socket.nio.NioSocketChannel.doFinishConnect(NioSocketChannel.java:337)
	at io.netty.channel.nio.AbstractNioChannel$AbstractNioUnsafe.finishConnect(AbstractNioChannel.java:334)
	at io.netty.channel.nio.NioEventLoop.processSelectedKey(NioEventLoop.java:710)
	at io.netty.channel.nio.NioEventLoop.processSelectedKeysOptimized(NioEventLoop.java:658)
	at io.netty.channel.nio.NioEventLoop.processSelectedKeys(NioEventLoop.java:584)
	at io.netty.channel.nio.NioEventLoop.run(NioEventLoop.java:496)
	at io.netty.util.concurrent.SingleThreadEventExecutor$4.run(SingleThreadEventExecutor.java:997)
	at io.netty.util.internal.ThreadExecutorMap$2.run(ThreadExecutorMap.java:74)
	at io.netty.util.concurrent.FastThreadLocalRunnable.run(FastThreadLocalRunnable.java:30)
	at java.lang.Thread.run(Thread.java:750)
08:39:47 [IWT-5-3] WARN  com.iteaj.iot.client.mqtt.MqttClient - 客户端(MQTT<默认>) 断线重连 - 等待重连时间：15(s) - 远程主机 127.0.0.1:1883 - 客户端标识：mqtt_gateway_env_led
08:40:04 [IWT-5-4] ERROR com.iteaj.iot.client.mqtt.MqttClient - 客户端(MQTT<默认>) 连接服务器失败 - 远程主机 127.0.0.1:1883 - 客户端标识：mqtt_gateway_env_led
io.netty.channel.AbstractChannel$AnnotatedConnectException: Connection refused: no further information: /127.0.0.1:1883
Caused by: java.net.ConnectException: Connection refused: no further information
	at sun.nio.ch.SocketChannelImpl.checkConnect(Native Method)
	at sun.nio.ch.SocketChannelImpl.finishConnect(SocketChannelImpl.java:716)
	at io.netty.channel.socket.nio.NioSocketChannel.doFinishConnect(NioSocketChannel.java:337)
	at io.netty.channel.nio.AbstractNioChannel$AbstractNioUnsafe.finishConnect(AbstractNioChannel.java:334)
	at io.netty.channel.nio.NioEventLoop.processSelectedKey(NioEventLoop.java:710)
	at io.netty.channel.nio.NioEventLoop.processSelectedKeysOptimized(NioEventLoop.java:658)
	at io.netty.channel.nio.NioEventLoop.processSelectedKeys(NioEventLoop.java:584)
	at io.netty.channel.nio.NioEventLoop.run(NioEventLoop.java:496)
	at io.netty.util.concurrent.SingleThreadEventExecutor$4.run(SingleThreadEventExecutor.java:997)
	at io.netty.util.internal.ThreadExecutorMap$2.run(ThreadExecutorMap.java:74)
	at io.netty.util.concurrent.FastThreadLocalRunnable.run(FastThreadLocalRunnable.java:30)
	at java.lang.Thread.run(Thread.java:750)
08:40:04 [IWT-5-4] WARN  com.iteaj.iot.client.mqtt.MqttClient - 客户端(MQTT<默认>) 断线重连 - 等待重连时间：15(s) - 远程主机 127.0.0.1:1883 - 客户端标识：mqtt_gateway_env_led
08:40:22 [IWT-5-5] ERROR com.iteaj.iot.client.mqtt.MqttClient - 客户端(MQTT<默认>) 连接服务器失败 - 远程主机 127.0.0.1:1883 - 客户端标识：mqtt_gateway_env_led
io.netty.channel.AbstractChannel$AnnotatedConnectException: Connection refused: no further information: /127.0.0.1:1883
Caused by: java.net.ConnectException: Connection refused: no further information
	at sun.nio.ch.SocketChannelImpl.checkConnect(Native Method)
	at sun.nio.ch.SocketChannelImpl.finishConnect(SocketChannelImpl.java:716)
	at io.netty.channel.socket.nio.NioSocketChannel.doFinishConnect(NioSocketChannel.java:337)
	at io.netty.channel.nio.AbstractNioChannel$AbstractNioUnsafe.finishConnect(AbstractNioChannel.java:334)
	at io.netty.channel.nio.NioEventLoop.processSelectedKey(NioEventLoop.java:710)
	at io.netty.channel.nio.NioEventLoop.processSelectedKeysOptimized(NioEventLoop.java:658)
	at io.netty.channel.nio.NioEventLoop.processSelectedKeys(NioEventLoop.java:584)
	at io.netty.channel.nio.NioEventLoop.run(NioEventLoop.java:496)
	at io.netty.util.concurrent.SingleThreadEventExecutor$4.run(SingleThreadEventExecutor.java:997)
	at io.netty.util.internal.ThreadExecutorMap$2.run(ThreadExecutorMap.java:74)
	at io.netty.util.concurrent.FastThreadLocalRunnable.run(FastThreadLocalRunnable.java:30)
	at java.lang.Thread.run(Thread.java:750)
08:40:22 [IWT-5-5] WARN  com.iteaj.iot.client.mqtt.MqttClient - 客户端(MQTT<默认>) 断线重连 - 等待重连时间：15(s) - 远程主机 127.0.0.1:1883 - 客户端标识：mqtt_gateway_env_led
08:40:39 [IWT-5-6] ERROR com.iteaj.iot.client.mqtt.MqttClient - 客户端(MQTT<默认>) 连接服务器失败 - 远程主机 127.0.0.1:1883 - 客户端标识：mqtt_gateway_env_led
io.netty.channel.AbstractChannel$AnnotatedConnectException: Connection refused: no further information: /127.0.0.1:1883
Caused by: java.net.ConnectException: Connection refused: no further information
	at sun.nio.ch.SocketChannelImpl.checkConnect(Native Method)
	at sun.nio.ch.SocketChannelImpl.finishConnect(SocketChannelImpl.java:716)
	at io.netty.channel.socket.nio.NioSocketChannel.doFinishConnect(NioSocketChannel.java:337)
	at io.netty.channel.nio.AbstractNioChannel$AbstractNioUnsafe.finishConnect(AbstractNioChannel.java:334)
	at io.netty.channel.nio.NioEventLoop.processSelectedKey(NioEventLoop.java:710)
	at io.netty.channel.nio.NioEventLoop.processSelectedKeysOptimized(NioEventLoop.java:658)
	at io.netty.channel.nio.NioEventLoop.processSelectedKeys(NioEventLoop.java:584)
	at io.netty.channel.nio.NioEventLoop.run(NioEventLoop.java:496)
	at io.netty.util.concurrent.SingleThreadEventExecutor$4.run(SingleThreadEventExecutor.java:997)
	at io.netty.util.internal.ThreadExecutorMap$2.run(ThreadExecutorMap.java:74)
	at io.netty.util.concurrent.FastThreadLocalRunnable.run(FastThreadLocalRunnable.java:30)
	at java.lang.Thread.run(Thread.java:750)
08:40:39 [IWT-5-6] WARN  com.iteaj.iot.client.mqtt.MqttClient - 客户端(MQTT<默认>) 断线重连 - 等待重连时间：15(s) - 远程主机 127.0.0.1:1883 - 客户端标识：mqtt_gateway_env_led
08:40:56 [IWT-5-7] ERROR com.iteaj.iot.client.mqtt.MqttClient - 客户端(MQTT<默认>) 连接服务器失败 - 远程主机 127.0.0.1:1883 - 客户端标识：mqtt_gateway_env_led
io.netty.channel.AbstractChannel$AnnotatedConnectException: Connection refused: no further information: /127.0.0.1:1883
Caused by: java.net.ConnectException: Connection refused: no further information
	at sun.nio.ch.SocketChannelImpl.checkConnect(Native Method)
	at sun.nio.ch.SocketChannelImpl.finishConnect(SocketChannelImpl.java:716)
	at io.netty.channel.socket.nio.NioSocketChannel.doFinishConnect(NioSocketChannel.java:337)
	at io.netty.channel.nio.AbstractNioChannel$AbstractNioUnsafe.finishConnect(AbstractNioChannel.java:334)
	at io.netty.channel.nio.NioEventLoop.processSelectedKey(NioEventLoop.java:710)
	at io.netty.channel.nio.NioEventLoop.processSelectedKeysOptimized(NioEventLoop.java:658)
	at io.netty.channel.nio.NioEventLoop.processSelectedKeys(NioEventLoop.java:584)
	at io.netty.channel.nio.NioEventLoop.run(NioEventLoop.java:496)
	at io.netty.util.concurrent.SingleThreadEventExecutor$4.run(SingleThreadEventExecutor.java:997)
	at io.netty.util.internal.ThreadExecutorMap$2.run(ThreadExecutorMap.java:74)
	at io.netty.util.concurrent.FastThreadLocalRunnable.run(FastThreadLocalRunnable.java:30)
	at java.lang.Thread.run(Thread.java:750)
08:40:56 [IWT-5-7] WARN  com.iteaj.iot.client.mqtt.MqttClient - 客户端(MQTT<默认>) 断线重连 - 等待重连时间：15(s) - 远程主机 127.0.0.1:1883 - 客户端标识：mqtt_gateway_env_led
08:41:13 [IWT-5-8] ERROR com.iteaj.iot.client.mqtt.MqttClient - 客户端(MQTT<默认>) 连接服务器失败 - 远程主机 127.0.0.1:1883 - 客户端标识：mqtt_gateway_env_led
io.netty.channel.AbstractChannel$AnnotatedConnectException: Connection refused: no further information: /127.0.0.1:1883
Caused by: java.net.ConnectException: Connection refused: no further information
	at sun.nio.ch.SocketChannelImpl.checkConnect(Native Method)
	at sun.nio.ch.SocketChannelImpl.finishConnect(SocketChannelImpl.java:716)
	at io.netty.channel.socket.nio.NioSocketChannel.doFinishConnect(NioSocketChannel.java:337)
	at io.netty.channel.nio.AbstractNioChannel$AbstractNioUnsafe.finishConnect(AbstractNioChannel.java:334)
	at io.netty.channel.nio.NioEventLoop.processSelectedKey(NioEventLoop.java:710)
	at io.netty.channel.nio.NioEventLoop.processSelectedKeysOptimized(NioEventLoop.java:658)
	at io.netty.channel.nio.NioEventLoop.processSelectedKeys(NioEventLoop.java:584)
	at io.netty.channel.nio.NioEventLoop.run(NioEventLoop.java:496)
	at io.netty.util.concurrent.SingleThreadEventExecutor$4.run(SingleThreadEventExecutor.java:997)
	at io.netty.util.internal.ThreadExecutorMap$2.run(ThreadExecutorMap.java:74)
	at io.netty.util.concurrent.FastThreadLocalRunnable.run(FastThreadLocalRunnable.java:30)
	at java.lang.Thread.run(Thread.java:750)
08:41:13 [IWT-5-8] WARN  com.iteaj.iot.client.mqtt.MqttClient - 客户端(MQTT<默认>) 断线重连 - 等待重连时间：15(s) - 远程主机 127.0.0.1:1883 - 客户端标识：mqtt_gateway_env_led
08:41:30 [IWT-5-9] ERROR com.iteaj.iot.client.mqtt.MqttClient - 客户端(MQTT<默认>) 连接服务器失败 - 远程主机 127.0.0.1:1883 - 客户端标识：mqtt_gateway_env_led
io.netty.channel.AbstractChannel$AnnotatedConnectException: Connection refused: no further information: /127.0.0.1:1883
Caused by: java.net.ConnectException: Connection refused: no further information
	at sun.nio.ch.SocketChannelImpl.checkConnect(Native Method)
	at sun.nio.ch.SocketChannelImpl.finishConnect(SocketChannelImpl.java:716)
	at io.netty.channel.socket.nio.NioSocketChannel.doFinishConnect(NioSocketChannel.java:337)
	at io.netty.channel.nio.AbstractNioChannel$AbstractNioUnsafe.finishConnect(AbstractNioChannel.java:334)
	at io.netty.channel.nio.NioEventLoop.processSelectedKey(NioEventLoop.java:710)
	at io.netty.channel.nio.NioEventLoop.processSelectedKeysOptimized(NioEventLoop.java:658)
	at io.netty.channel.nio.NioEventLoop.processSelectedKeys(NioEventLoop.java:584)
	at io.netty.channel.nio.NioEventLoop.run(NioEventLoop.java:496)
	at io.netty.util.concurrent.SingleThreadEventExecutor$4.run(SingleThreadEventExecutor.java:997)
	at io.netty.util.internal.ThreadExecutorMap$2.run(ThreadExecutorMap.java:74)
	at io.netty.util.concurrent.FastThreadLocalRunnable.run(FastThreadLocalRunnable.java:30)
	at java.lang.Thread.run(Thread.java:750)
08:41:30 [IWT-5-9] WARN  com.iteaj.iot.client.mqtt.MqttClient - 客户端(MQTT<默认>) 断线重连 - 等待重连时间：15(s) - 远程主机 127.0.0.1:1883 - 客户端标识：mqtt_gateway_env_led
08:41:47 [IWT-5-10] ERROR com.iteaj.iot.client.mqtt.MqttClient - 客户端(MQTT<默认>) 连接服务器失败 - 远程主机 127.0.0.1:1883 - 客户端标识：mqtt_gateway_env_led
io.netty.channel.AbstractChannel$AnnotatedConnectException: Connection refused: no further information: /127.0.0.1:1883
Caused by: java.net.ConnectException: Connection refused: no further information
	at sun.nio.ch.SocketChannelImpl.checkConnect(Native Method)
	at sun.nio.ch.SocketChannelImpl.finishConnect(SocketChannelImpl.java:716)
	at io.netty.channel.socket.nio.NioSocketChannel.doFinishConnect(NioSocketChannel.java:337)
	at io.netty.channel.nio.AbstractNioChannel$AbstractNioUnsafe.finishConnect(AbstractNioChannel.java:334)
	at io.netty.channel.nio.NioEventLoop.processSelectedKey(NioEventLoop.java:710)
	at io.netty.channel.nio.NioEventLoop.processSelectedKeysOptimized(NioEventLoop.java:658)
	at io.netty.channel.nio.NioEventLoop.processSelectedKeys(NioEventLoop.java:584)
	at io.netty.channel.nio.NioEventLoop.run(NioEventLoop.java:496)
	at io.netty.util.concurrent.SingleThreadEventExecutor$4.run(SingleThreadEventExecutor.java:997)
	at io.netty.util.internal.ThreadExecutorMap$2.run(ThreadExecutorMap.java:74)
	at io.netty.util.concurrent.FastThreadLocalRunnable.run(FastThreadLocalRunnable.java:30)
	at java.lang.Thread.run(Thread.java:750)
08:41:47 [IWT-5-10] WARN  com.iteaj.iot.client.mqtt.MqttClient - 客户端(MQTT<默认>) 断线重连 - 等待重连时间：15(s) - 远程主机 127.0.0.1:1883 - 客户端标识：mqtt_gateway_env_led
08:42:04 [IWT-5-11] ERROR com.iteaj.iot.client.mqtt.MqttClient - 客户端(MQTT<默认>) 连接服务器失败 - 远程主机 127.0.0.1:1883 - 客户端标识：mqtt_gateway_env_led
io.netty.channel.AbstractChannel$AnnotatedConnectException: Connection refused: no further information: /127.0.0.1:1883
Caused by: java.net.ConnectException: Connection refused: no further information
	at sun.nio.ch.SocketChannelImpl.checkConnect(Native Method)
	at sun.nio.ch.SocketChannelImpl.finishConnect(SocketChannelImpl.java:716)
	at io.netty.channel.socket.nio.NioSocketChannel.doFinishConnect(NioSocketChannel.java:337)
	at io.netty.channel.nio.AbstractNioChannel$AbstractNioUnsafe.finishConnect(AbstractNioChannel.java:334)
	at io.netty.channel.nio.NioEventLoop.processSelectedKey(NioEventLoop.java:710)
	at io.netty.channel.nio.NioEventLoop.processSelectedKeysOptimized(NioEventLoop.java:658)
	at io.netty.channel.nio.NioEventLoop.processSelectedKeys(NioEventLoop.java:584)
	at io.netty.channel.nio.NioEventLoop.run(NioEventLoop.java:496)
	at io.netty.util.concurrent.SingleThreadEventExecutor$4.run(SingleThreadEventExecutor.java:997)
	at io.netty.util.internal.ThreadExecutorMap$2.run(ThreadExecutorMap.java:74)
	at io.netty.util.concurrent.FastThreadLocalRunnable.run(FastThreadLocalRunnable.java:30)
	at java.lang.Thread.run(Thread.java:750)
08:42:04 [IWT-5-11] WARN  com.iteaj.iot.client.mqtt.MqttClient - 客户端(MQTT<默认>) 断线重连 - 等待重连时间：15(s) - 远程主机 127.0.0.1:1883 - 客户端标识：mqtt_gateway_env_led
08:42:21 [IWT-5-12] ERROR com.iteaj.iot.client.mqtt.MqttClient - 客户端(MQTT<默认>) 连接服务器失败 - 远程主机 127.0.0.1:1883 - 客户端标识：mqtt_gateway_env_led
io.netty.channel.AbstractChannel$AnnotatedConnectException: Connection refused: no further information: /127.0.0.1:1883
Caused by: java.net.ConnectException: Connection refused: no further information
	at sun.nio.ch.SocketChannelImpl.checkConnect(Native Method)
	at sun.nio.ch.SocketChannelImpl.finishConnect(SocketChannelImpl.java:716)
	at io.netty.channel.socket.nio.NioSocketChannel.doFinishConnect(NioSocketChannel.java:337)
	at io.netty.channel.nio.AbstractNioChannel$AbstractNioUnsafe.finishConnect(AbstractNioChannel.java:334)
	at io.netty.channel.nio.NioEventLoop.processSelectedKey(NioEventLoop.java:710)
	at io.netty.channel.nio.NioEventLoop.processSelectedKeysOptimized(NioEventLoop.java:658)
	at io.netty.channel.nio.NioEventLoop.processSelectedKeys(NioEventLoop.java:584)
	at io.netty.channel.nio.NioEventLoop.run(NioEventLoop.java:496)
	at io.netty.util.concurrent.SingleThreadEventExecutor$4.run(SingleThreadEventExecutor.java:997)
	at io.netty.util.internal.ThreadExecutorMap$2.run(ThreadExecutorMap.java:74)
	at io.netty.util.concurrent.FastThreadLocalRunnable.run(FastThreadLocalRunnable.java:30)
	at java.lang.Thread.run(Thread.java:750)
08:42:21 [IWT-5-12] WARN  com.iteaj.iot.client.mqtt.MqttClient - 客户端(MQTT<默认>) 断线重连 - 等待重连时间：15(s) - 远程主机 127.0.0.1:1883 - 客户端标识：mqtt_gateway_env_led
08:42:38 [IWT-5-13] ERROR com.iteaj.iot.client.mqtt.MqttClient - 客户端(MQTT<默认>) 连接服务器失败 - 远程主机 127.0.0.1:1883 - 客户端标识：mqtt_gateway_env_led
io.netty.channel.AbstractChannel$AnnotatedConnectException: Connection refused: no further information: /127.0.0.1:1883
Caused by: java.net.ConnectException: Connection refused: no further information
	at sun.nio.ch.SocketChannelImpl.checkConnect(Native Method)
	at sun.nio.ch.SocketChannelImpl.finishConnect(SocketChannelImpl.java:716)
	at io.netty.channel.socket.nio.NioSocketChannel.doFinishConnect(NioSocketChannel.java:337)
	at io.netty.channel.nio.AbstractNioChannel$AbstractNioUnsafe.finishConnect(AbstractNioChannel.java:334)
	at io.netty.channel.nio.NioEventLoop.processSelectedKey(NioEventLoop.java:710)
	at io.netty.channel.nio.NioEventLoop.processSelectedKeysOptimized(NioEventLoop.java:658)
	at io.netty.channel.nio.NioEventLoop.processSelectedKeys(NioEventLoop.java:584)
	at io.netty.channel.nio.NioEventLoop.run(NioEventLoop.java:496)
	at io.netty.util.concurrent.SingleThreadEventExecutor$4.run(SingleThreadEventExecutor.java:997)
	at io.netty.util.internal.ThreadExecutorMap$2.run(ThreadExecutorMap.java:74)
	at io.netty.util.concurrent.FastThreadLocalRunnable.run(FastThreadLocalRunnable.java:30)
	at java.lang.Thread.run(Thread.java:750)
08:42:38 [IWT-5-13] WARN  com.iteaj.iot.client.mqtt.MqttClient - 客户端(MQTT<默认>) 断线重连 - 等待重连时间：15(s) - 远程主机 127.0.0.1:1883 - 客户端标识：mqtt_gateway_env_led
08:42:55 [IWT-5-14] ERROR com.iteaj.iot.client.mqtt.MqttClient - 客户端(MQTT<默认>) 连接服务器失败 - 远程主机 127.0.0.1:1883 - 客户端标识：mqtt_gateway_env_led
io.netty.channel.AbstractChannel$AnnotatedConnectException: Connection refused: no further information: /127.0.0.1:1883
Caused by: java.net.ConnectException: Connection refused: no further information
	at sun.nio.ch.SocketChannelImpl.checkConnect(Native Method)
	at sun.nio.ch.SocketChannelImpl.finishConnect(SocketChannelImpl.java:716)
	at io.netty.channel.socket.nio.NioSocketChannel.doFinishConnect(NioSocketChannel.java:337)
	at io.netty.channel.nio.AbstractNioChannel$AbstractNioUnsafe.finishConnect(AbstractNioChannel.java:334)
	at io.netty.channel.nio.NioEventLoop.processSelectedKey(NioEventLoop.java:710)
	at io.netty.channel.nio.NioEventLoop.processSelectedKeysOptimized(NioEventLoop.java:658)
	at io.netty.channel.nio.NioEventLoop.processSelectedKeys(NioEventLoop.java:584)
	at io.netty.channel.nio.NioEventLoop.run(NioEventLoop.java:496)
	at io.netty.util.concurrent.SingleThreadEventExecutor$4.run(SingleThreadEventExecutor.java:997)
	at io.netty.util.internal.ThreadExecutorMap$2.run(ThreadExecutorMap.java:74)
	at io.netty.util.concurrent.FastThreadLocalRunnable.run(FastThreadLocalRunnable.java:30)
	at java.lang.Thread.run(Thread.java:750)
08:42:55 [IWT-5-14] WARN  com.iteaj.iot.client.mqtt.MqttClient - 客户端(MQTT<默认>) 断线重连 - 等待重连时间：15(s) - 远程主机 127.0.0.1:1883 - 客户端标识：mqtt_gateway_env_led
08:43:12 [IWT-5-15] ERROR com.iteaj.iot.client.mqtt.MqttClient - 客户端(MQTT<默认>) 连接服务器失败 - 远程主机 127.0.0.1:1883 - 客户端标识：mqtt_gateway_env_led
io.netty.channel.AbstractChannel$AnnotatedConnectException: Connection refused: no further information: /127.0.0.1:1883
Caused by: java.net.ConnectException: Connection refused: no further information
	at sun.nio.ch.SocketChannelImpl.checkConnect(Native Method)
	at sun.nio.ch.SocketChannelImpl.finishConnect(SocketChannelImpl.java:716)
	at io.netty.channel.socket.nio.NioSocketChannel.doFinishConnect(NioSocketChannel.java:337)
	at io.netty.channel.nio.AbstractNioChannel$AbstractNioUnsafe.finishConnect(AbstractNioChannel.java:334)
	at io.netty.channel.nio.NioEventLoop.processSelectedKey(NioEventLoop.java:710)
	at io.netty.channel.nio.NioEventLoop.processSelectedKeysOptimized(NioEventLoop.java:658)
	at io.netty.channel.nio.NioEventLoop.processSelectedKeys(NioEventLoop.java:584)
	at io.netty.channel.nio.NioEventLoop.run(NioEventLoop.java:496)
	at io.netty.util.concurrent.SingleThreadEventExecutor$4.run(SingleThreadEventExecutor.java:997)
	at io.netty.util.internal.ThreadExecutorMap$2.run(ThreadExecutorMap.java:74)
	at io.netty.util.concurrent.FastThreadLocalRunnable.run(FastThreadLocalRunnable.java:30)
	at java.lang.Thread.run(Thread.java:750)
08:43:13 [IWT-5-15] WARN  com.iteaj.iot.client.mqtt.MqttClient - 客户端(MQTT<默认>) 断线重连 - 等待重连时间：15(s) - 远程主机 127.0.0.1:1883 - 客户端标识：mqtt_gateway_env_led
08:43:30 [IWT-5-16] ERROR com.iteaj.iot.client.mqtt.MqttClient - 客户端(MQTT<默认>) 连接服务器失败 - 远程主机 127.0.0.1:1883 - 客户端标识：mqtt_gateway_env_led
io.netty.channel.AbstractChannel$AnnotatedConnectException: Connection refused: no further information: /127.0.0.1:1883
Caused by: java.net.ConnectException: Connection refused: no further information
	at sun.nio.ch.SocketChannelImpl.checkConnect(Native Method)
	at sun.nio.ch.SocketChannelImpl.finishConnect(SocketChannelImpl.java:716)
	at io.netty.channel.socket.nio.NioSocketChannel.doFinishConnect(NioSocketChannel.java:337)
	at io.netty.channel.nio.AbstractNioChannel$AbstractNioUnsafe.finishConnect(AbstractNioChannel.java:334)
	at io.netty.channel.nio.NioEventLoop.processSelectedKey(NioEventLoop.java:710)
	at io.netty.channel.nio.NioEventLoop.processSelectedKeysOptimized(NioEventLoop.java:658)
	at io.netty.channel.nio.NioEventLoop.processSelectedKeys(NioEventLoop.java:584)
	at io.netty.channel.nio.NioEventLoop.run(NioEventLoop.java:496)
	at io.netty.util.concurrent.SingleThreadEventExecutor$4.run(SingleThreadEventExecutor.java:997)
	at io.netty.util.internal.ThreadExecutorMap$2.run(ThreadExecutorMap.java:74)
	at io.netty.util.concurrent.FastThreadLocalRunnable.run(FastThreadLocalRunnable.java:30)
	at java.lang.Thread.run(Thread.java:750)
08:43:30 [IWT-5-16] WARN  com.iteaj.iot.client.mqtt.MqttClient - 客户端(MQTT<默认>) 断线重连 - 等待重连时间：15(s) - 远程主机 127.0.0.1:1883 - 客户端标识：mqtt_gateway_env_led
08:43:47 [IWT-5-1] ERROR com.iteaj.iot.client.mqtt.MqttClient - 客户端(MQTT<默认>) 连接服务器失败 - 远程主机 127.0.0.1:1883 - 客户端标识：mqtt_gateway_env_led
io.netty.channel.AbstractChannel$AnnotatedConnectException: Connection refused: no further information: /127.0.0.1:1883
Caused by: java.net.ConnectException: Connection refused: no further information
	at sun.nio.ch.SocketChannelImpl.checkConnect(Native Method)
	at sun.nio.ch.SocketChannelImpl.finishConnect(SocketChannelImpl.java:716)
	at io.netty.channel.socket.nio.NioSocketChannel.doFinishConnect(NioSocketChannel.java:337)
	at io.netty.channel.nio.AbstractNioChannel$AbstractNioUnsafe.finishConnect(AbstractNioChannel.java:334)
	at io.netty.channel.nio.NioEventLoop.processSelectedKey(NioEventLoop.java:710)
	at io.netty.channel.nio.NioEventLoop.processSelectedKeysOptimized(NioEventLoop.java:658)
	at io.netty.channel.nio.NioEventLoop.processSelectedKeys(NioEventLoop.java:584)
	at io.netty.channel.nio.NioEventLoop.run(NioEventLoop.java:496)
	at io.netty.util.concurrent.SingleThreadEventExecutor$4.run(SingleThreadEventExecutor.java:997)
	at io.netty.util.internal.ThreadExecutorMap$2.run(ThreadExecutorMap.java:74)
	at io.netty.util.concurrent.FastThreadLocalRunnable.run(FastThreadLocalRunnable.java:30)
	at java.lang.Thread.run(Thread.java:750)
08:43:47 [IWT-5-1] WARN  com.iteaj.iot.client.mqtt.MqttClient - 客户端(MQTT<默认>) 断线重连 - 等待重连时间：15(s) - 远程主机 127.0.0.1:1883 - 客户端标识：mqtt_gateway_env_led
08:44:04 [IWT-5-2] ERROR com.iteaj.iot.client.mqtt.MqttClient - 客户端(MQTT<默认>) 连接服务器失败 - 远程主机 127.0.0.1:1883 - 客户端标识：mqtt_gateway_env_led
io.netty.channel.AbstractChannel$AnnotatedConnectException: Connection refused: no further information: /127.0.0.1:1883
Caused by: java.net.ConnectException: Connection refused: no further information
	at sun.nio.ch.SocketChannelImpl.checkConnect(Native Method)
	at sun.nio.ch.SocketChannelImpl.finishConnect(SocketChannelImpl.java:716)
	at io.netty.channel.socket.nio.NioSocketChannel.doFinishConnect(NioSocketChannel.java:337)
	at io.netty.channel.nio.AbstractNioChannel$AbstractNioUnsafe.finishConnect(AbstractNioChannel.java:334)
	at io.netty.channel.nio.NioEventLoop.processSelectedKey(NioEventLoop.java:710)
	at io.netty.channel.nio.NioEventLoop.processSelectedKeysOptimized(NioEventLoop.java:658)
	at io.netty.channel.nio.NioEventLoop.processSelectedKeys(NioEventLoop.java:584)
	at io.netty.channel.nio.NioEventLoop.run(NioEventLoop.java:496)
	at io.netty.util.concurrent.SingleThreadEventExecutor$4.run(SingleThreadEventExecutor.java:997)
	at io.netty.util.internal.ThreadExecutorMap$2.run(ThreadExecutorMap.java:74)
	at io.netty.util.concurrent.FastThreadLocalRunnable.run(FastThreadLocalRunnable.java:30)
	at java.lang.Thread.run(Thread.java:750)
08:44:04 [IWT-5-2] WARN  com.iteaj.iot.client.mqtt.MqttClient - 客户端(MQTT<默认>) 断线重连 - 等待重连时间：15(s) - 远程主机 127.0.0.1:1883 - 客户端标识：mqtt_gateway_env_led
08:44:21 [IWT-5-3] ERROR com.iteaj.iot.client.mqtt.MqttClient - 客户端(MQTT<默认>) 连接服务器失败 - 远程主机 127.0.0.1:1883 - 客户端标识：mqtt_gateway_env_led
io.netty.channel.AbstractChannel$AnnotatedConnectException: Connection refused: no further information: /127.0.0.1:1883
Caused by: java.net.ConnectException: Connection refused: no further information
	at sun.nio.ch.SocketChannelImpl.checkConnect(Native Method)
	at sun.nio.ch.SocketChannelImpl.finishConnect(SocketChannelImpl.java:716)
	at io.netty.channel.socket.nio.NioSocketChannel.doFinishConnect(NioSocketChannel.java:337)
	at io.netty.channel.nio.AbstractNioChannel$AbstractNioUnsafe.finishConnect(AbstractNioChannel.java:334)
	at io.netty.channel.nio.NioEventLoop.processSelectedKey(NioEventLoop.java:710)
	at io.netty.channel.nio.NioEventLoop.processSelectedKeysOptimized(NioEventLoop.java:658)
	at io.netty.channel.nio.NioEventLoop.processSelectedKeys(NioEventLoop.java:584)
	at io.netty.channel.nio.NioEventLoop.run(NioEventLoop.java:496)
	at io.netty.util.concurrent.SingleThreadEventExecutor$4.run(SingleThreadEventExecutor.java:997)
	at io.netty.util.internal.ThreadExecutorMap$2.run(ThreadExecutorMap.java:74)
	at io.netty.util.concurrent.FastThreadLocalRunnable.run(FastThreadLocalRunnable.java:30)
	at java.lang.Thread.run(Thread.java:750)
08:44:21 [IWT-5-3] WARN  com.iteaj.iot.client.mqtt.MqttClient - 客户端(MQTT<默认>) 断线重连 - 等待重连时间：15(s) - 远程主机 127.0.0.1:1883 - 客户端标识：mqtt_gateway_env_led
08:44:38 [IWT-5-4] ERROR com.iteaj.iot.client.mqtt.MqttClient - 客户端(MQTT<默认>) 连接服务器失败 - 远程主机 127.0.0.1:1883 - 客户端标识：mqtt_gateway_env_led
io.netty.channel.AbstractChannel$AnnotatedConnectException: Connection refused: no further information: /127.0.0.1:1883
Caused by: java.net.ConnectException: Connection refused: no further information
	at sun.nio.ch.SocketChannelImpl.checkConnect(Native Method)
	at sun.nio.ch.SocketChannelImpl.finishConnect(SocketChannelImpl.java:716)
	at io.netty.channel.socket.nio.NioSocketChannel.doFinishConnect(NioSocketChannel.java:337)
	at io.netty.channel.nio.AbstractNioChannel$AbstractNioUnsafe.finishConnect(AbstractNioChannel.java:334)
	at io.netty.channel.nio.NioEventLoop.processSelectedKey(NioEventLoop.java:710)
	at io.netty.channel.nio.NioEventLoop.processSelectedKeysOptimized(NioEventLoop.java:658)
	at io.netty.channel.nio.NioEventLoop.processSelectedKeys(NioEventLoop.java:584)
	at io.netty.channel.nio.NioEventLoop.run(NioEventLoop.java:496)
	at io.netty.util.concurrent.SingleThreadEventExecutor$4.run(SingleThreadEventExecutor.java:997)
	at io.netty.util.internal.ThreadExecutorMap$2.run(ThreadExecutorMap.java:74)
	at io.netty.util.concurrent.FastThreadLocalRunnable.run(FastThreadLocalRunnable.java:30)
	at java.lang.Thread.run(Thread.java:750)
08:44:38 [IWT-5-4] WARN  com.iteaj.iot.client.mqtt.MqttClient - 客户端(MQTT<默认>) 断线重连 - 等待重连时间：15(s) - 远程主机 127.0.0.1:1883 - 客户端标识：mqtt_gateway_env_led
08:44:55 [IWT-5-5] ERROR com.iteaj.iot.client.mqtt.MqttClient - 客户端(MQTT<默认>) 连接服务器失败 - 远程主机 127.0.0.1:1883 - 客户端标识：mqtt_gateway_env_led
io.netty.channel.AbstractChannel$AnnotatedConnectException: Connection refused: no further information: /127.0.0.1:1883
Caused by: java.net.ConnectException: Connection refused: no further information
	at sun.nio.ch.SocketChannelImpl.checkConnect(Native Method)
	at sun.nio.ch.SocketChannelImpl.finishConnect(SocketChannelImpl.java:716)
	at io.netty.channel.socket.nio.NioSocketChannel.doFinishConnect(NioSocketChannel.java:337)
	at io.netty.channel.nio.AbstractNioChannel$AbstractNioUnsafe.finishConnect(AbstractNioChannel.java:334)
	at io.netty.channel.nio.NioEventLoop.processSelectedKey(NioEventLoop.java:710)
	at io.netty.channel.nio.NioEventLoop.processSelectedKeysOptimized(NioEventLoop.java:658)
	at io.netty.channel.nio.NioEventLoop.processSelectedKeys(NioEventLoop.java:584)
	at io.netty.channel.nio.NioEventLoop.run(NioEventLoop.java:496)
	at io.netty.util.concurrent.SingleThreadEventExecutor$4.run(SingleThreadEventExecutor.java:997)
	at io.netty.util.internal.ThreadExecutorMap$2.run(ThreadExecutorMap.java:74)
	at io.netty.util.concurrent.FastThreadLocalRunnable.run(FastThreadLocalRunnable.java:30)
	at java.lang.Thread.run(Thread.java:750)
08:44:55 [IWT-5-5] WARN  com.iteaj.iot.client.mqtt.MqttClient - 客户端(MQTT<默认>) 断线重连 - 等待重连时间：15(s) - 远程主机 127.0.0.1:1883 - 客户端标识：mqtt_gateway_env_led
08:45:12 [IWT-5-6] ERROR com.iteaj.iot.client.mqtt.MqttClient - 客户端(MQTT<默认>) 连接服务器失败 - 远程主机 127.0.0.1:1883 - 客户端标识：mqtt_gateway_env_led
io.netty.channel.AbstractChannel$AnnotatedConnectException: Connection refused: no further information: /127.0.0.1:1883
Caused by: java.net.ConnectException: Connection refused: no further information
	at sun.nio.ch.SocketChannelImpl.checkConnect(Native Method)
	at sun.nio.ch.SocketChannelImpl.finishConnect(SocketChannelImpl.java:716)
	at io.netty.channel.socket.nio.NioSocketChannel.doFinishConnect(NioSocketChannel.java:337)
	at io.netty.channel.nio.AbstractNioChannel$AbstractNioUnsafe.finishConnect(AbstractNioChannel.java:334)
	at io.netty.channel.nio.NioEventLoop.processSelectedKey(NioEventLoop.java:710)
	at io.netty.channel.nio.NioEventLoop.processSelectedKeysOptimized(NioEventLoop.java:658)
	at io.netty.channel.nio.NioEventLoop.processSelectedKeys(NioEventLoop.java:584)
	at io.netty.channel.nio.NioEventLoop.run(NioEventLoop.java:496)
	at io.netty.util.concurrent.SingleThreadEventExecutor$4.run(SingleThreadEventExecutor.java:997)
	at io.netty.util.internal.ThreadExecutorMap$2.run(ThreadExecutorMap.java:74)
	at io.netty.util.concurrent.FastThreadLocalRunnable.run(FastThreadLocalRunnable.java:30)
	at java.lang.Thread.run(Thread.java:750)
08:45:12 [IWT-5-6] WARN  com.iteaj.iot.client.mqtt.MqttClient - 客户端(MQTT<默认>) 断线重连 - 等待重连时间：15(s) - 远程主机 127.0.0.1:1883 - 客户端标识：mqtt_gateway_env_led
08:45:29 [IWT-5-7] ERROR com.iteaj.iot.client.mqtt.MqttClient - 客户端(MQTT<默认>) 连接服务器失败 - 远程主机 127.0.0.1:1883 - 客户端标识：mqtt_gateway_env_led
io.netty.channel.AbstractChannel$AnnotatedConnectException: Connection refused: no further information: /127.0.0.1:1883
Caused by: java.net.ConnectException: Connection refused: no further information
	at sun.nio.ch.SocketChannelImpl.checkConnect(Native Method)
	at sun.nio.ch.SocketChannelImpl.finishConnect(SocketChannelImpl.java:716)
	at io.netty.channel.socket.nio.NioSocketChannel.doFinishConnect(NioSocketChannel.java:337)
	at io.netty.channel.nio.AbstractNioChannel$AbstractNioUnsafe.finishConnect(AbstractNioChannel.java:334)
	at io.netty.channel.nio.NioEventLoop.processSelectedKey(NioEventLoop.java:710)
	at io.netty.channel.nio.NioEventLoop.processSelectedKeysOptimized(NioEventLoop.java:658)
	at io.netty.channel.nio.NioEventLoop.processSelectedKeys(NioEventLoop.java:584)
	at io.netty.channel.nio.NioEventLoop.run(NioEventLoop.java:496)
	at io.netty.util.concurrent.SingleThreadEventExecutor$4.run(SingleThreadEventExecutor.java:997)
	at io.netty.util.internal.ThreadExecutorMap$2.run(ThreadExecutorMap.java:74)
	at io.netty.util.concurrent.FastThreadLocalRunnable.run(FastThreadLocalRunnable.java:30)
	at java.lang.Thread.run(Thread.java:750)
08:45:29 [IWT-5-7] WARN  com.iteaj.iot.client.mqtt.MqttClient - 客户端(MQTT<默认>) 断线重连 - 等待重连时间：15(s) - 远程主机 127.0.0.1:1883 - 客户端标识：mqtt_gateway_env_led
08:45:46 [IWT-5-8] ERROR com.iteaj.iot.client.mqtt.MqttClient - 客户端(MQTT<默认>) 连接服务器失败 - 远程主机 127.0.0.1:1883 - 客户端标识：mqtt_gateway_env_led
io.netty.channel.AbstractChannel$AnnotatedConnectException: Connection refused: no further information: /127.0.0.1:1883
Caused by: java.net.ConnectException: Connection refused: no further information
	at sun.nio.ch.SocketChannelImpl.checkConnect(Native Method)
	at sun.nio.ch.SocketChannelImpl.finishConnect(SocketChannelImpl.java:716)
	at io.netty.channel.socket.nio.NioSocketChannel.doFinishConnect(NioSocketChannel.java:337)
	at io.netty.channel.nio.AbstractNioChannel$AbstractNioUnsafe.finishConnect(AbstractNioChannel.java:334)
	at io.netty.channel.nio.NioEventLoop.processSelectedKey(NioEventLoop.java:710)
	at io.netty.channel.nio.NioEventLoop.processSelectedKeysOptimized(NioEventLoop.java:658)
	at io.netty.channel.nio.NioEventLoop.processSelectedKeys(NioEventLoop.java:584)
	at io.netty.channel.nio.NioEventLoop.run(NioEventLoop.java:496)
	at io.netty.util.concurrent.SingleThreadEventExecutor$4.run(SingleThreadEventExecutor.java:997)
	at io.netty.util.internal.ThreadExecutorMap$2.run(ThreadExecutorMap.java:74)
	at io.netty.util.concurrent.FastThreadLocalRunnable.run(FastThreadLocalRunnable.java:30)
	at java.lang.Thread.run(Thread.java:750)
08:45:46 [IWT-5-8] WARN  com.iteaj.iot.client.mqtt.MqttClient - 客户端(MQTT<默认>) 断线重连 - 等待重连时间：15(s) - 远程主机 127.0.0.1:1883 - 客户端标识：mqtt_gateway_env_led
08:46:04 [IWT-5-9] ERROR com.iteaj.iot.client.mqtt.MqttClient - 客户端(MQTT<默认>) 连接服务器失败 - 远程主机 127.0.0.1:1883 - 客户端标识：mqtt_gateway_env_led
io.netty.channel.AbstractChannel$AnnotatedConnectException: Connection refused: no further information: /127.0.0.1:1883
Caused by: java.net.ConnectException: Connection refused: no further information
	at sun.nio.ch.SocketChannelImpl.checkConnect(Native Method)
	at sun.nio.ch.SocketChannelImpl.finishConnect(SocketChannelImpl.java:716)
	at io.netty.channel.socket.nio.NioSocketChannel.doFinishConnect(NioSocketChannel.java:337)
	at io.netty.channel.nio.AbstractNioChannel$AbstractNioUnsafe.finishConnect(AbstractNioChannel.java:334)
	at io.netty.channel.nio.NioEventLoop.processSelectedKey(NioEventLoop.java:710)
	at io.netty.channel.nio.NioEventLoop.processSelectedKeysOptimized(NioEventLoop.java:658)
	at io.netty.channel.nio.NioEventLoop.processSelectedKeys(NioEventLoop.java:584)
	at io.netty.channel.nio.NioEventLoop.run(NioEventLoop.java:496)
	at io.netty.util.concurrent.SingleThreadEventExecutor$4.run(SingleThreadEventExecutor.java:997)
	at io.netty.util.internal.ThreadExecutorMap$2.run(ThreadExecutorMap.java:74)
	at io.netty.util.concurrent.FastThreadLocalRunnable.run(FastThreadLocalRunnable.java:30)
	at java.lang.Thread.run(Thread.java:750)
08:46:04 [IWT-5-9] WARN  com.iteaj.iot.client.mqtt.MqttClient - 客户端(MQTT<默认>) 断线重连 - 等待重连时间：15(s) - 远程主机 127.0.0.1:1883 - 客户端标识：mqtt_gateway_env_led
08:46:21 [IWT-5-10] ERROR com.iteaj.iot.client.mqtt.MqttClient - 客户端(MQTT<默认>) 连接服务器失败 - 远程主机 127.0.0.1:1883 - 客户端标识：mqtt_gateway_env_led
io.netty.channel.AbstractChannel$AnnotatedConnectException: Connection refused: no further information: /127.0.0.1:1883
Caused by: java.net.ConnectException: Connection refused: no further information
	at sun.nio.ch.SocketChannelImpl.checkConnect(Native Method)
	at sun.nio.ch.SocketChannelImpl.finishConnect(SocketChannelImpl.java:716)
	at io.netty.channel.socket.nio.NioSocketChannel.doFinishConnect(NioSocketChannel.java:337)
	at io.netty.channel.nio.AbstractNioChannel$AbstractNioUnsafe.finishConnect(AbstractNioChannel.java:334)
	at io.netty.channel.nio.NioEventLoop.processSelectedKey(NioEventLoop.java:710)
	at io.netty.channel.nio.NioEventLoop.processSelectedKeysOptimized(NioEventLoop.java:658)
	at io.netty.channel.nio.NioEventLoop.processSelectedKeys(NioEventLoop.java:584)
	at io.netty.channel.nio.NioEventLoop.run(NioEventLoop.java:496)
	at io.netty.util.concurrent.SingleThreadEventExecutor$4.run(SingleThreadEventExecutor.java:997)
	at io.netty.util.internal.ThreadExecutorMap$2.run(ThreadExecutorMap.java:74)
	at io.netty.util.concurrent.FastThreadLocalRunnable.run(FastThreadLocalRunnable.java:30)
	at java.lang.Thread.run(Thread.java:750)
08:46:21 [IWT-5-10] WARN  com.iteaj.iot.client.mqtt.MqttClient - 客户端(MQTT<默认>) 断线重连 - 等待重连时间：15(s) - 远程主机 127.0.0.1:1883 - 客户端标识：mqtt_gateway_env_led
08:46:38 [IWT-5-11] ERROR com.iteaj.iot.client.mqtt.MqttClient - 客户端(MQTT<默认>) 连接服务器失败 - 远程主机 127.0.0.1:1883 - 客户端标识：mqtt_gateway_env_led
io.netty.channel.AbstractChannel$AnnotatedConnectException: Connection refused: no further information: /127.0.0.1:1883
Caused by: java.net.ConnectException: Connection refused: no further information
	at sun.nio.ch.SocketChannelImpl.checkConnect(Native Method)
	at sun.nio.ch.SocketChannelImpl.finishConnect(SocketChannelImpl.java:716)
	at io.netty.channel.socket.nio.NioSocketChannel.doFinishConnect(NioSocketChannel.java:337)
	at io.netty.channel.nio.AbstractNioChannel$AbstractNioUnsafe.finishConnect(AbstractNioChannel.java:334)
	at io.netty.channel.nio.NioEventLoop.processSelectedKey(NioEventLoop.java:710)
	at io.netty.channel.nio.NioEventLoop.processSelectedKeysOptimized(NioEventLoop.java:658)
	at io.netty.channel.nio.NioEventLoop.processSelectedKeys(NioEventLoop.java:584)
	at io.netty.channel.nio.NioEventLoop.run(NioEventLoop.java:496)
	at io.netty.util.concurrent.SingleThreadEventExecutor$4.run(SingleThreadEventExecutor.java:997)
	at io.netty.util.internal.ThreadExecutorMap$2.run(ThreadExecutorMap.java:74)
	at io.netty.util.concurrent.FastThreadLocalRunnable.run(FastThreadLocalRunnable.java:30)
	at java.lang.Thread.run(Thread.java:750)
08:46:38 [IWT-5-11] WARN  com.iteaj.iot.client.mqtt.MqttClient - 客户端(MQTT<默认>) 断线重连 - 等待重连时间：15(s) - 远程主机 127.0.0.1:1883 - 客户端标识：mqtt_gateway_env_led
08:46:55 [IWT-5-12] ERROR com.iteaj.iot.client.mqtt.MqttClient - 客户端(MQTT<默认>) 连接服务器失败 - 远程主机 127.0.0.1:1883 - 客户端标识：mqtt_gateway_env_led
io.netty.channel.AbstractChannel$AnnotatedConnectException: Connection refused: no further information: /127.0.0.1:1883
Caused by: java.net.ConnectException: Connection refused: no further information
	at sun.nio.ch.SocketChannelImpl.checkConnect(Native Method)
	at sun.nio.ch.SocketChannelImpl.finishConnect(SocketChannelImpl.java:716)
	at io.netty.channel.socket.nio.NioSocketChannel.doFinishConnect(NioSocketChannel.java:337)
	at io.netty.channel.nio.AbstractNioChannel$AbstractNioUnsafe.finishConnect(AbstractNioChannel.java:334)
	at io.netty.channel.nio.NioEventLoop.processSelectedKey(NioEventLoop.java:710)
	at io.netty.channel.nio.NioEventLoop.processSelectedKeysOptimized(NioEventLoop.java:658)
	at io.netty.channel.nio.NioEventLoop.processSelectedKeys(NioEventLoop.java:584)
	at io.netty.channel.nio.NioEventLoop.run(NioEventLoop.java:496)
	at io.netty.util.concurrent.SingleThreadEventExecutor$4.run(SingleThreadEventExecutor.java:997)
	at io.netty.util.internal.ThreadExecutorMap$2.run(ThreadExecutorMap.java:74)
	at io.netty.util.concurrent.FastThreadLocalRunnable.run(FastThreadLocalRunnable.java:30)
	at java.lang.Thread.run(Thread.java:750)
08:46:55 [IWT-5-12] WARN  com.iteaj.iot.client.mqtt.MqttClient - 客户端(MQTT<默认>) 断线重连 - 等待重连时间：15(s) - 远程主机 127.0.0.1:1883 - 客户端标识：mqtt_gateway_env_led
08:47:12 [IWT-5-13] ERROR com.iteaj.iot.client.mqtt.MqttClient - 客户端(MQTT<默认>) 连接服务器失败 - 远程主机 127.0.0.1:1883 - 客户端标识：mqtt_gateway_env_led
io.netty.channel.AbstractChannel$AnnotatedConnectException: Connection refused: no further information: /127.0.0.1:1883
Caused by: java.net.ConnectException: Connection refused: no further information
	at sun.nio.ch.SocketChannelImpl.checkConnect(Native Method)
	at sun.nio.ch.SocketChannelImpl.finishConnect(SocketChannelImpl.java:716)
	at io.netty.channel.socket.nio.NioSocketChannel.doFinishConnect(NioSocketChannel.java:337)
	at io.netty.channel.nio.AbstractNioChannel$AbstractNioUnsafe.finishConnect(AbstractNioChannel.java:334)
	at io.netty.channel.nio.NioEventLoop.processSelectedKey(NioEventLoop.java:710)
	at io.netty.channel.nio.NioEventLoop.processSelectedKeysOptimized(NioEventLoop.java:658)
	at io.netty.channel.nio.NioEventLoop.processSelectedKeys(NioEventLoop.java:584)
	at io.netty.channel.nio.NioEventLoop.run(NioEventLoop.java:496)
	at io.netty.util.concurrent.SingleThreadEventExecutor$4.run(SingleThreadEventExecutor.java:997)
	at io.netty.util.internal.ThreadExecutorMap$2.run(ThreadExecutorMap.java:74)
	at io.netty.util.concurrent.FastThreadLocalRunnable.run(FastThreadLocalRunnable.java:30)
	at java.lang.Thread.run(Thread.java:750)
08:47:12 [IWT-5-13] WARN  com.iteaj.iot.client.mqtt.MqttClient - 客户端(MQTT<默认>) 断线重连 - 等待重连时间：15(s) - 远程主机 127.0.0.1:1883 - 客户端标识：mqtt_gateway_env_led
08:47:29 [IWT-5-14] ERROR com.iteaj.iot.client.mqtt.MqttClient - 客户端(MQTT<默认>) 连接服务器失败 - 远程主机 127.0.0.1:1883 - 客户端标识：mqtt_gateway_env_led
io.netty.channel.AbstractChannel$AnnotatedConnectException: Connection refused: no further information: /127.0.0.1:1883
Caused by: java.net.ConnectException: Connection refused: no further information
	at sun.nio.ch.SocketChannelImpl.checkConnect(Native Method)
	at sun.nio.ch.SocketChannelImpl.finishConnect(SocketChannelImpl.java:716)
	at io.netty.channel.socket.nio.NioSocketChannel.doFinishConnect(NioSocketChannel.java:337)
	at io.netty.channel.nio.AbstractNioChannel$AbstractNioUnsafe.finishConnect(AbstractNioChannel.java:334)
	at io.netty.channel.nio.NioEventLoop.processSelectedKey(NioEventLoop.java:710)
	at io.netty.channel.nio.NioEventLoop.processSelectedKeysOptimized(NioEventLoop.java:658)
	at io.netty.channel.nio.NioEventLoop.processSelectedKeys(NioEventLoop.java:584)
	at io.netty.channel.nio.NioEventLoop.run(NioEventLoop.java:496)
	at io.netty.util.concurrent.SingleThreadEventExecutor$4.run(SingleThreadEventExecutor.java:997)
	at io.netty.util.internal.ThreadExecutorMap$2.run(ThreadExecutorMap.java:74)
	at io.netty.util.concurrent.FastThreadLocalRunnable.run(FastThreadLocalRunnable.java:30)
	at java.lang.Thread.run(Thread.java:750)
08:47:29 [IWT-5-14] WARN  com.iteaj.iot.client.mqtt.MqttClient - 客户端(MQTT<默认>) 断线重连 - 等待重连时间：15(s) - 远程主机 127.0.0.1:1883 - 客户端标识：mqtt_gateway_env_led
08:47:46 [IWT-5-15] ERROR com.iteaj.iot.client.mqtt.MqttClient - 客户端(MQTT<默认>) 连接服务器失败 - 远程主机 127.0.0.1:1883 - 客户端标识：mqtt_gateway_env_led
io.netty.channel.AbstractChannel$AnnotatedConnectException: Connection refused: no further information: /127.0.0.1:1883
Caused by: java.net.ConnectException: Connection refused: no further information
	at sun.nio.ch.SocketChannelImpl.checkConnect(Native Method)
	at sun.nio.ch.SocketChannelImpl.finishConnect(SocketChannelImpl.java:716)
	at io.netty.channel.socket.nio.NioSocketChannel.doFinishConnect(NioSocketChannel.java:337)
	at io.netty.channel.nio.AbstractNioChannel$AbstractNioUnsafe.finishConnect(AbstractNioChannel.java:334)
	at io.netty.channel.nio.NioEventLoop.processSelectedKey(NioEventLoop.java:710)
	at io.netty.channel.nio.NioEventLoop.processSelectedKeysOptimized(NioEventLoop.java:658)
	at io.netty.channel.nio.NioEventLoop.processSelectedKeys(NioEventLoop.java:584)
	at io.netty.channel.nio.NioEventLoop.run(NioEventLoop.java:496)
	at io.netty.util.concurrent.SingleThreadEventExecutor$4.run(SingleThreadEventExecutor.java:997)
	at io.netty.util.internal.ThreadExecutorMap$2.run(ThreadExecutorMap.java:74)
	at io.netty.util.concurrent.FastThreadLocalRunnable.run(FastThreadLocalRunnable.java:30)
	at java.lang.Thread.run(Thread.java:750)
08:47:46 [IWT-5-15] WARN  com.iteaj.iot.client.mqtt.MqttClient - 客户端(MQTT<默认>) 断线重连 - 等待重连时间：15(s) - 远程主机 127.0.0.1:1883 - 客户端标识：mqtt_gateway_env_led
08:48:04 [IWT-5-16] ERROR com.iteaj.iot.client.mqtt.MqttClient - 客户端(MQTT<默认>) 连接服务器失败 - 远程主机 127.0.0.1:1883 - 客户端标识：mqtt_gateway_env_led
io.netty.channel.AbstractChannel$AnnotatedConnectException: Connection refused: no further information: /127.0.0.1:1883
Caused by: java.net.ConnectException: Connection refused: no further information
	at sun.nio.ch.SocketChannelImpl.checkConnect(Native Method)
	at sun.nio.ch.SocketChannelImpl.finishConnect(SocketChannelImpl.java:716)
	at io.netty.channel.socket.nio.NioSocketChannel.doFinishConnect(NioSocketChannel.java:337)
	at io.netty.channel.nio.AbstractNioChannel$AbstractNioUnsafe.finishConnect(AbstractNioChannel.java:334)
	at io.netty.channel.nio.NioEventLoop.processSelectedKey(NioEventLoop.java:710)
	at io.netty.channel.nio.NioEventLoop.processSelectedKeysOptimized(NioEventLoop.java:658)
	at io.netty.channel.nio.NioEventLoop.processSelectedKeys(NioEventLoop.java:584)
	at io.netty.channel.nio.NioEventLoop.run(NioEventLoop.java:496)
	at io.netty.util.concurrent.SingleThreadEventExecutor$4.run(SingleThreadEventExecutor.java:997)
	at io.netty.util.internal.ThreadExecutorMap$2.run(ThreadExecutorMap.java:74)
	at io.netty.util.concurrent.FastThreadLocalRunnable.run(FastThreadLocalRunnable.java:30)
	at java.lang.Thread.run(Thread.java:750)
08:48:04 [IWT-5-16] WARN  com.iteaj.iot.client.mqtt.MqttClient - 客户端(MQTT<默认>) 断线重连 - 等待重连时间：15(s) - 远程主机 127.0.0.1:1883 - 客户端标识：mqtt_gateway_env_led
08:48:21 [IWT-5-1] ERROR com.iteaj.iot.client.mqtt.MqttClient - 客户端(MQTT<默认>) 连接服务器失败 - 远程主机 127.0.0.1:1883 - 客户端标识：mqtt_gateway_env_led
io.netty.channel.AbstractChannel$AnnotatedConnectException: Connection refused: no further information: /127.0.0.1:1883
Caused by: java.net.ConnectException: Connection refused: no further information
	at sun.nio.ch.SocketChannelImpl.checkConnect(Native Method)
	at sun.nio.ch.SocketChannelImpl.finishConnect(SocketChannelImpl.java:716)
	at io.netty.channel.socket.nio.NioSocketChannel.doFinishConnect(NioSocketChannel.java:337)
	at io.netty.channel.nio.AbstractNioChannel$AbstractNioUnsafe.finishConnect(AbstractNioChannel.java:334)
	at io.netty.channel.nio.NioEventLoop.processSelectedKey(NioEventLoop.java:710)
	at io.netty.channel.nio.NioEventLoop.processSelectedKeysOptimized(NioEventLoop.java:658)
	at io.netty.channel.nio.NioEventLoop.processSelectedKeys(NioEventLoop.java:584)
	at io.netty.channel.nio.NioEventLoop.run(NioEventLoop.java:496)
	at io.netty.util.concurrent.SingleThreadEventExecutor$4.run(SingleThreadEventExecutor.java:997)
	at io.netty.util.internal.ThreadExecutorMap$2.run(ThreadExecutorMap.java:74)
	at io.netty.util.concurrent.FastThreadLocalRunnable.run(FastThreadLocalRunnable.java:30)
	at java.lang.Thread.run(Thread.java:750)
08:48:21 [IWT-5-1] WARN  com.iteaj.iot.client.mqtt.MqttClient - 客户端(MQTT<默认>) 断线重连 - 等待重连时间：15(s) - 远程主机 127.0.0.1:1883 - 客户端标识：mqtt_gateway_env_led
08:48:39 [IWT-5-2] ERROR com.iteaj.iot.client.mqtt.MqttClient - 客户端(MQTT<默认>) 连接服务器失败 - 远程主机 127.0.0.1:1883 - 客户端标识：mqtt_gateway_env_led
io.netty.channel.AbstractChannel$AnnotatedConnectException: Connection refused: no further information: /127.0.0.1:1883
Caused by: java.net.ConnectException: Connection refused: no further information
	at sun.nio.ch.SocketChannelImpl.checkConnect(Native Method)
	at sun.nio.ch.SocketChannelImpl.finishConnect(SocketChannelImpl.java:716)
	at io.netty.channel.socket.nio.NioSocketChannel.doFinishConnect(NioSocketChannel.java:337)
	at io.netty.channel.nio.AbstractNioChannel$AbstractNioUnsafe.finishConnect(AbstractNioChannel.java:334)
	at io.netty.channel.nio.NioEventLoop.processSelectedKey(NioEventLoop.java:710)
	at io.netty.channel.nio.NioEventLoop.processSelectedKeysOptimized(NioEventLoop.java:658)
	at io.netty.channel.nio.NioEventLoop.processSelectedKeys(NioEventLoop.java:584)
	at io.netty.channel.nio.NioEventLoop.run(NioEventLoop.java:496)
	at io.netty.util.concurrent.SingleThreadEventExecutor$4.run(SingleThreadEventExecutor.java:997)
	at io.netty.util.internal.ThreadExecutorMap$2.run(ThreadExecutorMap.java:74)
	at io.netty.util.concurrent.FastThreadLocalRunnable.run(FastThreadLocalRunnable.java:30)
	at java.lang.Thread.run(Thread.java:750)
08:48:39 [IWT-5-2] WARN  com.iteaj.iot.client.mqtt.MqttClient - 客户端(MQTT<默认>) 断线重连 - 等待重连时间：15(s) - 远程主机 127.0.0.1:1883 - 客户端标识：mqtt_gateway_env_led
08:48:56 [IWT-5-3] ERROR com.iteaj.iot.client.mqtt.MqttClient - 客户端(MQTT<默认>) 连接服务器失败 - 远程主机 127.0.0.1:1883 - 客户端标识：mqtt_gateway_env_led
io.netty.channel.AbstractChannel$AnnotatedConnectException: Connection refused: no further information: /127.0.0.1:1883
Caused by: java.net.ConnectException: Connection refused: no further information
	at sun.nio.ch.SocketChannelImpl.checkConnect(Native Method)
	at sun.nio.ch.SocketChannelImpl.finishConnect(SocketChannelImpl.java:716)
	at io.netty.channel.socket.nio.NioSocketChannel.doFinishConnect(NioSocketChannel.java:337)
	at io.netty.channel.nio.AbstractNioChannel$AbstractNioUnsafe.finishConnect(AbstractNioChannel.java:334)
	at io.netty.channel.nio.NioEventLoop.processSelectedKey(NioEventLoop.java:710)
	at io.netty.channel.nio.NioEventLoop.processSelectedKeysOptimized(NioEventLoop.java:658)
	at io.netty.channel.nio.NioEventLoop.processSelectedKeys(NioEventLoop.java:584)
	at io.netty.channel.nio.NioEventLoop.run(NioEventLoop.java:496)
	at io.netty.util.concurrent.SingleThreadEventExecutor$4.run(SingleThreadEventExecutor.java:997)
	at io.netty.util.internal.ThreadExecutorMap$2.run(ThreadExecutorMap.java:74)
	at io.netty.util.concurrent.FastThreadLocalRunnable.run(FastThreadLocalRunnable.java:30)
	at java.lang.Thread.run(Thread.java:750)
08:48:56 [IWT-5-3] WARN  com.iteaj.iot.client.mqtt.MqttClient - 客户端(MQTT<默认>) 断线重连 - 等待重连时间：15(s) - 远程主机 127.0.0.1:1883 - 客户端标识：mqtt_gateway_env_led
08:49:14 [IWT-5-4] ERROR com.iteaj.iot.client.mqtt.MqttClient - 客户端(MQTT<默认>) 连接服务器失败 - 远程主机 127.0.0.1:1883 - 客户端标识：mqtt_gateway_env_led
io.netty.channel.AbstractChannel$AnnotatedConnectException: Connection refused: no further information: /127.0.0.1:1883
Caused by: java.net.ConnectException: Connection refused: no further information
	at sun.nio.ch.SocketChannelImpl.checkConnect(Native Method)
	at sun.nio.ch.SocketChannelImpl.finishConnect(SocketChannelImpl.java:716)
	at io.netty.channel.socket.nio.NioSocketChannel.doFinishConnect(NioSocketChannel.java:337)
	at io.netty.channel.nio.AbstractNioChannel$AbstractNioUnsafe.finishConnect(AbstractNioChannel.java:334)
	at io.netty.channel.nio.NioEventLoop.processSelectedKey(NioEventLoop.java:710)
	at io.netty.channel.nio.NioEventLoop.processSelectedKeysOptimized(NioEventLoop.java:658)
	at io.netty.channel.nio.NioEventLoop.processSelectedKeys(NioEventLoop.java:584)
	at io.netty.channel.nio.NioEventLoop.run(NioEventLoop.java:496)
	at io.netty.util.concurrent.SingleThreadEventExecutor$4.run(SingleThreadEventExecutor.java:997)
	at io.netty.util.internal.ThreadExecutorMap$2.run(ThreadExecutorMap.java:74)
	at io.netty.util.concurrent.FastThreadLocalRunnable.run(FastThreadLocalRunnable.java:30)
	at java.lang.Thread.run(Thread.java:750)
08:49:14 [IWT-5-4] WARN  com.iteaj.iot.client.mqtt.MqttClient - 客户端(MQTT<默认>) 断线重连 - 等待重连时间：15(s) - 远程主机 127.0.0.1:1883 - 客户端标识：mqtt_gateway_env_led
08:49:31 [IWT-5-5] ERROR com.iteaj.iot.client.mqtt.MqttClient - 客户端(MQTT<默认>) 连接服务器失败 - 远程主机 127.0.0.1:1883 - 客户端标识：mqtt_gateway_env_led
io.netty.channel.AbstractChannel$AnnotatedConnectException: Connection refused: no further information: /127.0.0.1:1883
Caused by: java.net.ConnectException: Connection refused: no further information
	at sun.nio.ch.SocketChannelImpl.checkConnect(Native Method)
	at sun.nio.ch.SocketChannelImpl.finishConnect(SocketChannelImpl.java:716)
	at io.netty.channel.socket.nio.NioSocketChannel.doFinishConnect(NioSocketChannel.java:337)
	at io.netty.channel.nio.AbstractNioChannel$AbstractNioUnsafe.finishConnect(AbstractNioChannel.java:334)
	at io.netty.channel.nio.NioEventLoop.processSelectedKey(NioEventLoop.java:710)
	at io.netty.channel.nio.NioEventLoop.processSelectedKeysOptimized(NioEventLoop.java:658)
	at io.netty.channel.nio.NioEventLoop.processSelectedKeys(NioEventLoop.java:584)
	at io.netty.channel.nio.NioEventLoop.run(NioEventLoop.java:496)
	at io.netty.util.concurrent.SingleThreadEventExecutor$4.run(SingleThreadEventExecutor.java:997)
	at io.netty.util.internal.ThreadExecutorMap$2.run(ThreadExecutorMap.java:74)
	at io.netty.util.concurrent.FastThreadLocalRunnable.run(FastThreadLocalRunnable.java:30)
	at java.lang.Thread.run(Thread.java:750)
08:49:31 [IWT-5-5] WARN  com.iteaj.iot.client.mqtt.MqttClient - 客户端(MQTT<默认>) 断线重连 - 等待重连时间：15(s) - 远程主机 127.0.0.1:1883 - 客户端标识：mqtt_gateway_env_led
08:49:49 [IWT-5-6] ERROR com.iteaj.iot.client.mqtt.MqttClient - 客户端(MQTT<默认>) 连接服务器失败 - 远程主机 127.0.0.1:1883 - 客户端标识：mqtt_gateway_env_led
io.netty.channel.AbstractChannel$AnnotatedConnectException: Connection refused: no further information: /127.0.0.1:1883
Caused by: java.net.ConnectException: Connection refused: no further information
	at sun.nio.ch.SocketChannelImpl.checkConnect(Native Method)
	at sun.nio.ch.SocketChannelImpl.finishConnect(SocketChannelImpl.java:716)
	at io.netty.channel.socket.nio.NioSocketChannel.doFinishConnect(NioSocketChannel.java:337)
	at io.netty.channel.nio.AbstractNioChannel$AbstractNioUnsafe.finishConnect(AbstractNioChannel.java:334)
	at io.netty.channel.nio.NioEventLoop.processSelectedKey(NioEventLoop.java:710)
	at io.netty.channel.nio.NioEventLoop.processSelectedKeysOptimized(NioEventLoop.java:658)
	at io.netty.channel.nio.NioEventLoop.processSelectedKeys(NioEventLoop.java:584)
	at io.netty.channel.nio.NioEventLoop.run(NioEventLoop.java:496)
	at io.netty.util.concurrent.SingleThreadEventExecutor$4.run(SingleThreadEventExecutor.java:997)
	at io.netty.util.internal.ThreadExecutorMap$2.run(ThreadExecutorMap.java:74)
	at io.netty.util.concurrent.FastThreadLocalRunnable.run(FastThreadLocalRunnable.java:30)
	at java.lang.Thread.run(Thread.java:750)
08:49:49 [IWT-5-6] WARN  com.iteaj.iot.client.mqtt.MqttClient - 客户端(MQTT<默认>) 断线重连 - 等待重连时间：15(s) - 远程主机 127.0.0.1:1883 - 客户端标识：mqtt_gateway_env_led
08:50:06 [IWT-5-7] ERROR com.iteaj.iot.client.mqtt.MqttClient - 客户端(MQTT<默认>) 连接服务器失败 - 远程主机 127.0.0.1:1883 - 客户端标识：mqtt_gateway_env_led
io.netty.channel.AbstractChannel$AnnotatedConnectException: Connection refused: no further information: /127.0.0.1:1883
Caused by: java.net.ConnectException: Connection refused: no further information
	at sun.nio.ch.SocketChannelImpl.checkConnect(Native Method)
	at sun.nio.ch.SocketChannelImpl.finishConnect(SocketChannelImpl.java:716)
	at io.netty.channel.socket.nio.NioSocketChannel.doFinishConnect(NioSocketChannel.java:337)
	at io.netty.channel.nio.AbstractNioChannel$AbstractNioUnsafe.finishConnect(AbstractNioChannel.java:334)
	at io.netty.channel.nio.NioEventLoop.processSelectedKey(NioEventLoop.java:710)
	at io.netty.channel.nio.NioEventLoop.processSelectedKeysOptimized(NioEventLoop.java:658)
	at io.netty.channel.nio.NioEventLoop.processSelectedKeys(NioEventLoop.java:584)
	at io.netty.channel.nio.NioEventLoop.run(NioEventLoop.java:496)
	at io.netty.util.concurrent.SingleThreadEventExecutor$4.run(SingleThreadEventExecutor.java:997)
	at io.netty.util.internal.ThreadExecutorMap$2.run(ThreadExecutorMap.java:74)
	at io.netty.util.concurrent.FastThreadLocalRunnable.run(FastThreadLocalRunnable.java:30)
	at java.lang.Thread.run(Thread.java:750)
08:50:06 [IWT-5-7] WARN  com.iteaj.iot.client.mqtt.MqttClient - 客户端(MQTT<默认>) 断线重连 - 等待重连时间：15(s) - 远程主机 127.0.0.1:1883 - 客户端标识：mqtt_gateway_env_led
08:50:23 [IWT-5-8] ERROR com.iteaj.iot.client.mqtt.MqttClient - 客户端(MQTT<默认>) 连接服务器失败 - 远程主机 127.0.0.1:1883 - 客户端标识：mqtt_gateway_env_led
io.netty.channel.AbstractChannel$AnnotatedConnectException: Connection refused: no further information: /127.0.0.1:1883
Caused by: java.net.ConnectException: Connection refused: no further information
	at sun.nio.ch.SocketChannelImpl.checkConnect(Native Method)
	at sun.nio.ch.SocketChannelImpl.finishConnect(SocketChannelImpl.java:716)
	at io.netty.channel.socket.nio.NioSocketChannel.doFinishConnect(NioSocketChannel.java:337)
	at io.netty.channel.nio.AbstractNioChannel$AbstractNioUnsafe.finishConnect(AbstractNioChannel.java:334)
	at io.netty.channel.nio.NioEventLoop.processSelectedKey(NioEventLoop.java:710)
	at io.netty.channel.nio.NioEventLoop.processSelectedKeysOptimized(NioEventLoop.java:658)
	at io.netty.channel.nio.NioEventLoop.processSelectedKeys(NioEventLoop.java:584)
	at io.netty.channel.nio.NioEventLoop.run(NioEventLoop.java:496)
	at io.netty.util.concurrent.SingleThreadEventExecutor$4.run(SingleThreadEventExecutor.java:997)
	at io.netty.util.internal.ThreadExecutorMap$2.run(ThreadExecutorMap.java:74)
	at io.netty.util.concurrent.FastThreadLocalRunnable.run(FastThreadLocalRunnable.java:30)
	at java.lang.Thread.run(Thread.java:750)
08:50:23 [IWT-5-8] WARN  com.iteaj.iot.client.mqtt.MqttClient - 客户端(MQTT<默认>) 断线重连 - 等待重连时间：15(s) - 远程主机 127.0.0.1:1883 - 客户端标识：mqtt_gateway_env_led
08:50:40 [IWT-5-9] ERROR com.iteaj.iot.client.mqtt.MqttClient - 客户端(MQTT<默认>) 连接服务器失败 - 远程主机 127.0.0.1:1883 - 客户端标识：mqtt_gateway_env_led
io.netty.channel.AbstractChannel$AnnotatedConnectException: Connection refused: no further information: /127.0.0.1:1883
Caused by: java.net.ConnectException: Connection refused: no further information
	at sun.nio.ch.SocketChannelImpl.checkConnect(Native Method)
	at sun.nio.ch.SocketChannelImpl.finishConnect(SocketChannelImpl.java:716)
	at io.netty.channel.socket.nio.NioSocketChannel.doFinishConnect(NioSocketChannel.java:337)
	at io.netty.channel.nio.AbstractNioChannel$AbstractNioUnsafe.finishConnect(AbstractNioChannel.java:334)
	at io.netty.channel.nio.NioEventLoop.processSelectedKey(NioEventLoop.java:710)
	at io.netty.channel.nio.NioEventLoop.processSelectedKeysOptimized(NioEventLoop.java:658)
	at io.netty.channel.nio.NioEventLoop.processSelectedKeys(NioEventLoop.java:584)
	at io.netty.channel.nio.NioEventLoop.run(NioEventLoop.java:496)
	at io.netty.util.concurrent.SingleThreadEventExecutor$4.run(SingleThreadEventExecutor.java:997)
	at io.netty.util.internal.ThreadExecutorMap$2.run(ThreadExecutorMap.java:74)
	at io.netty.util.concurrent.FastThreadLocalRunnable.run(FastThreadLocalRunnable.java:30)
	at java.lang.Thread.run(Thread.java:750)
08:50:40 [IWT-5-9] WARN  com.iteaj.iot.client.mqtt.MqttClient - 客户端(MQTT<默认>) 断线重连 - 等待重连时间：15(s) - 远程主机 127.0.0.1:1883 - 客户端标识：mqtt_gateway_env_led
08:50:58 [IWT-5-10] ERROR com.iteaj.iot.client.mqtt.MqttClient - 客户端(MQTT<默认>) 连接服务器失败 - 远程主机 127.0.0.1:1883 - 客户端标识：mqtt_gateway_env_led
io.netty.channel.AbstractChannel$AnnotatedConnectException: Connection refused: no further information: /127.0.0.1:1883
Caused by: java.net.ConnectException: Connection refused: no further information
	at sun.nio.ch.SocketChannelImpl.checkConnect(Native Method)
	at sun.nio.ch.SocketChannelImpl.finishConnect(SocketChannelImpl.java:716)
	at io.netty.channel.socket.nio.NioSocketChannel.doFinishConnect(NioSocketChannel.java:337)
	at io.netty.channel.nio.AbstractNioChannel$AbstractNioUnsafe.finishConnect(AbstractNioChannel.java:334)
	at io.netty.channel.nio.NioEventLoop.processSelectedKey(NioEventLoop.java:710)
	at io.netty.channel.nio.NioEventLoop.processSelectedKeysOptimized(NioEventLoop.java:658)
	at io.netty.channel.nio.NioEventLoop.processSelectedKeys(NioEventLoop.java:584)
	at io.netty.channel.nio.NioEventLoop.run(NioEventLoop.java:496)
	at io.netty.util.concurrent.SingleThreadEventExecutor$4.run(SingleThreadEventExecutor.java:997)
	at io.netty.util.internal.ThreadExecutorMap$2.run(ThreadExecutorMap.java:74)
	at io.netty.util.concurrent.FastThreadLocalRunnable.run(FastThreadLocalRunnable.java:30)
	at java.lang.Thread.run(Thread.java:750)
08:50:58 [IWT-5-10] WARN  com.iteaj.iot.client.mqtt.MqttClient - 客户端(MQTT<默认>) 断线重连 - 等待重连时间：15(s) - 远程主机 127.0.0.1:1883 - 客户端标识：mqtt_gateway_env_led
08:51:15 [IWT-5-11] ERROR com.iteaj.iot.client.mqtt.MqttClient - 客户端(MQTT<默认>) 连接服务器失败 - 远程主机 127.0.0.1:1883 - 客户端标识：mqtt_gateway_env_led
io.netty.channel.AbstractChannel$AnnotatedConnectException: Connection refused: no further information: /127.0.0.1:1883
Caused by: java.net.ConnectException: Connection refused: no further information
	at sun.nio.ch.SocketChannelImpl.checkConnect(Native Method)
	at sun.nio.ch.SocketChannelImpl.finishConnect(SocketChannelImpl.java:716)
	at io.netty.channel.socket.nio.NioSocketChannel.doFinishConnect(NioSocketChannel.java:337)
	at io.netty.channel.nio.AbstractNioChannel$AbstractNioUnsafe.finishConnect(AbstractNioChannel.java:334)
	at io.netty.channel.nio.NioEventLoop.processSelectedKey(NioEventLoop.java:710)
	at io.netty.channel.nio.NioEventLoop.processSelectedKeysOptimized(NioEventLoop.java:658)
	at io.netty.channel.nio.NioEventLoop.processSelectedKeys(NioEventLoop.java:584)
	at io.netty.channel.nio.NioEventLoop.run(NioEventLoop.java:496)
	at io.netty.util.concurrent.SingleThreadEventExecutor$4.run(SingleThreadEventExecutor.java:997)
	at io.netty.util.internal.ThreadExecutorMap$2.run(ThreadExecutorMap.java:74)
	at io.netty.util.concurrent.FastThreadLocalRunnable.run(FastThreadLocalRunnable.java:30)
	at java.lang.Thread.run(Thread.java:750)
08:51:15 [IWT-5-11] WARN  com.iteaj.iot.client.mqtt.MqttClient - 客户端(MQTT<默认>) 断线重连 - 等待重连时间：15(s) - 远程主机 127.0.0.1:1883 - 客户端标识：mqtt_gateway_env_led
08:51:32 [IWT-5-12] ERROR com.iteaj.iot.client.mqtt.MqttClient - 客户端(MQTT<默认>) 连接服务器失败 - 远程主机 127.0.0.1:1883 - 客户端标识：mqtt_gateway_env_led
io.netty.channel.AbstractChannel$AnnotatedConnectException: Connection refused: no further information: /127.0.0.1:1883
Caused by: java.net.ConnectException: Connection refused: no further information
	at sun.nio.ch.SocketChannelImpl.checkConnect(Native Method)
	at sun.nio.ch.SocketChannelImpl.finishConnect(SocketChannelImpl.java:716)
	at io.netty.channel.socket.nio.NioSocketChannel.doFinishConnect(NioSocketChannel.java:337)
	at io.netty.channel.nio.AbstractNioChannel$AbstractNioUnsafe.finishConnect(AbstractNioChannel.java:334)
	at io.netty.channel.nio.NioEventLoop.processSelectedKey(NioEventLoop.java:710)
	at io.netty.channel.nio.NioEventLoop.processSelectedKeysOptimized(NioEventLoop.java:658)
	at io.netty.channel.nio.NioEventLoop.processSelectedKeys(NioEventLoop.java:584)
	at io.netty.channel.nio.NioEventLoop.run(NioEventLoop.java:496)
	at io.netty.util.concurrent.SingleThreadEventExecutor$4.run(SingleThreadEventExecutor.java:997)
	at io.netty.util.internal.ThreadExecutorMap$2.run(ThreadExecutorMap.java:74)
	at io.netty.util.concurrent.FastThreadLocalRunnable.run(FastThreadLocalRunnable.java:30)
	at java.lang.Thread.run(Thread.java:750)
08:51:32 [IWT-5-12] WARN  com.iteaj.iot.client.mqtt.MqttClient - 客户端(MQTT<默认>) 断线重连 - 等待重连时间：15(s) - 远程主机 127.0.0.1:1883 - 客户端标识：mqtt_gateway_env_led
08:51:49 [IWT-5-13] ERROR com.iteaj.iot.client.mqtt.MqttClient - 客户端(MQTT<默认>) 连接服务器失败 - 远程主机 127.0.0.1:1883 - 客户端标识：mqtt_gateway_env_led
io.netty.channel.AbstractChannel$AnnotatedConnectException: Connection refused: no further information: /127.0.0.1:1883
Caused by: java.net.ConnectException: Connection refused: no further information
	at sun.nio.ch.SocketChannelImpl.checkConnect(Native Method)
	at sun.nio.ch.SocketChannelImpl.finishConnect(SocketChannelImpl.java:716)
	at io.netty.channel.socket.nio.NioSocketChannel.doFinishConnect(NioSocketChannel.java:337)
	at io.netty.channel.nio.AbstractNioChannel$AbstractNioUnsafe.finishConnect(AbstractNioChannel.java:334)
	at io.netty.channel.nio.NioEventLoop.processSelectedKey(NioEventLoop.java:710)
	at io.netty.channel.nio.NioEventLoop.processSelectedKeysOptimized(NioEventLoop.java:658)
	at io.netty.channel.nio.NioEventLoop.processSelectedKeys(NioEventLoop.java:584)
	at io.netty.channel.nio.NioEventLoop.run(NioEventLoop.java:496)
	at io.netty.util.concurrent.SingleThreadEventExecutor$4.run(SingleThreadEventExecutor.java:997)
	at io.netty.util.internal.ThreadExecutorMap$2.run(ThreadExecutorMap.java:74)
	at io.netty.util.concurrent.FastThreadLocalRunnable.run(FastThreadLocalRunnable.java:30)
	at java.lang.Thread.run(Thread.java:750)
08:51:49 [IWT-5-13] WARN  com.iteaj.iot.client.mqtt.MqttClient - 客户端(MQTT<默认>) 断线重连 - 等待重连时间：15(s) - 远程主机 127.0.0.1:1883 - 客户端标识：mqtt_gateway_env_led
08:52:07 [IWT-5-14] ERROR com.iteaj.iot.client.mqtt.MqttClient - 客户端(MQTT<默认>) 连接服务器失败 - 远程主机 127.0.0.1:1883 - 客户端标识：mqtt_gateway_env_led
io.netty.channel.AbstractChannel$AnnotatedConnectException: Connection refused: no further information: /127.0.0.1:1883
Caused by: java.net.ConnectException: Connection refused: no further information
	at sun.nio.ch.SocketChannelImpl.checkConnect(Native Method)
	at sun.nio.ch.SocketChannelImpl.finishConnect(SocketChannelImpl.java:716)
	at io.netty.channel.socket.nio.NioSocketChannel.doFinishConnect(NioSocketChannel.java:337)
	at io.netty.channel.nio.AbstractNioChannel$AbstractNioUnsafe.finishConnect(AbstractNioChannel.java:334)
	at io.netty.channel.nio.NioEventLoop.processSelectedKey(NioEventLoop.java:710)
	at io.netty.channel.nio.NioEventLoop.processSelectedKeysOptimized(NioEventLoop.java:658)
	at io.netty.channel.nio.NioEventLoop.processSelectedKeys(NioEventLoop.java:584)
	at io.netty.channel.nio.NioEventLoop.run(NioEventLoop.java:496)
	at io.netty.util.concurrent.SingleThreadEventExecutor$4.run(SingleThreadEventExecutor.java:997)
	at io.netty.util.internal.ThreadExecutorMap$2.run(ThreadExecutorMap.java:74)
	at io.netty.util.concurrent.FastThreadLocalRunnable.run(FastThreadLocalRunnable.java:30)
	at java.lang.Thread.run(Thread.java:750)
08:52:07 [IWT-5-14] WARN  com.iteaj.iot.client.mqtt.MqttClient - 客户端(MQTT<默认>) 断线重连 - 等待重连时间：15(s) - 远程主机 127.0.0.1:1883 - 客户端标识：mqtt_gateway_env_led
08:52:24 [IWT-5-15] ERROR com.iteaj.iot.client.mqtt.MqttClient - 客户端(MQTT<默认>) 连接服务器失败 - 远程主机 127.0.0.1:1883 - 客户端标识：mqtt_gateway_env_led
io.netty.channel.AbstractChannel$AnnotatedConnectException: Connection refused: no further information: /127.0.0.1:1883
Caused by: java.net.ConnectException: Connection refused: no further information
	at sun.nio.ch.SocketChannelImpl.checkConnect(Native Method)
	at sun.nio.ch.SocketChannelImpl.finishConnect(SocketChannelImpl.java:716)
	at io.netty.channel.socket.nio.NioSocketChannel.doFinishConnect(NioSocketChannel.java:337)
	at io.netty.channel.nio.AbstractNioChannel$AbstractNioUnsafe.finishConnect(AbstractNioChannel.java:334)
	at io.netty.channel.nio.NioEventLoop.processSelectedKey(NioEventLoop.java:710)
	at io.netty.channel.nio.NioEventLoop.processSelectedKeysOptimized(NioEventLoop.java:658)
	at io.netty.channel.nio.NioEventLoop.processSelectedKeys(NioEventLoop.java:584)
	at io.netty.channel.nio.NioEventLoop.run(NioEventLoop.java:496)
	at io.netty.util.concurrent.SingleThreadEventExecutor$4.run(SingleThreadEventExecutor.java:997)
	at io.netty.util.internal.ThreadExecutorMap$2.run(ThreadExecutorMap.java:74)
	at io.netty.util.concurrent.FastThreadLocalRunnable.run(FastThreadLocalRunnable.java:30)
	at java.lang.Thread.run(Thread.java:750)
08:52:24 [IWT-5-15] WARN  com.iteaj.iot.client.mqtt.MqttClient - 客户端(MQTT<默认>) 断线重连 - 等待重连时间：15(s) - 远程主机 127.0.0.1:1883 - 客户端标识：mqtt_gateway_env_led
08:52:42 [IWT-5-16] ERROR com.iteaj.iot.client.mqtt.MqttClient - 客户端(MQTT<默认>) 连接服务器失败 - 远程主机 127.0.0.1:1883 - 客户端标识：mqtt_gateway_env_led
io.netty.channel.AbstractChannel$AnnotatedConnectException: Connection refused: no further information: /127.0.0.1:1883
Caused by: java.net.ConnectException: Connection refused: no further information
	at sun.nio.ch.SocketChannelImpl.checkConnect(Native Method)
	at sun.nio.ch.SocketChannelImpl.finishConnect(SocketChannelImpl.java:716)
	at io.netty.channel.socket.nio.NioSocketChannel.doFinishConnect(NioSocketChannel.java:337)
	at io.netty.channel.nio.AbstractNioChannel$AbstractNioUnsafe.finishConnect(AbstractNioChannel.java:334)
	at io.netty.channel.nio.NioEventLoop.processSelectedKey(NioEventLoop.java:710)
	at io.netty.channel.nio.NioEventLoop.processSelectedKeysOptimized(NioEventLoop.java:658)
	at io.netty.channel.nio.NioEventLoop.processSelectedKeys(NioEventLoop.java:584)
	at io.netty.channel.nio.NioEventLoop.run(NioEventLoop.java:496)
	at io.netty.util.concurrent.SingleThreadEventExecutor$4.run(SingleThreadEventExecutor.java:997)
	at io.netty.util.internal.ThreadExecutorMap$2.run(ThreadExecutorMap.java:74)
	at io.netty.util.concurrent.FastThreadLocalRunnable.run(FastThreadLocalRunnable.java:30)
	at java.lang.Thread.run(Thread.java:750)
08:52:42 [IWT-5-16] WARN  com.iteaj.iot.client.mqtt.MqttClient - 客户端(MQTT<默认>) 断线重连 - 等待重连时间：15(s) - 远程主机 127.0.0.1:1883 - 客户端标识：mqtt_gateway_env_led
08:52:59 [IWT-5-1] ERROR com.iteaj.iot.client.mqtt.MqttClient - 客户端(MQTT<默认>) 连接服务器失败 - 远程主机 127.0.0.1:1883 - 客户端标识：mqtt_gateway_env_led
io.netty.channel.AbstractChannel$AnnotatedConnectException: Connection refused: no further information: /127.0.0.1:1883
Caused by: java.net.ConnectException: Connection refused: no further information
	at sun.nio.ch.SocketChannelImpl.checkConnect(Native Method)
	at sun.nio.ch.SocketChannelImpl.finishConnect(SocketChannelImpl.java:716)
	at io.netty.channel.socket.nio.NioSocketChannel.doFinishConnect(NioSocketChannel.java:337)
	at io.netty.channel.nio.AbstractNioChannel$AbstractNioUnsafe.finishConnect(AbstractNioChannel.java:334)
	at io.netty.channel.nio.NioEventLoop.processSelectedKey(NioEventLoop.java:710)
	at io.netty.channel.nio.NioEventLoop.processSelectedKeysOptimized(NioEventLoop.java:658)
	at io.netty.channel.nio.NioEventLoop.processSelectedKeys(NioEventLoop.java:584)
	at io.netty.channel.nio.NioEventLoop.run(NioEventLoop.java:496)
	at io.netty.util.concurrent.SingleThreadEventExecutor$4.run(SingleThreadEventExecutor.java:997)
	at io.netty.util.internal.ThreadExecutorMap$2.run(ThreadExecutorMap.java:74)
	at io.netty.util.concurrent.FastThreadLocalRunnable.run(FastThreadLocalRunnable.java:30)
	at java.lang.Thread.run(Thread.java:750)
08:52:59 [IWT-5-1] WARN  com.iteaj.iot.client.mqtt.MqttClient - 客户端(MQTT<默认>) 断线重连 - 等待重连时间：15(s) - 远程主机 127.0.0.1:1883 - 客户端标识：mqtt_gateway_env_led
08:53:16 [IWT-5-2] ERROR com.iteaj.iot.client.mqtt.MqttClient - 客户端(MQTT<默认>) 连接服务器失败 - 远程主机 127.0.0.1:1883 - 客户端标识：mqtt_gateway_env_led
io.netty.channel.AbstractChannel$AnnotatedConnectException: Connection refused: no further information: /127.0.0.1:1883
Caused by: java.net.ConnectException: Connection refused: no further information
	at sun.nio.ch.SocketChannelImpl.checkConnect(Native Method)
	at sun.nio.ch.SocketChannelImpl.finishConnect(SocketChannelImpl.java:716)
	at io.netty.channel.socket.nio.NioSocketChannel.doFinishConnect(NioSocketChannel.java:337)
	at io.netty.channel.nio.AbstractNioChannel$AbstractNioUnsafe.finishConnect(AbstractNioChannel.java:334)
	at io.netty.channel.nio.NioEventLoop.processSelectedKey(NioEventLoop.java:710)
	at io.netty.channel.nio.NioEventLoop.processSelectedKeysOptimized(NioEventLoop.java:658)
	at io.netty.channel.nio.NioEventLoop.processSelectedKeys(NioEventLoop.java:584)
	at io.netty.channel.nio.NioEventLoop.run(NioEventLoop.java:496)
	at io.netty.util.concurrent.SingleThreadEventExecutor$4.run(SingleThreadEventExecutor.java:997)
	at io.netty.util.internal.ThreadExecutorMap$2.run(ThreadExecutorMap.java:74)
	at io.netty.util.concurrent.FastThreadLocalRunnable.run(FastThreadLocalRunnable.java:30)
	at java.lang.Thread.run(Thread.java:750)
08:53:16 [IWT-5-2] WARN  com.iteaj.iot.client.mqtt.MqttClient - 客户端(MQTT<默认>) 断线重连 - 等待重连时间：15(s) - 远程主机 127.0.0.1:1883 - 客户端标识：mqtt_gateway_env_led
08:53:34 [IWT-5-3] ERROR com.iteaj.iot.client.mqtt.MqttClient - 客户端(MQTT<默认>) 连接服务器失败 - 远程主机 127.0.0.1:1883 - 客户端标识：mqtt_gateway_env_led
io.netty.channel.AbstractChannel$AnnotatedConnectException: Connection refused: no further information: /127.0.0.1:1883
Caused by: java.net.ConnectException: Connection refused: no further information
	at sun.nio.ch.SocketChannelImpl.checkConnect(Native Method)
	at sun.nio.ch.SocketChannelImpl.finishConnect(SocketChannelImpl.java:716)
	at io.netty.channel.socket.nio.NioSocketChannel.doFinishConnect(NioSocketChannel.java:337)
	at io.netty.channel.nio.AbstractNioChannel$AbstractNioUnsafe.finishConnect(AbstractNioChannel.java:334)
	at io.netty.channel.nio.NioEventLoop.processSelectedKey(NioEventLoop.java:710)
	at io.netty.channel.nio.NioEventLoop.processSelectedKeysOptimized(NioEventLoop.java:658)
	at io.netty.channel.nio.NioEventLoop.processSelectedKeys(NioEventLoop.java:584)
	at io.netty.channel.nio.NioEventLoop.run(NioEventLoop.java:496)
	at io.netty.util.concurrent.SingleThreadEventExecutor$4.run(SingleThreadEventExecutor.java:997)
	at io.netty.util.internal.ThreadExecutorMap$2.run(ThreadExecutorMap.java:74)
	at io.netty.util.concurrent.FastThreadLocalRunnable.run(FastThreadLocalRunnable.java:30)
	at java.lang.Thread.run(Thread.java:750)
08:53:34 [IWT-5-3] WARN  com.iteaj.iot.client.mqtt.MqttClient - 客户端(MQTT<默认>) 断线重连 - 等待重连时间：15(s) - 远程主机 127.0.0.1:1883 - 客户端标识：mqtt_gateway_env_led
08:53:51 [IWT-5-4] ERROR com.iteaj.iot.client.mqtt.MqttClient - 客户端(MQTT<默认>) 连接服务器失败 - 远程主机 127.0.0.1:1883 - 客户端标识：mqtt_gateway_env_led
io.netty.channel.AbstractChannel$AnnotatedConnectException: Connection refused: no further information: /127.0.0.1:1883
Caused by: java.net.ConnectException: Connection refused: no further information
	at sun.nio.ch.SocketChannelImpl.checkConnect(Native Method)
	at sun.nio.ch.SocketChannelImpl.finishConnect(SocketChannelImpl.java:716)
	at io.netty.channel.socket.nio.NioSocketChannel.doFinishConnect(NioSocketChannel.java:337)
	at io.netty.channel.nio.AbstractNioChannel$AbstractNioUnsafe.finishConnect(AbstractNioChannel.java:334)
	at io.netty.channel.nio.NioEventLoop.processSelectedKey(NioEventLoop.java:710)
	at io.netty.channel.nio.NioEventLoop.processSelectedKeysOptimized(NioEventLoop.java:658)
	at io.netty.channel.nio.NioEventLoop.processSelectedKeys(NioEventLoop.java:584)
	at io.netty.channel.nio.NioEventLoop.run(NioEventLoop.java:496)
	at io.netty.util.concurrent.SingleThreadEventExecutor$4.run(SingleThreadEventExecutor.java:997)
	at io.netty.util.internal.ThreadExecutorMap$2.run(ThreadExecutorMap.java:74)
	at io.netty.util.concurrent.FastThreadLocalRunnable.run(FastThreadLocalRunnable.java:30)
	at java.lang.Thread.run(Thread.java:750)
08:53:51 [IWT-5-4] WARN  com.iteaj.iot.client.mqtt.MqttClient - 客户端(MQTT<默认>) 断线重连 - 等待重连时间：15(s) - 远程主机 127.0.0.1:1883 - 客户端标识：mqtt_gateway_env_led
08:54:08 [IWT-5-5] ERROR com.iteaj.iot.client.mqtt.MqttClient - 客户端(MQTT<默认>) 连接服务器失败 - 远程主机 127.0.0.1:1883 - 客户端标识：mqtt_gateway_env_led
io.netty.channel.AbstractChannel$AnnotatedConnectException: Connection refused: no further information: /127.0.0.1:1883
Caused by: java.net.ConnectException: Connection refused: no further information
	at sun.nio.ch.SocketChannelImpl.checkConnect(Native Method)
	at sun.nio.ch.SocketChannelImpl.finishConnect(SocketChannelImpl.java:716)
	at io.netty.channel.socket.nio.NioSocketChannel.doFinishConnect(NioSocketChannel.java:337)
	at io.netty.channel.nio.AbstractNioChannel$AbstractNioUnsafe.finishConnect(AbstractNioChannel.java:334)
	at io.netty.channel.nio.NioEventLoop.processSelectedKey(NioEventLoop.java:710)
	at io.netty.channel.nio.NioEventLoop.processSelectedKeysOptimized(NioEventLoop.java:658)
	at io.netty.channel.nio.NioEventLoop.processSelectedKeys(NioEventLoop.java:584)
	at io.netty.channel.nio.NioEventLoop.run(NioEventLoop.java:496)
	at io.netty.util.concurrent.SingleThreadEventExecutor$4.run(SingleThreadEventExecutor.java:997)
	at io.netty.util.internal.ThreadExecutorMap$2.run(ThreadExecutorMap.java:74)
	at io.netty.util.concurrent.FastThreadLocalRunnable.run(FastThreadLocalRunnable.java:30)
	at java.lang.Thread.run(Thread.java:750)
08:54:08 [IWT-5-5] WARN  com.iteaj.iot.client.mqtt.MqttClient - 客户端(MQTT<默认>) 断线重连 - 等待重连时间：15(s) - 远程主机 127.0.0.1:1883 - 客户端标识：mqtt_gateway_env_led
08:54:25 [IWT-5-6] ERROR com.iteaj.iot.client.mqtt.MqttClient - 客户端(MQTT<默认>) 连接服务器失败 - 远程主机 127.0.0.1:1883 - 客户端标识：mqtt_gateway_env_led
io.netty.channel.AbstractChannel$AnnotatedConnectException: Connection refused: no further information: /127.0.0.1:1883
Caused by: java.net.ConnectException: Connection refused: no further information
	at sun.nio.ch.SocketChannelImpl.checkConnect(Native Method)
	at sun.nio.ch.SocketChannelImpl.finishConnect(SocketChannelImpl.java:716)
	at io.netty.channel.socket.nio.NioSocketChannel.doFinishConnect(NioSocketChannel.java:337)
	at io.netty.channel.nio.AbstractNioChannel$AbstractNioUnsafe.finishConnect(AbstractNioChannel.java:334)
	at io.netty.channel.nio.NioEventLoop.processSelectedKey(NioEventLoop.java:710)
	at io.netty.channel.nio.NioEventLoop.processSelectedKeysOptimized(NioEventLoop.java:658)
	at io.netty.channel.nio.NioEventLoop.processSelectedKeys(NioEventLoop.java:584)
	at io.netty.channel.nio.NioEventLoop.run(NioEventLoop.java:496)
	at io.netty.util.concurrent.SingleThreadEventExecutor$4.run(SingleThreadEventExecutor.java:997)
	at io.netty.util.internal.ThreadExecutorMap$2.run(ThreadExecutorMap.java:74)
	at io.netty.util.concurrent.FastThreadLocalRunnable.run(FastThreadLocalRunnable.java:30)
	at java.lang.Thread.run(Thread.java:750)
08:54:26 [IWT-5-6] WARN  com.iteaj.iot.client.mqtt.MqttClient - 客户端(MQTT<默认>) 断线重连 - 等待重连时间：15(s) - 远程主机 127.0.0.1:1883 - 客户端标识：mqtt_gateway_env_led
08:54:43 [IWT-5-7] ERROR com.iteaj.iot.client.mqtt.MqttClient - 客户端(MQTT<默认>) 连接服务器失败 - 远程主机 127.0.0.1:1883 - 客户端标识：mqtt_gateway_env_led
io.netty.channel.AbstractChannel$AnnotatedConnectException: Connection refused: no further information: /127.0.0.1:1883
Caused by: java.net.ConnectException: Connection refused: no further information
	at sun.nio.ch.SocketChannelImpl.checkConnect(Native Method)
	at sun.nio.ch.SocketChannelImpl.finishConnect(SocketChannelImpl.java:716)
	at io.netty.channel.socket.nio.NioSocketChannel.doFinishConnect(NioSocketChannel.java:337)
	at io.netty.channel.nio.AbstractNioChannel$AbstractNioUnsafe.finishConnect(AbstractNioChannel.java:334)
	at io.netty.channel.nio.NioEventLoop.processSelectedKey(NioEventLoop.java:710)
	at io.netty.channel.nio.NioEventLoop.processSelectedKeysOptimized(NioEventLoop.java:658)
	at io.netty.channel.nio.NioEventLoop.processSelectedKeys(NioEventLoop.java:584)
	at io.netty.channel.nio.NioEventLoop.run(NioEventLoop.java:496)
	at io.netty.util.concurrent.SingleThreadEventExecutor$4.run(SingleThreadEventExecutor.java:997)
	at io.netty.util.internal.ThreadExecutorMap$2.run(ThreadExecutorMap.java:74)
	at io.netty.util.concurrent.FastThreadLocalRunnable.run(FastThreadLocalRunnable.java:30)
	at java.lang.Thread.run(Thread.java:750)
08:54:43 [IWT-5-7] WARN  com.iteaj.iot.client.mqtt.MqttClient - 客户端(MQTT<默认>) 断线重连 - 等待重连时间：15(s) - 远程主机 127.0.0.1:1883 - 客户端标识：mqtt_gateway_env_led
08:55:01 [IWT-5-8] ERROR com.iteaj.iot.client.mqtt.MqttClient - 客户端(MQTT<默认>) 连接服务器失败 - 远程主机 127.0.0.1:1883 - 客户端标识：mqtt_gateway_env_led
io.netty.channel.AbstractChannel$AnnotatedConnectException: Connection refused: no further information: /127.0.0.1:1883
Caused by: java.net.ConnectException: Connection refused: no further information
	at sun.nio.ch.SocketChannelImpl.checkConnect(Native Method)
	at sun.nio.ch.SocketChannelImpl.finishConnect(SocketChannelImpl.java:716)
	at io.netty.channel.socket.nio.NioSocketChannel.doFinishConnect(NioSocketChannel.java:337)
	at io.netty.channel.nio.AbstractNioChannel$AbstractNioUnsafe.finishConnect(AbstractNioChannel.java:334)
	at io.netty.channel.nio.NioEventLoop.processSelectedKey(NioEventLoop.java:710)
	at io.netty.channel.nio.NioEventLoop.processSelectedKeysOptimized(NioEventLoop.java:658)
	at io.netty.channel.nio.NioEventLoop.processSelectedKeys(NioEventLoop.java:584)
	at io.netty.channel.nio.NioEventLoop.run(NioEventLoop.java:496)
	at io.netty.util.concurrent.SingleThreadEventExecutor$4.run(SingleThreadEventExecutor.java:997)
	at io.netty.util.internal.ThreadExecutorMap$2.run(ThreadExecutorMap.java:74)
	at io.netty.util.concurrent.FastThreadLocalRunnable.run(FastThreadLocalRunnable.java:30)
	at java.lang.Thread.run(Thread.java:750)
08:55:01 [IWT-5-8] WARN  com.iteaj.iot.client.mqtt.MqttClient - 客户端(MQTT<默认>) 断线重连 - 等待重连时间：15(s) - 远程主机 127.0.0.1:1883 - 客户端标识：mqtt_gateway_env_led
08:55:18 [IWT-5-9] ERROR com.iteaj.iot.client.mqtt.MqttClient - 客户端(MQTT<默认>) 连接服务器失败 - 远程主机 127.0.0.1:1883 - 客户端标识：mqtt_gateway_env_led
io.netty.channel.AbstractChannel$AnnotatedConnectException: Connection refused: no further information: /127.0.0.1:1883
Caused by: java.net.ConnectException: Connection refused: no further information
	at sun.nio.ch.SocketChannelImpl.checkConnect(Native Method)
	at sun.nio.ch.SocketChannelImpl.finishConnect(SocketChannelImpl.java:716)
	at io.netty.channel.socket.nio.NioSocketChannel.doFinishConnect(NioSocketChannel.java:337)
	at io.netty.channel.nio.AbstractNioChannel$AbstractNioUnsafe.finishConnect(AbstractNioChannel.java:334)
	at io.netty.channel.nio.NioEventLoop.processSelectedKey(NioEventLoop.java:710)
	at io.netty.channel.nio.NioEventLoop.processSelectedKeysOptimized(NioEventLoop.java:658)
	at io.netty.channel.nio.NioEventLoop.processSelectedKeys(NioEventLoop.java:584)
	at io.netty.channel.nio.NioEventLoop.run(NioEventLoop.java:496)
	at io.netty.util.concurrent.SingleThreadEventExecutor$4.run(SingleThreadEventExecutor.java:997)
	at io.netty.util.internal.ThreadExecutorMap$2.run(ThreadExecutorMap.java:74)
	at io.netty.util.concurrent.FastThreadLocalRunnable.run(FastThreadLocalRunnable.java:30)
	at java.lang.Thread.run(Thread.java:750)
08:55:18 [IWT-5-9] WARN  com.iteaj.iot.client.mqtt.MqttClient - 客户端(MQTT<默认>) 断线重连 - 等待重连时间：15(s) - 远程主机 127.0.0.1:1883 - 客户端标识：mqtt_gateway_env_led
08:55:36 [IWT-5-10] ERROR com.iteaj.iot.client.mqtt.MqttClient - 客户端(MQTT<默认>) 连接服务器失败 - 远程主机 127.0.0.1:1883 - 客户端标识：mqtt_gateway_env_led
io.netty.channel.AbstractChannel$AnnotatedConnectException: Connection refused: no further information: /127.0.0.1:1883
Caused by: java.net.ConnectException: Connection refused: no further information
	at sun.nio.ch.SocketChannelImpl.checkConnect(Native Method)
	at sun.nio.ch.SocketChannelImpl.finishConnect(SocketChannelImpl.java:716)
	at io.netty.channel.socket.nio.NioSocketChannel.doFinishConnect(NioSocketChannel.java:337)
	at io.netty.channel.nio.AbstractNioChannel$AbstractNioUnsafe.finishConnect(AbstractNioChannel.java:334)
	at io.netty.channel.nio.NioEventLoop.processSelectedKey(NioEventLoop.java:710)
	at io.netty.channel.nio.NioEventLoop.processSelectedKeysOptimized(NioEventLoop.java:658)
	at io.netty.channel.nio.NioEventLoop.processSelectedKeys(NioEventLoop.java:584)
	at io.netty.channel.nio.NioEventLoop.run(NioEventLoop.java:496)
	at io.netty.util.concurrent.SingleThreadEventExecutor$4.run(SingleThreadEventExecutor.java:997)
	at io.netty.util.internal.ThreadExecutorMap$2.run(ThreadExecutorMap.java:74)
	at io.netty.util.concurrent.FastThreadLocalRunnable.run(FastThreadLocalRunnable.java:30)
	at java.lang.Thread.run(Thread.java:750)
08:55:36 [IWT-5-10] WARN  com.iteaj.iot.client.mqtt.MqttClient - 客户端(MQTT<默认>) 断线重连 - 等待重连时间：15(s) - 远程主机 127.0.0.1:1883 - 客户端标识：mqtt_gateway_env_led
08:55:53 [IWT-5-11] ERROR com.iteaj.iot.client.mqtt.MqttClient - 客户端(MQTT<默认>) 连接服务器失败 - 远程主机 127.0.0.1:1883 - 客户端标识：mqtt_gateway_env_led
io.netty.channel.AbstractChannel$AnnotatedConnectException: Connection refused: no further information: /127.0.0.1:1883
Caused by: java.net.ConnectException: Connection refused: no further information
	at sun.nio.ch.SocketChannelImpl.checkConnect(Native Method)
	at sun.nio.ch.SocketChannelImpl.finishConnect(SocketChannelImpl.java:716)
	at io.netty.channel.socket.nio.NioSocketChannel.doFinishConnect(NioSocketChannel.java:337)
	at io.netty.channel.nio.AbstractNioChannel$AbstractNioUnsafe.finishConnect(AbstractNioChannel.java:334)
	at io.netty.channel.nio.NioEventLoop.processSelectedKey(NioEventLoop.java:710)
	at io.netty.channel.nio.NioEventLoop.processSelectedKeysOptimized(NioEventLoop.java:658)
	at io.netty.channel.nio.NioEventLoop.processSelectedKeys(NioEventLoop.java:584)
	at io.netty.channel.nio.NioEventLoop.run(NioEventLoop.java:496)
	at io.netty.util.concurrent.SingleThreadEventExecutor$4.run(SingleThreadEventExecutor.java:997)
	at io.netty.util.internal.ThreadExecutorMap$2.run(ThreadExecutorMap.java:74)
	at io.netty.util.concurrent.FastThreadLocalRunnable.run(FastThreadLocalRunnable.java:30)
	at java.lang.Thread.run(Thread.java:750)
08:55:53 [IWT-5-11] WARN  com.iteaj.iot.client.mqtt.MqttClient - 客户端(MQTT<默认>) 断线重连 - 等待重连时间：15(s) - 远程主机 127.0.0.1:1883 - 客户端标识：mqtt_gateway_env_led
08:56:10 [IWT-5-12] ERROR com.iteaj.iot.client.mqtt.MqttClient - 客户端(MQTT<默认>) 连接服务器失败 - 远程主机 127.0.0.1:1883 - 客户端标识：mqtt_gateway_env_led
io.netty.channel.AbstractChannel$AnnotatedConnectException: Connection refused: no further information: /127.0.0.1:1883
Caused by: java.net.ConnectException: Connection refused: no further information
	at sun.nio.ch.SocketChannelImpl.checkConnect(Native Method)
	at sun.nio.ch.SocketChannelImpl.finishConnect(SocketChannelImpl.java:716)
	at io.netty.channel.socket.nio.NioSocketChannel.doFinishConnect(NioSocketChannel.java:337)
	at io.netty.channel.nio.AbstractNioChannel$AbstractNioUnsafe.finishConnect(AbstractNioChannel.java:334)
	at io.netty.channel.nio.NioEventLoop.processSelectedKey(NioEventLoop.java:710)
	at io.netty.channel.nio.NioEventLoop.processSelectedKeysOptimized(NioEventLoop.java:658)
	at io.netty.channel.nio.NioEventLoop.processSelectedKeys(NioEventLoop.java:584)
	at io.netty.channel.nio.NioEventLoop.run(NioEventLoop.java:496)
	at io.netty.util.concurrent.SingleThreadEventExecutor$4.run(SingleThreadEventExecutor.java:997)
	at io.netty.util.internal.ThreadExecutorMap$2.run(ThreadExecutorMap.java:74)
	at io.netty.util.concurrent.FastThreadLocalRunnable.run(FastThreadLocalRunnable.java:30)
	at java.lang.Thread.run(Thread.java:750)
08:56:10 [IWT-5-12] WARN  com.iteaj.iot.client.mqtt.MqttClient - 客户端(MQTT<默认>) 断线重连 - 等待重连时间：15(s) - 远程主机 127.0.0.1:1883 - 客户端标识：mqtt_gateway_env_led
08:56:28 [IWT-5-13] ERROR com.iteaj.iot.client.mqtt.MqttClient - 客户端(MQTT<默认>) 连接服务器失败 - 远程主机 127.0.0.1:1883 - 客户端标识：mqtt_gateway_env_led
io.netty.channel.AbstractChannel$AnnotatedConnectException: Connection refused: no further information: /127.0.0.1:1883
Caused by: java.net.ConnectException: Connection refused: no further information
	at sun.nio.ch.SocketChannelImpl.checkConnect(Native Method)
	at sun.nio.ch.SocketChannelImpl.finishConnect(SocketChannelImpl.java:716)
	at io.netty.channel.socket.nio.NioSocketChannel.doFinishConnect(NioSocketChannel.java:337)
	at io.netty.channel.nio.AbstractNioChannel$AbstractNioUnsafe.finishConnect(AbstractNioChannel.java:334)
	at io.netty.channel.nio.NioEventLoop.processSelectedKey(NioEventLoop.java:710)
	at io.netty.channel.nio.NioEventLoop.processSelectedKeysOptimized(NioEventLoop.java:658)
	at io.netty.channel.nio.NioEventLoop.processSelectedKeys(NioEventLoop.java:584)
	at io.netty.channel.nio.NioEventLoop.run(NioEventLoop.java:496)
	at io.netty.util.concurrent.SingleThreadEventExecutor$4.run(SingleThreadEventExecutor.java:997)
	at io.netty.util.internal.ThreadExecutorMap$2.run(ThreadExecutorMap.java:74)
	at io.netty.util.concurrent.FastThreadLocalRunnable.run(FastThreadLocalRunnable.java:30)
	at java.lang.Thread.run(Thread.java:750)
08:56:28 [IWT-5-13] WARN  com.iteaj.iot.client.mqtt.MqttClient - 客户端(MQTT<默认>) 断线重连 - 等待重连时间：15(s) - 远程主机 127.0.0.1:1883 - 客户端标识：mqtt_gateway_env_led
08:56:45 [IWT-5-14] ERROR com.iteaj.iot.client.mqtt.MqttClient - 客户端(MQTT<默认>) 连接服务器失败 - 远程主机 127.0.0.1:1883 - 客户端标识：mqtt_gateway_env_led
io.netty.channel.AbstractChannel$AnnotatedConnectException: Connection refused: no further information: /127.0.0.1:1883
Caused by: java.net.ConnectException: Connection refused: no further information
	at sun.nio.ch.SocketChannelImpl.checkConnect(Native Method)
	at sun.nio.ch.SocketChannelImpl.finishConnect(SocketChannelImpl.java:716)
	at io.netty.channel.socket.nio.NioSocketChannel.doFinishConnect(NioSocketChannel.java:337)
	at io.netty.channel.nio.AbstractNioChannel$AbstractNioUnsafe.finishConnect(AbstractNioChannel.java:334)
	at io.netty.channel.nio.NioEventLoop.processSelectedKey(NioEventLoop.java:710)
	at io.netty.channel.nio.NioEventLoop.processSelectedKeysOptimized(NioEventLoop.java:658)
	at io.netty.channel.nio.NioEventLoop.processSelectedKeys(NioEventLoop.java:584)
	at io.netty.channel.nio.NioEventLoop.run(NioEventLoop.java:496)
	at io.netty.util.concurrent.SingleThreadEventExecutor$4.run(SingleThreadEventExecutor.java:997)
	at io.netty.util.internal.ThreadExecutorMap$2.run(ThreadExecutorMap.java:74)
	at io.netty.util.concurrent.FastThreadLocalRunnable.run(FastThreadLocalRunnable.java:30)
	at java.lang.Thread.run(Thread.java:750)
08:56:45 [IWT-5-14] WARN  com.iteaj.iot.client.mqtt.MqttClient - 客户端(MQTT<默认>) 断线重连 - 等待重连时间：15(s) - 远程主机 127.0.0.1:1883 - 客户端标识：mqtt_gateway_env_led
08:57:02 [IWT-5-15] ERROR com.iteaj.iot.client.mqtt.MqttClient - 客户端(MQTT<默认>) 连接服务器失败 - 远程主机 127.0.0.1:1883 - 客户端标识：mqtt_gateway_env_led
io.netty.channel.AbstractChannel$AnnotatedConnectException: Connection refused: no further information: /127.0.0.1:1883
Caused by: java.net.ConnectException: Connection refused: no further information
	at sun.nio.ch.SocketChannelImpl.checkConnect(Native Method)
	at sun.nio.ch.SocketChannelImpl.finishConnect(SocketChannelImpl.java:716)
	at io.netty.channel.socket.nio.NioSocketChannel.doFinishConnect(NioSocketChannel.java:337)
	at io.netty.channel.nio.AbstractNioChannel$AbstractNioUnsafe.finishConnect(AbstractNioChannel.java:334)
	at io.netty.channel.nio.NioEventLoop.processSelectedKey(NioEventLoop.java:710)
	at io.netty.channel.nio.NioEventLoop.processSelectedKeysOptimized(NioEventLoop.java:658)
	at io.netty.channel.nio.NioEventLoop.processSelectedKeys(NioEventLoop.java:584)
	at io.netty.channel.nio.NioEventLoop.run(NioEventLoop.java:496)
	at io.netty.util.concurrent.SingleThreadEventExecutor$4.run(SingleThreadEventExecutor.java:997)
	at io.netty.util.internal.ThreadExecutorMap$2.run(ThreadExecutorMap.java:74)
	at io.netty.util.concurrent.FastThreadLocalRunnable.run(FastThreadLocalRunnable.java:30)
	at java.lang.Thread.run(Thread.java:750)
08:57:02 [IWT-5-15] WARN  com.iteaj.iot.client.mqtt.MqttClient - 客户端(MQTT<默认>) 断线重连 - 等待重连时间：15(s) - 远程主机 127.0.0.1:1883 - 客户端标识：mqtt_gateway_env_led
08:57:19 [IWT-5-16] ERROR com.iteaj.iot.client.mqtt.MqttClient - 客户端(MQTT<默认>) 连接服务器失败 - 远程主机 127.0.0.1:1883 - 客户端标识：mqtt_gateway_env_led
io.netty.channel.AbstractChannel$AnnotatedConnectException: Connection refused: no further information: /127.0.0.1:1883
Caused by: java.net.ConnectException: Connection refused: no further information
	at sun.nio.ch.SocketChannelImpl.checkConnect(Native Method)
	at sun.nio.ch.SocketChannelImpl.finishConnect(SocketChannelImpl.java:716)
	at io.netty.channel.socket.nio.NioSocketChannel.doFinishConnect(NioSocketChannel.java:337)
	at io.netty.channel.nio.AbstractNioChannel$AbstractNioUnsafe.finishConnect(AbstractNioChannel.java:334)
	at io.netty.channel.nio.NioEventLoop.processSelectedKey(NioEventLoop.java:710)
	at io.netty.channel.nio.NioEventLoop.processSelectedKeysOptimized(NioEventLoop.java:658)
	at io.netty.channel.nio.NioEventLoop.processSelectedKeys(NioEventLoop.java:584)
	at io.netty.channel.nio.NioEventLoop.run(NioEventLoop.java:496)
	at io.netty.util.concurrent.SingleThreadEventExecutor$4.run(SingleThreadEventExecutor.java:997)
	at io.netty.util.internal.ThreadExecutorMap$2.run(ThreadExecutorMap.java:74)
	at io.netty.util.concurrent.FastThreadLocalRunnable.run(FastThreadLocalRunnable.java:30)
	at java.lang.Thread.run(Thread.java:750)
08:57:19 [IWT-5-16] WARN  com.iteaj.iot.client.mqtt.MqttClient - 客户端(MQTT<默认>) 断线重连 - 等待重连时间：15(s) - 远程主机 127.0.0.1:1883 - 客户端标识：mqtt_gateway_env_led
08:57:36 [IWT-5-1] ERROR com.iteaj.iot.client.mqtt.MqttClient - 客户端(MQTT<默认>) 连接服务器失败 - 远程主机 127.0.0.1:1883 - 客户端标识：mqtt_gateway_env_led
io.netty.channel.AbstractChannel$AnnotatedConnectException: Connection refused: no further information: /127.0.0.1:1883
Caused by: java.net.ConnectException: Connection refused: no further information
	at sun.nio.ch.SocketChannelImpl.checkConnect(Native Method)
	at sun.nio.ch.SocketChannelImpl.finishConnect(SocketChannelImpl.java:716)
	at io.netty.channel.socket.nio.NioSocketChannel.doFinishConnect(NioSocketChannel.java:337)
	at io.netty.channel.nio.AbstractNioChannel$AbstractNioUnsafe.finishConnect(AbstractNioChannel.java:334)
	at io.netty.channel.nio.NioEventLoop.processSelectedKey(NioEventLoop.java:710)
	at io.netty.channel.nio.NioEventLoop.processSelectedKeysOptimized(NioEventLoop.java:658)
	at io.netty.channel.nio.NioEventLoop.processSelectedKeys(NioEventLoop.java:584)
	at io.netty.channel.nio.NioEventLoop.run(NioEventLoop.java:496)
	at io.netty.util.concurrent.SingleThreadEventExecutor$4.run(SingleThreadEventExecutor.java:997)
	at io.netty.util.internal.ThreadExecutorMap$2.run(ThreadExecutorMap.java:74)
	at io.netty.util.concurrent.FastThreadLocalRunnable.run(FastThreadLocalRunnable.java:30)
	at java.lang.Thread.run(Thread.java:750)
08:57:36 [IWT-5-1] WARN  com.iteaj.iot.client.mqtt.MqttClient - 客户端(MQTT<默认>) 断线重连 - 等待重连时间：15(s) - 远程主机 127.0.0.1:1883 - 客户端标识：mqtt_gateway_env_led
08:57:53 [IWT-5-2] ERROR com.iteaj.iot.client.mqtt.MqttClient - 客户端(MQTT<默认>) 连接服务器失败 - 远程主机 127.0.0.1:1883 - 客户端标识：mqtt_gateway_env_led
io.netty.channel.AbstractChannel$AnnotatedConnectException: Connection refused: no further information: /127.0.0.1:1883
Caused by: java.net.ConnectException: Connection refused: no further information
	at sun.nio.ch.SocketChannelImpl.checkConnect(Native Method)
	at sun.nio.ch.SocketChannelImpl.finishConnect(SocketChannelImpl.java:716)
	at io.netty.channel.socket.nio.NioSocketChannel.doFinishConnect(NioSocketChannel.java:337)
	at io.netty.channel.nio.AbstractNioChannel$AbstractNioUnsafe.finishConnect(AbstractNioChannel.java:334)
	at io.netty.channel.nio.NioEventLoop.processSelectedKey(NioEventLoop.java:710)
	at io.netty.channel.nio.NioEventLoop.processSelectedKeysOptimized(NioEventLoop.java:658)
	at io.netty.channel.nio.NioEventLoop.processSelectedKeys(NioEventLoop.java:584)
	at io.netty.channel.nio.NioEventLoop.run(NioEventLoop.java:496)
	at io.netty.util.concurrent.SingleThreadEventExecutor$4.run(SingleThreadEventExecutor.java:997)
	at io.netty.util.internal.ThreadExecutorMap$2.run(ThreadExecutorMap.java:74)
	at io.netty.util.concurrent.FastThreadLocalRunnable.run(FastThreadLocalRunnable.java:30)
	at java.lang.Thread.run(Thread.java:750)
08:57:53 [IWT-5-2] WARN  com.iteaj.iot.client.mqtt.MqttClient - 客户端(MQTT<默认>) 断线重连 - 等待重连时间：15(s) - 远程主机 127.0.0.1:1883 - 客户端标识：mqtt_gateway_env_led
08:58:10 [IWT-5-3] ERROR com.iteaj.iot.client.mqtt.MqttClient - 客户端(MQTT<默认>) 连接服务器失败 - 远程主机 127.0.0.1:1883 - 客户端标识：mqtt_gateway_env_led
io.netty.channel.AbstractChannel$AnnotatedConnectException: Connection refused: no further information: /127.0.0.1:1883
Caused by: java.net.ConnectException: Connection refused: no further information
	at sun.nio.ch.SocketChannelImpl.checkConnect(Native Method)
	at sun.nio.ch.SocketChannelImpl.finishConnect(SocketChannelImpl.java:716)
	at io.netty.channel.socket.nio.NioSocketChannel.doFinishConnect(NioSocketChannel.java:337)
	at io.netty.channel.nio.AbstractNioChannel$AbstractNioUnsafe.finishConnect(AbstractNioChannel.java:334)
	at io.netty.channel.nio.NioEventLoop.processSelectedKey(NioEventLoop.java:710)
	at io.netty.channel.nio.NioEventLoop.processSelectedKeysOptimized(NioEventLoop.java:658)
	at io.netty.channel.nio.NioEventLoop.processSelectedKeys(NioEventLoop.java:584)
	at io.netty.channel.nio.NioEventLoop.run(NioEventLoop.java:496)
	at io.netty.util.concurrent.SingleThreadEventExecutor$4.run(SingleThreadEventExecutor.java:997)
	at io.netty.util.internal.ThreadExecutorMap$2.run(ThreadExecutorMap.java:74)
	at io.netty.util.concurrent.FastThreadLocalRunnable.run(FastThreadLocalRunnable.java:30)
	at java.lang.Thread.run(Thread.java:750)
08:58:10 [IWT-5-3] WARN  com.iteaj.iot.client.mqtt.MqttClient - 客户端(MQTT<默认>) 断线重连 - 等待重连时间：15(s) - 远程主机 127.0.0.1:1883 - 客户端标识：mqtt_gateway_env_led
08:58:27 [IWT-5-4] ERROR com.iteaj.iot.client.mqtt.MqttClient - 客户端(MQTT<默认>) 连接服务器失败 - 远程主机 127.0.0.1:1883 - 客户端标识：mqtt_gateway_env_led
io.netty.channel.AbstractChannel$AnnotatedConnectException: Connection refused: no further information: /127.0.0.1:1883
Caused by: java.net.ConnectException: Connection refused: no further information
	at sun.nio.ch.SocketChannelImpl.checkConnect(Native Method)
	at sun.nio.ch.SocketChannelImpl.finishConnect(SocketChannelImpl.java:716)
	at io.netty.channel.socket.nio.NioSocketChannel.doFinishConnect(NioSocketChannel.java:337)
	at io.netty.channel.nio.AbstractNioChannel$AbstractNioUnsafe.finishConnect(AbstractNioChannel.java:334)
	at io.netty.channel.nio.NioEventLoop.processSelectedKey(NioEventLoop.java:710)
	at io.netty.channel.nio.NioEventLoop.processSelectedKeysOptimized(NioEventLoop.java:658)
	at io.netty.channel.nio.NioEventLoop.processSelectedKeys(NioEventLoop.java:584)
	at io.netty.channel.nio.NioEventLoop.run(NioEventLoop.java:496)
	at io.netty.util.concurrent.SingleThreadEventExecutor$4.run(SingleThreadEventExecutor.java:997)
	at io.netty.util.internal.ThreadExecutorMap$2.run(ThreadExecutorMap.java:74)
	at io.netty.util.concurrent.FastThreadLocalRunnable.run(FastThreadLocalRunnable.java:30)
	at java.lang.Thread.run(Thread.java:750)
08:58:27 [IWT-5-4] WARN  com.iteaj.iot.client.mqtt.MqttClient - 客户端(MQTT<默认>) 断线重连 - 等待重连时间：15(s) - 远程主机 127.0.0.1:1883 - 客户端标识：mqtt_gateway_env_led
08:58:44 [IWT-5-5] ERROR com.iteaj.iot.client.mqtt.MqttClient - 客户端(MQTT<默认>) 连接服务器失败 - 远程主机 127.0.0.1:1883 - 客户端标识：mqtt_gateway_env_led
io.netty.channel.AbstractChannel$AnnotatedConnectException: Connection refused: no further information: /127.0.0.1:1883
Caused by: java.net.ConnectException: Connection refused: no further information
	at sun.nio.ch.SocketChannelImpl.checkConnect(Native Method)
	at sun.nio.ch.SocketChannelImpl.finishConnect(SocketChannelImpl.java:716)
	at io.netty.channel.socket.nio.NioSocketChannel.doFinishConnect(NioSocketChannel.java:337)
	at io.netty.channel.nio.AbstractNioChannel$AbstractNioUnsafe.finishConnect(AbstractNioChannel.java:334)
	at io.netty.channel.nio.NioEventLoop.processSelectedKey(NioEventLoop.java:710)
	at io.netty.channel.nio.NioEventLoop.processSelectedKeysOptimized(NioEventLoop.java:658)
	at io.netty.channel.nio.NioEventLoop.processSelectedKeys(NioEventLoop.java:584)
	at io.netty.channel.nio.NioEventLoop.run(NioEventLoop.java:496)
	at io.netty.util.concurrent.SingleThreadEventExecutor$4.run(SingleThreadEventExecutor.java:997)
	at io.netty.util.internal.ThreadExecutorMap$2.run(ThreadExecutorMap.java:74)
	at io.netty.util.concurrent.FastThreadLocalRunnable.run(FastThreadLocalRunnable.java:30)
	at java.lang.Thread.run(Thread.java:750)
08:58:44 [IWT-5-5] WARN  com.iteaj.iot.client.mqtt.MqttClient - 客户端(MQTT<默认>) 断线重连 - 等待重连时间：15(s) - 远程主机 127.0.0.1:1883 - 客户端标识：mqtt_gateway_env_led
08:59:01 [IWT-5-6] ERROR com.iteaj.iot.client.mqtt.MqttClient - 客户端(MQTT<默认>) 连接服务器失败 - 远程主机 127.0.0.1:1883 - 客户端标识：mqtt_gateway_env_led
io.netty.channel.AbstractChannel$AnnotatedConnectException: Connection refused: no further information: /127.0.0.1:1883
Caused by: java.net.ConnectException: Connection refused: no further information
	at sun.nio.ch.SocketChannelImpl.checkConnect(Native Method)
	at sun.nio.ch.SocketChannelImpl.finishConnect(SocketChannelImpl.java:716)
	at io.netty.channel.socket.nio.NioSocketChannel.doFinishConnect(NioSocketChannel.java:337)
	at io.netty.channel.nio.AbstractNioChannel$AbstractNioUnsafe.finishConnect(AbstractNioChannel.java:334)
	at io.netty.channel.nio.NioEventLoop.processSelectedKey(NioEventLoop.java:710)
	at io.netty.channel.nio.NioEventLoop.processSelectedKeysOptimized(NioEventLoop.java:658)
	at io.netty.channel.nio.NioEventLoop.processSelectedKeys(NioEventLoop.java:584)
	at io.netty.channel.nio.NioEventLoop.run(NioEventLoop.java:496)
	at io.netty.util.concurrent.SingleThreadEventExecutor$4.run(SingleThreadEventExecutor.java:997)
	at io.netty.util.internal.ThreadExecutorMap$2.run(ThreadExecutorMap.java:74)
	at io.netty.util.concurrent.FastThreadLocalRunnable.run(FastThreadLocalRunnable.java:30)
	at java.lang.Thread.run(Thread.java:750)
08:59:01 [IWT-5-6] WARN  com.iteaj.iot.client.mqtt.MqttClient - 客户端(MQTT<默认>) 断线重连 - 等待重连时间：15(s) - 远程主机 127.0.0.1:1883 - 客户端标识：mqtt_gateway_env_led
08:59:18 [IWT-5-7] ERROR com.iteaj.iot.client.mqtt.MqttClient - 客户端(MQTT<默认>) 连接服务器失败 - 远程主机 127.0.0.1:1883 - 客户端标识：mqtt_gateway_env_led
io.netty.channel.AbstractChannel$AnnotatedConnectException: Connection refused: no further information: /127.0.0.1:1883
Caused by: java.net.ConnectException: Connection refused: no further information
	at sun.nio.ch.SocketChannelImpl.checkConnect(Native Method)
	at sun.nio.ch.SocketChannelImpl.finishConnect(SocketChannelImpl.java:716)
	at io.netty.channel.socket.nio.NioSocketChannel.doFinishConnect(NioSocketChannel.java:337)
	at io.netty.channel.nio.AbstractNioChannel$AbstractNioUnsafe.finishConnect(AbstractNioChannel.java:334)
	at io.netty.channel.nio.NioEventLoop.processSelectedKey(NioEventLoop.java:710)
	at io.netty.channel.nio.NioEventLoop.processSelectedKeysOptimized(NioEventLoop.java:658)
	at io.netty.channel.nio.NioEventLoop.processSelectedKeys(NioEventLoop.java:584)
	at io.netty.channel.nio.NioEventLoop.run(NioEventLoop.java:496)
	at io.netty.util.concurrent.SingleThreadEventExecutor$4.run(SingleThreadEventExecutor.java:997)
	at io.netty.util.internal.ThreadExecutorMap$2.run(ThreadExecutorMap.java:74)
	at io.netty.util.concurrent.FastThreadLocalRunnable.run(FastThreadLocalRunnable.java:30)
	at java.lang.Thread.run(Thread.java:750)
08:59:18 [IWT-5-7] WARN  com.iteaj.iot.client.mqtt.MqttClient - 客户端(MQTT<默认>) 断线重连 - 等待重连时间：15(s) - 远程主机 127.0.0.1:1883 - 客户端标识：mqtt_gateway_env_led
08:59:35 [IWT-5-8] ERROR com.iteaj.iot.client.mqtt.MqttClient - 客户端(MQTT<默认>) 连接服务器失败 - 远程主机 127.0.0.1:1883 - 客户端标识：mqtt_gateway_env_led
io.netty.channel.AbstractChannel$AnnotatedConnectException: Connection refused: no further information: /127.0.0.1:1883
Caused by: java.net.ConnectException: Connection refused: no further information
	at sun.nio.ch.SocketChannelImpl.checkConnect(Native Method)
	at sun.nio.ch.SocketChannelImpl.finishConnect(SocketChannelImpl.java:716)
	at io.netty.channel.socket.nio.NioSocketChannel.doFinishConnect(NioSocketChannel.java:337)
	at io.netty.channel.nio.AbstractNioChannel$AbstractNioUnsafe.finishConnect(AbstractNioChannel.java:334)
	at io.netty.channel.nio.NioEventLoop.processSelectedKey(NioEventLoop.java:710)
	at io.netty.channel.nio.NioEventLoop.processSelectedKeysOptimized(NioEventLoop.java:658)
	at io.netty.channel.nio.NioEventLoop.processSelectedKeys(NioEventLoop.java:584)
	at io.netty.channel.nio.NioEventLoop.run(NioEventLoop.java:496)
	at io.netty.util.concurrent.SingleThreadEventExecutor$4.run(SingleThreadEventExecutor.java:997)
	at io.netty.util.internal.ThreadExecutorMap$2.run(ThreadExecutorMap.java:74)
	at io.netty.util.concurrent.FastThreadLocalRunnable.run(FastThreadLocalRunnable.java:30)
	at java.lang.Thread.run(Thread.java:750)
08:59:35 [IWT-5-8] WARN  com.iteaj.iot.client.mqtt.MqttClient - 客户端(MQTT<默认>) 断线重连 - 等待重连时间：15(s) - 远程主机 127.0.0.1:1883 - 客户端标识：mqtt_gateway_env_led
08:59:52 [IWT-5-9] ERROR com.iteaj.iot.client.mqtt.MqttClient - 客户端(MQTT<默认>) 连接服务器失败 - 远程主机 127.0.0.1:1883 - 客户端标识：mqtt_gateway_env_led
io.netty.channel.AbstractChannel$AnnotatedConnectException: Connection refused: no further information: /127.0.0.1:1883
Caused by: java.net.ConnectException: Connection refused: no further information
	at sun.nio.ch.SocketChannelImpl.checkConnect(Native Method)
	at sun.nio.ch.SocketChannelImpl.finishConnect(SocketChannelImpl.java:716)
	at io.netty.channel.socket.nio.NioSocketChannel.doFinishConnect(NioSocketChannel.java:337)
	at io.netty.channel.nio.AbstractNioChannel$AbstractNioUnsafe.finishConnect(AbstractNioChannel.java:334)
	at io.netty.channel.nio.NioEventLoop.processSelectedKey(NioEventLoop.java:710)
	at io.netty.channel.nio.NioEventLoop.processSelectedKeysOptimized(NioEventLoop.java:658)
	at io.netty.channel.nio.NioEventLoop.processSelectedKeys(NioEventLoop.java:584)
	at io.netty.channel.nio.NioEventLoop.run(NioEventLoop.java:496)
	at io.netty.util.concurrent.SingleThreadEventExecutor$4.run(SingleThreadEventExecutor.java:997)
	at io.netty.util.internal.ThreadExecutorMap$2.run(ThreadExecutorMap.java:74)
	at io.netty.util.concurrent.FastThreadLocalRunnable.run(FastThreadLocalRunnable.java:30)
	at java.lang.Thread.run(Thread.java:750)
08:59:52 [IWT-5-9] WARN  com.iteaj.iot.client.mqtt.MqttClient - 客户端(MQTT<默认>) 断线重连 - 等待重连时间：15(s) - 远程主机 127.0.0.1:1883 - 客户端标识：mqtt_gateway_env_led
09:00:10 [IWT-5-10] ERROR com.iteaj.iot.client.mqtt.MqttClient - 客户端(MQTT<默认>) 连接服务器失败 - 远程主机 127.0.0.1:1883 - 客户端标识：mqtt_gateway_env_led
io.netty.channel.AbstractChannel$AnnotatedConnectException: Connection refused: no further information: /127.0.0.1:1883
Caused by: java.net.ConnectException: Connection refused: no further information
	at sun.nio.ch.SocketChannelImpl.checkConnect(Native Method)
	at sun.nio.ch.SocketChannelImpl.finishConnect(SocketChannelImpl.java:716)
	at io.netty.channel.socket.nio.NioSocketChannel.doFinishConnect(NioSocketChannel.java:337)
	at io.netty.channel.nio.AbstractNioChannel$AbstractNioUnsafe.finishConnect(AbstractNioChannel.java:334)
	at io.netty.channel.nio.NioEventLoop.processSelectedKey(NioEventLoop.java:710)
	at io.netty.channel.nio.NioEventLoop.processSelectedKeysOptimized(NioEventLoop.java:658)
	at io.netty.channel.nio.NioEventLoop.processSelectedKeys(NioEventLoop.java:584)
	at io.netty.channel.nio.NioEventLoop.run(NioEventLoop.java:496)
	at io.netty.util.concurrent.SingleThreadEventExecutor$4.run(SingleThreadEventExecutor.java:997)
	at io.netty.util.internal.ThreadExecutorMap$2.run(ThreadExecutorMap.java:74)
	at io.netty.util.concurrent.FastThreadLocalRunnable.run(FastThreadLocalRunnable.java:30)
	at java.lang.Thread.run(Thread.java:750)
09:00:10 [IWT-5-10] WARN  com.iteaj.iot.client.mqtt.MqttClient - 客户端(MQTT<默认>) 断线重连 - 等待重连时间：15(s) - 远程主机 127.0.0.1:1883 - 客户端标识：mqtt_gateway_env_led
09:00:27 [IWT-5-11] ERROR com.iteaj.iot.client.mqtt.MqttClient - 客户端(MQTT<默认>) 连接服务器失败 - 远程主机 127.0.0.1:1883 - 客户端标识：mqtt_gateway_env_led
io.netty.channel.AbstractChannel$AnnotatedConnectException: Connection refused: no further information: /127.0.0.1:1883
Caused by: java.net.ConnectException: Connection refused: no further information
	at sun.nio.ch.SocketChannelImpl.checkConnect(Native Method)
	at sun.nio.ch.SocketChannelImpl.finishConnect(SocketChannelImpl.java:716)
	at io.netty.channel.socket.nio.NioSocketChannel.doFinishConnect(NioSocketChannel.java:337)
	at io.netty.channel.nio.AbstractNioChannel$AbstractNioUnsafe.finishConnect(AbstractNioChannel.java:334)
	at io.netty.channel.nio.NioEventLoop.processSelectedKey(NioEventLoop.java:710)
	at io.netty.channel.nio.NioEventLoop.processSelectedKeysOptimized(NioEventLoop.java:658)
	at io.netty.channel.nio.NioEventLoop.processSelectedKeys(NioEventLoop.java:584)
	at io.netty.channel.nio.NioEventLoop.run(NioEventLoop.java:496)
	at io.netty.util.concurrent.SingleThreadEventExecutor$4.run(SingleThreadEventExecutor.java:997)
	at io.netty.util.internal.ThreadExecutorMap$2.run(ThreadExecutorMap.java:74)
	at io.netty.util.concurrent.FastThreadLocalRunnable.run(FastThreadLocalRunnable.java:30)
	at java.lang.Thread.run(Thread.java:750)
09:00:27 [IWT-5-11] WARN  com.iteaj.iot.client.mqtt.MqttClient - 客户端(MQTT<默认>) 断线重连 - 等待重连时间：15(s) - 远程主机 127.0.0.1:1883 - 客户端标识：mqtt_gateway_env_led
09:00:44 [IWT-5-12] ERROR com.iteaj.iot.client.mqtt.MqttClient - 客户端(MQTT<默认>) 连接服务器失败 - 远程主机 127.0.0.1:1883 - 客户端标识：mqtt_gateway_env_led
io.netty.channel.AbstractChannel$AnnotatedConnectException: Connection refused: no further information: /127.0.0.1:1883
Caused by: java.net.ConnectException: Connection refused: no further information
	at sun.nio.ch.SocketChannelImpl.checkConnect(Native Method)
	at sun.nio.ch.SocketChannelImpl.finishConnect(SocketChannelImpl.java:716)
	at io.netty.channel.socket.nio.NioSocketChannel.doFinishConnect(NioSocketChannel.java:337)
	at io.netty.channel.nio.AbstractNioChannel$AbstractNioUnsafe.finishConnect(AbstractNioChannel.java:334)
	at io.netty.channel.nio.NioEventLoop.processSelectedKey(NioEventLoop.java:710)
	at io.netty.channel.nio.NioEventLoop.processSelectedKeysOptimized(NioEventLoop.java:658)
	at io.netty.channel.nio.NioEventLoop.processSelectedKeys(NioEventLoop.java:584)
	at io.netty.channel.nio.NioEventLoop.run(NioEventLoop.java:496)
	at io.netty.util.concurrent.SingleThreadEventExecutor$4.run(SingleThreadEventExecutor.java:997)
	at io.netty.util.internal.ThreadExecutorMap$2.run(ThreadExecutorMap.java:74)
	at io.netty.util.concurrent.FastThreadLocalRunnable.run(FastThreadLocalRunnable.java:30)
	at java.lang.Thread.run(Thread.java:750)
09:00:44 [IWT-5-12] WARN  com.iteaj.iot.client.mqtt.MqttClient - 客户端(MQTT<默认>) 断线重连 - 等待重连时间：15(s) - 远程主机 127.0.0.1:1883 - 客户端标识：mqtt_gateway_env_led
09:01:01 [IWT-5-13] ERROR com.iteaj.iot.client.mqtt.MqttClient - 客户端(MQTT<默认>) 连接服务器失败 - 远程主机 127.0.0.1:1883 - 客户端标识：mqtt_gateway_env_led
io.netty.channel.AbstractChannel$AnnotatedConnectException: Connection refused: no further information: /127.0.0.1:1883
Caused by: java.net.ConnectException: Connection refused: no further information
	at sun.nio.ch.SocketChannelImpl.checkConnect(Native Method)
	at sun.nio.ch.SocketChannelImpl.finishConnect(SocketChannelImpl.java:716)
	at io.netty.channel.socket.nio.NioSocketChannel.doFinishConnect(NioSocketChannel.java:337)
	at io.netty.channel.nio.AbstractNioChannel$AbstractNioUnsafe.finishConnect(AbstractNioChannel.java:334)
	at io.netty.channel.nio.NioEventLoop.processSelectedKey(NioEventLoop.java:710)
	at io.netty.channel.nio.NioEventLoop.processSelectedKeysOptimized(NioEventLoop.java:658)
	at io.netty.channel.nio.NioEventLoop.processSelectedKeys(NioEventLoop.java:584)
	at io.netty.channel.nio.NioEventLoop.run(NioEventLoop.java:496)
	at io.netty.util.concurrent.SingleThreadEventExecutor$4.run(SingleThreadEventExecutor.java:997)
	at io.netty.util.internal.ThreadExecutorMap$2.run(ThreadExecutorMap.java:74)
	at io.netty.util.concurrent.FastThreadLocalRunnable.run(FastThreadLocalRunnable.java:30)
	at java.lang.Thread.run(Thread.java:750)
09:01:01 [IWT-5-13] WARN  com.iteaj.iot.client.mqtt.MqttClient - 客户端(MQTT<默认>) 断线重连 - 等待重连时间：15(s) - 远程主机 127.0.0.1:1883 - 客户端标识：mqtt_gateway_env_led
09:01:18 [IWT-5-14] ERROR com.iteaj.iot.client.mqtt.MqttClient - 客户端(MQTT<默认>) 连接服务器失败 - 远程主机 127.0.0.1:1883 - 客户端标识：mqtt_gateway_env_led
io.netty.channel.AbstractChannel$AnnotatedConnectException: Connection refused: no further information: /127.0.0.1:1883
Caused by: java.net.ConnectException: Connection refused: no further information
	at sun.nio.ch.SocketChannelImpl.checkConnect(Native Method)
	at sun.nio.ch.SocketChannelImpl.finishConnect(SocketChannelImpl.java:716)
	at io.netty.channel.socket.nio.NioSocketChannel.doFinishConnect(NioSocketChannel.java:337)
	at io.netty.channel.nio.AbstractNioChannel$AbstractNioUnsafe.finishConnect(AbstractNioChannel.java:334)
	at io.netty.channel.nio.NioEventLoop.processSelectedKey(NioEventLoop.java:710)
	at io.netty.channel.nio.NioEventLoop.processSelectedKeysOptimized(NioEventLoop.java:658)
	at io.netty.channel.nio.NioEventLoop.processSelectedKeys(NioEventLoop.java:584)
	at io.netty.channel.nio.NioEventLoop.run(NioEventLoop.java:496)
	at io.netty.util.concurrent.SingleThreadEventExecutor$4.run(SingleThreadEventExecutor.java:997)
	at io.netty.util.internal.ThreadExecutorMap$2.run(ThreadExecutorMap.java:74)
	at io.netty.util.concurrent.FastThreadLocalRunnable.run(FastThreadLocalRunnable.java:30)
	at java.lang.Thread.run(Thread.java:750)
09:01:18 [IWT-5-14] WARN  com.iteaj.iot.client.mqtt.MqttClient - 客户端(MQTT<默认>) 断线重连 - 等待重连时间：15(s) - 远程主机 127.0.0.1:1883 - 客户端标识：mqtt_gateway_env_led
09:01:35 [IWT-5-15] ERROR com.iteaj.iot.client.mqtt.MqttClient - 客户端(MQTT<默认>) 连接服务器失败 - 远程主机 127.0.0.1:1883 - 客户端标识：mqtt_gateway_env_led
io.netty.channel.AbstractChannel$AnnotatedConnectException: Connection refused: no further information: /127.0.0.1:1883
Caused by: java.net.ConnectException: Connection refused: no further information
	at sun.nio.ch.SocketChannelImpl.checkConnect(Native Method)
	at sun.nio.ch.SocketChannelImpl.finishConnect(SocketChannelImpl.java:716)
	at io.netty.channel.socket.nio.NioSocketChannel.doFinishConnect(NioSocketChannel.java:337)
	at io.netty.channel.nio.AbstractNioChannel$AbstractNioUnsafe.finishConnect(AbstractNioChannel.java:334)
	at io.netty.channel.nio.NioEventLoop.processSelectedKey(NioEventLoop.java:710)
	at io.netty.channel.nio.NioEventLoop.processSelectedKeysOptimized(NioEventLoop.java:658)
	at io.netty.channel.nio.NioEventLoop.processSelectedKeys(NioEventLoop.java:584)
	at io.netty.channel.nio.NioEventLoop.run(NioEventLoop.java:496)
	at io.netty.util.concurrent.SingleThreadEventExecutor$4.run(SingleThreadEventExecutor.java:997)
	at io.netty.util.internal.ThreadExecutorMap$2.run(ThreadExecutorMap.java:74)
	at io.netty.util.concurrent.FastThreadLocalRunnable.run(FastThreadLocalRunnable.java:30)
	at java.lang.Thread.run(Thread.java:750)
09:01:35 [IWT-5-15] WARN  com.iteaj.iot.client.mqtt.MqttClient - 客户端(MQTT<默认>) 断线重连 - 等待重连时间：15(s) - 远程主机 127.0.0.1:1883 - 客户端标识：mqtt_gateway_env_led
09:01:52 [IWT-5-16] ERROR com.iteaj.iot.client.mqtt.MqttClient - 客户端(MQTT<默认>) 连接服务器失败 - 远程主机 127.0.0.1:1883 - 客户端标识：mqtt_gateway_env_led
io.netty.channel.AbstractChannel$AnnotatedConnectException: Connection refused: no further information: /127.0.0.1:1883
Caused by: java.net.ConnectException: Connection refused: no further information
	at sun.nio.ch.SocketChannelImpl.checkConnect(Native Method)
	at sun.nio.ch.SocketChannelImpl.finishConnect(SocketChannelImpl.java:716)
	at io.netty.channel.socket.nio.NioSocketChannel.doFinishConnect(NioSocketChannel.java:337)
	at io.netty.channel.nio.AbstractNioChannel$AbstractNioUnsafe.finishConnect(AbstractNioChannel.java:334)
	at io.netty.channel.nio.NioEventLoop.processSelectedKey(NioEventLoop.java:710)
	at io.netty.channel.nio.NioEventLoop.processSelectedKeysOptimized(NioEventLoop.java:658)
	at io.netty.channel.nio.NioEventLoop.processSelectedKeys(NioEventLoop.java:584)
	at io.netty.channel.nio.NioEventLoop.run(NioEventLoop.java:496)
	at io.netty.util.concurrent.SingleThreadEventExecutor$4.run(SingleThreadEventExecutor.java:997)
	at io.netty.util.internal.ThreadExecutorMap$2.run(ThreadExecutorMap.java:74)
	at io.netty.util.concurrent.FastThreadLocalRunnable.run(FastThreadLocalRunnable.java:30)
	at java.lang.Thread.run(Thread.java:750)
09:01:52 [IWT-5-16] WARN  com.iteaj.iot.client.mqtt.MqttClient - 客户端(MQTT<默认>) 断线重连 - 等待重连时间：15(s) - 远程主机 127.0.0.1:1883 - 客户端标识：mqtt_gateway_env_led
09:02:09 [IWT-5-1] ERROR com.iteaj.iot.client.mqtt.MqttClient - 客户端(MQTT<默认>) 连接服务器失败 - 远程主机 127.0.0.1:1883 - 客户端标识：mqtt_gateway_env_led
io.netty.channel.AbstractChannel$AnnotatedConnectException: Connection refused: no further information: /127.0.0.1:1883
Caused by: java.net.ConnectException: Connection refused: no further information
	at sun.nio.ch.SocketChannelImpl.checkConnect(Native Method)
	at sun.nio.ch.SocketChannelImpl.finishConnect(SocketChannelImpl.java:716)
	at io.netty.channel.socket.nio.NioSocketChannel.doFinishConnect(NioSocketChannel.java:337)
	at io.netty.channel.nio.AbstractNioChannel$AbstractNioUnsafe.finishConnect(AbstractNioChannel.java:334)
	at io.netty.channel.nio.NioEventLoop.processSelectedKey(NioEventLoop.java:710)
	at io.netty.channel.nio.NioEventLoop.processSelectedKeysOptimized(NioEventLoop.java:658)
	at io.netty.channel.nio.NioEventLoop.processSelectedKeys(NioEventLoop.java:584)
	at io.netty.channel.nio.NioEventLoop.run(NioEventLoop.java:496)
	at io.netty.util.concurrent.SingleThreadEventExecutor$4.run(SingleThreadEventExecutor.java:997)
	at io.netty.util.internal.ThreadExecutorMap$2.run(ThreadExecutorMap.java:74)
	at io.netty.util.concurrent.FastThreadLocalRunnable.run(FastThreadLocalRunnable.java:30)
	at java.lang.Thread.run(Thread.java:750)
09:02:09 [IWT-5-1] WARN  com.iteaj.iot.client.mqtt.MqttClient - 客户端(MQTT<默认>) 断线重连 - 等待重连时间：15(s) - 远程主机 127.0.0.1:1883 - 客户端标识：mqtt_gateway_env_led
09:02:26 [IWT-5-2] ERROR com.iteaj.iot.client.mqtt.MqttClient - 客户端(MQTT<默认>) 连接服务器失败 - 远程主机 127.0.0.1:1883 - 客户端标识：mqtt_gateway_env_led
io.netty.channel.AbstractChannel$AnnotatedConnectException: Connection refused: no further information: /127.0.0.1:1883
Caused by: java.net.ConnectException: Connection refused: no further information
	at sun.nio.ch.SocketChannelImpl.checkConnect(Native Method)
	at sun.nio.ch.SocketChannelImpl.finishConnect(SocketChannelImpl.java:716)
	at io.netty.channel.socket.nio.NioSocketChannel.doFinishConnect(NioSocketChannel.java:337)
	at io.netty.channel.nio.AbstractNioChannel$AbstractNioUnsafe.finishConnect(AbstractNioChannel.java:334)
	at io.netty.channel.nio.NioEventLoop.processSelectedKey(NioEventLoop.java:710)
	at io.netty.channel.nio.NioEventLoop.processSelectedKeysOptimized(NioEventLoop.java:658)
	at io.netty.channel.nio.NioEventLoop.processSelectedKeys(NioEventLoop.java:584)
	at io.netty.channel.nio.NioEventLoop.run(NioEventLoop.java:496)
	at io.netty.util.concurrent.SingleThreadEventExecutor$4.run(SingleThreadEventExecutor.java:997)
	at io.netty.util.internal.ThreadExecutorMap$2.run(ThreadExecutorMap.java:74)
	at io.netty.util.concurrent.FastThreadLocalRunnable.run(FastThreadLocalRunnable.java:30)
	at java.lang.Thread.run(Thread.java:750)
09:02:26 [IWT-5-2] WARN  com.iteaj.iot.client.mqtt.MqttClient - 客户端(MQTT<默认>) 断线重连 - 等待重连时间：15(s) - 远程主机 127.0.0.1:1883 - 客户端标识：mqtt_gateway_env_led
09:02:43 [IWT-5-3] ERROR com.iteaj.iot.client.mqtt.MqttClient - 客户端(MQTT<默认>) 连接服务器失败 - 远程主机 127.0.0.1:1883 - 客户端标识：mqtt_gateway_env_led
io.netty.channel.AbstractChannel$AnnotatedConnectException: Connection refused: no further information: /127.0.0.1:1883
Caused by: java.net.ConnectException: Connection refused: no further information
	at sun.nio.ch.SocketChannelImpl.checkConnect(Native Method)
	at sun.nio.ch.SocketChannelImpl.finishConnect(SocketChannelImpl.java:716)
	at io.netty.channel.socket.nio.NioSocketChannel.doFinishConnect(NioSocketChannel.java:337)
	at io.netty.channel.nio.AbstractNioChannel$AbstractNioUnsafe.finishConnect(AbstractNioChannel.java:334)
	at io.netty.channel.nio.NioEventLoop.processSelectedKey(NioEventLoop.java:710)
	at io.netty.channel.nio.NioEventLoop.processSelectedKeysOptimized(NioEventLoop.java:658)
	at io.netty.channel.nio.NioEventLoop.processSelectedKeys(NioEventLoop.java:584)
	at io.netty.channel.nio.NioEventLoop.run(NioEventLoop.java:496)
	at io.netty.util.concurrent.SingleThreadEventExecutor$4.run(SingleThreadEventExecutor.java:997)
	at io.netty.util.internal.ThreadExecutorMap$2.run(ThreadExecutorMap.java:74)
	at io.netty.util.concurrent.FastThreadLocalRunnable.run(FastThreadLocalRunnable.java:30)
	at java.lang.Thread.run(Thread.java:750)
09:02:43 [IWT-5-3] WARN  com.iteaj.iot.client.mqtt.MqttClient - 客户端(MQTT<默认>) 断线重连 - 等待重连时间：15(s) - 远程主机 127.0.0.1:1883 - 客户端标识：mqtt_gateway_env_led
09:03:00 [IWT-5-4] ERROR com.iteaj.iot.client.mqtt.MqttClient - 客户端(MQTT<默认>) 连接服务器失败 - 远程主机 127.0.0.1:1883 - 客户端标识：mqtt_gateway_env_led
io.netty.channel.AbstractChannel$AnnotatedConnectException: Connection refused: no further information: /127.0.0.1:1883
Caused by: java.net.ConnectException: Connection refused: no further information
	at sun.nio.ch.SocketChannelImpl.checkConnect(Native Method)
	at sun.nio.ch.SocketChannelImpl.finishConnect(SocketChannelImpl.java:716)
	at io.netty.channel.socket.nio.NioSocketChannel.doFinishConnect(NioSocketChannel.java:337)
	at io.netty.channel.nio.AbstractNioChannel$AbstractNioUnsafe.finishConnect(AbstractNioChannel.java:334)
	at io.netty.channel.nio.NioEventLoop.processSelectedKey(NioEventLoop.java:710)
	at io.netty.channel.nio.NioEventLoop.processSelectedKeysOptimized(NioEventLoop.java:658)
	at io.netty.channel.nio.NioEventLoop.processSelectedKeys(NioEventLoop.java:584)
	at io.netty.channel.nio.NioEventLoop.run(NioEventLoop.java:496)
	at io.netty.util.concurrent.SingleThreadEventExecutor$4.run(SingleThreadEventExecutor.java:997)
	at io.netty.util.internal.ThreadExecutorMap$2.run(ThreadExecutorMap.java:74)
	at io.netty.util.concurrent.FastThreadLocalRunnable.run(FastThreadLocalRunnable.java:30)
	at java.lang.Thread.run(Thread.java:750)
09:03:00 [IWT-5-4] WARN  com.iteaj.iot.client.mqtt.MqttClient - 客户端(MQTT<默认>) 断线重连 - 等待重连时间：15(s) - 远程主机 127.0.0.1:1883 - 客户端标识：mqtt_gateway_env_led
09:03:17 [IWT-5-5] ERROR com.iteaj.iot.client.mqtt.MqttClient - 客户端(MQTT<默认>) 连接服务器失败 - 远程主机 127.0.0.1:1883 - 客户端标识：mqtt_gateway_env_led
io.netty.channel.AbstractChannel$AnnotatedConnectException: Connection refused: no further information: /127.0.0.1:1883
Caused by: java.net.ConnectException: Connection refused: no further information
	at sun.nio.ch.SocketChannelImpl.checkConnect(Native Method)
	at sun.nio.ch.SocketChannelImpl.finishConnect(SocketChannelImpl.java:716)
	at io.netty.channel.socket.nio.NioSocketChannel.doFinishConnect(NioSocketChannel.java:337)
	at io.netty.channel.nio.AbstractNioChannel$AbstractNioUnsafe.finishConnect(AbstractNioChannel.java:334)
	at io.netty.channel.nio.NioEventLoop.processSelectedKey(NioEventLoop.java:710)
	at io.netty.channel.nio.NioEventLoop.processSelectedKeysOptimized(NioEventLoop.java:658)
	at io.netty.channel.nio.NioEventLoop.processSelectedKeys(NioEventLoop.java:584)
	at io.netty.channel.nio.NioEventLoop.run(NioEventLoop.java:496)
	at io.netty.util.concurrent.SingleThreadEventExecutor$4.run(SingleThreadEventExecutor.java:997)
	at io.netty.util.internal.ThreadExecutorMap$2.run(ThreadExecutorMap.java:74)
	at io.netty.util.concurrent.FastThreadLocalRunnable.run(FastThreadLocalRunnable.java:30)
	at java.lang.Thread.run(Thread.java:750)
09:03:17 [IWT-5-5] WARN  com.iteaj.iot.client.mqtt.MqttClient - 客户端(MQTT<默认>) 断线重连 - 等待重连时间：15(s) - 远程主机 127.0.0.1:1883 - 客户端标识：mqtt_gateway_env_led
09:03:35 [IWT-5-6] ERROR com.iteaj.iot.client.mqtt.MqttClient - 客户端(MQTT<默认>) 连接服务器失败 - 远程主机 127.0.0.1:1883 - 客户端标识：mqtt_gateway_env_led
io.netty.channel.AbstractChannel$AnnotatedConnectException: Connection refused: no further information: /127.0.0.1:1883
Caused by: java.net.ConnectException: Connection refused: no further information
	at sun.nio.ch.SocketChannelImpl.checkConnect(Native Method)
	at sun.nio.ch.SocketChannelImpl.finishConnect(SocketChannelImpl.java:716)
	at io.netty.channel.socket.nio.NioSocketChannel.doFinishConnect(NioSocketChannel.java:337)
	at io.netty.channel.nio.AbstractNioChannel$AbstractNioUnsafe.finishConnect(AbstractNioChannel.java:334)
	at io.netty.channel.nio.NioEventLoop.processSelectedKey(NioEventLoop.java:710)
	at io.netty.channel.nio.NioEventLoop.processSelectedKeysOptimized(NioEventLoop.java:658)
	at io.netty.channel.nio.NioEventLoop.processSelectedKeys(NioEventLoop.java:584)
	at io.netty.channel.nio.NioEventLoop.run(NioEventLoop.java:496)
	at io.netty.util.concurrent.SingleThreadEventExecutor$4.run(SingleThreadEventExecutor.java:997)
	at io.netty.util.internal.ThreadExecutorMap$2.run(ThreadExecutorMap.java:74)
	at io.netty.util.concurrent.FastThreadLocalRunnable.run(FastThreadLocalRunnable.java:30)
	at java.lang.Thread.run(Thread.java:750)
09:03:35 [IWT-5-6] WARN  com.iteaj.iot.client.mqtt.MqttClient - 客户端(MQTT<默认>) 断线重连 - 等待重连时间：15(s) - 远程主机 127.0.0.1:1883 - 客户端标识：mqtt_gateway_env_led
09:03:52 [IWT-5-7] ERROR com.iteaj.iot.client.mqtt.MqttClient - 客户端(MQTT<默认>) 连接服务器失败 - 远程主机 127.0.0.1:1883 - 客户端标识：mqtt_gateway_env_led
io.netty.channel.AbstractChannel$AnnotatedConnectException: Connection refused: no further information: /127.0.0.1:1883
Caused by: java.net.ConnectException: Connection refused: no further information
	at sun.nio.ch.SocketChannelImpl.checkConnect(Native Method)
	at sun.nio.ch.SocketChannelImpl.finishConnect(SocketChannelImpl.java:716)
	at io.netty.channel.socket.nio.NioSocketChannel.doFinishConnect(NioSocketChannel.java:337)
	at io.netty.channel.nio.AbstractNioChannel$AbstractNioUnsafe.finishConnect(AbstractNioChannel.java:334)
	at io.netty.channel.nio.NioEventLoop.processSelectedKey(NioEventLoop.java:710)
	at io.netty.channel.nio.NioEventLoop.processSelectedKeysOptimized(NioEventLoop.java:658)
	at io.netty.channel.nio.NioEventLoop.processSelectedKeys(NioEventLoop.java:584)
	at io.netty.channel.nio.NioEventLoop.run(NioEventLoop.java:496)
	at io.netty.util.concurrent.SingleThreadEventExecutor$4.run(SingleThreadEventExecutor.java:997)
	at io.netty.util.internal.ThreadExecutorMap$2.run(ThreadExecutorMap.java:74)
	at io.netty.util.concurrent.FastThreadLocalRunnable.run(FastThreadLocalRunnable.java:30)
	at java.lang.Thread.run(Thread.java:750)
09:03:52 [IWT-5-7] WARN  com.iteaj.iot.client.mqtt.MqttClient - 客户端(MQTT<默认>) 断线重连 - 等待重连时间：15(s) - 远程主机 127.0.0.1:1883 - 客户端标识：mqtt_gateway_env_led
09:04:09 [IWT-5-8] ERROR com.iteaj.iot.client.mqtt.MqttClient - 客户端(MQTT<默认>) 连接服务器失败 - 远程主机 127.0.0.1:1883 - 客户端标识：mqtt_gateway_env_led
io.netty.channel.AbstractChannel$AnnotatedConnectException: Connection refused: no further information: /127.0.0.1:1883
Caused by: java.net.ConnectException: Connection refused: no further information
	at sun.nio.ch.SocketChannelImpl.checkConnect(Native Method)
	at sun.nio.ch.SocketChannelImpl.finishConnect(SocketChannelImpl.java:716)
	at io.netty.channel.socket.nio.NioSocketChannel.doFinishConnect(NioSocketChannel.java:337)
	at io.netty.channel.nio.AbstractNioChannel$AbstractNioUnsafe.finishConnect(AbstractNioChannel.java:334)
	at io.netty.channel.nio.NioEventLoop.processSelectedKey(NioEventLoop.java:710)
	at io.netty.channel.nio.NioEventLoop.processSelectedKeysOptimized(NioEventLoop.java:658)
	at io.netty.channel.nio.NioEventLoop.processSelectedKeys(NioEventLoop.java:584)
	at io.netty.channel.nio.NioEventLoop.run(NioEventLoop.java:496)
	at io.netty.util.concurrent.SingleThreadEventExecutor$4.run(SingleThreadEventExecutor.java:997)
	at io.netty.util.internal.ThreadExecutorMap$2.run(ThreadExecutorMap.java:74)
	at io.netty.util.concurrent.FastThreadLocalRunnable.run(FastThreadLocalRunnable.java:30)
	at java.lang.Thread.run(Thread.java:750)
09:04:09 [IWT-5-8] WARN  com.iteaj.iot.client.mqtt.MqttClient - 客户端(MQTT<默认>) 断线重连 - 等待重连时间：15(s) - 远程主机 127.0.0.1:1883 - 客户端标识：mqtt_gateway_env_led
09:04:26 [IWT-5-9] ERROR com.iteaj.iot.client.mqtt.MqttClient - 客户端(MQTT<默认>) 连接服务器失败 - 远程主机 127.0.0.1:1883 - 客户端标识：mqtt_gateway_env_led
io.netty.channel.AbstractChannel$AnnotatedConnectException: Connection refused: no further information: /127.0.0.1:1883
Caused by: java.net.ConnectException: Connection refused: no further information
	at sun.nio.ch.SocketChannelImpl.checkConnect(Native Method)
	at sun.nio.ch.SocketChannelImpl.finishConnect(SocketChannelImpl.java:716)
	at io.netty.channel.socket.nio.NioSocketChannel.doFinishConnect(NioSocketChannel.java:337)
	at io.netty.channel.nio.AbstractNioChannel$AbstractNioUnsafe.finishConnect(AbstractNioChannel.java:334)
	at io.netty.channel.nio.NioEventLoop.processSelectedKey(NioEventLoop.java:710)
	at io.netty.channel.nio.NioEventLoop.processSelectedKeysOptimized(NioEventLoop.java:658)
	at io.netty.channel.nio.NioEventLoop.processSelectedKeys(NioEventLoop.java:584)
	at io.netty.channel.nio.NioEventLoop.run(NioEventLoop.java:496)
	at io.netty.util.concurrent.SingleThreadEventExecutor$4.run(SingleThreadEventExecutor.java:997)
	at io.netty.util.internal.ThreadExecutorMap$2.run(ThreadExecutorMap.java:74)
	at io.netty.util.concurrent.FastThreadLocalRunnable.run(FastThreadLocalRunnable.java:30)
	at java.lang.Thread.run(Thread.java:750)
09:04:26 [IWT-5-9] WARN  com.iteaj.iot.client.mqtt.MqttClient - 客户端(MQTT<默认>) 断线重连 - 等待重连时间：15(s) - 远程主机 127.0.0.1:1883 - 客户端标识：mqtt_gateway_env_led
09:04:43 [IWT-5-10] ERROR com.iteaj.iot.client.mqtt.MqttClient - 客户端(MQTT<默认>) 连接服务器失败 - 远程主机 127.0.0.1:1883 - 客户端标识：mqtt_gateway_env_led
io.netty.channel.AbstractChannel$AnnotatedConnectException: Connection refused: no further information: /127.0.0.1:1883
Caused by: java.net.ConnectException: Connection refused: no further information
	at sun.nio.ch.SocketChannelImpl.checkConnect(Native Method)
	at sun.nio.ch.SocketChannelImpl.finishConnect(SocketChannelImpl.java:716)
	at io.netty.channel.socket.nio.NioSocketChannel.doFinishConnect(NioSocketChannel.java:337)
	at io.netty.channel.nio.AbstractNioChannel$AbstractNioUnsafe.finishConnect(AbstractNioChannel.java:334)
	at io.netty.channel.nio.NioEventLoop.processSelectedKey(NioEventLoop.java:710)
	at io.netty.channel.nio.NioEventLoop.processSelectedKeysOptimized(NioEventLoop.java:658)
	at io.netty.channel.nio.NioEventLoop.processSelectedKeys(NioEventLoop.java:584)
	at io.netty.channel.nio.NioEventLoop.run(NioEventLoop.java:496)
	at io.netty.util.concurrent.SingleThreadEventExecutor$4.run(SingleThreadEventExecutor.java:997)
	at io.netty.util.internal.ThreadExecutorMap$2.run(ThreadExecutorMap.java:74)
	at io.netty.util.concurrent.FastThreadLocalRunnable.run(FastThreadLocalRunnable.java:30)
	at java.lang.Thread.run(Thread.java:750)
09:04:43 [IWT-5-10] WARN  com.iteaj.iot.client.mqtt.MqttClient - 客户端(MQTT<默认>) 断线重连 - 等待重连时间：15(s) - 远程主机 127.0.0.1:1883 - 客户端标识：mqtt_gateway_env_led
09:05:00 [IWT-5-11] ERROR com.iteaj.iot.client.mqtt.MqttClient - 客户端(MQTT<默认>) 连接服务器失败 - 远程主机 127.0.0.1:1883 - 客户端标识：mqtt_gateway_env_led
io.netty.channel.AbstractChannel$AnnotatedConnectException: Connection refused: no further information: /127.0.0.1:1883
Caused by: java.net.ConnectException: Connection refused: no further information
	at sun.nio.ch.SocketChannelImpl.checkConnect(Native Method)
	at sun.nio.ch.SocketChannelImpl.finishConnect(SocketChannelImpl.java:716)
	at io.netty.channel.socket.nio.NioSocketChannel.doFinishConnect(NioSocketChannel.java:337)
	at io.netty.channel.nio.AbstractNioChannel$AbstractNioUnsafe.finishConnect(AbstractNioChannel.java:334)
	at io.netty.channel.nio.NioEventLoop.processSelectedKey(NioEventLoop.java:710)
	at io.netty.channel.nio.NioEventLoop.processSelectedKeysOptimized(NioEventLoop.java:658)
	at io.netty.channel.nio.NioEventLoop.processSelectedKeys(NioEventLoop.java:584)
	at io.netty.channel.nio.NioEventLoop.run(NioEventLoop.java:496)
	at io.netty.util.concurrent.SingleThreadEventExecutor$4.run(SingleThreadEventExecutor.java:997)
	at io.netty.util.internal.ThreadExecutorMap$2.run(ThreadExecutorMap.java:74)
	at io.netty.util.concurrent.FastThreadLocalRunnable.run(FastThreadLocalRunnable.java:30)
	at java.lang.Thread.run(Thread.java:750)
09:05:00 [IWT-5-11] WARN  com.iteaj.iot.client.mqtt.MqttClient - 客户端(MQTT<默认>) 断线重连 - 等待重连时间：15(s) - 远程主机 127.0.0.1:1883 - 客户端标识：mqtt_gateway_env_led
09:05:17 [IWT-5-12] ERROR com.iteaj.iot.client.mqtt.MqttClient - 客户端(MQTT<默认>) 连接服务器失败 - 远程主机 127.0.0.1:1883 - 客户端标识：mqtt_gateway_env_led
io.netty.channel.AbstractChannel$AnnotatedConnectException: Connection refused: no further information: /127.0.0.1:1883
Caused by: java.net.ConnectException: Connection refused: no further information
	at sun.nio.ch.SocketChannelImpl.checkConnect(Native Method)
	at sun.nio.ch.SocketChannelImpl.finishConnect(SocketChannelImpl.java:716)
	at io.netty.channel.socket.nio.NioSocketChannel.doFinishConnect(NioSocketChannel.java:337)
	at io.netty.channel.nio.AbstractNioChannel$AbstractNioUnsafe.finishConnect(AbstractNioChannel.java:334)
	at io.netty.channel.nio.NioEventLoop.processSelectedKey(NioEventLoop.java:710)
	at io.netty.channel.nio.NioEventLoop.processSelectedKeysOptimized(NioEventLoop.java:658)
	at io.netty.channel.nio.NioEventLoop.processSelectedKeys(NioEventLoop.java:584)
	at io.netty.channel.nio.NioEventLoop.run(NioEventLoop.java:496)
	at io.netty.util.concurrent.SingleThreadEventExecutor$4.run(SingleThreadEventExecutor.java:997)
	at io.netty.util.internal.ThreadExecutorMap$2.run(ThreadExecutorMap.java:74)
	at io.netty.util.concurrent.FastThreadLocalRunnable.run(FastThreadLocalRunnable.java:30)
	at java.lang.Thread.run(Thread.java:750)
09:05:17 [IWT-5-12] WARN  com.iteaj.iot.client.mqtt.MqttClient - 客户端(MQTT<默认>) 断线重连 - 等待重连时间：15(s) - 远程主机 127.0.0.1:1883 - 客户端标识：mqtt_gateway_env_led
09:05:34 [IWT-5-13] ERROR com.iteaj.iot.client.mqtt.MqttClient - 客户端(MQTT<默认>) 连接服务器失败 - 远程主机 127.0.0.1:1883 - 客户端标识：mqtt_gateway_env_led
io.netty.channel.AbstractChannel$AnnotatedConnectException: Connection refused: no further information: /127.0.0.1:1883
Caused by: java.net.ConnectException: Connection refused: no further information
	at sun.nio.ch.SocketChannelImpl.checkConnect(Native Method)
	at sun.nio.ch.SocketChannelImpl.finishConnect(SocketChannelImpl.java:716)
	at io.netty.channel.socket.nio.NioSocketChannel.doFinishConnect(NioSocketChannel.java:337)
	at io.netty.channel.nio.AbstractNioChannel$AbstractNioUnsafe.finishConnect(AbstractNioChannel.java:334)
	at io.netty.channel.nio.NioEventLoop.processSelectedKey(NioEventLoop.java:710)
	at io.netty.channel.nio.NioEventLoop.processSelectedKeysOptimized(NioEventLoop.java:658)
	at io.netty.channel.nio.NioEventLoop.processSelectedKeys(NioEventLoop.java:584)
	at io.netty.channel.nio.NioEventLoop.run(NioEventLoop.java:496)
	at io.netty.util.concurrent.SingleThreadEventExecutor$4.run(SingleThreadEventExecutor.java:997)
	at io.netty.util.internal.ThreadExecutorMap$2.run(ThreadExecutorMap.java:74)
	at io.netty.util.concurrent.FastThreadLocalRunnable.run(FastThreadLocalRunnable.java:30)
	at java.lang.Thread.run(Thread.java:750)
09:05:34 [IWT-5-13] WARN  com.iteaj.iot.client.mqtt.MqttClient - 客户端(MQTT<默认>) 断线重连 - 等待重连时间：15(s) - 远程主机 127.0.0.1:1883 - 客户端标识：mqtt_gateway_env_led
09:05:51 [IWT-5-14] ERROR com.iteaj.iot.client.mqtt.MqttClient - 客户端(MQTT<默认>) 连接服务器失败 - 远程主机 127.0.0.1:1883 - 客户端标识：mqtt_gateway_env_led
io.netty.channel.AbstractChannel$AnnotatedConnectException: Connection refused: no further information: /127.0.0.1:1883
Caused by: java.net.ConnectException: Connection refused: no further information
	at sun.nio.ch.SocketChannelImpl.checkConnect(Native Method)
	at sun.nio.ch.SocketChannelImpl.finishConnect(SocketChannelImpl.java:716)
	at io.netty.channel.socket.nio.NioSocketChannel.doFinishConnect(NioSocketChannel.java:337)
	at io.netty.channel.nio.AbstractNioChannel$AbstractNioUnsafe.finishConnect(AbstractNioChannel.java:334)
	at io.netty.channel.nio.NioEventLoop.processSelectedKey(NioEventLoop.java:710)
	at io.netty.channel.nio.NioEventLoop.processSelectedKeysOptimized(NioEventLoop.java:658)
	at io.netty.channel.nio.NioEventLoop.processSelectedKeys(NioEventLoop.java:584)
	at io.netty.channel.nio.NioEventLoop.run(NioEventLoop.java:496)
	at io.netty.util.concurrent.SingleThreadEventExecutor$4.run(SingleThreadEventExecutor.java:997)
	at io.netty.util.internal.ThreadExecutorMap$2.run(ThreadExecutorMap.java:74)
	at io.netty.util.concurrent.FastThreadLocalRunnable.run(FastThreadLocalRunnable.java:30)
	at java.lang.Thread.run(Thread.java:750)
09:05:51 [IWT-5-14] WARN  com.iteaj.iot.client.mqtt.MqttClient - 客户端(MQTT<默认>) 断线重连 - 等待重连时间：15(s) - 远程主机 127.0.0.1:1883 - 客户端标识：mqtt_gateway_env_led
09:06:08 [IWT-5-15] ERROR com.iteaj.iot.client.mqtt.MqttClient - 客户端(MQTT<默认>) 连接服务器失败 - 远程主机 127.0.0.1:1883 - 客户端标识：mqtt_gateway_env_led
io.netty.channel.AbstractChannel$AnnotatedConnectException: Connection refused: no further information: /127.0.0.1:1883
Caused by: java.net.ConnectException: Connection refused: no further information
	at sun.nio.ch.SocketChannelImpl.checkConnect(Native Method)
	at sun.nio.ch.SocketChannelImpl.finishConnect(SocketChannelImpl.java:716)
	at io.netty.channel.socket.nio.NioSocketChannel.doFinishConnect(NioSocketChannel.java:337)
	at io.netty.channel.nio.AbstractNioChannel$AbstractNioUnsafe.finishConnect(AbstractNioChannel.java:334)
	at io.netty.channel.nio.NioEventLoop.processSelectedKey(NioEventLoop.java:710)
	at io.netty.channel.nio.NioEventLoop.processSelectedKeysOptimized(NioEventLoop.java:658)
	at io.netty.channel.nio.NioEventLoop.processSelectedKeys(NioEventLoop.java:584)
	at io.netty.channel.nio.NioEventLoop.run(NioEventLoop.java:496)
	at io.netty.util.concurrent.SingleThreadEventExecutor$4.run(SingleThreadEventExecutor.java:997)
	at io.netty.util.internal.ThreadExecutorMap$2.run(ThreadExecutorMap.java:74)
	at io.netty.util.concurrent.FastThreadLocalRunnable.run(FastThreadLocalRunnable.java:30)
	at java.lang.Thread.run(Thread.java:750)
09:06:08 [IWT-5-15] WARN  com.iteaj.iot.client.mqtt.MqttClient - 客户端(MQTT<默认>) 断线重连 - 等待重连时间：15(s) - 远程主机 127.0.0.1:1883 - 客户端标识：mqtt_gateway_env_led
09:06:25 [IWT-5-16] ERROR com.iteaj.iot.client.mqtt.MqttClient - 客户端(MQTT<默认>) 连接服务器失败 - 远程主机 127.0.0.1:1883 - 客户端标识：mqtt_gateway_env_led
io.netty.channel.AbstractChannel$AnnotatedConnectException: Connection refused: no further information: /127.0.0.1:1883
Caused by: java.net.ConnectException: Connection refused: no further information
	at sun.nio.ch.SocketChannelImpl.checkConnect(Native Method)
	at sun.nio.ch.SocketChannelImpl.finishConnect(SocketChannelImpl.java:716)
	at io.netty.channel.socket.nio.NioSocketChannel.doFinishConnect(NioSocketChannel.java:337)
	at io.netty.channel.nio.AbstractNioChannel$AbstractNioUnsafe.finishConnect(AbstractNioChannel.java:334)
	at io.netty.channel.nio.NioEventLoop.processSelectedKey(NioEventLoop.java:710)
	at io.netty.channel.nio.NioEventLoop.processSelectedKeysOptimized(NioEventLoop.java:658)
	at io.netty.channel.nio.NioEventLoop.processSelectedKeys(NioEventLoop.java:584)
	at io.netty.channel.nio.NioEventLoop.run(NioEventLoop.java:496)
	at io.netty.util.concurrent.SingleThreadEventExecutor$4.run(SingleThreadEventExecutor.java:997)
	at io.netty.util.internal.ThreadExecutorMap$2.run(ThreadExecutorMap.java:74)
	at io.netty.util.concurrent.FastThreadLocalRunnable.run(FastThreadLocalRunnable.java:30)
	at java.lang.Thread.run(Thread.java:750)
09:06:25 [IWT-5-16] WARN  com.iteaj.iot.client.mqtt.MqttClient - 客户端(MQTT<默认>) 断线重连 - 等待重连时间：15(s) - 远程主机 127.0.0.1:1883 - 客户端标识：mqtt_gateway_env_led
09:06:42 [IWT-5-1] ERROR com.iteaj.iot.client.mqtt.MqttClient - 客户端(MQTT<默认>) 连接服务器失败 - 远程主机 127.0.0.1:1883 - 客户端标识：mqtt_gateway_env_led
io.netty.channel.AbstractChannel$AnnotatedConnectException: Connection refused: no further information: /127.0.0.1:1883
Caused by: java.net.ConnectException: Connection refused: no further information
	at sun.nio.ch.SocketChannelImpl.checkConnect(Native Method)
	at sun.nio.ch.SocketChannelImpl.finishConnect(SocketChannelImpl.java:716)
	at io.netty.channel.socket.nio.NioSocketChannel.doFinishConnect(NioSocketChannel.java:337)
	at io.netty.channel.nio.AbstractNioChannel$AbstractNioUnsafe.finishConnect(AbstractNioChannel.java:334)
	at io.netty.channel.nio.NioEventLoop.processSelectedKey(NioEventLoop.java:710)
	at io.netty.channel.nio.NioEventLoop.processSelectedKeysOptimized(NioEventLoop.java:658)
	at io.netty.channel.nio.NioEventLoop.processSelectedKeys(NioEventLoop.java:584)
	at io.netty.channel.nio.NioEventLoop.run(NioEventLoop.java:496)
	at io.netty.util.concurrent.SingleThreadEventExecutor$4.run(SingleThreadEventExecutor.java:997)
	at io.netty.util.internal.ThreadExecutorMap$2.run(ThreadExecutorMap.java:74)
	at io.netty.util.concurrent.FastThreadLocalRunnable.run(FastThreadLocalRunnable.java:30)
	at java.lang.Thread.run(Thread.java:750)
09:06:42 [IWT-5-1] WARN  com.iteaj.iot.client.mqtt.MqttClient - 客户端(MQTT<默认>) 断线重连 - 等待重连时间：15(s) - 远程主机 127.0.0.1:1883 - 客户端标识：mqtt_gateway_env_led
09:06:59 [IWT-5-2] ERROR com.iteaj.iot.client.mqtt.MqttClient - 客户端(MQTT<默认>) 连接服务器失败 - 远程主机 127.0.0.1:1883 - 客户端标识：mqtt_gateway_env_led
io.netty.channel.AbstractChannel$AnnotatedConnectException: Connection refused: no further information: /127.0.0.1:1883
Caused by: java.net.ConnectException: Connection refused: no further information
	at sun.nio.ch.SocketChannelImpl.checkConnect(Native Method)
	at sun.nio.ch.SocketChannelImpl.finishConnect(SocketChannelImpl.java:716)
	at io.netty.channel.socket.nio.NioSocketChannel.doFinishConnect(NioSocketChannel.java:337)
	at io.netty.channel.nio.AbstractNioChannel$AbstractNioUnsafe.finishConnect(AbstractNioChannel.java:334)
	at io.netty.channel.nio.NioEventLoop.processSelectedKey(NioEventLoop.java:710)
	at io.netty.channel.nio.NioEventLoop.processSelectedKeysOptimized(NioEventLoop.java:658)
	at io.netty.channel.nio.NioEventLoop.processSelectedKeys(NioEventLoop.java:584)
	at io.netty.channel.nio.NioEventLoop.run(NioEventLoop.java:496)
	at io.netty.util.concurrent.SingleThreadEventExecutor$4.run(SingleThreadEventExecutor.java:997)
	at io.netty.util.internal.ThreadExecutorMap$2.run(ThreadExecutorMap.java:74)
	at io.netty.util.concurrent.FastThreadLocalRunnable.run(FastThreadLocalRunnable.java:30)
	at java.lang.Thread.run(Thread.java:750)
09:06:59 [IWT-5-2] WARN  com.iteaj.iot.client.mqtt.MqttClient - 客户端(MQTT<默认>) 断线重连 - 等待重连时间：15(s) - 远程主机 127.0.0.1:1883 - 客户端标识：mqtt_gateway_env_led
09:07:16 [IWT-5-3] ERROR com.iteaj.iot.client.mqtt.MqttClient - 客户端(MQTT<默认>) 连接服务器失败 - 远程主机 127.0.0.1:1883 - 客户端标识：mqtt_gateway_env_led
io.netty.channel.AbstractChannel$AnnotatedConnectException: Connection refused: no further information: /127.0.0.1:1883
Caused by: java.net.ConnectException: Connection refused: no further information
	at sun.nio.ch.SocketChannelImpl.checkConnect(Native Method)
	at sun.nio.ch.SocketChannelImpl.finishConnect(SocketChannelImpl.java:716)
	at io.netty.channel.socket.nio.NioSocketChannel.doFinishConnect(NioSocketChannel.java:337)
	at io.netty.channel.nio.AbstractNioChannel$AbstractNioUnsafe.finishConnect(AbstractNioChannel.java:334)
	at io.netty.channel.nio.NioEventLoop.processSelectedKey(NioEventLoop.java:710)
	at io.netty.channel.nio.NioEventLoop.processSelectedKeysOptimized(NioEventLoop.java:658)
	at io.netty.channel.nio.NioEventLoop.processSelectedKeys(NioEventLoop.java:584)
	at io.netty.channel.nio.NioEventLoop.run(NioEventLoop.java:496)
	at io.netty.util.concurrent.SingleThreadEventExecutor$4.run(SingleThreadEventExecutor.java:997)
	at io.netty.util.internal.ThreadExecutorMap$2.run(ThreadExecutorMap.java:74)
	at io.netty.util.concurrent.FastThreadLocalRunnable.run(FastThreadLocalRunnable.java:30)
	at java.lang.Thread.run(Thread.java:750)
09:07:16 [IWT-5-3] WARN  com.iteaj.iot.client.mqtt.MqttClient - 客户端(MQTT<默认>) 断线重连 - 等待重连时间：15(s) - 远程主机 127.0.0.1:1883 - 客户端标识：mqtt_gateway_env_led
09:07:33 [IWT-5-4] ERROR com.iteaj.iot.client.mqtt.MqttClient - 客户端(MQTT<默认>) 连接服务器失败 - 远程主机 127.0.0.1:1883 - 客户端标识：mqtt_gateway_env_led
io.netty.channel.AbstractChannel$AnnotatedConnectException: Connection refused: no further information: /127.0.0.1:1883
Caused by: java.net.ConnectException: Connection refused: no further information
	at sun.nio.ch.SocketChannelImpl.checkConnect(Native Method)
	at sun.nio.ch.SocketChannelImpl.finishConnect(SocketChannelImpl.java:716)
	at io.netty.channel.socket.nio.NioSocketChannel.doFinishConnect(NioSocketChannel.java:337)
	at io.netty.channel.nio.AbstractNioChannel$AbstractNioUnsafe.finishConnect(AbstractNioChannel.java:334)
	at io.netty.channel.nio.NioEventLoop.processSelectedKey(NioEventLoop.java:710)
	at io.netty.channel.nio.NioEventLoop.processSelectedKeysOptimized(NioEventLoop.java:658)
	at io.netty.channel.nio.NioEventLoop.processSelectedKeys(NioEventLoop.java:584)
	at io.netty.channel.nio.NioEventLoop.run(NioEventLoop.java:496)
	at io.netty.util.concurrent.SingleThreadEventExecutor$4.run(SingleThreadEventExecutor.java:997)
	at io.netty.util.internal.ThreadExecutorMap$2.run(ThreadExecutorMap.java:74)
	at io.netty.util.concurrent.FastThreadLocalRunnable.run(FastThreadLocalRunnable.java:30)
	at java.lang.Thread.run(Thread.java:750)
09:07:33 [IWT-5-4] WARN  com.iteaj.iot.client.mqtt.MqttClient - 客户端(MQTT<默认>) 断线重连 - 等待重连时间：15(s) - 远程主机 127.0.0.1:1883 - 客户端标识：mqtt_gateway_env_led
09:07:50 [IWT-5-5] ERROR com.iteaj.iot.client.mqtt.MqttClient - 客户端(MQTT<默认>) 连接服务器失败 - 远程主机 127.0.0.1:1883 - 客户端标识：mqtt_gateway_env_led
io.netty.channel.AbstractChannel$AnnotatedConnectException: Connection refused: no further information: /127.0.0.1:1883
Caused by: java.net.ConnectException: Connection refused: no further information
	at sun.nio.ch.SocketChannelImpl.checkConnect(Native Method)
	at sun.nio.ch.SocketChannelImpl.finishConnect(SocketChannelImpl.java:716)
	at io.netty.channel.socket.nio.NioSocketChannel.doFinishConnect(NioSocketChannel.java:337)
	at io.netty.channel.nio.AbstractNioChannel$AbstractNioUnsafe.finishConnect(AbstractNioChannel.java:334)
	at io.netty.channel.nio.NioEventLoop.processSelectedKey(NioEventLoop.java:710)
	at io.netty.channel.nio.NioEventLoop.processSelectedKeysOptimized(NioEventLoop.java:658)
	at io.netty.channel.nio.NioEventLoop.processSelectedKeys(NioEventLoop.java:584)
	at io.netty.channel.nio.NioEventLoop.run(NioEventLoop.java:496)
	at io.netty.util.concurrent.SingleThreadEventExecutor$4.run(SingleThreadEventExecutor.java:997)
	at io.netty.util.internal.ThreadExecutorMap$2.run(ThreadExecutorMap.java:74)
	at io.netty.util.concurrent.FastThreadLocalRunnable.run(FastThreadLocalRunnable.java:30)
	at java.lang.Thread.run(Thread.java:750)
09:07:51 [IWT-5-5] WARN  com.iteaj.iot.client.mqtt.MqttClient - 客户端(MQTT<默认>) 断线重连 - 等待重连时间：15(s) - 远程主机 127.0.0.1:1883 - 客户端标识：mqtt_gateway_env_led
09:08:08 [IWT-5-6] ERROR com.iteaj.iot.client.mqtt.MqttClient - 客户端(MQTT<默认>) 连接服务器失败 - 远程主机 127.0.0.1:1883 - 客户端标识：mqtt_gateway_env_led
io.netty.channel.AbstractChannel$AnnotatedConnectException: Connection refused: no further information: /127.0.0.1:1883
Caused by: java.net.ConnectException: Connection refused: no further information
	at sun.nio.ch.SocketChannelImpl.checkConnect(Native Method)
	at sun.nio.ch.SocketChannelImpl.finishConnect(SocketChannelImpl.java:716)
	at io.netty.channel.socket.nio.NioSocketChannel.doFinishConnect(NioSocketChannel.java:337)
	at io.netty.channel.nio.AbstractNioChannel$AbstractNioUnsafe.finishConnect(AbstractNioChannel.java:334)
	at io.netty.channel.nio.NioEventLoop.processSelectedKey(NioEventLoop.java:710)
	at io.netty.channel.nio.NioEventLoop.processSelectedKeysOptimized(NioEventLoop.java:658)
	at io.netty.channel.nio.NioEventLoop.processSelectedKeys(NioEventLoop.java:584)
	at io.netty.channel.nio.NioEventLoop.run(NioEventLoop.java:496)
	at io.netty.util.concurrent.SingleThreadEventExecutor$4.run(SingleThreadEventExecutor.java:997)
	at io.netty.util.internal.ThreadExecutorMap$2.run(ThreadExecutorMap.java:74)
	at io.netty.util.concurrent.FastThreadLocalRunnable.run(FastThreadLocalRunnable.java:30)
	at java.lang.Thread.run(Thread.java:750)
09:08:08 [IWT-5-6] WARN  com.iteaj.iot.client.mqtt.MqttClient - 客户端(MQTT<默认>) 断线重连 - 等待重连时间：15(s) - 远程主机 127.0.0.1:1883 - 客户端标识：mqtt_gateway_env_led
09:08:25 [IWT-5-7] ERROR com.iteaj.iot.client.mqtt.MqttClient - 客户端(MQTT<默认>) 连接服务器失败 - 远程主机 127.0.0.1:1883 - 客户端标识：mqtt_gateway_env_led
io.netty.channel.AbstractChannel$AnnotatedConnectException: Connection refused: no further information: /127.0.0.1:1883
Caused by: java.net.ConnectException: Connection refused: no further information
	at sun.nio.ch.SocketChannelImpl.checkConnect(Native Method)
	at sun.nio.ch.SocketChannelImpl.finishConnect(SocketChannelImpl.java:716)
	at io.netty.channel.socket.nio.NioSocketChannel.doFinishConnect(NioSocketChannel.java:337)
	at io.netty.channel.nio.AbstractNioChannel$AbstractNioUnsafe.finishConnect(AbstractNioChannel.java:334)
	at io.netty.channel.nio.NioEventLoop.processSelectedKey(NioEventLoop.java:710)
	at io.netty.channel.nio.NioEventLoop.processSelectedKeysOptimized(NioEventLoop.java:658)
	at io.netty.channel.nio.NioEventLoop.processSelectedKeys(NioEventLoop.java:584)
	at io.netty.channel.nio.NioEventLoop.run(NioEventLoop.java:496)
	at io.netty.util.concurrent.SingleThreadEventExecutor$4.run(SingleThreadEventExecutor.java:997)
	at io.netty.util.internal.ThreadExecutorMap$2.run(ThreadExecutorMap.java:74)
	at io.netty.util.concurrent.FastThreadLocalRunnable.run(FastThreadLocalRunnable.java:30)
	at java.lang.Thread.run(Thread.java:750)
09:08:25 [IWT-5-7] WARN  com.iteaj.iot.client.mqtt.MqttClient - 客户端(MQTT<默认>) 断线重连 - 等待重连时间：15(s) - 远程主机 127.0.0.1:1883 - 客户端标识：mqtt_gateway_env_led
09:08:42 [IWT-5-8] ERROR com.iteaj.iot.client.mqtt.MqttClient - 客户端(MQTT<默认>) 连接服务器失败 - 远程主机 127.0.0.1:1883 - 客户端标识：mqtt_gateway_env_led
io.netty.channel.AbstractChannel$AnnotatedConnectException: Connection refused: no further information: /127.0.0.1:1883
Caused by: java.net.ConnectException: Connection refused: no further information
	at sun.nio.ch.SocketChannelImpl.checkConnect(Native Method)
	at sun.nio.ch.SocketChannelImpl.finishConnect(SocketChannelImpl.java:716)
	at io.netty.channel.socket.nio.NioSocketChannel.doFinishConnect(NioSocketChannel.java:337)
	at io.netty.channel.nio.AbstractNioChannel$AbstractNioUnsafe.finishConnect(AbstractNioChannel.java:334)
	at io.netty.channel.nio.NioEventLoop.processSelectedKey(NioEventLoop.java:710)
	at io.netty.channel.nio.NioEventLoop.processSelectedKeysOptimized(NioEventLoop.java:658)
	at io.netty.channel.nio.NioEventLoop.processSelectedKeys(NioEventLoop.java:584)
	at io.netty.channel.nio.NioEventLoop.run(NioEventLoop.java:496)
	at io.netty.util.concurrent.SingleThreadEventExecutor$4.run(SingleThreadEventExecutor.java:997)
	at io.netty.util.internal.ThreadExecutorMap$2.run(ThreadExecutorMap.java:74)
	at io.netty.util.concurrent.FastThreadLocalRunnable.run(FastThreadLocalRunnable.java:30)
	at java.lang.Thread.run(Thread.java:750)
09:08:42 [IWT-5-8] WARN  com.iteaj.iot.client.mqtt.MqttClient - 客户端(MQTT<默认>) 断线重连 - 等待重连时间：15(s) - 远程主机 127.0.0.1:1883 - 客户端标识：mqtt_gateway_env_led
09:08:59 [IWT-5-9] ERROR com.iteaj.iot.client.mqtt.MqttClient - 客户端(MQTT<默认>) 连接服务器失败 - 远程主机 127.0.0.1:1883 - 客户端标识：mqtt_gateway_env_led
io.netty.channel.AbstractChannel$AnnotatedConnectException: Connection refused: no further information: /127.0.0.1:1883
Caused by: java.net.ConnectException: Connection refused: no further information
	at sun.nio.ch.SocketChannelImpl.checkConnect(Native Method)
	at sun.nio.ch.SocketChannelImpl.finishConnect(SocketChannelImpl.java:716)
	at io.netty.channel.socket.nio.NioSocketChannel.doFinishConnect(NioSocketChannel.java:337)
	at io.netty.channel.nio.AbstractNioChannel$AbstractNioUnsafe.finishConnect(AbstractNioChannel.java:334)
	at io.netty.channel.nio.NioEventLoop.processSelectedKey(NioEventLoop.java:710)
	at io.netty.channel.nio.NioEventLoop.processSelectedKeysOptimized(NioEventLoop.java:658)
	at io.netty.channel.nio.NioEventLoop.processSelectedKeys(NioEventLoop.java:584)
	at io.netty.channel.nio.NioEventLoop.run(NioEventLoop.java:496)
	at io.netty.util.concurrent.SingleThreadEventExecutor$4.run(SingleThreadEventExecutor.java:997)
	at io.netty.util.internal.ThreadExecutorMap$2.run(ThreadExecutorMap.java:74)
	at io.netty.util.concurrent.FastThreadLocalRunnable.run(FastThreadLocalRunnable.java:30)
	at java.lang.Thread.run(Thread.java:750)
09:08:59 [IWT-5-9] WARN  com.iteaj.iot.client.mqtt.MqttClient - 客户端(MQTT<默认>) 断线重连 - 等待重连时间：15(s) - 远程主机 127.0.0.1:1883 - 客户端标识：mqtt_gateway_env_led
09:09:16 [IWT-5-10] ERROR com.iteaj.iot.client.mqtt.MqttClient - 客户端(MQTT<默认>) 连接服务器失败 - 远程主机 127.0.0.1:1883 - 客户端标识：mqtt_gateway_env_led
io.netty.channel.AbstractChannel$AnnotatedConnectException: Connection refused: no further information: /127.0.0.1:1883
Caused by: java.net.ConnectException: Connection refused: no further information
	at sun.nio.ch.SocketChannelImpl.checkConnect(Native Method)
	at sun.nio.ch.SocketChannelImpl.finishConnect(SocketChannelImpl.java:716)
	at io.netty.channel.socket.nio.NioSocketChannel.doFinishConnect(NioSocketChannel.java:337)
	at io.netty.channel.nio.AbstractNioChannel$AbstractNioUnsafe.finishConnect(AbstractNioChannel.java:334)
	at io.netty.channel.nio.NioEventLoop.processSelectedKey(NioEventLoop.java:710)
	at io.netty.channel.nio.NioEventLoop.processSelectedKeysOptimized(NioEventLoop.java:658)
	at io.netty.channel.nio.NioEventLoop.processSelectedKeys(NioEventLoop.java:584)
	at io.netty.channel.nio.NioEventLoop.run(NioEventLoop.java:496)
	at io.netty.util.concurrent.SingleThreadEventExecutor$4.run(SingleThreadEventExecutor.java:997)
	at io.netty.util.internal.ThreadExecutorMap$2.run(ThreadExecutorMap.java:74)
	at io.netty.util.concurrent.FastThreadLocalRunnable.run(FastThreadLocalRunnable.java:30)
	at java.lang.Thread.run(Thread.java:750)
09:09:16 [IWT-5-10] WARN  com.iteaj.iot.client.mqtt.MqttClient - 客户端(MQTT<默认>) 断线重连 - 等待重连时间：15(s) - 远程主机 127.0.0.1:1883 - 客户端标识：mqtt_gateway_env_led
09:09:33 [IWT-5-11] ERROR com.iteaj.iot.client.mqtt.MqttClient - 客户端(MQTT<默认>) 连接服务器失败 - 远程主机 127.0.0.1:1883 - 客户端标识：mqtt_gateway_env_led
io.netty.channel.AbstractChannel$AnnotatedConnectException: Connection refused: no further information: /127.0.0.1:1883
Caused by: java.net.ConnectException: Connection refused: no further information
	at sun.nio.ch.SocketChannelImpl.checkConnect(Native Method)
	at sun.nio.ch.SocketChannelImpl.finishConnect(SocketChannelImpl.java:716)
	at io.netty.channel.socket.nio.NioSocketChannel.doFinishConnect(NioSocketChannel.java:337)
	at io.netty.channel.nio.AbstractNioChannel$AbstractNioUnsafe.finishConnect(AbstractNioChannel.java:334)
	at io.netty.channel.nio.NioEventLoop.processSelectedKey(NioEventLoop.java:710)
	at io.netty.channel.nio.NioEventLoop.processSelectedKeysOptimized(NioEventLoop.java:658)
	at io.netty.channel.nio.NioEventLoop.processSelectedKeys(NioEventLoop.java:584)
	at io.netty.channel.nio.NioEventLoop.run(NioEventLoop.java:496)
	at io.netty.util.concurrent.SingleThreadEventExecutor$4.run(SingleThreadEventExecutor.java:997)
	at io.netty.util.internal.ThreadExecutorMap$2.run(ThreadExecutorMap.java:74)
	at io.netty.util.concurrent.FastThreadLocalRunnable.run(FastThreadLocalRunnable.java:30)
	at java.lang.Thread.run(Thread.java:750)
09:09:33 [IWT-5-11] WARN  com.iteaj.iot.client.mqtt.MqttClient - 客户端(MQTT<默认>) 断线重连 - 等待重连时间：15(s) - 远程主机 127.0.0.1:1883 - 客户端标识：mqtt_gateway_env_led
09:09:50 [IWT-5-12] ERROR com.iteaj.iot.client.mqtt.MqttClient - 客户端(MQTT<默认>) 连接服务器失败 - 远程主机 127.0.0.1:1883 - 客户端标识：mqtt_gateway_env_led
io.netty.channel.AbstractChannel$AnnotatedConnectException: Connection refused: no further information: /127.0.0.1:1883
Caused by: java.net.ConnectException: Connection refused: no further information
	at sun.nio.ch.SocketChannelImpl.checkConnect(Native Method)
	at sun.nio.ch.SocketChannelImpl.finishConnect(SocketChannelImpl.java:716)
	at io.netty.channel.socket.nio.NioSocketChannel.doFinishConnect(NioSocketChannel.java:337)
	at io.netty.channel.nio.AbstractNioChannel$AbstractNioUnsafe.finishConnect(AbstractNioChannel.java:334)
	at io.netty.channel.nio.NioEventLoop.processSelectedKey(NioEventLoop.java:710)
	at io.netty.channel.nio.NioEventLoop.processSelectedKeysOptimized(NioEventLoop.java:658)
	at io.netty.channel.nio.NioEventLoop.processSelectedKeys(NioEventLoop.java:584)
	at io.netty.channel.nio.NioEventLoop.run(NioEventLoop.java:496)
	at io.netty.util.concurrent.SingleThreadEventExecutor$4.run(SingleThreadEventExecutor.java:997)
	at io.netty.util.internal.ThreadExecutorMap$2.run(ThreadExecutorMap.java:74)
	at io.netty.util.concurrent.FastThreadLocalRunnable.run(FastThreadLocalRunnable.java:30)
	at java.lang.Thread.run(Thread.java:750)
09:09:50 [IWT-5-12] WARN  com.iteaj.iot.client.mqtt.MqttClient - 客户端(MQTT<默认>) 断线重连 - 等待重连时间：15(s) - 远程主机 127.0.0.1:1883 - 客户端标识：mqtt_gateway_env_led
09:10:07 [IWT-5-13] ERROR com.iteaj.iot.client.mqtt.MqttClient - 客户端(MQTT<默认>) 连接服务器失败 - 远程主机 127.0.0.1:1883 - 客户端标识：mqtt_gateway_env_led
io.netty.channel.AbstractChannel$AnnotatedConnectException: Connection refused: no further information: /127.0.0.1:1883
Caused by: java.net.ConnectException: Connection refused: no further information
	at sun.nio.ch.SocketChannelImpl.checkConnect(Native Method)
	at sun.nio.ch.SocketChannelImpl.finishConnect(SocketChannelImpl.java:716)
	at io.netty.channel.socket.nio.NioSocketChannel.doFinishConnect(NioSocketChannel.java:337)
	at io.netty.channel.nio.AbstractNioChannel$AbstractNioUnsafe.finishConnect(AbstractNioChannel.java:334)
	at io.netty.channel.nio.NioEventLoop.processSelectedKey(NioEventLoop.java:710)
	at io.netty.channel.nio.NioEventLoop.processSelectedKeysOptimized(NioEventLoop.java:658)
	at io.netty.channel.nio.NioEventLoop.processSelectedKeys(NioEventLoop.java:584)
	at io.netty.channel.nio.NioEventLoop.run(NioEventLoop.java:496)
	at io.netty.util.concurrent.SingleThreadEventExecutor$4.run(SingleThreadEventExecutor.java:997)
	at io.netty.util.internal.ThreadExecutorMap$2.run(ThreadExecutorMap.java:74)
	at io.netty.util.concurrent.FastThreadLocalRunnable.run(FastThreadLocalRunnable.java:30)
	at java.lang.Thread.run(Thread.java:750)
09:10:07 [IWT-5-13] WARN  com.iteaj.iot.client.mqtt.MqttClient - 客户端(MQTT<默认>) 断线重连 - 等待重连时间：15(s) - 远程主机 127.0.0.1:1883 - 客户端标识：mqtt_gateway_env_led
09:10:24 [IWT-5-14] ERROR com.iteaj.iot.client.mqtt.MqttClient - 客户端(MQTT<默认>) 连接服务器失败 - 远程主机 127.0.0.1:1883 - 客户端标识：mqtt_gateway_env_led
io.netty.channel.AbstractChannel$AnnotatedConnectException: Connection refused: no further information: /127.0.0.1:1883
Caused by: java.net.ConnectException: Connection refused: no further information
	at sun.nio.ch.SocketChannelImpl.checkConnect(Native Method)
	at sun.nio.ch.SocketChannelImpl.finishConnect(SocketChannelImpl.java:716)
	at io.netty.channel.socket.nio.NioSocketChannel.doFinishConnect(NioSocketChannel.java:337)
	at io.netty.channel.nio.AbstractNioChannel$AbstractNioUnsafe.finishConnect(AbstractNioChannel.java:334)
	at io.netty.channel.nio.NioEventLoop.processSelectedKey(NioEventLoop.java:710)
	at io.netty.channel.nio.NioEventLoop.processSelectedKeysOptimized(NioEventLoop.java:658)
	at io.netty.channel.nio.NioEventLoop.processSelectedKeys(NioEventLoop.java:584)
	at io.netty.channel.nio.NioEventLoop.run(NioEventLoop.java:496)
	at io.netty.util.concurrent.SingleThreadEventExecutor$4.run(SingleThreadEventExecutor.java:997)
	at io.netty.util.internal.ThreadExecutorMap$2.run(ThreadExecutorMap.java:74)
	at io.netty.util.concurrent.FastThreadLocalRunnable.run(FastThreadLocalRunnable.java:30)
	at java.lang.Thread.run(Thread.java:750)
09:10:24 [IWT-5-14] WARN  com.iteaj.iot.client.mqtt.MqttClient - 客户端(MQTT<默认>) 断线重连 - 等待重连时间：15(s) - 远程主机 127.0.0.1:1883 - 客户端标识：mqtt_gateway_env_led
09:10:41 [IWT-5-15] ERROR com.iteaj.iot.client.mqtt.MqttClient - 客户端(MQTT<默认>) 连接服务器失败 - 远程主机 127.0.0.1:1883 - 客户端标识：mqtt_gateway_env_led
io.netty.channel.AbstractChannel$AnnotatedConnectException: Connection refused: no further information: /127.0.0.1:1883
Caused by: java.net.ConnectException: Connection refused: no further information
	at sun.nio.ch.SocketChannelImpl.checkConnect(Native Method)
	at sun.nio.ch.SocketChannelImpl.finishConnect(SocketChannelImpl.java:716)
	at io.netty.channel.socket.nio.NioSocketChannel.doFinishConnect(NioSocketChannel.java:337)
	at io.netty.channel.nio.AbstractNioChannel$AbstractNioUnsafe.finishConnect(AbstractNioChannel.java:334)
	at io.netty.channel.nio.NioEventLoop.processSelectedKey(NioEventLoop.java:710)
	at io.netty.channel.nio.NioEventLoop.processSelectedKeysOptimized(NioEventLoop.java:658)
	at io.netty.channel.nio.NioEventLoop.processSelectedKeys(NioEventLoop.java:584)
	at io.netty.channel.nio.NioEventLoop.run(NioEventLoop.java:496)
	at io.netty.util.concurrent.SingleThreadEventExecutor$4.run(SingleThreadEventExecutor.java:997)
	at io.netty.util.internal.ThreadExecutorMap$2.run(ThreadExecutorMap.java:74)
	at io.netty.util.concurrent.FastThreadLocalRunnable.run(FastThreadLocalRunnable.java:30)
	at java.lang.Thread.run(Thread.java:750)
09:10:41 [IWT-5-15] WARN  com.iteaj.iot.client.mqtt.MqttClient - 客户端(MQTT<默认>) 断线重连 - 等待重连时间：15(s) - 远程主机 127.0.0.1:1883 - 客户端标识：mqtt_gateway_env_led
09:10:58 [IWT-5-16] ERROR com.iteaj.iot.client.mqtt.MqttClient - 客户端(MQTT<默认>) 连接服务器失败 - 远程主机 127.0.0.1:1883 - 客户端标识：mqtt_gateway_env_led
io.netty.channel.AbstractChannel$AnnotatedConnectException: Connection refused: no further information: /127.0.0.1:1883
Caused by: java.net.ConnectException: Connection refused: no further information
	at sun.nio.ch.SocketChannelImpl.checkConnect(Native Method)
	at sun.nio.ch.SocketChannelImpl.finishConnect(SocketChannelImpl.java:716)
	at io.netty.channel.socket.nio.NioSocketChannel.doFinishConnect(NioSocketChannel.java:337)
	at io.netty.channel.nio.AbstractNioChannel$AbstractNioUnsafe.finishConnect(AbstractNioChannel.java:334)
	at io.netty.channel.nio.NioEventLoop.processSelectedKey(NioEventLoop.java:710)
	at io.netty.channel.nio.NioEventLoop.processSelectedKeysOptimized(NioEventLoop.java:658)
	at io.netty.channel.nio.NioEventLoop.processSelectedKeys(NioEventLoop.java:584)
	at io.netty.channel.nio.NioEventLoop.run(NioEventLoop.java:496)
	at io.netty.util.concurrent.SingleThreadEventExecutor$4.run(SingleThreadEventExecutor.java:997)
	at io.netty.util.internal.ThreadExecutorMap$2.run(ThreadExecutorMap.java:74)
	at io.netty.util.concurrent.FastThreadLocalRunnable.run(FastThreadLocalRunnable.java:30)
	at java.lang.Thread.run(Thread.java:750)
09:10:58 [IWT-5-16] WARN  com.iteaj.iot.client.mqtt.MqttClient - 客户端(MQTT<默认>) 断线重连 - 等待重连时间：15(s) - 远程主机 127.0.0.1:1883 - 客户端标识：mqtt_gateway_env_led
09:11:15 [IWT-5-1] ERROR com.iteaj.iot.client.mqtt.MqttClient - 客户端(MQTT<默认>) 连接服务器失败 - 远程主机 127.0.0.1:1883 - 客户端标识：mqtt_gateway_env_led
io.netty.channel.AbstractChannel$AnnotatedConnectException: Connection refused: no further information: /127.0.0.1:1883
Caused by: java.net.ConnectException: Connection refused: no further information
	at sun.nio.ch.SocketChannelImpl.checkConnect(Native Method)
	at sun.nio.ch.SocketChannelImpl.finishConnect(SocketChannelImpl.java:716)
	at io.netty.channel.socket.nio.NioSocketChannel.doFinishConnect(NioSocketChannel.java:337)
	at io.netty.channel.nio.AbstractNioChannel$AbstractNioUnsafe.finishConnect(AbstractNioChannel.java:334)
	at io.netty.channel.nio.NioEventLoop.processSelectedKey(NioEventLoop.java:710)
	at io.netty.channel.nio.NioEventLoop.processSelectedKeysOptimized(NioEventLoop.java:658)
	at io.netty.channel.nio.NioEventLoop.processSelectedKeys(NioEventLoop.java:584)
	at io.netty.channel.nio.NioEventLoop.run(NioEventLoop.java:496)
	at io.netty.util.concurrent.SingleThreadEventExecutor$4.run(SingleThreadEventExecutor.java:997)
	at io.netty.util.internal.ThreadExecutorMap$2.run(ThreadExecutorMap.java:74)
	at io.netty.util.concurrent.FastThreadLocalRunnable.run(FastThreadLocalRunnable.java:30)
	at java.lang.Thread.run(Thread.java:750)
09:11:15 [IWT-5-1] WARN  com.iteaj.iot.client.mqtt.MqttClient - 客户端(MQTT<默认>) 断线重连 - 等待重连时间：15(s) - 远程主机 127.0.0.1:1883 - 客户端标识：mqtt_gateway_env_led
09:11:32 [IWT-5-2] ERROR com.iteaj.iot.client.mqtt.MqttClient - 客户端(MQTT<默认>) 连接服务器失败 - 远程主机 127.0.0.1:1883 - 客户端标识：mqtt_gateway_env_led
io.netty.channel.AbstractChannel$AnnotatedConnectException: Connection refused: no further information: /127.0.0.1:1883
Caused by: java.net.ConnectException: Connection refused: no further information
	at sun.nio.ch.SocketChannelImpl.checkConnect(Native Method)
	at sun.nio.ch.SocketChannelImpl.finishConnect(SocketChannelImpl.java:716)
	at io.netty.channel.socket.nio.NioSocketChannel.doFinishConnect(NioSocketChannel.java:337)
	at io.netty.channel.nio.AbstractNioChannel$AbstractNioUnsafe.finishConnect(AbstractNioChannel.java:334)
	at io.netty.channel.nio.NioEventLoop.processSelectedKey(NioEventLoop.java:710)
	at io.netty.channel.nio.NioEventLoop.processSelectedKeysOptimized(NioEventLoop.java:658)
	at io.netty.channel.nio.NioEventLoop.processSelectedKeys(NioEventLoop.java:584)
	at io.netty.channel.nio.NioEventLoop.run(NioEventLoop.java:496)
	at io.netty.util.concurrent.SingleThreadEventExecutor$4.run(SingleThreadEventExecutor.java:997)
	at io.netty.util.internal.ThreadExecutorMap$2.run(ThreadExecutorMap.java:74)
	at io.netty.util.concurrent.FastThreadLocalRunnable.run(FastThreadLocalRunnable.java:30)
	at java.lang.Thread.run(Thread.java:750)
09:11:32 [IWT-5-2] WARN  com.iteaj.iot.client.mqtt.MqttClient - 客户端(MQTT<默认>) 断线重连 - 等待重连时间：15(s) - 远程主机 127.0.0.1:1883 - 客户端标识：mqtt_gateway_env_led
09:11:49 [IWT-5-3] ERROR com.iteaj.iot.client.mqtt.MqttClient - 客户端(MQTT<默认>) 连接服务器失败 - 远程主机 127.0.0.1:1883 - 客户端标识：mqtt_gateway_env_led
io.netty.channel.AbstractChannel$AnnotatedConnectException: Connection refused: no further information: /127.0.0.1:1883
Caused by: java.net.ConnectException: Connection refused: no further information
	at sun.nio.ch.SocketChannelImpl.checkConnect(Native Method)
	at sun.nio.ch.SocketChannelImpl.finishConnect(SocketChannelImpl.java:716)
	at io.netty.channel.socket.nio.NioSocketChannel.doFinishConnect(NioSocketChannel.java:337)
	at io.netty.channel.nio.AbstractNioChannel$AbstractNioUnsafe.finishConnect(AbstractNioChannel.java:334)
	at io.netty.channel.nio.NioEventLoop.processSelectedKey(NioEventLoop.java:710)
	at io.netty.channel.nio.NioEventLoop.processSelectedKeysOptimized(NioEventLoop.java:658)
	at io.netty.channel.nio.NioEventLoop.processSelectedKeys(NioEventLoop.java:584)
	at io.netty.channel.nio.NioEventLoop.run(NioEventLoop.java:496)
	at io.netty.util.concurrent.SingleThreadEventExecutor$4.run(SingleThreadEventExecutor.java:997)
	at io.netty.util.internal.ThreadExecutorMap$2.run(ThreadExecutorMap.java:74)
	at io.netty.util.concurrent.FastThreadLocalRunnable.run(FastThreadLocalRunnable.java:30)
	at java.lang.Thread.run(Thread.java:750)
09:11:49 [IWT-5-3] WARN  com.iteaj.iot.client.mqtt.MqttClient - 客户端(MQTT<默认>) 断线重连 - 等待重连时间：15(s) - 远程主机 127.0.0.1:1883 - 客户端标识：mqtt_gateway_env_led
09:12:07 [IWT-5-4] ERROR com.iteaj.iot.client.mqtt.MqttClient - 客户端(MQTT<默认>) 连接服务器失败 - 远程主机 127.0.0.1:1883 - 客户端标识：mqtt_gateway_env_led
io.netty.channel.AbstractChannel$AnnotatedConnectException: Connection refused: no further information: /127.0.0.1:1883
Caused by: java.net.ConnectException: Connection refused: no further information
	at sun.nio.ch.SocketChannelImpl.checkConnect(Native Method)
	at sun.nio.ch.SocketChannelImpl.finishConnect(SocketChannelImpl.java:716)
	at io.netty.channel.socket.nio.NioSocketChannel.doFinishConnect(NioSocketChannel.java:337)
	at io.netty.channel.nio.AbstractNioChannel$AbstractNioUnsafe.finishConnect(AbstractNioChannel.java:334)
	at io.netty.channel.nio.NioEventLoop.processSelectedKey(NioEventLoop.java:710)
	at io.netty.channel.nio.NioEventLoop.processSelectedKeysOptimized(NioEventLoop.java:658)
	at io.netty.channel.nio.NioEventLoop.processSelectedKeys(NioEventLoop.java:584)
	at io.netty.channel.nio.NioEventLoop.run(NioEventLoop.java:496)
	at io.netty.util.concurrent.SingleThreadEventExecutor$4.run(SingleThreadEventExecutor.java:997)
	at io.netty.util.internal.ThreadExecutorMap$2.run(ThreadExecutorMap.java:74)
	at io.netty.util.concurrent.FastThreadLocalRunnable.run(FastThreadLocalRunnable.java:30)
	at java.lang.Thread.run(Thread.java:750)
09:12:07 [IWT-5-4] WARN  com.iteaj.iot.client.mqtt.MqttClient - 客户端(MQTT<默认>) 断线重连 - 等待重连时间：15(s) - 远程主机 127.0.0.1:1883 - 客户端标识：mqtt_gateway_env_led
09:12:24 [IWT-5-5] ERROR com.iteaj.iot.client.mqtt.MqttClient - 客户端(MQTT<默认>) 连接服务器失败 - 远程主机 127.0.0.1:1883 - 客户端标识：mqtt_gateway_env_led
io.netty.channel.AbstractChannel$AnnotatedConnectException: Connection refused: no further information: /127.0.0.1:1883
Caused by: java.net.ConnectException: Connection refused: no further information
	at sun.nio.ch.SocketChannelImpl.checkConnect(Native Method)
	at sun.nio.ch.SocketChannelImpl.finishConnect(SocketChannelImpl.java:716)
	at io.netty.channel.socket.nio.NioSocketChannel.doFinishConnect(NioSocketChannel.java:337)
	at io.netty.channel.nio.AbstractNioChannel$AbstractNioUnsafe.finishConnect(AbstractNioChannel.java:334)
	at io.netty.channel.nio.NioEventLoop.processSelectedKey(NioEventLoop.java:710)
	at io.netty.channel.nio.NioEventLoop.processSelectedKeysOptimized(NioEventLoop.java:658)
	at io.netty.channel.nio.NioEventLoop.processSelectedKeys(NioEventLoop.java:584)
	at io.netty.channel.nio.NioEventLoop.run(NioEventLoop.java:496)
	at io.netty.util.concurrent.SingleThreadEventExecutor$4.run(SingleThreadEventExecutor.java:997)
	at io.netty.util.internal.ThreadExecutorMap$2.run(ThreadExecutorMap.java:74)
	at io.netty.util.concurrent.FastThreadLocalRunnable.run(FastThreadLocalRunnable.java:30)
	at java.lang.Thread.run(Thread.java:750)
09:12:24 [IWT-5-5] WARN  com.iteaj.iot.client.mqtt.MqttClient - 客户端(MQTT<默认>) 断线重连 - 等待重连时间：15(s) - 远程主机 127.0.0.1:1883 - 客户端标识：mqtt_gateway_env_led
09:12:41 [IWT-5-6] ERROR com.iteaj.iot.client.mqtt.MqttClient - 客户端(MQTT<默认>) 连接服务器失败 - 远程主机 127.0.0.1:1883 - 客户端标识：mqtt_gateway_env_led
io.netty.channel.AbstractChannel$AnnotatedConnectException: Connection refused: no further information: /127.0.0.1:1883
Caused by: java.net.ConnectException: Connection refused: no further information
	at sun.nio.ch.SocketChannelImpl.checkConnect(Native Method)
	at sun.nio.ch.SocketChannelImpl.finishConnect(SocketChannelImpl.java:716)
	at io.netty.channel.socket.nio.NioSocketChannel.doFinishConnect(NioSocketChannel.java:337)
	at io.netty.channel.nio.AbstractNioChannel$AbstractNioUnsafe.finishConnect(AbstractNioChannel.java:334)
	at io.netty.channel.nio.NioEventLoop.processSelectedKey(NioEventLoop.java:710)
	at io.netty.channel.nio.NioEventLoop.processSelectedKeysOptimized(NioEventLoop.java:658)
	at io.netty.channel.nio.NioEventLoop.processSelectedKeys(NioEventLoop.java:584)
	at io.netty.channel.nio.NioEventLoop.run(NioEventLoop.java:496)
	at io.netty.util.concurrent.SingleThreadEventExecutor$4.run(SingleThreadEventExecutor.java:997)
	at io.netty.util.internal.ThreadExecutorMap$2.run(ThreadExecutorMap.java:74)
	at io.netty.util.concurrent.FastThreadLocalRunnable.run(FastThreadLocalRunnable.java:30)
	at java.lang.Thread.run(Thread.java:750)
09:12:41 [IWT-5-6] WARN  com.iteaj.iot.client.mqtt.MqttClient - 客户端(MQTT<默认>) 断线重连 - 等待重连时间：15(s) - 远程主机 127.0.0.1:1883 - 客户端标识：mqtt_gateway_env_led
09:12:58 [IWT-5-7] ERROR com.iteaj.iot.client.mqtt.MqttClient - 客户端(MQTT<默认>) 连接服务器失败 - 远程主机 127.0.0.1:1883 - 客户端标识：mqtt_gateway_env_led
io.netty.channel.AbstractChannel$AnnotatedConnectException: Connection refused: no further information: /127.0.0.1:1883
Caused by: java.net.ConnectException: Connection refused: no further information
	at sun.nio.ch.SocketChannelImpl.checkConnect(Native Method)
	at sun.nio.ch.SocketChannelImpl.finishConnect(SocketChannelImpl.java:716)
	at io.netty.channel.socket.nio.NioSocketChannel.doFinishConnect(NioSocketChannel.java:337)
	at io.netty.channel.nio.AbstractNioChannel$AbstractNioUnsafe.finishConnect(AbstractNioChannel.java:334)
	at io.netty.channel.nio.NioEventLoop.processSelectedKey(NioEventLoop.java:710)
	at io.netty.channel.nio.NioEventLoop.processSelectedKeysOptimized(NioEventLoop.java:658)
	at io.netty.channel.nio.NioEventLoop.processSelectedKeys(NioEventLoop.java:584)
	at io.netty.channel.nio.NioEventLoop.run(NioEventLoop.java:496)
	at io.netty.util.concurrent.SingleThreadEventExecutor$4.run(SingleThreadEventExecutor.java:997)
	at io.netty.util.internal.ThreadExecutorMap$2.run(ThreadExecutorMap.java:74)
	at io.netty.util.concurrent.FastThreadLocalRunnable.run(FastThreadLocalRunnable.java:30)
	at java.lang.Thread.run(Thread.java:750)
09:12:58 [IWT-5-7] WARN  com.iteaj.iot.client.mqtt.MqttClient - 客户端(MQTT<默认>) 断线重连 - 等待重连时间：15(s) - 远程主机 127.0.0.1:1883 - 客户端标识：mqtt_gateway_env_led
09:13:15 [IWT-5-8] ERROR com.iteaj.iot.client.mqtt.MqttClient - 客户端(MQTT<默认>) 连接服务器失败 - 远程主机 127.0.0.1:1883 - 客户端标识：mqtt_gateway_env_led
io.netty.channel.AbstractChannel$AnnotatedConnectException: Connection refused: no further information: /127.0.0.1:1883
Caused by: java.net.ConnectException: Connection refused: no further information
	at sun.nio.ch.SocketChannelImpl.checkConnect(Native Method)
	at sun.nio.ch.SocketChannelImpl.finishConnect(SocketChannelImpl.java:716)
	at io.netty.channel.socket.nio.NioSocketChannel.doFinishConnect(NioSocketChannel.java:337)
	at io.netty.channel.nio.AbstractNioChannel$AbstractNioUnsafe.finishConnect(AbstractNioChannel.java:334)
	at io.netty.channel.nio.NioEventLoop.processSelectedKey(NioEventLoop.java:710)
	at io.netty.channel.nio.NioEventLoop.processSelectedKeysOptimized(NioEventLoop.java:658)
	at io.netty.channel.nio.NioEventLoop.processSelectedKeys(NioEventLoop.java:584)
	at io.netty.channel.nio.NioEventLoop.run(NioEventLoop.java:496)
	at io.netty.util.concurrent.SingleThreadEventExecutor$4.run(SingleThreadEventExecutor.java:997)
	at io.netty.util.internal.ThreadExecutorMap$2.run(ThreadExecutorMap.java:74)
	at io.netty.util.concurrent.FastThreadLocalRunnable.run(FastThreadLocalRunnable.java:30)
	at java.lang.Thread.run(Thread.java:750)
09:13:15 [IWT-5-8] WARN  com.iteaj.iot.client.mqtt.MqttClient - 客户端(MQTT<默认>) 断线重连 - 等待重连时间：15(s) - 远程主机 127.0.0.1:1883 - 客户端标识：mqtt_gateway_env_led
09:13:32 [IWT-5-9] ERROR com.iteaj.iot.client.mqtt.MqttClient - 客户端(MQTT<默认>) 连接服务器失败 - 远程主机 127.0.0.1:1883 - 客户端标识：mqtt_gateway_env_led
io.netty.channel.AbstractChannel$AnnotatedConnectException: Connection refused: no further information: /127.0.0.1:1883
Caused by: java.net.ConnectException: Connection refused: no further information
	at sun.nio.ch.SocketChannelImpl.checkConnect(Native Method)
	at sun.nio.ch.SocketChannelImpl.finishConnect(SocketChannelImpl.java:716)
	at io.netty.channel.socket.nio.NioSocketChannel.doFinishConnect(NioSocketChannel.java:337)
	at io.netty.channel.nio.AbstractNioChannel$AbstractNioUnsafe.finishConnect(AbstractNioChannel.java:334)
	at io.netty.channel.nio.NioEventLoop.processSelectedKey(NioEventLoop.java:710)
	at io.netty.channel.nio.NioEventLoop.processSelectedKeysOptimized(NioEventLoop.java:658)
	at io.netty.channel.nio.NioEventLoop.processSelectedKeys(NioEventLoop.java:584)
	at io.netty.channel.nio.NioEventLoop.run(NioEventLoop.java:496)
	at io.netty.util.concurrent.SingleThreadEventExecutor$4.run(SingleThreadEventExecutor.java:997)
	at io.netty.util.internal.ThreadExecutorMap$2.run(ThreadExecutorMap.java:74)
	at io.netty.util.concurrent.FastThreadLocalRunnable.run(FastThreadLocalRunnable.java:30)
	at java.lang.Thread.run(Thread.java:750)
09:13:32 [IWT-5-9] WARN  com.iteaj.iot.client.mqtt.MqttClient - 客户端(MQTT<默认>) 断线重连 - 等待重连时间：15(s) - 远程主机 127.0.0.1:1883 - 客户端标识：mqtt_gateway_env_led
09:13:49 [IWT-5-10] ERROR com.iteaj.iot.client.mqtt.MqttClient - 客户端(MQTT<默认>) 连接服务器失败 - 远程主机 127.0.0.1:1883 - 客户端标识：mqtt_gateway_env_led
io.netty.channel.AbstractChannel$AnnotatedConnectException: Connection refused: no further information: /127.0.0.1:1883
Caused by: java.net.ConnectException: Connection refused: no further information
	at sun.nio.ch.SocketChannelImpl.checkConnect(Native Method)
	at sun.nio.ch.SocketChannelImpl.finishConnect(SocketChannelImpl.java:716)
	at io.netty.channel.socket.nio.NioSocketChannel.doFinishConnect(NioSocketChannel.java:337)
	at io.netty.channel.nio.AbstractNioChannel$AbstractNioUnsafe.finishConnect(AbstractNioChannel.java:334)
	at io.netty.channel.nio.NioEventLoop.processSelectedKey(NioEventLoop.java:710)
	at io.netty.channel.nio.NioEventLoop.processSelectedKeysOptimized(NioEventLoop.java:658)
	at io.netty.channel.nio.NioEventLoop.processSelectedKeys(NioEventLoop.java:584)
	at io.netty.channel.nio.NioEventLoop.run(NioEventLoop.java:496)
	at io.netty.util.concurrent.SingleThreadEventExecutor$4.run(SingleThreadEventExecutor.java:997)
	at io.netty.util.internal.ThreadExecutorMap$2.run(ThreadExecutorMap.java:74)
	at io.netty.util.concurrent.FastThreadLocalRunnable.run(FastThreadLocalRunnable.java:30)
	at java.lang.Thread.run(Thread.java:750)
09:13:49 [IWT-5-10] WARN  com.iteaj.iot.client.mqtt.MqttClient - 客户端(MQTT<默认>) 断线重连 - 等待重连时间：15(s) - 远程主机 127.0.0.1:1883 - 客户端标识：mqtt_gateway_env_led
09:14:06 [IWT-5-11] ERROR com.iteaj.iot.client.mqtt.MqttClient - 客户端(MQTT<默认>) 连接服务器失败 - 远程主机 127.0.0.1:1883 - 客户端标识：mqtt_gateway_env_led
io.netty.channel.AbstractChannel$AnnotatedConnectException: Connection refused: no further information: /127.0.0.1:1883
Caused by: java.net.ConnectException: Connection refused: no further information
	at sun.nio.ch.SocketChannelImpl.checkConnect(Native Method)
	at sun.nio.ch.SocketChannelImpl.finishConnect(SocketChannelImpl.java:716)
	at io.netty.channel.socket.nio.NioSocketChannel.doFinishConnect(NioSocketChannel.java:337)
	at io.netty.channel.nio.AbstractNioChannel$AbstractNioUnsafe.finishConnect(AbstractNioChannel.java:334)
	at io.netty.channel.nio.NioEventLoop.processSelectedKey(NioEventLoop.java:710)
	at io.netty.channel.nio.NioEventLoop.processSelectedKeysOptimized(NioEventLoop.java:658)
	at io.netty.channel.nio.NioEventLoop.processSelectedKeys(NioEventLoop.java:584)
	at io.netty.channel.nio.NioEventLoop.run(NioEventLoop.java:496)
	at io.netty.util.concurrent.SingleThreadEventExecutor$4.run(SingleThreadEventExecutor.java:997)
	at io.netty.util.internal.ThreadExecutorMap$2.run(ThreadExecutorMap.java:74)
	at io.netty.util.concurrent.FastThreadLocalRunnable.run(FastThreadLocalRunnable.java:30)
	at java.lang.Thread.run(Thread.java:750)
09:14:06 [IWT-5-11] WARN  com.iteaj.iot.client.mqtt.MqttClient - 客户端(MQTT<默认>) 断线重连 - 等待重连时间：15(s) - 远程主机 127.0.0.1:1883 - 客户端标识：mqtt_gateway_env_led
09:14:23 [IWT-5-12] ERROR com.iteaj.iot.client.mqtt.MqttClient - 客户端(MQTT<默认>) 连接服务器失败 - 远程主机 127.0.0.1:1883 - 客户端标识：mqtt_gateway_env_led
io.netty.channel.AbstractChannel$AnnotatedConnectException: Connection refused: no further information: /127.0.0.1:1883
Caused by: java.net.ConnectException: Connection refused: no further information
	at sun.nio.ch.SocketChannelImpl.checkConnect(Native Method)
	at sun.nio.ch.SocketChannelImpl.finishConnect(SocketChannelImpl.java:716)
	at io.netty.channel.socket.nio.NioSocketChannel.doFinishConnect(NioSocketChannel.java:337)
	at io.netty.channel.nio.AbstractNioChannel$AbstractNioUnsafe.finishConnect(AbstractNioChannel.java:334)
	at io.netty.channel.nio.NioEventLoop.processSelectedKey(NioEventLoop.java:710)
	at io.netty.channel.nio.NioEventLoop.processSelectedKeysOptimized(NioEventLoop.java:658)
	at io.netty.channel.nio.NioEventLoop.processSelectedKeys(NioEventLoop.java:584)
	at io.netty.channel.nio.NioEventLoop.run(NioEventLoop.java:496)
	at io.netty.util.concurrent.SingleThreadEventExecutor$4.run(SingleThreadEventExecutor.java:997)
	at io.netty.util.internal.ThreadExecutorMap$2.run(ThreadExecutorMap.java:74)
	at io.netty.util.concurrent.FastThreadLocalRunnable.run(FastThreadLocalRunnable.java:30)
	at java.lang.Thread.run(Thread.java:750)
09:14:23 [IWT-5-12] WARN  com.iteaj.iot.client.mqtt.MqttClient - 客户端(MQTT<默认>) 断线重连 - 等待重连时间：15(s) - 远程主机 127.0.0.1:1883 - 客户端标识：mqtt_gateway_env_led
09:14:40 [IWT-5-13] ERROR com.iteaj.iot.client.mqtt.MqttClient - 客户端(MQTT<默认>) 连接服务器失败 - 远程主机 127.0.0.1:1883 - 客户端标识：mqtt_gateway_env_led
io.netty.channel.AbstractChannel$AnnotatedConnectException: Connection refused: no further information: /127.0.0.1:1883
Caused by: java.net.ConnectException: Connection refused: no further information
	at sun.nio.ch.SocketChannelImpl.checkConnect(Native Method)
	at sun.nio.ch.SocketChannelImpl.finishConnect(SocketChannelImpl.java:716)
	at io.netty.channel.socket.nio.NioSocketChannel.doFinishConnect(NioSocketChannel.java:337)
	at io.netty.channel.nio.AbstractNioChannel$AbstractNioUnsafe.finishConnect(AbstractNioChannel.java:334)
	at io.netty.channel.nio.NioEventLoop.processSelectedKey(NioEventLoop.java:710)
	at io.netty.channel.nio.NioEventLoop.processSelectedKeysOptimized(NioEventLoop.java:658)
	at io.netty.channel.nio.NioEventLoop.processSelectedKeys(NioEventLoop.java:584)
	at io.netty.channel.nio.NioEventLoop.run(NioEventLoop.java:496)
	at io.netty.util.concurrent.SingleThreadEventExecutor$4.run(SingleThreadEventExecutor.java:997)
	at io.netty.util.internal.ThreadExecutorMap$2.run(ThreadExecutorMap.java:74)
	at io.netty.util.concurrent.FastThreadLocalRunnable.run(FastThreadLocalRunnable.java:30)
	at java.lang.Thread.run(Thread.java:750)
09:14:40 [IWT-5-13] WARN  com.iteaj.iot.client.mqtt.MqttClient - 客户端(MQTT<默认>) 断线重连 - 等待重连时间：15(s) - 远程主机 127.0.0.1:1883 - 客户端标识：mqtt_gateway_env_led
09:14:58 [IWT-5-14] ERROR com.iteaj.iot.client.mqtt.MqttClient - 客户端(MQTT<默认>) 连接服务器失败 - 远程主机 127.0.0.1:1883 - 客户端标识：mqtt_gateway_env_led
io.netty.channel.AbstractChannel$AnnotatedConnectException: Connection refused: no further information: /127.0.0.1:1883
Caused by: java.net.ConnectException: Connection refused: no further information
	at sun.nio.ch.SocketChannelImpl.checkConnect(Native Method)
	at sun.nio.ch.SocketChannelImpl.finishConnect(SocketChannelImpl.java:716)
	at io.netty.channel.socket.nio.NioSocketChannel.doFinishConnect(NioSocketChannel.java:337)
	at io.netty.channel.nio.AbstractNioChannel$AbstractNioUnsafe.finishConnect(AbstractNioChannel.java:334)
	at io.netty.channel.nio.NioEventLoop.processSelectedKey(NioEventLoop.java:710)
	at io.netty.channel.nio.NioEventLoop.processSelectedKeysOptimized(NioEventLoop.java:658)
	at io.netty.channel.nio.NioEventLoop.processSelectedKeys(NioEventLoop.java:584)
	at io.netty.channel.nio.NioEventLoop.run(NioEventLoop.java:496)
	at io.netty.util.concurrent.SingleThreadEventExecutor$4.run(SingleThreadEventExecutor.java:997)
	at io.netty.util.internal.ThreadExecutorMap$2.run(ThreadExecutorMap.java:74)
	at io.netty.util.concurrent.FastThreadLocalRunnable.run(FastThreadLocalRunnable.java:30)
	at java.lang.Thread.run(Thread.java:750)
09:14:58 [IWT-5-14] WARN  com.iteaj.iot.client.mqtt.MqttClient - 客户端(MQTT<默认>) 断线重连 - 等待重连时间：15(s) - 远程主机 127.0.0.1:1883 - 客户端标识：mqtt_gateway_env_led
09:15:15 [IWT-5-15] ERROR com.iteaj.iot.client.mqtt.MqttClient - 客户端(MQTT<默认>) 连接服务器失败 - 远程主机 127.0.0.1:1883 - 客户端标识：mqtt_gateway_env_led
io.netty.channel.AbstractChannel$AnnotatedConnectException: Connection refused: no further information: /127.0.0.1:1883
Caused by: java.net.ConnectException: Connection refused: no further information
	at sun.nio.ch.SocketChannelImpl.checkConnect(Native Method)
	at sun.nio.ch.SocketChannelImpl.finishConnect(SocketChannelImpl.java:716)
	at io.netty.channel.socket.nio.NioSocketChannel.doFinishConnect(NioSocketChannel.java:337)
	at io.netty.channel.nio.AbstractNioChannel$AbstractNioUnsafe.finishConnect(AbstractNioChannel.java:334)
	at io.netty.channel.nio.NioEventLoop.processSelectedKey(NioEventLoop.java:710)
	at io.netty.channel.nio.NioEventLoop.processSelectedKeysOptimized(NioEventLoop.java:658)
	at io.netty.channel.nio.NioEventLoop.processSelectedKeys(NioEventLoop.java:584)
	at io.netty.channel.nio.NioEventLoop.run(NioEventLoop.java:496)
	at io.netty.util.concurrent.SingleThreadEventExecutor$4.run(SingleThreadEventExecutor.java:997)
	at io.netty.util.internal.ThreadExecutorMap$2.run(ThreadExecutorMap.java:74)
	at io.netty.util.concurrent.FastThreadLocalRunnable.run(FastThreadLocalRunnable.java:30)
	at java.lang.Thread.run(Thread.java:750)
09:15:15 [IWT-5-15] WARN  com.iteaj.iot.client.mqtt.MqttClient - 客户端(MQTT<默认>) 断线重连 - 等待重连时间：15(s) - 远程主机 127.0.0.1:1883 - 客户端标识：mqtt_gateway_env_led
09:15:32 [IWT-5-16] ERROR com.iteaj.iot.client.mqtt.MqttClient - 客户端(MQTT<默认>) 连接服务器失败 - 远程主机 127.0.0.1:1883 - 客户端标识：mqtt_gateway_env_led
io.netty.channel.AbstractChannel$AnnotatedConnectException: Connection refused: no further information: /127.0.0.1:1883
Caused by: java.net.ConnectException: Connection refused: no further information
	at sun.nio.ch.SocketChannelImpl.checkConnect(Native Method)
	at sun.nio.ch.SocketChannelImpl.finishConnect(SocketChannelImpl.java:716)
	at io.netty.channel.socket.nio.NioSocketChannel.doFinishConnect(NioSocketChannel.java:337)
	at io.netty.channel.nio.AbstractNioChannel$AbstractNioUnsafe.finishConnect(AbstractNioChannel.java:334)
	at io.netty.channel.nio.NioEventLoop.processSelectedKey(NioEventLoop.java:710)
	at io.netty.channel.nio.NioEventLoop.processSelectedKeysOptimized(NioEventLoop.java:658)
	at io.netty.channel.nio.NioEventLoop.processSelectedKeys(NioEventLoop.java:584)
	at io.netty.channel.nio.NioEventLoop.run(NioEventLoop.java:496)
	at io.netty.util.concurrent.SingleThreadEventExecutor$4.run(SingleThreadEventExecutor.java:997)
	at io.netty.util.internal.ThreadExecutorMap$2.run(ThreadExecutorMap.java:74)
	at io.netty.util.concurrent.FastThreadLocalRunnable.run(FastThreadLocalRunnable.java:30)
	at java.lang.Thread.run(Thread.java:750)
09:15:32 [IWT-5-16] WARN  com.iteaj.iot.client.mqtt.MqttClient - 客户端(MQTT<默认>) 断线重连 - 等待重连时间：15(s) - 远程主机 127.0.0.1:1883 - 客户端标识：mqtt_gateway_env_led
09:15:49 [IWT-5-1] ERROR com.iteaj.iot.client.mqtt.MqttClient - 客户端(MQTT<默认>) 连接服务器失败 - 远程主机 127.0.0.1:1883 - 客户端标识：mqtt_gateway_env_led
io.netty.channel.AbstractChannel$AnnotatedConnectException: Connection refused: no further information: /127.0.0.1:1883
Caused by: java.net.ConnectException: Connection refused: no further information
	at sun.nio.ch.SocketChannelImpl.checkConnect(Native Method)
	at sun.nio.ch.SocketChannelImpl.finishConnect(SocketChannelImpl.java:716)
	at io.netty.channel.socket.nio.NioSocketChannel.doFinishConnect(NioSocketChannel.java:337)
	at io.netty.channel.nio.AbstractNioChannel$AbstractNioUnsafe.finishConnect(AbstractNioChannel.java:334)
	at io.netty.channel.nio.NioEventLoop.processSelectedKey(NioEventLoop.java:710)
	at io.netty.channel.nio.NioEventLoop.processSelectedKeysOptimized(NioEventLoop.java:658)
	at io.netty.channel.nio.NioEventLoop.processSelectedKeys(NioEventLoop.java:584)
	at io.netty.channel.nio.NioEventLoop.run(NioEventLoop.java:496)
	at io.netty.util.concurrent.SingleThreadEventExecutor$4.run(SingleThreadEventExecutor.java:997)
	at io.netty.util.internal.ThreadExecutorMap$2.run(ThreadExecutorMap.java:74)
	at io.netty.util.concurrent.FastThreadLocalRunnable.run(FastThreadLocalRunnable.java:30)
	at java.lang.Thread.run(Thread.java:750)
09:15:49 [IWT-5-1] WARN  com.iteaj.iot.client.mqtt.MqttClient - 客户端(MQTT<默认>) 断线重连 - 等待重连时间：15(s) - 远程主机 127.0.0.1:1883 - 客户端标识：mqtt_gateway_env_led
09:16:07 [IWT-5-2] ERROR com.iteaj.iot.client.mqtt.MqttClient - 客户端(MQTT<默认>) 连接服务器失败 - 远程主机 127.0.0.1:1883 - 客户端标识：mqtt_gateway_env_led
io.netty.channel.AbstractChannel$AnnotatedConnectException: Connection refused: no further information: /127.0.0.1:1883
Caused by: java.net.ConnectException: Connection refused: no further information
	at sun.nio.ch.SocketChannelImpl.checkConnect(Native Method)
	at sun.nio.ch.SocketChannelImpl.finishConnect(SocketChannelImpl.java:716)
	at io.netty.channel.socket.nio.NioSocketChannel.doFinishConnect(NioSocketChannel.java:337)
	at io.netty.channel.nio.AbstractNioChannel$AbstractNioUnsafe.finishConnect(AbstractNioChannel.java:334)
	at io.netty.channel.nio.NioEventLoop.processSelectedKey(NioEventLoop.java:710)
	at io.netty.channel.nio.NioEventLoop.processSelectedKeysOptimized(NioEventLoop.java:658)
	at io.netty.channel.nio.NioEventLoop.processSelectedKeys(NioEventLoop.java:584)
	at io.netty.channel.nio.NioEventLoop.run(NioEventLoop.java:496)
	at io.netty.util.concurrent.SingleThreadEventExecutor$4.run(SingleThreadEventExecutor.java:997)
	at io.netty.util.internal.ThreadExecutorMap$2.run(ThreadExecutorMap.java:74)
	at io.netty.util.concurrent.FastThreadLocalRunnable.run(FastThreadLocalRunnable.java:30)
	at java.lang.Thread.run(Thread.java:750)
09:16:07 [IWT-5-2] WARN  com.iteaj.iot.client.mqtt.MqttClient - 客户端(MQTT<默认>) 断线重连 - 等待重连时间：15(s) - 远程主机 127.0.0.1:1883 - 客户端标识：mqtt_gateway_env_led
09:16:24 [IWT-5-3] ERROR com.iteaj.iot.client.mqtt.MqttClient - 客户端(MQTT<默认>) 连接服务器失败 - 远程主机 127.0.0.1:1883 - 客户端标识：mqtt_gateway_env_led
io.netty.channel.AbstractChannel$AnnotatedConnectException: Connection refused: no further information: /127.0.0.1:1883
Caused by: java.net.ConnectException: Connection refused: no further information
	at sun.nio.ch.SocketChannelImpl.checkConnect(Native Method)
	at sun.nio.ch.SocketChannelImpl.finishConnect(SocketChannelImpl.java:716)
	at io.netty.channel.socket.nio.NioSocketChannel.doFinishConnect(NioSocketChannel.java:337)
	at io.netty.channel.nio.AbstractNioChannel$AbstractNioUnsafe.finishConnect(AbstractNioChannel.java:334)
	at io.netty.channel.nio.NioEventLoop.processSelectedKey(NioEventLoop.java:710)
	at io.netty.channel.nio.NioEventLoop.processSelectedKeysOptimized(NioEventLoop.java:658)
	at io.netty.channel.nio.NioEventLoop.processSelectedKeys(NioEventLoop.java:584)
	at io.netty.channel.nio.NioEventLoop.run(NioEventLoop.java:496)
	at io.netty.util.concurrent.SingleThreadEventExecutor$4.run(SingleThreadEventExecutor.java:997)
	at io.netty.util.internal.ThreadExecutorMap$2.run(ThreadExecutorMap.java:74)
	at io.netty.util.concurrent.FastThreadLocalRunnable.run(FastThreadLocalRunnable.java:30)
	at java.lang.Thread.run(Thread.java:750)
09:16:24 [IWT-5-3] WARN  com.iteaj.iot.client.mqtt.MqttClient - 客户端(MQTT<默认>) 断线重连 - 等待重连时间：15(s) - 远程主机 127.0.0.1:1883 - 客户端标识：mqtt_gateway_env_led
09:16:42 [IWT-5-4] ERROR com.iteaj.iot.client.mqtt.MqttClient - 客户端(MQTT<默认>) 连接服务器失败 - 远程主机 127.0.0.1:1883 - 客户端标识：mqtt_gateway_env_led
io.netty.channel.AbstractChannel$AnnotatedConnectException: Connection refused: no further information: /127.0.0.1:1883
Caused by: java.net.ConnectException: Connection refused: no further information
	at sun.nio.ch.SocketChannelImpl.checkConnect(Native Method)
	at sun.nio.ch.SocketChannelImpl.finishConnect(SocketChannelImpl.java:716)
	at io.netty.channel.socket.nio.NioSocketChannel.doFinishConnect(NioSocketChannel.java:337)
	at io.netty.channel.nio.AbstractNioChannel$AbstractNioUnsafe.finishConnect(AbstractNioChannel.java:334)
	at io.netty.channel.nio.NioEventLoop.processSelectedKey(NioEventLoop.java:710)
	at io.netty.channel.nio.NioEventLoop.processSelectedKeysOptimized(NioEventLoop.java:658)
	at io.netty.channel.nio.NioEventLoop.processSelectedKeys(NioEventLoop.java:584)
	at io.netty.channel.nio.NioEventLoop.run(NioEventLoop.java:496)
	at io.netty.util.concurrent.SingleThreadEventExecutor$4.run(SingleThreadEventExecutor.java:997)
	at io.netty.util.internal.ThreadExecutorMap$2.run(ThreadExecutorMap.java:74)
	at io.netty.util.concurrent.FastThreadLocalRunnable.run(FastThreadLocalRunnable.java:30)
	at java.lang.Thread.run(Thread.java:750)
09:16:42 [IWT-5-4] WARN  com.iteaj.iot.client.mqtt.MqttClient - 客户端(MQTT<默认>) 断线重连 - 等待重连时间：15(s) - 远程主机 127.0.0.1:1883 - 客户端标识：mqtt_gateway_env_led
09:16:59 [IWT-5-5] ERROR com.iteaj.iot.client.mqtt.MqttClient - 客户端(MQTT<默认>) 连接服务器失败 - 远程主机 127.0.0.1:1883 - 客户端标识：mqtt_gateway_env_led
io.netty.channel.AbstractChannel$AnnotatedConnectException: Connection refused: no further information: /127.0.0.1:1883
Caused by: java.net.ConnectException: Connection refused: no further information
	at sun.nio.ch.SocketChannelImpl.checkConnect(Native Method)
	at sun.nio.ch.SocketChannelImpl.finishConnect(SocketChannelImpl.java:716)
	at io.netty.channel.socket.nio.NioSocketChannel.doFinishConnect(NioSocketChannel.java:337)
	at io.netty.channel.nio.AbstractNioChannel$AbstractNioUnsafe.finishConnect(AbstractNioChannel.java:334)
	at io.netty.channel.nio.NioEventLoop.processSelectedKey(NioEventLoop.java:710)
	at io.netty.channel.nio.NioEventLoop.processSelectedKeysOptimized(NioEventLoop.java:658)
	at io.netty.channel.nio.NioEventLoop.processSelectedKeys(NioEventLoop.java:584)
	at io.netty.channel.nio.NioEventLoop.run(NioEventLoop.java:496)
	at io.netty.util.concurrent.SingleThreadEventExecutor$4.run(SingleThreadEventExecutor.java:997)
	at io.netty.util.internal.ThreadExecutorMap$2.run(ThreadExecutorMap.java:74)
	at io.netty.util.concurrent.FastThreadLocalRunnable.run(FastThreadLocalRunnable.java:30)
	at java.lang.Thread.run(Thread.java:750)
09:16:59 [IWT-5-5] WARN  com.iteaj.iot.client.mqtt.MqttClient - 客户端(MQTT<默认>) 断线重连 - 等待重连时间：15(s) - 远程主机 127.0.0.1:1883 - 客户端标识：mqtt_gateway_env_led
09:17:16 [IWT-5-6] ERROR com.iteaj.iot.client.mqtt.MqttClient - 客户端(MQTT<默认>) 连接服务器失败 - 远程主机 127.0.0.1:1883 - 客户端标识：mqtt_gateway_env_led
io.netty.channel.AbstractChannel$AnnotatedConnectException: Connection refused: no further information: /127.0.0.1:1883
Caused by: java.net.ConnectException: Connection refused: no further information
	at sun.nio.ch.SocketChannelImpl.checkConnect(Native Method)
	at sun.nio.ch.SocketChannelImpl.finishConnect(SocketChannelImpl.java:716)
	at io.netty.channel.socket.nio.NioSocketChannel.doFinishConnect(NioSocketChannel.java:337)
	at io.netty.channel.nio.AbstractNioChannel$AbstractNioUnsafe.finishConnect(AbstractNioChannel.java:334)
	at io.netty.channel.nio.NioEventLoop.processSelectedKey(NioEventLoop.java:710)
	at io.netty.channel.nio.NioEventLoop.processSelectedKeysOptimized(NioEventLoop.java:658)
	at io.netty.channel.nio.NioEventLoop.processSelectedKeys(NioEventLoop.java:584)
	at io.netty.channel.nio.NioEventLoop.run(NioEventLoop.java:496)
	at io.netty.util.concurrent.SingleThreadEventExecutor$4.run(SingleThreadEventExecutor.java:997)
	at io.netty.util.internal.ThreadExecutorMap$2.run(ThreadExecutorMap.java:74)
	at io.netty.util.concurrent.FastThreadLocalRunnable.run(FastThreadLocalRunnable.java:30)
	at java.lang.Thread.run(Thread.java:750)
09:17:16 [IWT-5-6] WARN  com.iteaj.iot.client.mqtt.MqttClient - 客户端(MQTT<默认>) 断线重连 - 等待重连时间：15(s) - 远程主机 127.0.0.1:1883 - 客户端标识：mqtt_gateway_env_led
09:17:33 [IWT-5-7] ERROR com.iteaj.iot.client.mqtt.MqttClient - 客户端(MQTT<默认>) 连接服务器失败 - 远程主机 127.0.0.1:1883 - 客户端标识：mqtt_gateway_env_led
io.netty.channel.AbstractChannel$AnnotatedConnectException: Connection refused: no further information: /127.0.0.1:1883
Caused by: java.net.ConnectException: Connection refused: no further information
	at sun.nio.ch.SocketChannelImpl.checkConnect(Native Method)
	at sun.nio.ch.SocketChannelImpl.finishConnect(SocketChannelImpl.java:716)
	at io.netty.channel.socket.nio.NioSocketChannel.doFinishConnect(NioSocketChannel.java:337)
	at io.netty.channel.nio.AbstractNioChannel$AbstractNioUnsafe.finishConnect(AbstractNioChannel.java:334)
	at io.netty.channel.nio.NioEventLoop.processSelectedKey(NioEventLoop.java:710)
	at io.netty.channel.nio.NioEventLoop.processSelectedKeysOptimized(NioEventLoop.java:658)
	at io.netty.channel.nio.NioEventLoop.processSelectedKeys(NioEventLoop.java:584)
	at io.netty.channel.nio.NioEventLoop.run(NioEventLoop.java:496)
	at io.netty.util.concurrent.SingleThreadEventExecutor$4.run(SingleThreadEventExecutor.java:997)
	at io.netty.util.internal.ThreadExecutorMap$2.run(ThreadExecutorMap.java:74)
	at io.netty.util.concurrent.FastThreadLocalRunnable.run(FastThreadLocalRunnable.java:30)
	at java.lang.Thread.run(Thread.java:750)
09:17:33 [IWT-5-7] WARN  com.iteaj.iot.client.mqtt.MqttClient - 客户端(MQTT<默认>) 断线重连 - 等待重连时间：15(s) - 远程主机 127.0.0.1:1883 - 客户端标识：mqtt_gateway_env_led
09:17:50 [IWT-5-8] ERROR com.iteaj.iot.client.mqtt.MqttClient - 客户端(MQTT<默认>) 连接服务器失败 - 远程主机 127.0.0.1:1883 - 客户端标识：mqtt_gateway_env_led
io.netty.channel.AbstractChannel$AnnotatedConnectException: Connection refused: no further information: /127.0.0.1:1883
Caused by: java.net.ConnectException: Connection refused: no further information
	at sun.nio.ch.SocketChannelImpl.checkConnect(Native Method)
	at sun.nio.ch.SocketChannelImpl.finishConnect(SocketChannelImpl.java:716)
	at io.netty.channel.socket.nio.NioSocketChannel.doFinishConnect(NioSocketChannel.java:337)
	at io.netty.channel.nio.AbstractNioChannel$AbstractNioUnsafe.finishConnect(AbstractNioChannel.java:334)
	at io.netty.channel.nio.NioEventLoop.processSelectedKey(NioEventLoop.java:710)
	at io.netty.channel.nio.NioEventLoop.processSelectedKeysOptimized(NioEventLoop.java:658)
	at io.netty.channel.nio.NioEventLoop.processSelectedKeys(NioEventLoop.java:584)
	at io.netty.channel.nio.NioEventLoop.run(NioEventLoop.java:496)
	at io.netty.util.concurrent.SingleThreadEventExecutor$4.run(SingleThreadEventExecutor.java:997)
	at io.netty.util.internal.ThreadExecutorMap$2.run(ThreadExecutorMap.java:74)
	at io.netty.util.concurrent.FastThreadLocalRunnable.run(FastThreadLocalRunnable.java:30)
	at java.lang.Thread.run(Thread.java:750)
09:17:50 [IWT-5-8] WARN  com.iteaj.iot.client.mqtt.MqttClient - 客户端(MQTT<默认>) 断线重连 - 等待重连时间：15(s) - 远程主机 127.0.0.1:1883 - 客户端标识：mqtt_gateway_env_led
09:18:08 [IWT-5-9] ERROR com.iteaj.iot.client.mqtt.MqttClient - 客户端(MQTT<默认>) 连接服务器失败 - 远程主机 127.0.0.1:1883 - 客户端标识：mqtt_gateway_env_led
io.netty.channel.AbstractChannel$AnnotatedConnectException: Connection refused: no further information: /127.0.0.1:1883
Caused by: java.net.ConnectException: Connection refused: no further information
	at sun.nio.ch.SocketChannelImpl.checkConnect(Native Method)
	at sun.nio.ch.SocketChannelImpl.finishConnect(SocketChannelImpl.java:716)
	at io.netty.channel.socket.nio.NioSocketChannel.doFinishConnect(NioSocketChannel.java:337)
	at io.netty.channel.nio.AbstractNioChannel$AbstractNioUnsafe.finishConnect(AbstractNioChannel.java:334)
	at io.netty.channel.nio.NioEventLoop.processSelectedKey(NioEventLoop.java:710)
	at io.netty.channel.nio.NioEventLoop.processSelectedKeysOptimized(NioEventLoop.java:658)
	at io.netty.channel.nio.NioEventLoop.processSelectedKeys(NioEventLoop.java:584)
	at io.netty.channel.nio.NioEventLoop.run(NioEventLoop.java:496)
	at io.netty.util.concurrent.SingleThreadEventExecutor$4.run(SingleThreadEventExecutor.java:997)
	at io.netty.util.internal.ThreadExecutorMap$2.run(ThreadExecutorMap.java:74)
	at io.netty.util.concurrent.FastThreadLocalRunnable.run(FastThreadLocalRunnable.java:30)
	at java.lang.Thread.run(Thread.java:750)
09:18:08 [IWT-5-9] WARN  com.iteaj.iot.client.mqtt.MqttClient - 客户端(MQTT<默认>) 断线重连 - 等待重连时间：15(s) - 远程主机 127.0.0.1:1883 - 客户端标识：mqtt_gateway_env_led
09:18:25 [IWT-5-10] ERROR com.iteaj.iot.client.mqtt.MqttClient - 客户端(MQTT<默认>) 连接服务器失败 - 远程主机 127.0.0.1:1883 - 客户端标识：mqtt_gateway_env_led
io.netty.channel.AbstractChannel$AnnotatedConnectException: Connection refused: no further information: /127.0.0.1:1883
Caused by: java.net.ConnectException: Connection refused: no further information
	at sun.nio.ch.SocketChannelImpl.checkConnect(Native Method)
	at sun.nio.ch.SocketChannelImpl.finishConnect(SocketChannelImpl.java:716)
	at io.netty.channel.socket.nio.NioSocketChannel.doFinishConnect(NioSocketChannel.java:337)
	at io.netty.channel.nio.AbstractNioChannel$AbstractNioUnsafe.finishConnect(AbstractNioChannel.java:334)
	at io.netty.channel.nio.NioEventLoop.processSelectedKey(NioEventLoop.java:710)
	at io.netty.channel.nio.NioEventLoop.processSelectedKeysOptimized(NioEventLoop.java:658)
	at io.netty.channel.nio.NioEventLoop.processSelectedKeys(NioEventLoop.java:584)
	at io.netty.channel.nio.NioEventLoop.run(NioEventLoop.java:496)
	at io.netty.util.concurrent.SingleThreadEventExecutor$4.run(SingleThreadEventExecutor.java:997)
	at io.netty.util.internal.ThreadExecutorMap$2.run(ThreadExecutorMap.java:74)
	at io.netty.util.concurrent.FastThreadLocalRunnable.run(FastThreadLocalRunnable.java:30)
	at java.lang.Thread.run(Thread.java:750)
09:18:25 [IWT-5-10] WARN  com.iteaj.iot.client.mqtt.MqttClient - 客户端(MQTT<默认>) 断线重连 - 等待重连时间：15(s) - 远程主机 127.0.0.1:1883 - 客户端标识：mqtt_gateway_env_led
09:18:43 [IWT-5-11] ERROR com.iteaj.iot.client.mqtt.MqttClient - 客户端(MQTT<默认>) 连接服务器失败 - 远程主机 127.0.0.1:1883 - 客户端标识：mqtt_gateway_env_led
io.netty.channel.AbstractChannel$AnnotatedConnectException: Connection refused: no further information: /127.0.0.1:1883
Caused by: java.net.ConnectException: Connection refused: no further information
	at sun.nio.ch.SocketChannelImpl.checkConnect(Native Method)
	at sun.nio.ch.SocketChannelImpl.finishConnect(SocketChannelImpl.java:716)
	at io.netty.channel.socket.nio.NioSocketChannel.doFinishConnect(NioSocketChannel.java:337)
	at io.netty.channel.nio.AbstractNioChannel$AbstractNioUnsafe.finishConnect(AbstractNioChannel.java:334)
	at io.netty.channel.nio.NioEventLoop.processSelectedKey(NioEventLoop.java:710)
	at io.netty.channel.nio.NioEventLoop.processSelectedKeysOptimized(NioEventLoop.java:658)
	at io.netty.channel.nio.NioEventLoop.processSelectedKeys(NioEventLoop.java:584)
	at io.netty.channel.nio.NioEventLoop.run(NioEventLoop.java:496)
	at io.netty.util.concurrent.SingleThreadEventExecutor$4.run(SingleThreadEventExecutor.java:997)
	at io.netty.util.internal.ThreadExecutorMap$2.run(ThreadExecutorMap.java:74)
	at io.netty.util.concurrent.FastThreadLocalRunnable.run(FastThreadLocalRunnable.java:30)
	at java.lang.Thread.run(Thread.java:750)
09:18:43 [IWT-5-11] WARN  com.iteaj.iot.client.mqtt.MqttClient - 客户端(MQTT<默认>) 断线重连 - 等待重连时间：15(s) - 远程主机 127.0.0.1:1883 - 客户端标识：mqtt_gateway_env_led
09:19:00 [IWT-5-12] ERROR com.iteaj.iot.client.mqtt.MqttClient - 客户端(MQTT<默认>) 连接服务器失败 - 远程主机 127.0.0.1:1883 - 客户端标识：mqtt_gateway_env_led
io.netty.channel.AbstractChannel$AnnotatedConnectException: Connection refused: no further information: /127.0.0.1:1883
Caused by: java.net.ConnectException: Connection refused: no further information
	at sun.nio.ch.SocketChannelImpl.checkConnect(Native Method)
	at sun.nio.ch.SocketChannelImpl.finishConnect(SocketChannelImpl.java:716)
	at io.netty.channel.socket.nio.NioSocketChannel.doFinishConnect(NioSocketChannel.java:337)
	at io.netty.channel.nio.AbstractNioChannel$AbstractNioUnsafe.finishConnect(AbstractNioChannel.java:334)
	at io.netty.channel.nio.NioEventLoop.processSelectedKey(NioEventLoop.java:710)
	at io.netty.channel.nio.NioEventLoop.processSelectedKeysOptimized(NioEventLoop.java:658)
	at io.netty.channel.nio.NioEventLoop.processSelectedKeys(NioEventLoop.java:584)
	at io.netty.channel.nio.NioEventLoop.run(NioEventLoop.java:496)
	at io.netty.util.concurrent.SingleThreadEventExecutor$4.run(SingleThreadEventExecutor.java:997)
	at io.netty.util.internal.ThreadExecutorMap$2.run(ThreadExecutorMap.java:74)
	at io.netty.util.concurrent.FastThreadLocalRunnable.run(FastThreadLocalRunnable.java:30)
	at java.lang.Thread.run(Thread.java:750)
09:19:00 [IWT-5-12] WARN  com.iteaj.iot.client.mqtt.MqttClient - 客户端(MQTT<默认>) 断线重连 - 等待重连时间：15(s) - 远程主机 127.0.0.1:1883 - 客户端标识：mqtt_gateway_env_led
09:19:17 [IWT-5-13] ERROR com.iteaj.iot.client.mqtt.MqttClient - 客户端(MQTT<默认>) 连接服务器失败 - 远程主机 127.0.0.1:1883 - 客户端标识：mqtt_gateway_env_led
io.netty.channel.AbstractChannel$AnnotatedConnectException: Connection refused: no further information: /127.0.0.1:1883
Caused by: java.net.ConnectException: Connection refused: no further information
	at sun.nio.ch.SocketChannelImpl.checkConnect(Native Method)
	at sun.nio.ch.SocketChannelImpl.finishConnect(SocketChannelImpl.java:716)
	at io.netty.channel.socket.nio.NioSocketChannel.doFinishConnect(NioSocketChannel.java:337)
	at io.netty.channel.nio.AbstractNioChannel$AbstractNioUnsafe.finishConnect(AbstractNioChannel.java:334)
	at io.netty.channel.nio.NioEventLoop.processSelectedKey(NioEventLoop.java:710)
	at io.netty.channel.nio.NioEventLoop.processSelectedKeysOptimized(NioEventLoop.java:658)
	at io.netty.channel.nio.NioEventLoop.processSelectedKeys(NioEventLoop.java:584)
	at io.netty.channel.nio.NioEventLoop.run(NioEventLoop.java:496)
	at io.netty.util.concurrent.SingleThreadEventExecutor$4.run(SingleThreadEventExecutor.java:997)
	at io.netty.util.internal.ThreadExecutorMap$2.run(ThreadExecutorMap.java:74)
	at io.netty.util.concurrent.FastThreadLocalRunnable.run(FastThreadLocalRunnable.java:30)
	at java.lang.Thread.run(Thread.java:750)
09:19:17 [IWT-5-13] WARN  com.iteaj.iot.client.mqtt.MqttClient - 客户端(MQTT<默认>) 断线重连 - 等待重连时间：15(s) - 远程主机 127.0.0.1:1883 - 客户端标识：mqtt_gateway_env_led
09:19:36 [IWT-5-14] ERROR com.iteaj.iot.client.mqtt.MqttClient - 客户端(MQTT<默认>) 连接服务器失败 - 远程主机 127.0.0.1:1883 - 客户端标识：mqtt_gateway_env_led
io.netty.channel.AbstractChannel$AnnotatedConnectException: Connection refused: no further information: /127.0.0.1:1883
Caused by: java.net.ConnectException: Connection refused: no further information
	at sun.nio.ch.SocketChannelImpl.checkConnect(Native Method)
	at sun.nio.ch.SocketChannelImpl.finishConnect(SocketChannelImpl.java:716)
	at io.netty.channel.socket.nio.NioSocketChannel.doFinishConnect(NioSocketChannel.java:337)
	at io.netty.channel.nio.AbstractNioChannel$AbstractNioUnsafe.finishConnect(AbstractNioChannel.java:334)
	at io.netty.channel.nio.NioEventLoop.processSelectedKey(NioEventLoop.java:710)
	at io.netty.channel.nio.NioEventLoop.processSelectedKeysOptimized(NioEventLoop.java:658)
	at io.netty.channel.nio.NioEventLoop.processSelectedKeys(NioEventLoop.java:584)
	at io.netty.channel.nio.NioEventLoop.run(NioEventLoop.java:496)
	at io.netty.util.concurrent.SingleThreadEventExecutor$4.run(SingleThreadEventExecutor.java:997)
	at io.netty.util.internal.ThreadExecutorMap$2.run(ThreadExecutorMap.java:74)
	at io.netty.util.concurrent.FastThreadLocalRunnable.run(FastThreadLocalRunnable.java:30)
	at java.lang.Thread.run(Thread.java:750)
09:19:36 [IWT-5-14] WARN  com.iteaj.iot.client.mqtt.MqttClient - 客户端(MQTT<默认>) 断线重连 - 等待重连时间：15(s) - 远程主机 127.0.0.1:1883 - 客户端标识：mqtt_gateway_env_led
09:19:53 [IWT-5-15] ERROR com.iteaj.iot.client.mqtt.MqttClient - 客户端(MQTT<默认>) 连接服务器失败 - 远程主机 127.0.0.1:1883 - 客户端标识：mqtt_gateway_env_led
io.netty.channel.AbstractChannel$AnnotatedConnectException: Connection refused: no further information: /127.0.0.1:1883
Caused by: java.net.ConnectException: Connection refused: no further information
	at sun.nio.ch.SocketChannelImpl.checkConnect(Native Method)
	at sun.nio.ch.SocketChannelImpl.finishConnect(SocketChannelImpl.java:716)
	at io.netty.channel.socket.nio.NioSocketChannel.doFinishConnect(NioSocketChannel.java:337)
	at io.netty.channel.nio.AbstractNioChannel$AbstractNioUnsafe.finishConnect(AbstractNioChannel.java:334)
	at io.netty.channel.nio.NioEventLoop.processSelectedKey(NioEventLoop.java:710)
	at io.netty.channel.nio.NioEventLoop.processSelectedKeysOptimized(NioEventLoop.java:658)
	at io.netty.channel.nio.NioEventLoop.processSelectedKeys(NioEventLoop.java:584)
	at io.netty.channel.nio.NioEventLoop.run(NioEventLoop.java:496)
	at io.netty.util.concurrent.SingleThreadEventExecutor$4.run(SingleThreadEventExecutor.java:997)
	at io.netty.util.internal.ThreadExecutorMap$2.run(ThreadExecutorMap.java:74)
	at io.netty.util.concurrent.FastThreadLocalRunnable.run(FastThreadLocalRunnable.java:30)
	at java.lang.Thread.run(Thread.java:750)
09:19:53 [IWT-5-15] WARN  com.iteaj.iot.client.mqtt.MqttClient - 客户端(MQTT<默认>) 断线重连 - 等待重连时间：15(s) - 远程主机 127.0.0.1:1883 - 客户端标识：mqtt_gateway_env_led
09:20:11 [IWT-5-16] ERROR com.iteaj.iot.client.mqtt.MqttClient - 客户端(MQTT<默认>) 连接服务器失败 - 远程主机 127.0.0.1:1883 - 客户端标识：mqtt_gateway_env_led
io.netty.channel.AbstractChannel$AnnotatedConnectException: Connection refused: no further information: /127.0.0.1:1883
Caused by: java.net.ConnectException: Connection refused: no further information
	at sun.nio.ch.SocketChannelImpl.checkConnect(Native Method)
	at sun.nio.ch.SocketChannelImpl.finishConnect(SocketChannelImpl.java:716)
	at io.netty.channel.socket.nio.NioSocketChannel.doFinishConnect(NioSocketChannel.java:337)
	at io.netty.channel.nio.AbstractNioChannel$AbstractNioUnsafe.finishConnect(AbstractNioChannel.java:334)
	at io.netty.channel.nio.NioEventLoop.processSelectedKey(NioEventLoop.java:710)
	at io.netty.channel.nio.NioEventLoop.processSelectedKeysOptimized(NioEventLoop.java:658)
	at io.netty.channel.nio.NioEventLoop.processSelectedKeys(NioEventLoop.java:584)
	at io.netty.channel.nio.NioEventLoop.run(NioEventLoop.java:496)
	at io.netty.util.concurrent.SingleThreadEventExecutor$4.run(SingleThreadEventExecutor.java:997)
	at io.netty.util.internal.ThreadExecutorMap$2.run(ThreadExecutorMap.java:74)
	at io.netty.util.concurrent.FastThreadLocalRunnable.run(FastThreadLocalRunnable.java:30)
	at java.lang.Thread.run(Thread.java:750)
09:20:11 [IWT-5-16] WARN  com.iteaj.iot.client.mqtt.MqttClient - 客户端(MQTT<默认>) 断线重连 - 等待重连时间：15(s) - 远程主机 127.0.0.1:1883 - 客户端标识：mqtt_gateway_env_led
09:20:29 [IWT-5-1] ERROR com.iteaj.iot.client.mqtt.MqttClient - 客户端(MQTT<默认>) 连接服务器失败 - 远程主机 127.0.0.1:1883 - 客户端标识：mqtt_gateway_env_led
io.netty.channel.AbstractChannel$AnnotatedConnectException: Connection refused: no further information: /127.0.0.1:1883
Caused by: java.net.ConnectException: Connection refused: no further information
	at sun.nio.ch.SocketChannelImpl.checkConnect(Native Method)
	at sun.nio.ch.SocketChannelImpl.finishConnect(SocketChannelImpl.java:716)
	at io.netty.channel.socket.nio.NioSocketChannel.doFinishConnect(NioSocketChannel.java:337)
	at io.netty.channel.nio.AbstractNioChannel$AbstractNioUnsafe.finishConnect(AbstractNioChannel.java:334)
	at io.netty.channel.nio.NioEventLoop.processSelectedKey(NioEventLoop.java:710)
	at io.netty.channel.nio.NioEventLoop.processSelectedKeysOptimized(NioEventLoop.java:658)
	at io.netty.channel.nio.NioEventLoop.processSelectedKeys(NioEventLoop.java:584)
	at io.netty.channel.nio.NioEventLoop.run(NioEventLoop.java:496)
	at io.netty.util.concurrent.SingleThreadEventExecutor$4.run(SingleThreadEventExecutor.java:997)
	at io.netty.util.internal.ThreadExecutorMap$2.run(ThreadExecutorMap.java:74)
	at io.netty.util.concurrent.FastThreadLocalRunnable.run(FastThreadLocalRunnable.java:30)
	at java.lang.Thread.run(Thread.java:750)
09:20:29 [IWT-5-1] WARN  com.iteaj.iot.client.mqtt.MqttClient - 客户端(MQTT<默认>) 断线重连 - 等待重连时间：15(s) - 远程主机 127.0.0.1:1883 - 客户端标识：mqtt_gateway_env_led
09:20:46 [IWT-5-2] ERROR com.iteaj.iot.client.mqtt.MqttClient - 客户端(MQTT<默认>) 连接服务器失败 - 远程主机 127.0.0.1:1883 - 客户端标识：mqtt_gateway_env_led
io.netty.channel.AbstractChannel$AnnotatedConnectException: Connection refused: no further information: /127.0.0.1:1883
Caused by: java.net.ConnectException: Connection refused: no further information
	at sun.nio.ch.SocketChannelImpl.checkConnect(Native Method)
	at sun.nio.ch.SocketChannelImpl.finishConnect(SocketChannelImpl.java:716)
	at io.netty.channel.socket.nio.NioSocketChannel.doFinishConnect(NioSocketChannel.java:337)
	at io.netty.channel.nio.AbstractNioChannel$AbstractNioUnsafe.finishConnect(AbstractNioChannel.java:334)
	at io.netty.channel.nio.NioEventLoop.processSelectedKey(NioEventLoop.java:710)
	at io.netty.channel.nio.NioEventLoop.processSelectedKeysOptimized(NioEventLoop.java:658)
	at io.netty.channel.nio.NioEventLoop.processSelectedKeys(NioEventLoop.java:584)
	at io.netty.channel.nio.NioEventLoop.run(NioEventLoop.java:496)
	at io.netty.util.concurrent.SingleThreadEventExecutor$4.run(SingleThreadEventExecutor.java:997)
	at io.netty.util.internal.ThreadExecutorMap$2.run(ThreadExecutorMap.java:74)
	at io.netty.util.concurrent.FastThreadLocalRunnable.run(FastThreadLocalRunnable.java:30)
	at java.lang.Thread.run(Thread.java:750)
09:20:46 [IWT-5-2] WARN  com.iteaj.iot.client.mqtt.MqttClient - 客户端(MQTT<默认>) 断线重连 - 等待重连时间：15(s) - 远程主机 127.0.0.1:1883 - 客户端标识：mqtt_gateway_env_led
09:21:04 [IWT-5-3] ERROR com.iteaj.iot.client.mqtt.MqttClient - 客户端(MQTT<默认>) 连接服务器失败 - 远程主机 127.0.0.1:1883 - 客户端标识：mqtt_gateway_env_led
io.netty.channel.AbstractChannel$AnnotatedConnectException: Connection refused: no further information: /127.0.0.1:1883
Caused by: java.net.ConnectException: Connection refused: no further information
	at sun.nio.ch.SocketChannelImpl.checkConnect(Native Method)
	at sun.nio.ch.SocketChannelImpl.finishConnect(SocketChannelImpl.java:716)
	at io.netty.channel.socket.nio.NioSocketChannel.doFinishConnect(NioSocketChannel.java:337)
	at io.netty.channel.nio.AbstractNioChannel$AbstractNioUnsafe.finishConnect(AbstractNioChannel.java:334)
	at io.netty.channel.nio.NioEventLoop.processSelectedKey(NioEventLoop.java:710)
	at io.netty.channel.nio.NioEventLoop.processSelectedKeysOptimized(NioEventLoop.java:658)
	at io.netty.channel.nio.NioEventLoop.processSelectedKeys(NioEventLoop.java:584)
	at io.netty.channel.nio.NioEventLoop.run(NioEventLoop.java:496)
	at io.netty.util.concurrent.SingleThreadEventExecutor$4.run(SingleThreadEventExecutor.java:997)
	at io.netty.util.internal.ThreadExecutorMap$2.run(ThreadExecutorMap.java:74)
	at io.netty.util.concurrent.FastThreadLocalRunnable.run(FastThreadLocalRunnable.java:30)
	at java.lang.Thread.run(Thread.java:750)
09:21:04 [IWT-5-3] WARN  com.iteaj.iot.client.mqtt.MqttClient - 客户端(MQTT<默认>) 断线重连 - 等待重连时间：15(s) - 远程主机 127.0.0.1:1883 - 客户端标识：mqtt_gateway_env_led
09:21:22 [IWT-5-4] ERROR com.iteaj.iot.client.mqtt.MqttClient - 客户端(MQTT<默认>) 连接服务器失败 - 远程主机 127.0.0.1:1883 - 客户端标识：mqtt_gateway_env_led
io.netty.channel.AbstractChannel$AnnotatedConnectException: Connection refused: no further information: /127.0.0.1:1883
Caused by: java.net.ConnectException: Connection refused: no further information
	at sun.nio.ch.SocketChannelImpl.checkConnect(Native Method)
	at sun.nio.ch.SocketChannelImpl.finishConnect(SocketChannelImpl.java:716)
	at io.netty.channel.socket.nio.NioSocketChannel.doFinishConnect(NioSocketChannel.java:337)
	at io.netty.channel.nio.AbstractNioChannel$AbstractNioUnsafe.finishConnect(AbstractNioChannel.java:334)
	at io.netty.channel.nio.NioEventLoop.processSelectedKey(NioEventLoop.java:710)
	at io.netty.channel.nio.NioEventLoop.processSelectedKeysOptimized(NioEventLoop.java:658)
	at io.netty.channel.nio.NioEventLoop.processSelectedKeys(NioEventLoop.java:584)
	at io.netty.channel.nio.NioEventLoop.run(NioEventLoop.java:496)
	at io.netty.util.concurrent.SingleThreadEventExecutor$4.run(SingleThreadEventExecutor.java:997)
	at io.netty.util.internal.ThreadExecutorMap$2.run(ThreadExecutorMap.java:74)
	at io.netty.util.concurrent.FastThreadLocalRunnable.run(FastThreadLocalRunnable.java:30)
	at java.lang.Thread.run(Thread.java:750)
09:21:22 [IWT-5-4] WARN  com.iteaj.iot.client.mqtt.MqttClient - 客户端(MQTT<默认>) 断线重连 - 等待重连时间：15(s) - 远程主机 127.0.0.1:1883 - 客户端标识：mqtt_gateway_env_led
09:21:39 [IWT-5-5] ERROR com.iteaj.iot.client.mqtt.MqttClient - 客户端(MQTT<默认>) 连接服务器失败 - 远程主机 127.0.0.1:1883 - 客户端标识：mqtt_gateway_env_led
io.netty.channel.AbstractChannel$AnnotatedConnectException: Connection refused: no further information: /127.0.0.1:1883
Caused by: java.net.ConnectException: Connection refused: no further information
	at sun.nio.ch.SocketChannelImpl.checkConnect(Native Method)
	at sun.nio.ch.SocketChannelImpl.finishConnect(SocketChannelImpl.java:716)
	at io.netty.channel.socket.nio.NioSocketChannel.doFinishConnect(NioSocketChannel.java:337)
	at io.netty.channel.nio.AbstractNioChannel$AbstractNioUnsafe.finishConnect(AbstractNioChannel.java:334)
	at io.netty.channel.nio.NioEventLoop.processSelectedKey(NioEventLoop.java:710)
	at io.netty.channel.nio.NioEventLoop.processSelectedKeysOptimized(NioEventLoop.java:658)
	at io.netty.channel.nio.NioEventLoop.processSelectedKeys(NioEventLoop.java:584)
	at io.netty.channel.nio.NioEventLoop.run(NioEventLoop.java:496)
	at io.netty.util.concurrent.SingleThreadEventExecutor$4.run(SingleThreadEventExecutor.java:997)
	at io.netty.util.internal.ThreadExecutorMap$2.run(ThreadExecutorMap.java:74)
	at io.netty.util.concurrent.FastThreadLocalRunnable.run(FastThreadLocalRunnable.java:30)
	at java.lang.Thread.run(Thread.java:750)
09:21:40 [IWT-5-5] WARN  com.iteaj.iot.client.mqtt.MqttClient - 客户端(MQTT<默认>) 断线重连 - 等待重连时间：15(s) - 远程主机 127.0.0.1:1883 - 客户端标识：mqtt_gateway_env_led
09:22:01 [IWT-5-6] ERROR com.iteaj.iot.client.mqtt.MqttClient - 客户端(MQTT<默认>) 连接服务器失败 - 远程主机 127.0.0.1:1883 - 客户端标识：mqtt_gateway_env_led
io.netty.channel.AbstractChannel$AnnotatedConnectException: Connection refused: no further information: /127.0.0.1:1883
Caused by: java.net.ConnectException: Connection refused: no further information
	at sun.nio.ch.SocketChannelImpl.checkConnect(Native Method)
	at sun.nio.ch.SocketChannelImpl.finishConnect(SocketChannelImpl.java:716)
	at io.netty.channel.socket.nio.NioSocketChannel.doFinishConnect(NioSocketChannel.java:337)
	at io.netty.channel.nio.AbstractNioChannel$AbstractNioUnsafe.finishConnect(AbstractNioChannel.java:334)
	at io.netty.channel.nio.NioEventLoop.processSelectedKey(NioEventLoop.java:710)
	at io.netty.channel.nio.NioEventLoop.processSelectedKeysOptimized(NioEventLoop.java:658)
	at io.netty.channel.nio.NioEventLoop.processSelectedKeys(NioEventLoop.java:584)
	at io.netty.channel.nio.NioEventLoop.run(NioEventLoop.java:496)
	at io.netty.util.concurrent.SingleThreadEventExecutor$4.run(SingleThreadEventExecutor.java:997)
	at io.netty.util.internal.ThreadExecutorMap$2.run(ThreadExecutorMap.java:74)
	at io.netty.util.concurrent.FastThreadLocalRunnable.run(FastThreadLocalRunnable.java:30)
	at java.lang.Thread.run(Thread.java:750)
09:22:01 [IWT-5-6] WARN  com.iteaj.iot.client.mqtt.MqttClient - 客户端(MQTT<默认>) 断线重连 - 等待重连时间：15(s) - 远程主机 127.0.0.1:1883 - 客户端标识：mqtt_gateway_env_led
09:22:19 [IWT-5-7] ERROR com.iteaj.iot.client.mqtt.MqttClient - 客户端(MQTT<默认>) 连接服务器失败 - 远程主机 127.0.0.1:1883 - 客户端标识：mqtt_gateway_env_led
io.netty.channel.AbstractChannel$AnnotatedConnectException: Connection refused: no further information: /127.0.0.1:1883
Caused by: java.net.ConnectException: Connection refused: no further information
	at sun.nio.ch.SocketChannelImpl.checkConnect(Native Method)
	at sun.nio.ch.SocketChannelImpl.finishConnect(SocketChannelImpl.java:716)
	at io.netty.channel.socket.nio.NioSocketChannel.doFinishConnect(NioSocketChannel.java:337)
	at io.netty.channel.nio.AbstractNioChannel$AbstractNioUnsafe.finishConnect(AbstractNioChannel.java:334)
	at io.netty.channel.nio.NioEventLoop.processSelectedKey(NioEventLoop.java:710)
	at io.netty.channel.nio.NioEventLoop.processSelectedKeysOptimized(NioEventLoop.java:658)
	at io.netty.channel.nio.NioEventLoop.processSelectedKeys(NioEventLoop.java:584)
	at io.netty.channel.nio.NioEventLoop.run(NioEventLoop.java:496)
	at io.netty.util.concurrent.SingleThreadEventExecutor$4.run(SingleThreadEventExecutor.java:997)
	at io.netty.util.internal.ThreadExecutorMap$2.run(ThreadExecutorMap.java:74)
	at io.netty.util.concurrent.FastThreadLocalRunnable.run(FastThreadLocalRunnable.java:30)
	at java.lang.Thread.run(Thread.java:750)
09:22:19 [IWT-5-7] WARN  com.iteaj.iot.client.mqtt.MqttClient - 客户端(MQTT<默认>) 断线重连 - 等待重连时间：15(s) - 远程主机 127.0.0.1:1883 - 客户端标识：mqtt_gateway_env_led
09:22:36 [IWT-5-8] ERROR com.iteaj.iot.client.mqtt.MqttClient - 客户端(MQTT<默认>) 连接服务器失败 - 远程主机 127.0.0.1:1883 - 客户端标识：mqtt_gateway_env_led
io.netty.channel.AbstractChannel$AnnotatedConnectException: Connection refused: no further information: /127.0.0.1:1883
Caused by: java.net.ConnectException: Connection refused: no further information
	at sun.nio.ch.SocketChannelImpl.checkConnect(Native Method)
	at sun.nio.ch.SocketChannelImpl.finishConnect(SocketChannelImpl.java:716)
	at io.netty.channel.socket.nio.NioSocketChannel.doFinishConnect(NioSocketChannel.java:337)
	at io.netty.channel.nio.AbstractNioChannel$AbstractNioUnsafe.finishConnect(AbstractNioChannel.java:334)
	at io.netty.channel.nio.NioEventLoop.processSelectedKey(NioEventLoop.java:710)
	at io.netty.channel.nio.NioEventLoop.processSelectedKeysOptimized(NioEventLoop.java:658)
	at io.netty.channel.nio.NioEventLoop.processSelectedKeys(NioEventLoop.java:584)
	at io.netty.channel.nio.NioEventLoop.run(NioEventLoop.java:496)
	at io.netty.util.concurrent.SingleThreadEventExecutor$4.run(SingleThreadEventExecutor.java:997)
	at io.netty.util.internal.ThreadExecutorMap$2.run(ThreadExecutorMap.java:74)
	at io.netty.util.concurrent.FastThreadLocalRunnable.run(FastThreadLocalRunnable.java:30)
	at java.lang.Thread.run(Thread.java:750)
09:22:36 [IWT-5-8] WARN  com.iteaj.iot.client.mqtt.MqttClient - 客户端(MQTT<默认>) 断线重连 - 等待重连时间：15(s) - 远程主机 127.0.0.1:1883 - 客户端标识：mqtt_gateway_env_led
09:22:55 [IWT-5-9] ERROR com.iteaj.iot.client.mqtt.MqttClient - 客户端(MQTT<默认>) 连接服务器失败 - 远程主机 127.0.0.1:1883 - 客户端标识：mqtt_gateway_env_led
io.netty.channel.AbstractChannel$AnnotatedConnectException: Connection refused: no further information: /127.0.0.1:1883
Caused by: java.net.ConnectException: Connection refused: no further information
	at sun.nio.ch.SocketChannelImpl.checkConnect(Native Method)
	at sun.nio.ch.SocketChannelImpl.finishConnect(SocketChannelImpl.java:716)
	at io.netty.channel.socket.nio.NioSocketChannel.doFinishConnect(NioSocketChannel.java:337)
	at io.netty.channel.nio.AbstractNioChannel$AbstractNioUnsafe.finishConnect(AbstractNioChannel.java:334)
	at io.netty.channel.nio.NioEventLoop.processSelectedKey(NioEventLoop.java:710)
	at io.netty.channel.nio.NioEventLoop.processSelectedKeysOptimized(NioEventLoop.java:658)
	at io.netty.channel.nio.NioEventLoop.processSelectedKeys(NioEventLoop.java:584)
	at io.netty.channel.nio.NioEventLoop.run(NioEventLoop.java:496)
	at io.netty.util.concurrent.SingleThreadEventExecutor$4.run(SingleThreadEventExecutor.java:997)
	at io.netty.util.internal.ThreadExecutorMap$2.run(ThreadExecutorMap.java:74)
	at io.netty.util.concurrent.FastThreadLocalRunnable.run(FastThreadLocalRunnable.java:30)
	at java.lang.Thread.run(Thread.java:750)
09:22:55 [IWT-5-9] WARN  com.iteaj.iot.client.mqtt.MqttClient - 客户端(MQTT<默认>) 断线重连 - 等待重连时间：15(s) - 远程主机 127.0.0.1:1883 - 客户端标识：mqtt_gateway_env_led
09:23:13 [IWT-5-10] ERROR com.iteaj.iot.client.mqtt.MqttClient - 客户端(MQTT<默认>) 连接服务器失败 - 远程主机 127.0.0.1:1883 - 客户端标识：mqtt_gateway_env_led
io.netty.channel.AbstractChannel$AnnotatedConnectException: Connection refused: no further information: /127.0.0.1:1883
Caused by: java.net.ConnectException: Connection refused: no further information
	at sun.nio.ch.SocketChannelImpl.checkConnect(Native Method)
	at sun.nio.ch.SocketChannelImpl.finishConnect(SocketChannelImpl.java:716)
	at io.netty.channel.socket.nio.NioSocketChannel.doFinishConnect(NioSocketChannel.java:337)
	at io.netty.channel.nio.AbstractNioChannel$AbstractNioUnsafe.finishConnect(AbstractNioChannel.java:334)
	at io.netty.channel.nio.NioEventLoop.processSelectedKey(NioEventLoop.java:710)
	at io.netty.channel.nio.NioEventLoop.processSelectedKeysOptimized(NioEventLoop.java:658)
	at io.netty.channel.nio.NioEventLoop.processSelectedKeys(NioEventLoop.java:584)
	at io.netty.channel.nio.NioEventLoop.run(NioEventLoop.java:496)
	at io.netty.util.concurrent.SingleThreadEventExecutor$4.run(SingleThreadEventExecutor.java:997)
	at io.netty.util.internal.ThreadExecutorMap$2.run(ThreadExecutorMap.java:74)
	at io.netty.util.concurrent.FastThreadLocalRunnable.run(FastThreadLocalRunnable.java:30)
	at java.lang.Thread.run(Thread.java:750)
09:23:13 [IWT-5-10] WARN  com.iteaj.iot.client.mqtt.MqttClient - 客户端(MQTT<默认>) 断线重连 - 等待重连时间：15(s) - 远程主机 127.0.0.1:1883 - 客户端标识：mqtt_gateway_env_led
09:23:31 [IWT-5-11] ERROR com.iteaj.iot.client.mqtt.MqttClient - 客户端(MQTT<默认>) 连接服务器失败 - 远程主机 127.0.0.1:1883 - 客户端标识：mqtt_gateway_env_led
io.netty.channel.AbstractChannel$AnnotatedConnectException: Connection refused: no further information: /127.0.0.1:1883
Caused by: java.net.ConnectException: Connection refused: no further information
	at sun.nio.ch.SocketChannelImpl.checkConnect(Native Method)
	at sun.nio.ch.SocketChannelImpl.finishConnect(SocketChannelImpl.java:716)
	at io.netty.channel.socket.nio.NioSocketChannel.doFinishConnect(NioSocketChannel.java:337)
	at io.netty.channel.nio.AbstractNioChannel$AbstractNioUnsafe.finishConnect(AbstractNioChannel.java:334)
	at io.netty.channel.nio.NioEventLoop.processSelectedKey(NioEventLoop.java:710)
	at io.netty.channel.nio.NioEventLoop.processSelectedKeysOptimized(NioEventLoop.java:658)
	at io.netty.channel.nio.NioEventLoop.processSelectedKeys(NioEventLoop.java:584)
	at io.netty.channel.nio.NioEventLoop.run(NioEventLoop.java:496)
	at io.netty.util.concurrent.SingleThreadEventExecutor$4.run(SingleThreadEventExecutor.java:997)
	at io.netty.util.internal.ThreadExecutorMap$2.run(ThreadExecutorMap.java:74)
	at io.netty.util.concurrent.FastThreadLocalRunnable.run(FastThreadLocalRunnable.java:30)
	at java.lang.Thread.run(Thread.java:750)
09:23:31 [IWT-5-11] WARN  com.iteaj.iot.client.mqtt.MqttClient - 客户端(MQTT<默认>) 断线重连 - 等待重连时间：15(s) - 远程主机 127.0.0.1:1883 - 客户端标识：mqtt_gateway_env_led
09:23:48 [IWT-5-12] ERROR com.iteaj.iot.client.mqtt.MqttClient - 客户端(MQTT<默认>) 连接服务器失败 - 远程主机 127.0.0.1:1883 - 客户端标识：mqtt_gateway_env_led
io.netty.channel.AbstractChannel$AnnotatedConnectException: Connection refused: no further information: /127.0.0.1:1883
Caused by: java.net.ConnectException: Connection refused: no further information
	at sun.nio.ch.SocketChannelImpl.checkConnect(Native Method)
	at sun.nio.ch.SocketChannelImpl.finishConnect(SocketChannelImpl.java:716)
	at io.netty.channel.socket.nio.NioSocketChannel.doFinishConnect(NioSocketChannel.java:337)
	at io.netty.channel.nio.AbstractNioChannel$AbstractNioUnsafe.finishConnect(AbstractNioChannel.java:334)
	at io.netty.channel.nio.NioEventLoop.processSelectedKey(NioEventLoop.java:710)
	at io.netty.channel.nio.NioEventLoop.processSelectedKeysOptimized(NioEventLoop.java:658)
	at io.netty.channel.nio.NioEventLoop.processSelectedKeys(NioEventLoop.java:584)
	at io.netty.channel.nio.NioEventLoop.run(NioEventLoop.java:496)
	at io.netty.util.concurrent.SingleThreadEventExecutor$4.run(SingleThreadEventExecutor.java:997)
	at io.netty.util.internal.ThreadExecutorMap$2.run(ThreadExecutorMap.java:74)
	at io.netty.util.concurrent.FastThreadLocalRunnable.run(FastThreadLocalRunnable.java:30)
	at java.lang.Thread.run(Thread.java:750)
09:23:48 [IWT-5-12] WARN  com.iteaj.iot.client.mqtt.MqttClient - 客户端(MQTT<默认>) 断线重连 - 等待重连时间：15(s) - 远程主机 127.0.0.1:1883 - 客户端标识：mqtt_gateway_env_led
09:24:06 [IWT-5-13] ERROR com.iteaj.iot.client.mqtt.MqttClient - 客户端(MQTT<默认>) 连接服务器失败 - 远程主机 127.0.0.1:1883 - 客户端标识：mqtt_gateway_env_led
io.netty.channel.AbstractChannel$AnnotatedConnectException: Connection refused: no further information: /127.0.0.1:1883
Caused by: java.net.ConnectException: Connection refused: no further information
	at sun.nio.ch.SocketChannelImpl.checkConnect(Native Method)
	at sun.nio.ch.SocketChannelImpl.finishConnect(SocketChannelImpl.java:716)
	at io.netty.channel.socket.nio.NioSocketChannel.doFinishConnect(NioSocketChannel.java:337)
	at io.netty.channel.nio.AbstractNioChannel$AbstractNioUnsafe.finishConnect(AbstractNioChannel.java:334)
	at io.netty.channel.nio.NioEventLoop.processSelectedKey(NioEventLoop.java:710)
	at io.netty.channel.nio.NioEventLoop.processSelectedKeysOptimized(NioEventLoop.java:658)
	at io.netty.channel.nio.NioEventLoop.processSelectedKeys(NioEventLoop.java:584)
	at io.netty.channel.nio.NioEventLoop.run(NioEventLoop.java:496)
	at io.netty.util.concurrent.SingleThreadEventExecutor$4.run(SingleThreadEventExecutor.java:997)
	at io.netty.util.internal.ThreadExecutorMap$2.run(ThreadExecutorMap.java:74)
	at io.netty.util.concurrent.FastThreadLocalRunnable.run(FastThreadLocalRunnable.java:30)
	at java.lang.Thread.run(Thread.java:750)
09:24:06 [IWT-5-13] WARN  com.iteaj.iot.client.mqtt.MqttClient - 客户端(MQTT<默认>) 断线重连 - 等待重连时间：15(s) - 远程主机 127.0.0.1:1883 - 客户端标识：mqtt_gateway_env_led
09:24:23 [IWT-5-14] ERROR com.iteaj.iot.client.mqtt.MqttClient - 客户端(MQTT<默认>) 连接服务器失败 - 远程主机 127.0.0.1:1883 - 客户端标识：mqtt_gateway_env_led
io.netty.channel.AbstractChannel$AnnotatedConnectException: Connection refused: no further information: /127.0.0.1:1883
Caused by: java.net.ConnectException: Connection refused: no further information
	at sun.nio.ch.SocketChannelImpl.checkConnect(Native Method)
	at sun.nio.ch.SocketChannelImpl.finishConnect(SocketChannelImpl.java:716)
	at io.netty.channel.socket.nio.NioSocketChannel.doFinishConnect(NioSocketChannel.java:337)
	at io.netty.channel.nio.AbstractNioChannel$AbstractNioUnsafe.finishConnect(AbstractNioChannel.java:334)
	at io.netty.channel.nio.NioEventLoop.processSelectedKey(NioEventLoop.java:710)
	at io.netty.channel.nio.NioEventLoop.processSelectedKeysOptimized(NioEventLoop.java:658)
	at io.netty.channel.nio.NioEventLoop.processSelectedKeys(NioEventLoop.java:584)
	at io.netty.channel.nio.NioEventLoop.run(NioEventLoop.java:496)
	at io.netty.util.concurrent.SingleThreadEventExecutor$4.run(SingleThreadEventExecutor.java:997)
	at io.netty.util.internal.ThreadExecutorMap$2.run(ThreadExecutorMap.java:74)
	at io.netty.util.concurrent.FastThreadLocalRunnable.run(FastThreadLocalRunnable.java:30)
	at java.lang.Thread.run(Thread.java:750)
09:24:23 [IWT-5-14] WARN  com.iteaj.iot.client.mqtt.MqttClient - 客户端(MQTT<默认>) 断线重连 - 等待重连时间：15(s) - 远程主机 127.0.0.1:1883 - 客户端标识：mqtt_gateway_env_led
09:24:40 [IWT-5-15] ERROR com.iteaj.iot.client.mqtt.MqttClient - 客户端(MQTT<默认>) 连接服务器失败 - 远程主机 127.0.0.1:1883 - 客户端标识：mqtt_gateway_env_led
io.netty.channel.AbstractChannel$AnnotatedConnectException: Connection refused: no further information: /127.0.0.1:1883
Caused by: java.net.ConnectException: Connection refused: no further information
	at sun.nio.ch.SocketChannelImpl.checkConnect(Native Method)
	at sun.nio.ch.SocketChannelImpl.finishConnect(SocketChannelImpl.java:716)
	at io.netty.channel.socket.nio.NioSocketChannel.doFinishConnect(NioSocketChannel.java:337)
	at io.netty.channel.nio.AbstractNioChannel$AbstractNioUnsafe.finishConnect(AbstractNioChannel.java:334)
	at io.netty.channel.nio.NioEventLoop.processSelectedKey(NioEventLoop.java:710)
	at io.netty.channel.nio.NioEventLoop.processSelectedKeysOptimized(NioEventLoop.java:658)
	at io.netty.channel.nio.NioEventLoop.processSelectedKeys(NioEventLoop.java:584)
	at io.netty.channel.nio.NioEventLoop.run(NioEventLoop.java:496)
	at io.netty.util.concurrent.SingleThreadEventExecutor$4.run(SingleThreadEventExecutor.java:997)
	at io.netty.util.internal.ThreadExecutorMap$2.run(ThreadExecutorMap.java:74)
	at io.netty.util.concurrent.FastThreadLocalRunnable.run(FastThreadLocalRunnable.java:30)
	at java.lang.Thread.run(Thread.java:750)
09:24:40 [IWT-5-15] WARN  com.iteaj.iot.client.mqtt.MqttClient - 客户端(MQTT<默认>) 断线重连 - 等待重连时间：15(s) - 远程主机 127.0.0.1:1883 - 客户端标识：mqtt_gateway_env_led
09:24:57 [IWT-5-16] ERROR com.iteaj.iot.client.mqtt.MqttClient - 客户端(MQTT<默认>) 连接服务器失败 - 远程主机 127.0.0.1:1883 - 客户端标识：mqtt_gateway_env_led
io.netty.channel.AbstractChannel$AnnotatedConnectException: Connection refused: no further information: /127.0.0.1:1883
Caused by: java.net.ConnectException: Connection refused: no further information
	at sun.nio.ch.SocketChannelImpl.checkConnect(Native Method)
	at sun.nio.ch.SocketChannelImpl.finishConnect(SocketChannelImpl.java:716)
	at io.netty.channel.socket.nio.NioSocketChannel.doFinishConnect(NioSocketChannel.java:337)
	at io.netty.channel.nio.AbstractNioChannel$AbstractNioUnsafe.finishConnect(AbstractNioChannel.java:334)
	at io.netty.channel.nio.NioEventLoop.processSelectedKey(NioEventLoop.java:710)
	at io.netty.channel.nio.NioEventLoop.processSelectedKeysOptimized(NioEventLoop.java:658)
	at io.netty.channel.nio.NioEventLoop.processSelectedKeys(NioEventLoop.java:584)
	at io.netty.channel.nio.NioEventLoop.run(NioEventLoop.java:496)
	at io.netty.util.concurrent.SingleThreadEventExecutor$4.run(SingleThreadEventExecutor.java:997)
	at io.netty.util.internal.ThreadExecutorMap$2.run(ThreadExecutorMap.java:74)
	at io.netty.util.concurrent.FastThreadLocalRunnable.run(FastThreadLocalRunnable.java:30)
	at java.lang.Thread.run(Thread.java:750)
09:24:58 [IWT-5-16] WARN  com.iteaj.iot.client.mqtt.MqttClient - 客户端(MQTT<默认>) 断线重连 - 等待重连时间：15(s) - 远程主机 127.0.0.1:1883 - 客户端标识：mqtt_gateway_env_led
09:25:15 [IWT-5-1] ERROR com.iteaj.iot.client.mqtt.MqttClient - 客户端(MQTT<默认>) 连接服务器失败 - 远程主机 127.0.0.1:1883 - 客户端标识：mqtt_gateway_env_led
io.netty.channel.AbstractChannel$AnnotatedConnectException: Connection refused: no further information: /127.0.0.1:1883
Caused by: java.net.ConnectException: Connection refused: no further information
	at sun.nio.ch.SocketChannelImpl.checkConnect(Native Method)
	at sun.nio.ch.SocketChannelImpl.finishConnect(SocketChannelImpl.java:716)
	at io.netty.channel.socket.nio.NioSocketChannel.doFinishConnect(NioSocketChannel.java:337)
	at io.netty.channel.nio.AbstractNioChannel$AbstractNioUnsafe.finishConnect(AbstractNioChannel.java:334)
	at io.netty.channel.nio.NioEventLoop.processSelectedKey(NioEventLoop.java:710)
	at io.netty.channel.nio.NioEventLoop.processSelectedKeysOptimized(NioEventLoop.java:658)
	at io.netty.channel.nio.NioEventLoop.processSelectedKeys(NioEventLoop.java:584)
	at io.netty.channel.nio.NioEventLoop.run(NioEventLoop.java:496)
	at io.netty.util.concurrent.SingleThreadEventExecutor$4.run(SingleThreadEventExecutor.java:997)
	at io.netty.util.internal.ThreadExecutorMap$2.run(ThreadExecutorMap.java:74)
	at io.netty.util.concurrent.FastThreadLocalRunnable.run(FastThreadLocalRunnable.java:30)
	at java.lang.Thread.run(Thread.java:750)
09:25:15 [IWT-5-1] WARN  com.iteaj.iot.client.mqtt.MqttClient - 客户端(MQTT<默认>) 断线重连 - 等待重连时间：15(s) - 远程主机 127.0.0.1:1883 - 客户端标识：mqtt_gateway_env_led
09:25:32 [IWT-5-2] ERROR com.iteaj.iot.client.mqtt.MqttClient - 客户端(MQTT<默认>) 连接服务器失败 - 远程主机 127.0.0.1:1883 - 客户端标识：mqtt_gateway_env_led
io.netty.channel.AbstractChannel$AnnotatedConnectException: Connection refused: no further information: /127.0.0.1:1883
Caused by: java.net.ConnectException: Connection refused: no further information
	at sun.nio.ch.SocketChannelImpl.checkConnect(Native Method)
	at sun.nio.ch.SocketChannelImpl.finishConnect(SocketChannelImpl.java:716)
	at io.netty.channel.socket.nio.NioSocketChannel.doFinishConnect(NioSocketChannel.java:337)
	at io.netty.channel.nio.AbstractNioChannel$AbstractNioUnsafe.finishConnect(AbstractNioChannel.java:334)
	at io.netty.channel.nio.NioEventLoop.processSelectedKey(NioEventLoop.java:710)
	at io.netty.channel.nio.NioEventLoop.processSelectedKeysOptimized(NioEventLoop.java:658)
	at io.netty.channel.nio.NioEventLoop.processSelectedKeys(NioEventLoop.java:584)
	at io.netty.channel.nio.NioEventLoop.run(NioEventLoop.java:496)
	at io.netty.util.concurrent.SingleThreadEventExecutor$4.run(SingleThreadEventExecutor.java:997)
	at io.netty.util.internal.ThreadExecutorMap$2.run(ThreadExecutorMap.java:74)
	at io.netty.util.concurrent.FastThreadLocalRunnable.run(FastThreadLocalRunnable.java:30)
	at java.lang.Thread.run(Thread.java:750)
09:25:32 [IWT-5-2] WARN  com.iteaj.iot.client.mqtt.MqttClient - 客户端(MQTT<默认>) 断线重连 - 等待重连时间：15(s) - 远程主机 127.0.0.1:1883 - 客户端标识：mqtt_gateway_env_led
09:25:49 [IWT-5-3] ERROR com.iteaj.iot.client.mqtt.MqttClient - 客户端(MQTT<默认>) 连接服务器失败 - 远程主机 127.0.0.1:1883 - 客户端标识：mqtt_gateway_env_led
io.netty.channel.AbstractChannel$AnnotatedConnectException: Connection refused: no further information: /127.0.0.1:1883
Caused by: java.net.ConnectException: Connection refused: no further information
	at sun.nio.ch.SocketChannelImpl.checkConnect(Native Method)
	at sun.nio.ch.SocketChannelImpl.finishConnect(SocketChannelImpl.java:716)
	at io.netty.channel.socket.nio.NioSocketChannel.doFinishConnect(NioSocketChannel.java:337)
	at io.netty.channel.nio.AbstractNioChannel$AbstractNioUnsafe.finishConnect(AbstractNioChannel.java:334)
	at io.netty.channel.nio.NioEventLoop.processSelectedKey(NioEventLoop.java:710)
	at io.netty.channel.nio.NioEventLoop.processSelectedKeysOptimized(NioEventLoop.java:658)
	at io.netty.channel.nio.NioEventLoop.processSelectedKeys(NioEventLoop.java:584)
	at io.netty.channel.nio.NioEventLoop.run(NioEventLoop.java:496)
	at io.netty.util.concurrent.SingleThreadEventExecutor$4.run(SingleThreadEventExecutor.java:997)
	at io.netty.util.internal.ThreadExecutorMap$2.run(ThreadExecutorMap.java:74)
	at io.netty.util.concurrent.FastThreadLocalRunnable.run(FastThreadLocalRunnable.java:30)
	at java.lang.Thread.run(Thread.java:750)
09:25:49 [IWT-5-3] WARN  com.iteaj.iot.client.mqtt.MqttClient - 客户端(MQTT<默认>) 断线重连 - 等待重连时间：15(s) - 远程主机 127.0.0.1:1883 - 客户端标识：mqtt_gateway_env_led
09:26:07 [IWT-5-4] ERROR com.iteaj.iot.client.mqtt.MqttClient - 客户端(MQTT<默认>) 连接服务器失败 - 远程主机 127.0.0.1:1883 - 客户端标识：mqtt_gateway_env_led
io.netty.channel.AbstractChannel$AnnotatedConnectException: Connection refused: no further information: /127.0.0.1:1883
Caused by: java.net.ConnectException: Connection refused: no further information
	at sun.nio.ch.SocketChannelImpl.checkConnect(Native Method)
	at sun.nio.ch.SocketChannelImpl.finishConnect(SocketChannelImpl.java:716)
	at io.netty.channel.socket.nio.NioSocketChannel.doFinishConnect(NioSocketChannel.java:337)
	at io.netty.channel.nio.AbstractNioChannel$AbstractNioUnsafe.finishConnect(AbstractNioChannel.java:334)
	at io.netty.channel.nio.NioEventLoop.processSelectedKey(NioEventLoop.java:710)
	at io.netty.channel.nio.NioEventLoop.processSelectedKeysOptimized(NioEventLoop.java:658)
	at io.netty.channel.nio.NioEventLoop.processSelectedKeys(NioEventLoop.java:584)
	at io.netty.channel.nio.NioEventLoop.run(NioEventLoop.java:496)
	at io.netty.util.concurrent.SingleThreadEventExecutor$4.run(SingleThreadEventExecutor.java:997)
	at io.netty.util.internal.ThreadExecutorMap$2.run(ThreadExecutorMap.java:74)
	at io.netty.util.concurrent.FastThreadLocalRunnable.run(FastThreadLocalRunnable.java:30)
	at java.lang.Thread.run(Thread.java:750)
09:26:07 [IWT-5-4] WARN  com.iteaj.iot.client.mqtt.MqttClient - 客户端(MQTT<默认>) 断线重连 - 等待重连时间：15(s) - 远程主机 127.0.0.1:1883 - 客户端标识：mqtt_gateway_env_led
09:26:24 [IWT-5-5] ERROR com.iteaj.iot.client.mqtt.MqttClient - 客户端(MQTT<默认>) 连接服务器失败 - 远程主机 127.0.0.1:1883 - 客户端标识：mqtt_gateway_env_led
io.netty.channel.AbstractChannel$AnnotatedConnectException: Connection refused: no further information: /127.0.0.1:1883
Caused by: java.net.ConnectException: Connection refused: no further information
	at sun.nio.ch.SocketChannelImpl.checkConnect(Native Method)
	at sun.nio.ch.SocketChannelImpl.finishConnect(SocketChannelImpl.java:716)
	at io.netty.channel.socket.nio.NioSocketChannel.doFinishConnect(NioSocketChannel.java:337)
	at io.netty.channel.nio.AbstractNioChannel$AbstractNioUnsafe.finishConnect(AbstractNioChannel.java:334)
	at io.netty.channel.nio.NioEventLoop.processSelectedKey(NioEventLoop.java:710)
	at io.netty.channel.nio.NioEventLoop.processSelectedKeysOptimized(NioEventLoop.java:658)
	at io.netty.channel.nio.NioEventLoop.processSelectedKeys(NioEventLoop.java:584)
	at io.netty.channel.nio.NioEventLoop.run(NioEventLoop.java:496)
	at io.netty.util.concurrent.SingleThreadEventExecutor$4.run(SingleThreadEventExecutor.java:997)
	at io.netty.util.internal.ThreadExecutorMap$2.run(ThreadExecutorMap.java:74)
	at io.netty.util.concurrent.FastThreadLocalRunnable.run(FastThreadLocalRunnable.java:30)
	at java.lang.Thread.run(Thread.java:750)
09:26:24 [IWT-5-5] WARN  com.iteaj.iot.client.mqtt.MqttClient - 客户端(MQTT<默认>) 断线重连 - 等待重连时间：15(s) - 远程主机 127.0.0.1:1883 - 客户端标识：mqtt_gateway_env_led
09:26:41 [IWT-5-6] ERROR com.iteaj.iot.client.mqtt.MqttClient - 客户端(MQTT<默认>) 连接服务器失败 - 远程主机 127.0.0.1:1883 - 客户端标识：mqtt_gateway_env_led
io.netty.channel.AbstractChannel$AnnotatedConnectException: Connection refused: no further information: /127.0.0.1:1883
Caused by: java.net.ConnectException: Connection refused: no further information
	at sun.nio.ch.SocketChannelImpl.checkConnect(Native Method)
	at sun.nio.ch.SocketChannelImpl.finishConnect(SocketChannelImpl.java:716)
	at io.netty.channel.socket.nio.NioSocketChannel.doFinishConnect(NioSocketChannel.java:337)
	at io.netty.channel.nio.AbstractNioChannel$AbstractNioUnsafe.finishConnect(AbstractNioChannel.java:334)
	at io.netty.channel.nio.NioEventLoop.processSelectedKey(NioEventLoop.java:710)
	at io.netty.channel.nio.NioEventLoop.processSelectedKeysOptimized(NioEventLoop.java:658)
	at io.netty.channel.nio.NioEventLoop.processSelectedKeys(NioEventLoop.java:584)
	at io.netty.channel.nio.NioEventLoop.run(NioEventLoop.java:496)
	at io.netty.util.concurrent.SingleThreadEventExecutor$4.run(SingleThreadEventExecutor.java:997)
	at io.netty.util.internal.ThreadExecutorMap$2.run(ThreadExecutorMap.java:74)
	at io.netty.util.concurrent.FastThreadLocalRunnable.run(FastThreadLocalRunnable.java:30)
	at java.lang.Thread.run(Thread.java:750)
09:26:41 [IWT-5-6] WARN  com.iteaj.iot.client.mqtt.MqttClient - 客户端(MQTT<默认>) 断线重连 - 等待重连时间：15(s) - 远程主机 127.0.0.1:1883 - 客户端标识：mqtt_gateway_env_led
09:26:58 [IWT-5-7] ERROR com.iteaj.iot.client.mqtt.MqttClient - 客户端(MQTT<默认>) 连接服务器失败 - 远程主机 127.0.0.1:1883 - 客户端标识：mqtt_gateway_env_led
io.netty.channel.AbstractChannel$AnnotatedConnectException: Connection refused: no further information: /127.0.0.1:1883
Caused by: java.net.ConnectException: Connection refused: no further information
	at sun.nio.ch.SocketChannelImpl.checkConnect(Native Method)
	at sun.nio.ch.SocketChannelImpl.finishConnect(SocketChannelImpl.java:716)
	at io.netty.channel.socket.nio.NioSocketChannel.doFinishConnect(NioSocketChannel.java:337)
	at io.netty.channel.nio.AbstractNioChannel$AbstractNioUnsafe.finishConnect(AbstractNioChannel.java:334)
	at io.netty.channel.nio.NioEventLoop.processSelectedKey(NioEventLoop.java:710)
	at io.netty.channel.nio.NioEventLoop.processSelectedKeysOptimized(NioEventLoop.java:658)
	at io.netty.channel.nio.NioEventLoop.processSelectedKeys(NioEventLoop.java:584)
	at io.netty.channel.nio.NioEventLoop.run(NioEventLoop.java:496)
	at io.netty.util.concurrent.SingleThreadEventExecutor$4.run(SingleThreadEventExecutor.java:997)
	at io.netty.util.internal.ThreadExecutorMap$2.run(ThreadExecutorMap.java:74)
	at io.netty.util.concurrent.FastThreadLocalRunnable.run(FastThreadLocalRunnable.java:30)
	at java.lang.Thread.run(Thread.java:750)
09:26:58 [IWT-5-7] WARN  com.iteaj.iot.client.mqtt.MqttClient - 客户端(MQTT<默认>) 断线重连 - 等待重连时间：15(s) - 远程主机 127.0.0.1:1883 - 客户端标识：mqtt_gateway_env_led
09:27:15 [IWT-5-8] ERROR com.iteaj.iot.client.mqtt.MqttClient - 客户端(MQTT<默认>) 连接服务器失败 - 远程主机 127.0.0.1:1883 - 客户端标识：mqtt_gateway_env_led
io.netty.channel.AbstractChannel$AnnotatedConnectException: Connection refused: no further information: /127.0.0.1:1883
Caused by: java.net.ConnectException: Connection refused: no further information
	at sun.nio.ch.SocketChannelImpl.checkConnect(Native Method)
	at sun.nio.ch.SocketChannelImpl.finishConnect(SocketChannelImpl.java:716)
	at io.netty.channel.socket.nio.NioSocketChannel.doFinishConnect(NioSocketChannel.java:337)
	at io.netty.channel.nio.AbstractNioChannel$AbstractNioUnsafe.finishConnect(AbstractNioChannel.java:334)
	at io.netty.channel.nio.NioEventLoop.processSelectedKey(NioEventLoop.java:710)
	at io.netty.channel.nio.NioEventLoop.processSelectedKeysOptimized(NioEventLoop.java:658)
	at io.netty.channel.nio.NioEventLoop.processSelectedKeys(NioEventLoop.java:584)
	at io.netty.channel.nio.NioEventLoop.run(NioEventLoop.java:496)
	at io.netty.util.concurrent.SingleThreadEventExecutor$4.run(SingleThreadEventExecutor.java:997)
	at io.netty.util.internal.ThreadExecutorMap$2.run(ThreadExecutorMap.java:74)
	at io.netty.util.concurrent.FastThreadLocalRunnable.run(FastThreadLocalRunnable.java:30)
	at java.lang.Thread.run(Thread.java:750)
09:27:15 [IWT-5-8] WARN  com.iteaj.iot.client.mqtt.MqttClient - 客户端(MQTT<默认>) 断线重连 - 等待重连时间：15(s) - 远程主机 127.0.0.1:1883 - 客户端标识：mqtt_gateway_env_led
09:27:32 [IWT-5-9] ERROR com.iteaj.iot.client.mqtt.MqttClient - 客户端(MQTT<默认>) 连接服务器失败 - 远程主机 127.0.0.1:1883 - 客户端标识：mqtt_gateway_env_led
io.netty.channel.AbstractChannel$AnnotatedConnectException: Connection refused: no further information: /127.0.0.1:1883
Caused by: java.net.ConnectException: Connection refused: no further information
	at sun.nio.ch.SocketChannelImpl.checkConnect(Native Method)
	at sun.nio.ch.SocketChannelImpl.finishConnect(SocketChannelImpl.java:716)
	at io.netty.channel.socket.nio.NioSocketChannel.doFinishConnect(NioSocketChannel.java:337)
	at io.netty.channel.nio.AbstractNioChannel$AbstractNioUnsafe.finishConnect(AbstractNioChannel.java:334)
	at io.netty.channel.nio.NioEventLoop.processSelectedKey(NioEventLoop.java:710)
	at io.netty.channel.nio.NioEventLoop.processSelectedKeysOptimized(NioEventLoop.java:658)
	at io.netty.channel.nio.NioEventLoop.processSelectedKeys(NioEventLoop.java:584)
	at io.netty.channel.nio.NioEventLoop.run(NioEventLoop.java:496)
	at io.netty.util.concurrent.SingleThreadEventExecutor$4.run(SingleThreadEventExecutor.java:997)
	at io.netty.util.internal.ThreadExecutorMap$2.run(ThreadExecutorMap.java:74)
	at io.netty.util.concurrent.FastThreadLocalRunnable.run(FastThreadLocalRunnable.java:30)
	at java.lang.Thread.run(Thread.java:750)
09:27:32 [IWT-5-9] WARN  com.iteaj.iot.client.mqtt.MqttClient - 客户端(MQTT<默认>) 断线重连 - 等待重连时间：15(s) - 远程主机 127.0.0.1:1883 - 客户端标识：mqtt_gateway_env_led
09:27:49 [IWT-5-10] ERROR com.iteaj.iot.client.mqtt.MqttClient - 客户端(MQTT<默认>) 连接服务器失败 - 远程主机 127.0.0.1:1883 - 客户端标识：mqtt_gateway_env_led
io.netty.channel.AbstractChannel$AnnotatedConnectException: Connection refused: no further information: /127.0.0.1:1883
Caused by: java.net.ConnectException: Connection refused: no further information
	at sun.nio.ch.SocketChannelImpl.checkConnect(Native Method)
	at sun.nio.ch.SocketChannelImpl.finishConnect(SocketChannelImpl.java:716)
	at io.netty.channel.socket.nio.NioSocketChannel.doFinishConnect(NioSocketChannel.java:337)
	at io.netty.channel.nio.AbstractNioChannel$AbstractNioUnsafe.finishConnect(AbstractNioChannel.java:334)
	at io.netty.channel.nio.NioEventLoop.processSelectedKey(NioEventLoop.java:710)
	at io.netty.channel.nio.NioEventLoop.processSelectedKeysOptimized(NioEventLoop.java:658)
	at io.netty.channel.nio.NioEventLoop.processSelectedKeys(NioEventLoop.java:584)
	at io.netty.channel.nio.NioEventLoop.run(NioEventLoop.java:496)
	at io.netty.util.concurrent.SingleThreadEventExecutor$4.run(SingleThreadEventExecutor.java:997)
	at io.netty.util.internal.ThreadExecutorMap$2.run(ThreadExecutorMap.java:74)
	at io.netty.util.concurrent.FastThreadLocalRunnable.run(FastThreadLocalRunnable.java:30)
	at java.lang.Thread.run(Thread.java:750)
09:27:49 [IWT-5-10] WARN  com.iteaj.iot.client.mqtt.MqttClient - 客户端(MQTT<默认>) 断线重连 - 等待重连时间：15(s) - 远程主机 127.0.0.1:1883 - 客户端标识：mqtt_gateway_env_led
09:28:07 [IWT-5-11] ERROR com.iteaj.iot.client.mqtt.MqttClient - 客户端(MQTT<默认>) 连接服务器失败 - 远程主机 127.0.0.1:1883 - 客户端标识：mqtt_gateway_env_led
io.netty.channel.AbstractChannel$AnnotatedConnectException: Connection refused: no further information: /127.0.0.1:1883
Caused by: java.net.ConnectException: Connection refused: no further information
	at sun.nio.ch.SocketChannelImpl.checkConnect(Native Method)
	at sun.nio.ch.SocketChannelImpl.finishConnect(SocketChannelImpl.java:716)
	at io.netty.channel.socket.nio.NioSocketChannel.doFinishConnect(NioSocketChannel.java:337)
	at io.netty.channel.nio.AbstractNioChannel$AbstractNioUnsafe.finishConnect(AbstractNioChannel.java:334)
	at io.netty.channel.nio.NioEventLoop.processSelectedKey(NioEventLoop.java:710)
	at io.netty.channel.nio.NioEventLoop.processSelectedKeysOptimized(NioEventLoop.java:658)
	at io.netty.channel.nio.NioEventLoop.processSelectedKeys(NioEventLoop.java:584)
	at io.netty.channel.nio.NioEventLoop.run(NioEventLoop.java:496)
	at io.netty.util.concurrent.SingleThreadEventExecutor$4.run(SingleThreadEventExecutor.java:997)
	at io.netty.util.internal.ThreadExecutorMap$2.run(ThreadExecutorMap.java:74)
	at io.netty.util.concurrent.FastThreadLocalRunnable.run(FastThreadLocalRunnable.java:30)
	at java.lang.Thread.run(Thread.java:750)
09:28:07 [IWT-5-11] WARN  com.iteaj.iot.client.mqtt.MqttClient - 客户端(MQTT<默认>) 断线重连 - 等待重连时间：15(s) - 远程主机 127.0.0.1:1883 - 客户端标识：mqtt_gateway_env_led
09:28:24 [IWT-5-12] ERROR com.iteaj.iot.client.mqtt.MqttClient - 客户端(MQTT<默认>) 连接服务器失败 - 远程主机 127.0.0.1:1883 - 客户端标识：mqtt_gateway_env_led
io.netty.channel.AbstractChannel$AnnotatedConnectException: Connection refused: no further information: /127.0.0.1:1883
Caused by: java.net.ConnectException: Connection refused: no further information
	at sun.nio.ch.SocketChannelImpl.checkConnect(Native Method)
	at sun.nio.ch.SocketChannelImpl.finishConnect(SocketChannelImpl.java:716)
	at io.netty.channel.socket.nio.NioSocketChannel.doFinishConnect(NioSocketChannel.java:337)
	at io.netty.channel.nio.AbstractNioChannel$AbstractNioUnsafe.finishConnect(AbstractNioChannel.java:334)
	at io.netty.channel.nio.NioEventLoop.processSelectedKey(NioEventLoop.java:710)
	at io.netty.channel.nio.NioEventLoop.processSelectedKeysOptimized(NioEventLoop.java:658)
	at io.netty.channel.nio.NioEventLoop.processSelectedKeys(NioEventLoop.java:584)
	at io.netty.channel.nio.NioEventLoop.run(NioEventLoop.java:496)
	at io.netty.util.concurrent.SingleThreadEventExecutor$4.run(SingleThreadEventExecutor.java:997)
	at io.netty.util.internal.ThreadExecutorMap$2.run(ThreadExecutorMap.java:74)
	at io.netty.util.concurrent.FastThreadLocalRunnable.run(FastThreadLocalRunnable.java:30)
	at java.lang.Thread.run(Thread.java:750)
09:28:24 [IWT-5-12] WARN  com.iteaj.iot.client.mqtt.MqttClient - 客户端(MQTT<默认>) 断线重连 - 等待重连时间：15(s) - 远程主机 127.0.0.1:1883 - 客户端标识：mqtt_gateway_env_led
09:28:41 [IWT-5-13] ERROR com.iteaj.iot.client.mqtt.MqttClient - 客户端(MQTT<默认>) 连接服务器失败 - 远程主机 127.0.0.1:1883 - 客户端标识：mqtt_gateway_env_led
io.netty.channel.AbstractChannel$AnnotatedConnectException: Connection refused: no further information: /127.0.0.1:1883
Caused by: java.net.ConnectException: Connection refused: no further information
	at sun.nio.ch.SocketChannelImpl.checkConnect(Native Method)
	at sun.nio.ch.SocketChannelImpl.finishConnect(SocketChannelImpl.java:716)
	at io.netty.channel.socket.nio.NioSocketChannel.doFinishConnect(NioSocketChannel.java:337)
	at io.netty.channel.nio.AbstractNioChannel$AbstractNioUnsafe.finishConnect(AbstractNioChannel.java:334)
	at io.netty.channel.nio.NioEventLoop.processSelectedKey(NioEventLoop.java:710)
	at io.netty.channel.nio.NioEventLoop.processSelectedKeysOptimized(NioEventLoop.java:658)
	at io.netty.channel.nio.NioEventLoop.processSelectedKeys(NioEventLoop.java:584)
	at io.netty.channel.nio.NioEventLoop.run(NioEventLoop.java:496)
	at io.netty.util.concurrent.SingleThreadEventExecutor$4.run(SingleThreadEventExecutor.java:997)
	at io.netty.util.internal.ThreadExecutorMap$2.run(ThreadExecutorMap.java:74)
	at io.netty.util.concurrent.FastThreadLocalRunnable.run(FastThreadLocalRunnable.java:30)
	at java.lang.Thread.run(Thread.java:750)
09:28:41 [IWT-5-13] WARN  com.iteaj.iot.client.mqtt.MqttClient - 客户端(MQTT<默认>) 断线重连 - 等待重连时间：15(s) - 远程主机 127.0.0.1:1883 - 客户端标识：mqtt_gateway_env_led
09:28:58 [IWT-5-14] ERROR com.iteaj.iot.client.mqtt.MqttClient - 客户端(MQTT<默认>) 连接服务器失败 - 远程主机 127.0.0.1:1883 - 客户端标识：mqtt_gateway_env_led
io.netty.channel.AbstractChannel$AnnotatedConnectException: Connection refused: no further information: /127.0.0.1:1883
Caused by: java.net.ConnectException: Connection refused: no further information
	at sun.nio.ch.SocketChannelImpl.checkConnect(Native Method)
	at sun.nio.ch.SocketChannelImpl.finishConnect(SocketChannelImpl.java:716)
	at io.netty.channel.socket.nio.NioSocketChannel.doFinishConnect(NioSocketChannel.java:337)
	at io.netty.channel.nio.AbstractNioChannel$AbstractNioUnsafe.finishConnect(AbstractNioChannel.java:334)
	at io.netty.channel.nio.NioEventLoop.processSelectedKey(NioEventLoop.java:710)
	at io.netty.channel.nio.NioEventLoop.processSelectedKeysOptimized(NioEventLoop.java:658)
	at io.netty.channel.nio.NioEventLoop.processSelectedKeys(NioEventLoop.java:584)
	at io.netty.channel.nio.NioEventLoop.run(NioEventLoop.java:496)
	at io.netty.util.concurrent.SingleThreadEventExecutor$4.run(SingleThreadEventExecutor.java:997)
	at io.netty.util.internal.ThreadExecutorMap$2.run(ThreadExecutorMap.java:74)
	at io.netty.util.concurrent.FastThreadLocalRunnable.run(FastThreadLocalRunnable.java:30)
	at java.lang.Thread.run(Thread.java:750)
09:28:58 [IWT-5-14] WARN  com.iteaj.iot.client.mqtt.MqttClient - 客户端(MQTT<默认>) 断线重连 - 等待重连时间：15(s) - 远程主机 127.0.0.1:1883 - 客户端标识：mqtt_gateway_env_led
09:29:15 [IWT-5-15] ERROR com.iteaj.iot.client.mqtt.MqttClient - 客户端(MQTT<默认>) 连接服务器失败 - 远程主机 127.0.0.1:1883 - 客户端标识：mqtt_gateway_env_led
io.netty.channel.AbstractChannel$AnnotatedConnectException: Connection refused: no further information: /127.0.0.1:1883
Caused by: java.net.ConnectException: Connection refused: no further information
	at sun.nio.ch.SocketChannelImpl.checkConnect(Native Method)
	at sun.nio.ch.SocketChannelImpl.finishConnect(SocketChannelImpl.java:716)
	at io.netty.channel.socket.nio.NioSocketChannel.doFinishConnect(NioSocketChannel.java:337)
	at io.netty.channel.nio.AbstractNioChannel$AbstractNioUnsafe.finishConnect(AbstractNioChannel.java:334)
	at io.netty.channel.nio.NioEventLoop.processSelectedKey(NioEventLoop.java:710)
	at io.netty.channel.nio.NioEventLoop.processSelectedKeysOptimized(NioEventLoop.java:658)
	at io.netty.channel.nio.NioEventLoop.processSelectedKeys(NioEventLoop.java:584)
	at io.netty.channel.nio.NioEventLoop.run(NioEventLoop.java:496)
	at io.netty.util.concurrent.SingleThreadEventExecutor$4.run(SingleThreadEventExecutor.java:997)
	at io.netty.util.internal.ThreadExecutorMap$2.run(ThreadExecutorMap.java:74)
	at io.netty.util.concurrent.FastThreadLocalRunnable.run(FastThreadLocalRunnable.java:30)
	at java.lang.Thread.run(Thread.java:750)
09:29:15 [IWT-5-15] WARN  com.iteaj.iot.client.mqtt.MqttClient - 客户端(MQTT<默认>) 断线重连 - 等待重连时间：15(s) - 远程主机 127.0.0.1:1883 - 客户端标识：mqtt_gateway_env_led
09:29:32 [IWT-5-16] ERROR com.iteaj.iot.client.mqtt.MqttClient - 客户端(MQTT<默认>) 连接服务器失败 - 远程主机 127.0.0.1:1883 - 客户端标识：mqtt_gateway_env_led
io.netty.channel.AbstractChannel$AnnotatedConnectException: Connection refused: no further information: /127.0.0.1:1883
Caused by: java.net.ConnectException: Connection refused: no further information
	at sun.nio.ch.SocketChannelImpl.checkConnect(Native Method)
	at sun.nio.ch.SocketChannelImpl.finishConnect(SocketChannelImpl.java:716)
	at io.netty.channel.socket.nio.NioSocketChannel.doFinishConnect(NioSocketChannel.java:337)
	at io.netty.channel.nio.AbstractNioChannel$AbstractNioUnsafe.finishConnect(AbstractNioChannel.java:334)
	at io.netty.channel.nio.NioEventLoop.processSelectedKey(NioEventLoop.java:710)
	at io.netty.channel.nio.NioEventLoop.processSelectedKeysOptimized(NioEventLoop.java:658)
	at io.netty.channel.nio.NioEventLoop.processSelectedKeys(NioEventLoop.java:584)
	at io.netty.channel.nio.NioEventLoop.run(NioEventLoop.java:496)
	at io.netty.util.concurrent.SingleThreadEventExecutor$4.run(SingleThreadEventExecutor.java:997)
	at io.netty.util.internal.ThreadExecutorMap$2.run(ThreadExecutorMap.java:74)
	at io.netty.util.concurrent.FastThreadLocalRunnable.run(FastThreadLocalRunnable.java:30)
	at java.lang.Thread.run(Thread.java:750)
09:29:32 [IWT-5-16] WARN  com.iteaj.iot.client.mqtt.MqttClient - 客户端(MQTT<默认>) 断线重连 - 等待重连时间：15(s) - 远程主机 127.0.0.1:1883 - 客户端标识：mqtt_gateway_env_led
09:29:49 [IWT-5-1] ERROR com.iteaj.iot.client.mqtt.MqttClient - 客户端(MQTT<默认>) 连接服务器失败 - 远程主机 127.0.0.1:1883 - 客户端标识：mqtt_gateway_env_led
io.netty.channel.AbstractChannel$AnnotatedConnectException: Connection refused: no further information: /127.0.0.1:1883
Caused by: java.net.ConnectException: Connection refused: no further information
	at sun.nio.ch.SocketChannelImpl.checkConnect(Native Method)
	at sun.nio.ch.SocketChannelImpl.finishConnect(SocketChannelImpl.java:716)
	at io.netty.channel.socket.nio.NioSocketChannel.doFinishConnect(NioSocketChannel.java:337)
	at io.netty.channel.nio.AbstractNioChannel$AbstractNioUnsafe.finishConnect(AbstractNioChannel.java:334)
	at io.netty.channel.nio.NioEventLoop.processSelectedKey(NioEventLoop.java:710)
	at io.netty.channel.nio.NioEventLoop.processSelectedKeysOptimized(NioEventLoop.java:658)
	at io.netty.channel.nio.NioEventLoop.processSelectedKeys(NioEventLoop.java:584)
	at io.netty.channel.nio.NioEventLoop.run(NioEventLoop.java:496)
	at io.netty.util.concurrent.SingleThreadEventExecutor$4.run(SingleThreadEventExecutor.java:997)
	at io.netty.util.internal.ThreadExecutorMap$2.run(ThreadExecutorMap.java:74)
	at io.netty.util.concurrent.FastThreadLocalRunnable.run(FastThreadLocalRunnable.java:30)
	at java.lang.Thread.run(Thread.java:750)
09:29:49 [IWT-5-1] WARN  com.iteaj.iot.client.mqtt.MqttClient - 客户端(MQTT<默认>) 断线重连 - 等待重连时间：15(s) - 远程主机 127.0.0.1:1883 - 客户端标识：mqtt_gateway_env_led
09:30:06 [IWT-5-2] ERROR com.iteaj.iot.client.mqtt.MqttClient - 客户端(MQTT<默认>) 连接服务器失败 - 远程主机 127.0.0.1:1883 - 客户端标识：mqtt_gateway_env_led
io.netty.channel.AbstractChannel$AnnotatedConnectException: Connection refused: no further information: /127.0.0.1:1883
Caused by: java.net.ConnectException: Connection refused: no further information
	at sun.nio.ch.SocketChannelImpl.checkConnect(Native Method)
	at sun.nio.ch.SocketChannelImpl.finishConnect(SocketChannelImpl.java:716)
	at io.netty.channel.socket.nio.NioSocketChannel.doFinishConnect(NioSocketChannel.java:337)
	at io.netty.channel.nio.AbstractNioChannel$AbstractNioUnsafe.finishConnect(AbstractNioChannel.java:334)
	at io.netty.channel.nio.NioEventLoop.processSelectedKey(NioEventLoop.java:710)
	at io.netty.channel.nio.NioEventLoop.processSelectedKeysOptimized(NioEventLoop.java:658)
	at io.netty.channel.nio.NioEventLoop.processSelectedKeys(NioEventLoop.java:584)
	at io.netty.channel.nio.NioEventLoop.run(NioEventLoop.java:496)
	at io.netty.util.concurrent.SingleThreadEventExecutor$4.run(SingleThreadEventExecutor.java:997)
	at io.netty.util.internal.ThreadExecutorMap$2.run(ThreadExecutorMap.java:74)
	at io.netty.util.concurrent.FastThreadLocalRunnable.run(FastThreadLocalRunnable.java:30)
	at java.lang.Thread.run(Thread.java:750)
09:30:06 [IWT-5-2] WARN  com.iteaj.iot.client.mqtt.MqttClient - 客户端(MQTT<默认>) 断线重连 - 等待重连时间：15(s) - 远程主机 127.0.0.1:1883 - 客户端标识：mqtt_gateway_env_led
09:30:23 [IWT-5-3] ERROR com.iteaj.iot.client.mqtt.MqttClient - 客户端(MQTT<默认>) 连接服务器失败 - 远程主机 127.0.0.1:1883 - 客户端标识：mqtt_gateway_env_led
io.netty.channel.AbstractChannel$AnnotatedConnectException: Connection refused: no further information: /127.0.0.1:1883
Caused by: java.net.ConnectException: Connection refused: no further information
	at sun.nio.ch.SocketChannelImpl.checkConnect(Native Method)
	at sun.nio.ch.SocketChannelImpl.finishConnect(SocketChannelImpl.java:716)
	at io.netty.channel.socket.nio.NioSocketChannel.doFinishConnect(NioSocketChannel.java:337)
	at io.netty.channel.nio.AbstractNioChannel$AbstractNioUnsafe.finishConnect(AbstractNioChannel.java:334)
	at io.netty.channel.nio.NioEventLoop.processSelectedKey(NioEventLoop.java:710)
	at io.netty.channel.nio.NioEventLoop.processSelectedKeysOptimized(NioEventLoop.java:658)
	at io.netty.channel.nio.NioEventLoop.processSelectedKeys(NioEventLoop.java:584)
	at io.netty.channel.nio.NioEventLoop.run(NioEventLoop.java:496)
	at io.netty.util.concurrent.SingleThreadEventExecutor$4.run(SingleThreadEventExecutor.java:997)
	at io.netty.util.internal.ThreadExecutorMap$2.run(ThreadExecutorMap.java:74)
	at io.netty.util.concurrent.FastThreadLocalRunnable.run(FastThreadLocalRunnable.java:30)
	at java.lang.Thread.run(Thread.java:750)
09:30:23 [IWT-5-3] WARN  com.iteaj.iot.client.mqtt.MqttClient - 客户端(MQTT<默认>) 断线重连 - 等待重连时间：15(s) - 远程主机 127.0.0.1:1883 - 客户端标识：mqtt_gateway_env_led
09:30:41 [IWT-5-4] ERROR com.iteaj.iot.client.mqtt.MqttClient - 客户端(MQTT<默认>) 连接服务器失败 - 远程主机 127.0.0.1:1883 - 客户端标识：mqtt_gateway_env_led
io.netty.channel.AbstractChannel$AnnotatedConnectException: Connection refused: no further information: /127.0.0.1:1883
Caused by: java.net.ConnectException: Connection refused: no further information
	at sun.nio.ch.SocketChannelImpl.checkConnect(Native Method)
	at sun.nio.ch.SocketChannelImpl.finishConnect(SocketChannelImpl.java:716)
	at io.netty.channel.socket.nio.NioSocketChannel.doFinishConnect(NioSocketChannel.java:337)
	at io.netty.channel.nio.AbstractNioChannel$AbstractNioUnsafe.finishConnect(AbstractNioChannel.java:334)
	at io.netty.channel.nio.NioEventLoop.processSelectedKey(NioEventLoop.java:710)
	at io.netty.channel.nio.NioEventLoop.processSelectedKeysOptimized(NioEventLoop.java:658)
	at io.netty.channel.nio.NioEventLoop.processSelectedKeys(NioEventLoop.java:584)
	at io.netty.channel.nio.NioEventLoop.run(NioEventLoop.java:496)
	at io.netty.util.concurrent.SingleThreadEventExecutor$4.run(SingleThreadEventExecutor.java:997)
	at io.netty.util.internal.ThreadExecutorMap$2.run(ThreadExecutorMap.java:74)
	at io.netty.util.concurrent.FastThreadLocalRunnable.run(FastThreadLocalRunnable.java:30)
	at java.lang.Thread.run(Thread.java:750)
09:30:41 [IWT-5-4] WARN  com.iteaj.iot.client.mqtt.MqttClient - 客户端(MQTT<默认>) 断线重连 - 等待重连时间：15(s) - 远程主机 127.0.0.1:1883 - 客户端标识：mqtt_gateway_env_led
09:30:58 [IWT-5-5] ERROR com.iteaj.iot.client.mqtt.MqttClient - 客户端(MQTT<默认>) 连接服务器失败 - 远程主机 127.0.0.1:1883 - 客户端标识：mqtt_gateway_env_led
io.netty.channel.AbstractChannel$AnnotatedConnectException: Connection refused: no further information: /127.0.0.1:1883
Caused by: java.net.ConnectException: Connection refused: no further information
	at sun.nio.ch.SocketChannelImpl.checkConnect(Native Method)
	at sun.nio.ch.SocketChannelImpl.finishConnect(SocketChannelImpl.java:716)
	at io.netty.channel.socket.nio.NioSocketChannel.doFinishConnect(NioSocketChannel.java:337)
	at io.netty.channel.nio.AbstractNioChannel$AbstractNioUnsafe.finishConnect(AbstractNioChannel.java:334)
	at io.netty.channel.nio.NioEventLoop.processSelectedKey(NioEventLoop.java:710)
	at io.netty.channel.nio.NioEventLoop.processSelectedKeysOptimized(NioEventLoop.java:658)
	at io.netty.channel.nio.NioEventLoop.processSelectedKeys(NioEventLoop.java:584)
	at io.netty.channel.nio.NioEventLoop.run(NioEventLoop.java:496)
	at io.netty.util.concurrent.SingleThreadEventExecutor$4.run(SingleThreadEventExecutor.java:997)
	at io.netty.util.internal.ThreadExecutorMap$2.run(ThreadExecutorMap.java:74)
	at io.netty.util.concurrent.FastThreadLocalRunnable.run(FastThreadLocalRunnable.java:30)
	at java.lang.Thread.run(Thread.java:750)
09:30:58 [IWT-5-5] WARN  com.iteaj.iot.client.mqtt.MqttClient - 客户端(MQTT<默认>) 断线重连 - 等待重连时间：15(s) - 远程主机 127.0.0.1:1883 - 客户端标识：mqtt_gateway_env_led
09:31:15 [IWT-5-6] ERROR com.iteaj.iot.client.mqtt.MqttClient - 客户端(MQTT<默认>) 连接服务器失败 - 远程主机 127.0.0.1:1883 - 客户端标识：mqtt_gateway_env_led
io.netty.channel.AbstractChannel$AnnotatedConnectException: Connection refused: no further information: /127.0.0.1:1883
Caused by: java.net.ConnectException: Connection refused: no further information
	at sun.nio.ch.SocketChannelImpl.checkConnect(Native Method)
	at sun.nio.ch.SocketChannelImpl.finishConnect(SocketChannelImpl.java:716)
	at io.netty.channel.socket.nio.NioSocketChannel.doFinishConnect(NioSocketChannel.java:337)
	at io.netty.channel.nio.AbstractNioChannel$AbstractNioUnsafe.finishConnect(AbstractNioChannel.java:334)
	at io.netty.channel.nio.NioEventLoop.processSelectedKey(NioEventLoop.java:710)
	at io.netty.channel.nio.NioEventLoop.processSelectedKeysOptimized(NioEventLoop.java:658)
	at io.netty.channel.nio.NioEventLoop.processSelectedKeys(NioEventLoop.java:584)
	at io.netty.channel.nio.NioEventLoop.run(NioEventLoop.java:496)
	at io.netty.util.concurrent.SingleThreadEventExecutor$4.run(SingleThreadEventExecutor.java:997)
	at io.netty.util.internal.ThreadExecutorMap$2.run(ThreadExecutorMap.java:74)
	at io.netty.util.concurrent.FastThreadLocalRunnable.run(FastThreadLocalRunnable.java:30)
	at java.lang.Thread.run(Thread.java:750)
09:31:15 [IWT-5-6] WARN  com.iteaj.iot.client.mqtt.MqttClient - 客户端(MQTT<默认>) 断线重连 - 等待重连时间：15(s) - 远程主机 127.0.0.1:1883 - 客户端标识：mqtt_gateway_env_led
09:31:32 [IWT-5-7] ERROR com.iteaj.iot.client.mqtt.MqttClient - 客户端(MQTT<默认>) 连接服务器失败 - 远程主机 127.0.0.1:1883 - 客户端标识：mqtt_gateway_env_led
io.netty.channel.AbstractChannel$AnnotatedConnectException: Connection refused: no further information: /127.0.0.1:1883
Caused by: java.net.ConnectException: Connection refused: no further information
	at sun.nio.ch.SocketChannelImpl.checkConnect(Native Method)
	at sun.nio.ch.SocketChannelImpl.finishConnect(SocketChannelImpl.java:716)
	at io.netty.channel.socket.nio.NioSocketChannel.doFinishConnect(NioSocketChannel.java:337)
	at io.netty.channel.nio.AbstractNioChannel$AbstractNioUnsafe.finishConnect(AbstractNioChannel.java:334)
	at io.netty.channel.nio.NioEventLoop.processSelectedKey(NioEventLoop.java:710)
	at io.netty.channel.nio.NioEventLoop.processSelectedKeysOptimized(NioEventLoop.java:658)
	at io.netty.channel.nio.NioEventLoop.processSelectedKeys(NioEventLoop.java:584)
	at io.netty.channel.nio.NioEventLoop.run(NioEventLoop.java:496)
	at io.netty.util.concurrent.SingleThreadEventExecutor$4.run(SingleThreadEventExecutor.java:997)
	at io.netty.util.internal.ThreadExecutorMap$2.run(ThreadExecutorMap.java:74)
	at io.netty.util.concurrent.FastThreadLocalRunnable.run(FastThreadLocalRunnable.java:30)
	at java.lang.Thread.run(Thread.java:750)
09:31:32 [IWT-5-7] WARN  com.iteaj.iot.client.mqtt.MqttClient - 客户端(MQTT<默认>) 断线重连 - 等待重连时间：15(s) - 远程主机 127.0.0.1:1883 - 客户端标识：mqtt_gateway_env_led
09:31:49 [IWT-5-8] ERROR com.iteaj.iot.client.mqtt.MqttClient - 客户端(MQTT<默认>) 连接服务器失败 - 远程主机 127.0.0.1:1883 - 客户端标识：mqtt_gateway_env_led
io.netty.channel.AbstractChannel$AnnotatedConnectException: Connection refused: no further information: /127.0.0.1:1883
Caused by: java.net.ConnectException: Connection refused: no further information
	at sun.nio.ch.SocketChannelImpl.checkConnect(Native Method)
	at sun.nio.ch.SocketChannelImpl.finishConnect(SocketChannelImpl.java:716)
	at io.netty.channel.socket.nio.NioSocketChannel.doFinishConnect(NioSocketChannel.java:337)
	at io.netty.channel.nio.AbstractNioChannel$AbstractNioUnsafe.finishConnect(AbstractNioChannel.java:334)
	at io.netty.channel.nio.NioEventLoop.processSelectedKey(NioEventLoop.java:710)
	at io.netty.channel.nio.NioEventLoop.processSelectedKeysOptimized(NioEventLoop.java:658)
	at io.netty.channel.nio.NioEventLoop.processSelectedKeys(NioEventLoop.java:584)
	at io.netty.channel.nio.NioEventLoop.run(NioEventLoop.java:496)
	at io.netty.util.concurrent.SingleThreadEventExecutor$4.run(SingleThreadEventExecutor.java:997)
	at io.netty.util.internal.ThreadExecutorMap$2.run(ThreadExecutorMap.java:74)
	at io.netty.util.concurrent.FastThreadLocalRunnable.run(FastThreadLocalRunnable.java:30)
	at java.lang.Thread.run(Thread.java:750)
09:31:49 [IWT-5-8] WARN  com.iteaj.iot.client.mqtt.MqttClient - 客户端(MQTT<默认>) 断线重连 - 等待重连时间：15(s) - 远程主机 127.0.0.1:1883 - 客户端标识：mqtt_gateway_env_led
09:32:06 [IWT-5-9] ERROR com.iteaj.iot.client.mqtt.MqttClient - 客户端(MQTT<默认>) 连接服务器失败 - 远程主机 127.0.0.1:1883 - 客户端标识：mqtt_gateway_env_led
io.netty.channel.AbstractChannel$AnnotatedConnectException: Connection refused: no further information: /127.0.0.1:1883
Caused by: java.net.ConnectException: Connection refused: no further information
	at sun.nio.ch.SocketChannelImpl.checkConnect(Native Method)
	at sun.nio.ch.SocketChannelImpl.finishConnect(SocketChannelImpl.java:716)
	at io.netty.channel.socket.nio.NioSocketChannel.doFinishConnect(NioSocketChannel.java:337)
	at io.netty.channel.nio.AbstractNioChannel$AbstractNioUnsafe.finishConnect(AbstractNioChannel.java:334)
	at io.netty.channel.nio.NioEventLoop.processSelectedKey(NioEventLoop.java:710)
	at io.netty.channel.nio.NioEventLoop.processSelectedKeysOptimized(NioEventLoop.java:658)
	at io.netty.channel.nio.NioEventLoop.processSelectedKeys(NioEventLoop.java:584)
	at io.netty.channel.nio.NioEventLoop.run(NioEventLoop.java:496)
	at io.netty.util.concurrent.SingleThreadEventExecutor$4.run(SingleThreadEventExecutor.java:997)
	at io.netty.util.internal.ThreadExecutorMap$2.run(ThreadExecutorMap.java:74)
	at io.netty.util.concurrent.FastThreadLocalRunnable.run(FastThreadLocalRunnable.java:30)
	at java.lang.Thread.run(Thread.java:750)
09:32:06 [IWT-5-9] WARN  com.iteaj.iot.client.mqtt.MqttClient - 客户端(MQTT<默认>) 断线重连 - 等待重连时间：15(s) - 远程主机 127.0.0.1:1883 - 客户端标识：mqtt_gateway_env_led
09:32:23 [IWT-5-10] ERROR com.iteaj.iot.client.mqtt.MqttClient - 客户端(MQTT<默认>) 连接服务器失败 - 远程主机 127.0.0.1:1883 - 客户端标识：mqtt_gateway_env_led
io.netty.channel.AbstractChannel$AnnotatedConnectException: Connection refused: no further information: /127.0.0.1:1883
Caused by: java.net.ConnectException: Connection refused: no further information
	at sun.nio.ch.SocketChannelImpl.checkConnect(Native Method)
	at sun.nio.ch.SocketChannelImpl.finishConnect(SocketChannelImpl.java:716)
	at io.netty.channel.socket.nio.NioSocketChannel.doFinishConnect(NioSocketChannel.java:337)
	at io.netty.channel.nio.AbstractNioChannel$AbstractNioUnsafe.finishConnect(AbstractNioChannel.java:334)
	at io.netty.channel.nio.NioEventLoop.processSelectedKey(NioEventLoop.java:710)
	at io.netty.channel.nio.NioEventLoop.processSelectedKeysOptimized(NioEventLoop.java:658)
	at io.netty.channel.nio.NioEventLoop.processSelectedKeys(NioEventLoop.java:584)
	at io.netty.channel.nio.NioEventLoop.run(NioEventLoop.java:496)
	at io.netty.util.concurrent.SingleThreadEventExecutor$4.run(SingleThreadEventExecutor.java:997)
	at io.netty.util.internal.ThreadExecutorMap$2.run(ThreadExecutorMap.java:74)
	at io.netty.util.concurrent.FastThreadLocalRunnable.run(FastThreadLocalRunnable.java:30)
	at java.lang.Thread.run(Thread.java:750)
09:32:23 [IWT-5-10] WARN  com.iteaj.iot.client.mqtt.MqttClient - 客户端(MQTT<默认>) 断线重连 - 等待重连时间：15(s) - 远程主机 127.0.0.1:1883 - 客户端标识：mqtt_gateway_env_led
09:32:41 [IWT-5-11] ERROR com.iteaj.iot.client.mqtt.MqttClient - 客户端(MQTT<默认>) 连接服务器失败 - 远程主机 127.0.0.1:1883 - 客户端标识：mqtt_gateway_env_led
io.netty.channel.AbstractChannel$AnnotatedConnectException: Connection refused: no further information: /127.0.0.1:1883
Caused by: java.net.ConnectException: Connection refused: no further information
	at sun.nio.ch.SocketChannelImpl.checkConnect(Native Method)
	at sun.nio.ch.SocketChannelImpl.finishConnect(SocketChannelImpl.java:716)
	at io.netty.channel.socket.nio.NioSocketChannel.doFinishConnect(NioSocketChannel.java:337)
	at io.netty.channel.nio.AbstractNioChannel$AbstractNioUnsafe.finishConnect(AbstractNioChannel.java:334)
	at io.netty.channel.nio.NioEventLoop.processSelectedKey(NioEventLoop.java:710)
	at io.netty.channel.nio.NioEventLoop.processSelectedKeysOptimized(NioEventLoop.java:658)
	at io.netty.channel.nio.NioEventLoop.processSelectedKeys(NioEventLoop.java:584)
	at io.netty.channel.nio.NioEventLoop.run(NioEventLoop.java:496)
	at io.netty.util.concurrent.SingleThreadEventExecutor$4.run(SingleThreadEventExecutor.java:997)
	at io.netty.util.internal.ThreadExecutorMap$2.run(ThreadExecutorMap.java:74)
	at io.netty.util.concurrent.FastThreadLocalRunnable.run(FastThreadLocalRunnable.java:30)
	at java.lang.Thread.run(Thread.java:750)
09:32:41 [IWT-5-11] WARN  com.iteaj.iot.client.mqtt.MqttClient - 客户端(MQTT<默认>) 断线重连 - 等待重连时间：15(s) - 远程主机 127.0.0.1:1883 - 客户端标识：mqtt_gateway_env_led
09:32:58 [IWT-5-12] ERROR com.iteaj.iot.client.mqtt.MqttClient - 客户端(MQTT<默认>) 连接服务器失败 - 远程主机 127.0.0.1:1883 - 客户端标识：mqtt_gateway_env_led
io.netty.channel.AbstractChannel$AnnotatedConnectException: Connection refused: no further information: /127.0.0.1:1883
Caused by: java.net.ConnectException: Connection refused: no further information
	at sun.nio.ch.SocketChannelImpl.checkConnect(Native Method)
	at sun.nio.ch.SocketChannelImpl.finishConnect(SocketChannelImpl.java:716)
	at io.netty.channel.socket.nio.NioSocketChannel.doFinishConnect(NioSocketChannel.java:337)
	at io.netty.channel.nio.AbstractNioChannel$AbstractNioUnsafe.finishConnect(AbstractNioChannel.java:334)
	at io.netty.channel.nio.NioEventLoop.processSelectedKey(NioEventLoop.java:710)
	at io.netty.channel.nio.NioEventLoop.processSelectedKeysOptimized(NioEventLoop.java:658)
	at io.netty.channel.nio.NioEventLoop.processSelectedKeys(NioEventLoop.java:584)
	at io.netty.channel.nio.NioEventLoop.run(NioEventLoop.java:496)
	at io.netty.util.concurrent.SingleThreadEventExecutor$4.run(SingleThreadEventExecutor.java:997)
	at io.netty.util.internal.ThreadExecutorMap$2.run(ThreadExecutorMap.java:74)
	at io.netty.util.concurrent.FastThreadLocalRunnable.run(FastThreadLocalRunnable.java:30)
	at java.lang.Thread.run(Thread.java:750)
09:32:58 [IWT-5-12] WARN  com.iteaj.iot.client.mqtt.MqttClient - 客户端(MQTT<默认>) 断线重连 - 等待重连时间：15(s) - 远程主机 127.0.0.1:1883 - 客户端标识：mqtt_gateway_env_led
09:33:15 [IWT-5-13] ERROR com.iteaj.iot.client.mqtt.MqttClient - 客户端(MQTT<默认>) 连接服务器失败 - 远程主机 127.0.0.1:1883 - 客户端标识：mqtt_gateway_env_led
io.netty.channel.AbstractChannel$AnnotatedConnectException: Connection refused: no further information: /127.0.0.1:1883
Caused by: java.net.ConnectException: Connection refused: no further information
	at sun.nio.ch.SocketChannelImpl.checkConnect(Native Method)
	at sun.nio.ch.SocketChannelImpl.finishConnect(SocketChannelImpl.java:716)
	at io.netty.channel.socket.nio.NioSocketChannel.doFinishConnect(NioSocketChannel.java:337)
	at io.netty.channel.nio.AbstractNioChannel$AbstractNioUnsafe.finishConnect(AbstractNioChannel.java:334)
	at io.netty.channel.nio.NioEventLoop.processSelectedKey(NioEventLoop.java:710)
	at io.netty.channel.nio.NioEventLoop.processSelectedKeysOptimized(NioEventLoop.java:658)
	at io.netty.channel.nio.NioEventLoop.processSelectedKeys(NioEventLoop.java:584)
	at io.netty.channel.nio.NioEventLoop.run(NioEventLoop.java:496)
	at io.netty.util.concurrent.SingleThreadEventExecutor$4.run(SingleThreadEventExecutor.java:997)
	at io.netty.util.internal.ThreadExecutorMap$2.run(ThreadExecutorMap.java:74)
	at io.netty.util.concurrent.FastThreadLocalRunnable.run(FastThreadLocalRunnable.java:30)
	at java.lang.Thread.run(Thread.java:750)
09:33:15 [IWT-5-13] WARN  com.iteaj.iot.client.mqtt.MqttClient - 客户端(MQTT<默认>) 断线重连 - 等待重连时间：15(s) - 远程主机 127.0.0.1:1883 - 客户端标识：mqtt_gateway_env_led
09:33:32 [IWT-5-14] ERROR com.iteaj.iot.client.mqtt.MqttClient - 客户端(MQTT<默认>) 连接服务器失败 - 远程主机 127.0.0.1:1883 - 客户端标识：mqtt_gateway_env_led
io.netty.channel.AbstractChannel$AnnotatedConnectException: Connection refused: no further information: /127.0.0.1:1883
Caused by: java.net.ConnectException: Connection refused: no further information
	at sun.nio.ch.SocketChannelImpl.checkConnect(Native Method)
	at sun.nio.ch.SocketChannelImpl.finishConnect(SocketChannelImpl.java:716)
	at io.netty.channel.socket.nio.NioSocketChannel.doFinishConnect(NioSocketChannel.java:337)
	at io.netty.channel.nio.AbstractNioChannel$AbstractNioUnsafe.finishConnect(AbstractNioChannel.java:334)
	at io.netty.channel.nio.NioEventLoop.processSelectedKey(NioEventLoop.java:710)
	at io.netty.channel.nio.NioEventLoop.processSelectedKeysOptimized(NioEventLoop.java:658)
	at io.netty.channel.nio.NioEventLoop.processSelectedKeys(NioEventLoop.java:584)
	at io.netty.channel.nio.NioEventLoop.run(NioEventLoop.java:496)
	at io.netty.util.concurrent.SingleThreadEventExecutor$4.run(SingleThreadEventExecutor.java:997)
	at io.netty.util.internal.ThreadExecutorMap$2.run(ThreadExecutorMap.java:74)
	at io.netty.util.concurrent.FastThreadLocalRunnable.run(FastThreadLocalRunnable.java:30)
	at java.lang.Thread.run(Thread.java:750)
09:33:32 [IWT-5-14] WARN  com.iteaj.iot.client.mqtt.MqttClient - 客户端(MQTT<默认>) 断线重连 - 等待重连时间：15(s) - 远程主机 127.0.0.1:1883 - 客户端标识：mqtt_gateway_env_led
09:33:50 [IWT-5-15] ERROR com.iteaj.iot.client.mqtt.MqttClient - 客户端(MQTT<默认>) 连接服务器失败 - 远程主机 127.0.0.1:1883 - 客户端标识：mqtt_gateway_env_led
io.netty.channel.AbstractChannel$AnnotatedConnectException: Connection refused: no further information: /127.0.0.1:1883
Caused by: java.net.ConnectException: Connection refused: no further information
	at sun.nio.ch.SocketChannelImpl.checkConnect(Native Method)
	at sun.nio.ch.SocketChannelImpl.finishConnect(SocketChannelImpl.java:716)
	at io.netty.channel.socket.nio.NioSocketChannel.doFinishConnect(NioSocketChannel.java:337)
	at io.netty.channel.nio.AbstractNioChannel$AbstractNioUnsafe.finishConnect(AbstractNioChannel.java:334)
	at io.netty.channel.nio.NioEventLoop.processSelectedKey(NioEventLoop.java:710)
	at io.netty.channel.nio.NioEventLoop.processSelectedKeysOptimized(NioEventLoop.java:658)
	at io.netty.channel.nio.NioEventLoop.processSelectedKeys(NioEventLoop.java:584)
	at io.netty.channel.nio.NioEventLoop.run(NioEventLoop.java:496)
	at io.netty.util.concurrent.SingleThreadEventExecutor$4.run(SingleThreadEventExecutor.java:997)
	at io.netty.util.internal.ThreadExecutorMap$2.run(ThreadExecutorMap.java:74)
	at io.netty.util.concurrent.FastThreadLocalRunnable.run(FastThreadLocalRunnable.java:30)
	at java.lang.Thread.run(Thread.java:750)
09:33:50 [IWT-5-15] WARN  com.iteaj.iot.client.mqtt.MqttClient - 客户端(MQTT<默认>) 断线重连 - 等待重连时间：15(s) - 远程主机 127.0.0.1:1883 - 客户端标识：mqtt_gateway_env_led
09:34:07 [IWT-5-16] ERROR com.iteaj.iot.client.mqtt.MqttClient - 客户端(MQTT<默认>) 连接服务器失败 - 远程主机 127.0.0.1:1883 - 客户端标识：mqtt_gateway_env_led
io.netty.channel.AbstractChannel$AnnotatedConnectException: Connection refused: no further information: /127.0.0.1:1883
Caused by: java.net.ConnectException: Connection refused: no further information
	at sun.nio.ch.SocketChannelImpl.checkConnect(Native Method)
	at sun.nio.ch.SocketChannelImpl.finishConnect(SocketChannelImpl.java:716)
	at io.netty.channel.socket.nio.NioSocketChannel.doFinishConnect(NioSocketChannel.java:337)
	at io.netty.channel.nio.AbstractNioChannel$AbstractNioUnsafe.finishConnect(AbstractNioChannel.java:334)
	at io.netty.channel.nio.NioEventLoop.processSelectedKey(NioEventLoop.java:710)
	at io.netty.channel.nio.NioEventLoop.processSelectedKeysOptimized(NioEventLoop.java:658)
	at io.netty.channel.nio.NioEventLoop.processSelectedKeys(NioEventLoop.java:584)
	at io.netty.channel.nio.NioEventLoop.run(NioEventLoop.java:496)
	at io.netty.util.concurrent.SingleThreadEventExecutor$4.run(SingleThreadEventExecutor.java:997)
	at io.netty.util.internal.ThreadExecutorMap$2.run(ThreadExecutorMap.java:74)
	at io.netty.util.concurrent.FastThreadLocalRunnable.run(FastThreadLocalRunnable.java:30)
	at java.lang.Thread.run(Thread.java:750)
09:34:07 [IWT-5-16] WARN  com.iteaj.iot.client.mqtt.MqttClient - 客户端(MQTT<默认>) 断线重连 - 等待重连时间：15(s) - 远程主机 127.0.0.1:1883 - 客户端标识：mqtt_gateway_env_led
09:34:24 [IWT-5-1] ERROR com.iteaj.iot.client.mqtt.MqttClient - 客户端(MQTT<默认>) 连接服务器失败 - 远程主机 127.0.0.1:1883 - 客户端标识：mqtt_gateway_env_led
io.netty.channel.AbstractChannel$AnnotatedConnectException: Connection refused: no further information: /127.0.0.1:1883
Caused by: java.net.ConnectException: Connection refused: no further information
	at sun.nio.ch.SocketChannelImpl.checkConnect(Native Method)
	at sun.nio.ch.SocketChannelImpl.finishConnect(SocketChannelImpl.java:716)
	at io.netty.channel.socket.nio.NioSocketChannel.doFinishConnect(NioSocketChannel.java:337)
	at io.netty.channel.nio.AbstractNioChannel$AbstractNioUnsafe.finishConnect(AbstractNioChannel.java:334)
	at io.netty.channel.nio.NioEventLoop.processSelectedKey(NioEventLoop.java:710)
	at io.netty.channel.nio.NioEventLoop.processSelectedKeysOptimized(NioEventLoop.java:658)
	at io.netty.channel.nio.NioEventLoop.processSelectedKeys(NioEventLoop.java:584)
	at io.netty.channel.nio.NioEventLoop.run(NioEventLoop.java:496)
	at io.netty.util.concurrent.SingleThreadEventExecutor$4.run(SingleThreadEventExecutor.java:997)
	at io.netty.util.internal.ThreadExecutorMap$2.run(ThreadExecutorMap.java:74)
	at io.netty.util.concurrent.FastThreadLocalRunnable.run(FastThreadLocalRunnable.java:30)
	at java.lang.Thread.run(Thread.java:750)
09:34:24 [IWT-5-1] WARN  com.iteaj.iot.client.mqtt.MqttClient - 客户端(MQTT<默认>) 断线重连 - 等待重连时间：15(s) - 远程主机 127.0.0.1:1883 - 客户端标识：mqtt_gateway_env_led
09:34:41 [IWT-5-2] ERROR com.iteaj.iot.client.mqtt.MqttClient - 客户端(MQTT<默认>) 连接服务器失败 - 远程主机 127.0.0.1:1883 - 客户端标识：mqtt_gateway_env_led
io.netty.channel.AbstractChannel$AnnotatedConnectException: Connection refused: no further information: /127.0.0.1:1883
Caused by: java.net.ConnectException: Connection refused: no further information
	at sun.nio.ch.SocketChannelImpl.checkConnect(Native Method)
	at sun.nio.ch.SocketChannelImpl.finishConnect(SocketChannelImpl.java:716)
	at io.netty.channel.socket.nio.NioSocketChannel.doFinishConnect(NioSocketChannel.java:337)
	at io.netty.channel.nio.AbstractNioChannel$AbstractNioUnsafe.finishConnect(AbstractNioChannel.java:334)
	at io.netty.channel.nio.NioEventLoop.processSelectedKey(NioEventLoop.java:710)
	at io.netty.channel.nio.NioEventLoop.processSelectedKeysOptimized(NioEventLoop.java:658)
	at io.netty.channel.nio.NioEventLoop.processSelectedKeys(NioEventLoop.java:584)
	at io.netty.channel.nio.NioEventLoop.run(NioEventLoop.java:496)
	at io.netty.util.concurrent.SingleThreadEventExecutor$4.run(SingleThreadEventExecutor.java:997)
	at io.netty.util.internal.ThreadExecutorMap$2.run(ThreadExecutorMap.java:74)
	at io.netty.util.concurrent.FastThreadLocalRunnable.run(FastThreadLocalRunnable.java:30)
	at java.lang.Thread.run(Thread.java:750)
09:34:41 [IWT-5-2] WARN  com.iteaj.iot.client.mqtt.MqttClient - 客户端(MQTT<默认>) 断线重连 - 等待重连时间：15(s) - 远程主机 127.0.0.1:1883 - 客户端标识：mqtt_gateway_env_led
09:34:58 [IWT-5-3] ERROR com.iteaj.iot.client.mqtt.MqttClient - 客户端(MQTT<默认>) 连接服务器失败 - 远程主机 127.0.0.1:1883 - 客户端标识：mqtt_gateway_env_led
io.netty.channel.AbstractChannel$AnnotatedConnectException: Connection refused: no further information: /127.0.0.1:1883
Caused by: java.net.ConnectException: Connection refused: no further information
	at sun.nio.ch.SocketChannelImpl.checkConnect(Native Method)
	at sun.nio.ch.SocketChannelImpl.finishConnect(SocketChannelImpl.java:716)
	at io.netty.channel.socket.nio.NioSocketChannel.doFinishConnect(NioSocketChannel.java:337)
	at io.netty.channel.nio.AbstractNioChannel$AbstractNioUnsafe.finishConnect(AbstractNioChannel.java:334)
	at io.netty.channel.nio.NioEventLoop.processSelectedKey(NioEventLoop.java:710)
	at io.netty.channel.nio.NioEventLoop.processSelectedKeysOptimized(NioEventLoop.java:658)
	at io.netty.channel.nio.NioEventLoop.processSelectedKeys(NioEventLoop.java:584)
	at io.netty.channel.nio.NioEventLoop.run(NioEventLoop.java:496)
	at io.netty.util.concurrent.SingleThreadEventExecutor$4.run(SingleThreadEventExecutor.java:997)
	at io.netty.util.internal.ThreadExecutorMap$2.run(ThreadExecutorMap.java:74)
	at io.netty.util.concurrent.FastThreadLocalRunnable.run(FastThreadLocalRunnable.java:30)
	at java.lang.Thread.run(Thread.java:750)
09:34:58 [IWT-5-3] WARN  com.iteaj.iot.client.mqtt.MqttClient - 客户端(MQTT<默认>) 断线重连 - 等待重连时间：15(s) - 远程主机 127.0.0.1:1883 - 客户端标识：mqtt_gateway_env_led
09:35:15 [IWT-5-4] ERROR com.iteaj.iot.client.mqtt.MqttClient - 客户端(MQTT<默认>) 连接服务器失败 - 远程主机 127.0.0.1:1883 - 客户端标识：mqtt_gateway_env_led
io.netty.channel.AbstractChannel$AnnotatedConnectException: Connection refused: no further information: /127.0.0.1:1883
Caused by: java.net.ConnectException: Connection refused: no further information
	at sun.nio.ch.SocketChannelImpl.checkConnect(Native Method)
	at sun.nio.ch.SocketChannelImpl.finishConnect(SocketChannelImpl.java:716)
	at io.netty.channel.socket.nio.NioSocketChannel.doFinishConnect(NioSocketChannel.java:337)
	at io.netty.channel.nio.AbstractNioChannel$AbstractNioUnsafe.finishConnect(AbstractNioChannel.java:334)
	at io.netty.channel.nio.NioEventLoop.processSelectedKey(NioEventLoop.java:710)
	at io.netty.channel.nio.NioEventLoop.processSelectedKeysOptimized(NioEventLoop.java:658)
	at io.netty.channel.nio.NioEventLoop.processSelectedKeys(NioEventLoop.java:584)
	at io.netty.channel.nio.NioEventLoop.run(NioEventLoop.java:496)
	at io.netty.util.concurrent.SingleThreadEventExecutor$4.run(SingleThreadEventExecutor.java:997)
	at io.netty.util.internal.ThreadExecutorMap$2.run(ThreadExecutorMap.java:74)
	at io.netty.util.concurrent.FastThreadLocalRunnable.run(FastThreadLocalRunnable.java:30)
	at java.lang.Thread.run(Thread.java:750)
09:35:15 [IWT-5-4] WARN  com.iteaj.iot.client.mqtt.MqttClient - 客户端(MQTT<默认>) 断线重连 - 等待重连时间：15(s) - 远程主机 127.0.0.1:1883 - 客户端标识：mqtt_gateway_env_led
09:35:32 [IWT-5-5] ERROR com.iteaj.iot.client.mqtt.MqttClient - 客户端(MQTT<默认>) 连接服务器失败 - 远程主机 127.0.0.1:1883 - 客户端标识：mqtt_gateway_env_led
io.netty.channel.AbstractChannel$AnnotatedConnectException: Connection refused: no further information: /127.0.0.1:1883
Caused by: java.net.ConnectException: Connection refused: no further information
	at sun.nio.ch.SocketChannelImpl.checkConnect(Native Method)
	at sun.nio.ch.SocketChannelImpl.finishConnect(SocketChannelImpl.java:716)
	at io.netty.channel.socket.nio.NioSocketChannel.doFinishConnect(NioSocketChannel.java:337)
	at io.netty.channel.nio.AbstractNioChannel$AbstractNioUnsafe.finishConnect(AbstractNioChannel.java:334)
	at io.netty.channel.nio.NioEventLoop.processSelectedKey(NioEventLoop.java:710)
	at io.netty.channel.nio.NioEventLoop.processSelectedKeysOptimized(NioEventLoop.java:658)
	at io.netty.channel.nio.NioEventLoop.processSelectedKeys(NioEventLoop.java:584)
	at io.netty.channel.nio.NioEventLoop.run(NioEventLoop.java:496)
	at io.netty.util.concurrent.SingleThreadEventExecutor$4.run(SingleThreadEventExecutor.java:997)
	at io.netty.util.internal.ThreadExecutorMap$2.run(ThreadExecutorMap.java:74)
	at io.netty.util.concurrent.FastThreadLocalRunnable.run(FastThreadLocalRunnable.java:30)
	at java.lang.Thread.run(Thread.java:750)
09:35:32 [IWT-5-5] WARN  com.iteaj.iot.client.mqtt.MqttClient - 客户端(MQTT<默认>) 断线重连 - 等待重连时间：15(s) - 远程主机 127.0.0.1:1883 - 客户端标识：mqtt_gateway_env_led
09:35:49 [IWT-5-6] ERROR com.iteaj.iot.client.mqtt.MqttClient - 客户端(MQTT<默认>) 连接服务器失败 - 远程主机 127.0.0.1:1883 - 客户端标识：mqtt_gateway_env_led
io.netty.channel.AbstractChannel$AnnotatedConnectException: Connection refused: no further information: /127.0.0.1:1883
Caused by: java.net.ConnectException: Connection refused: no further information
	at sun.nio.ch.SocketChannelImpl.checkConnect(Native Method)
	at sun.nio.ch.SocketChannelImpl.finishConnect(SocketChannelImpl.java:716)
	at io.netty.channel.socket.nio.NioSocketChannel.doFinishConnect(NioSocketChannel.java:337)
	at io.netty.channel.nio.AbstractNioChannel$AbstractNioUnsafe.finishConnect(AbstractNioChannel.java:334)
	at io.netty.channel.nio.NioEventLoop.processSelectedKey(NioEventLoop.java:710)
	at io.netty.channel.nio.NioEventLoop.processSelectedKeysOptimized(NioEventLoop.java:658)
	at io.netty.channel.nio.NioEventLoop.processSelectedKeys(NioEventLoop.java:584)
	at io.netty.channel.nio.NioEventLoop.run(NioEventLoop.java:496)
	at io.netty.util.concurrent.SingleThreadEventExecutor$4.run(SingleThreadEventExecutor.java:997)
	at io.netty.util.internal.ThreadExecutorMap$2.run(ThreadExecutorMap.java:74)
	at io.netty.util.concurrent.FastThreadLocalRunnable.run(FastThreadLocalRunnable.java:30)
	at java.lang.Thread.run(Thread.java:750)
09:35:49 [IWT-5-6] WARN  com.iteaj.iot.client.mqtt.MqttClient - 客户端(MQTT<默认>) 断线重连 - 等待重连时间：15(s) - 远程主机 127.0.0.1:1883 - 客户端标识：mqtt_gateway_env_led
09:36:06 [IWT-5-7] ERROR com.iteaj.iot.client.mqtt.MqttClient - 客户端(MQTT<默认>) 连接服务器失败 - 远程主机 127.0.0.1:1883 - 客户端标识：mqtt_gateway_env_led
io.netty.channel.AbstractChannel$AnnotatedConnectException: Connection refused: no further information: /127.0.0.1:1883
Caused by: java.net.ConnectException: Connection refused: no further information
	at sun.nio.ch.SocketChannelImpl.checkConnect(Native Method)
	at sun.nio.ch.SocketChannelImpl.finishConnect(SocketChannelImpl.java:716)
	at io.netty.channel.socket.nio.NioSocketChannel.doFinishConnect(NioSocketChannel.java:337)
	at io.netty.channel.nio.AbstractNioChannel$AbstractNioUnsafe.finishConnect(AbstractNioChannel.java:334)
	at io.netty.channel.nio.NioEventLoop.processSelectedKey(NioEventLoop.java:710)
	at io.netty.channel.nio.NioEventLoop.processSelectedKeysOptimized(NioEventLoop.java:658)
	at io.netty.channel.nio.NioEventLoop.processSelectedKeys(NioEventLoop.java:584)
	at io.netty.channel.nio.NioEventLoop.run(NioEventLoop.java:496)
	at io.netty.util.concurrent.SingleThreadEventExecutor$4.run(SingleThreadEventExecutor.java:997)
	at io.netty.util.internal.ThreadExecutorMap$2.run(ThreadExecutorMap.java:74)
	at io.netty.util.concurrent.FastThreadLocalRunnable.run(FastThreadLocalRunnable.java:30)
	at java.lang.Thread.run(Thread.java:750)
09:36:06 [IWT-5-7] WARN  com.iteaj.iot.client.mqtt.MqttClient - 客户端(MQTT<默认>) 断线重连 - 等待重连时间：15(s) - 远程主机 127.0.0.1:1883 - 客户端标识：mqtt_gateway_env_led
09:36:23 [IWT-5-8] ERROR com.iteaj.iot.client.mqtt.MqttClient - 客户端(MQTT<默认>) 连接服务器失败 - 远程主机 127.0.0.1:1883 - 客户端标识：mqtt_gateway_env_led
io.netty.channel.AbstractChannel$AnnotatedConnectException: Connection refused: no further information: /127.0.0.1:1883
Caused by: java.net.ConnectException: Connection refused: no further information
	at sun.nio.ch.SocketChannelImpl.checkConnect(Native Method)
	at sun.nio.ch.SocketChannelImpl.finishConnect(SocketChannelImpl.java:716)
	at io.netty.channel.socket.nio.NioSocketChannel.doFinishConnect(NioSocketChannel.java:337)
	at io.netty.channel.nio.AbstractNioChannel$AbstractNioUnsafe.finishConnect(AbstractNioChannel.java:334)
	at io.netty.channel.nio.NioEventLoop.processSelectedKey(NioEventLoop.java:710)
	at io.netty.channel.nio.NioEventLoop.processSelectedKeysOptimized(NioEventLoop.java:658)
	at io.netty.channel.nio.NioEventLoop.processSelectedKeys(NioEventLoop.java:584)
	at io.netty.channel.nio.NioEventLoop.run(NioEventLoop.java:496)
	at io.netty.util.concurrent.SingleThreadEventExecutor$4.run(SingleThreadEventExecutor.java:997)
	at io.netty.util.internal.ThreadExecutorMap$2.run(ThreadExecutorMap.java:74)
	at io.netty.util.concurrent.FastThreadLocalRunnable.run(FastThreadLocalRunnable.java:30)
	at java.lang.Thread.run(Thread.java:750)
09:36:24 [IWT-5-8] WARN  com.iteaj.iot.client.mqtt.MqttClient - 客户端(MQTT<默认>) 断线重连 - 等待重连时间：15(s) - 远程主机 127.0.0.1:1883 - 客户端标识：mqtt_gateway_env_led
09:36:41 [IWT-5-9] ERROR com.iteaj.iot.client.mqtt.MqttClient - 客户端(MQTT<默认>) 连接服务器失败 - 远程主机 127.0.0.1:1883 - 客户端标识：mqtt_gateway_env_led
io.netty.channel.AbstractChannel$AnnotatedConnectException: Connection refused: no further information: /127.0.0.1:1883
Caused by: java.net.ConnectException: Connection refused: no further information
	at sun.nio.ch.SocketChannelImpl.checkConnect(Native Method)
	at sun.nio.ch.SocketChannelImpl.finishConnect(SocketChannelImpl.java:716)
	at io.netty.channel.socket.nio.NioSocketChannel.doFinishConnect(NioSocketChannel.java:337)
	at io.netty.channel.nio.AbstractNioChannel$AbstractNioUnsafe.finishConnect(AbstractNioChannel.java:334)
	at io.netty.channel.nio.NioEventLoop.processSelectedKey(NioEventLoop.java:710)
	at io.netty.channel.nio.NioEventLoop.processSelectedKeysOptimized(NioEventLoop.java:658)
	at io.netty.channel.nio.NioEventLoop.processSelectedKeys(NioEventLoop.java:584)
	at io.netty.channel.nio.NioEventLoop.run(NioEventLoop.java:496)
	at io.netty.util.concurrent.SingleThreadEventExecutor$4.run(SingleThreadEventExecutor.java:997)
	at io.netty.util.internal.ThreadExecutorMap$2.run(ThreadExecutorMap.java:74)
	at io.netty.util.concurrent.FastThreadLocalRunnable.run(FastThreadLocalRunnable.java:30)
	at java.lang.Thread.run(Thread.java:750)
09:36:41 [IWT-5-9] WARN  com.iteaj.iot.client.mqtt.MqttClient - 客户端(MQTT<默认>) 断线重连 - 等待重连时间：15(s) - 远程主机 127.0.0.1:1883 - 客户端标识：mqtt_gateway_env_led
09:36:58 [IWT-5-10] ERROR com.iteaj.iot.client.mqtt.MqttClient - 客户端(MQTT<默认>) 连接服务器失败 - 远程主机 127.0.0.1:1883 - 客户端标识：mqtt_gateway_env_led
io.netty.channel.AbstractChannel$AnnotatedConnectException: Connection refused: no further information: /127.0.0.1:1883
Caused by: java.net.ConnectException: Connection refused: no further information
	at sun.nio.ch.SocketChannelImpl.checkConnect(Native Method)
	at sun.nio.ch.SocketChannelImpl.finishConnect(SocketChannelImpl.java:716)
	at io.netty.channel.socket.nio.NioSocketChannel.doFinishConnect(NioSocketChannel.java:337)
	at io.netty.channel.nio.AbstractNioChannel$AbstractNioUnsafe.finishConnect(AbstractNioChannel.java:334)
	at io.netty.channel.nio.NioEventLoop.processSelectedKey(NioEventLoop.java:710)
	at io.netty.channel.nio.NioEventLoop.processSelectedKeysOptimized(NioEventLoop.java:658)
	at io.netty.channel.nio.NioEventLoop.processSelectedKeys(NioEventLoop.java:584)
	at io.netty.channel.nio.NioEventLoop.run(NioEventLoop.java:496)
	at io.netty.util.concurrent.SingleThreadEventExecutor$4.run(SingleThreadEventExecutor.java:997)
	at io.netty.util.internal.ThreadExecutorMap$2.run(ThreadExecutorMap.java:74)
	at io.netty.util.concurrent.FastThreadLocalRunnable.run(FastThreadLocalRunnable.java:30)
	at java.lang.Thread.run(Thread.java:750)
09:36:58 [IWT-5-10] WARN  com.iteaj.iot.client.mqtt.MqttClient - 客户端(MQTT<默认>) 断线重连 - 等待重连时间：15(s) - 远程主机 127.0.0.1:1883 - 客户端标识：mqtt_gateway_env_led
09:37:15 [IWT-5-11] ERROR com.iteaj.iot.client.mqtt.MqttClient - 客户端(MQTT<默认>) 连接服务器失败 - 远程主机 127.0.0.1:1883 - 客户端标识：mqtt_gateway_env_led
io.netty.channel.AbstractChannel$AnnotatedConnectException: Connection refused: no further information: /127.0.0.1:1883
Caused by: java.net.ConnectException: Connection refused: no further information
	at sun.nio.ch.SocketChannelImpl.checkConnect(Native Method)
	at sun.nio.ch.SocketChannelImpl.finishConnect(SocketChannelImpl.java:716)
	at io.netty.channel.socket.nio.NioSocketChannel.doFinishConnect(NioSocketChannel.java:337)
	at io.netty.channel.nio.AbstractNioChannel$AbstractNioUnsafe.finishConnect(AbstractNioChannel.java:334)
	at io.netty.channel.nio.NioEventLoop.processSelectedKey(NioEventLoop.java:710)
	at io.netty.channel.nio.NioEventLoop.processSelectedKeysOptimized(NioEventLoop.java:658)
	at io.netty.channel.nio.NioEventLoop.processSelectedKeys(NioEventLoop.java:584)
	at io.netty.channel.nio.NioEventLoop.run(NioEventLoop.java:496)
	at io.netty.util.concurrent.SingleThreadEventExecutor$4.run(SingleThreadEventExecutor.java:997)
	at io.netty.util.internal.ThreadExecutorMap$2.run(ThreadExecutorMap.java:74)
	at io.netty.util.concurrent.FastThreadLocalRunnable.run(FastThreadLocalRunnable.java:30)
	at java.lang.Thread.run(Thread.java:750)
09:37:15 [IWT-5-11] WARN  com.iteaj.iot.client.mqtt.MqttClient - 客户端(MQTT<默认>) 断线重连 - 等待重连时间：15(s) - 远程主机 127.0.0.1:1883 - 客户端标识：mqtt_gateway_env_led
09:37:32 [IWT-5-12] ERROR com.iteaj.iot.client.mqtt.MqttClient - 客户端(MQTT<默认>) 连接服务器失败 - 远程主机 127.0.0.1:1883 - 客户端标识：mqtt_gateway_env_led
io.netty.channel.AbstractChannel$AnnotatedConnectException: Connection refused: no further information: /127.0.0.1:1883
Caused by: java.net.ConnectException: Connection refused: no further information
	at sun.nio.ch.SocketChannelImpl.checkConnect(Native Method)
	at sun.nio.ch.SocketChannelImpl.finishConnect(SocketChannelImpl.java:716)
	at io.netty.channel.socket.nio.NioSocketChannel.doFinishConnect(NioSocketChannel.java:337)
	at io.netty.channel.nio.AbstractNioChannel$AbstractNioUnsafe.finishConnect(AbstractNioChannel.java:334)
	at io.netty.channel.nio.NioEventLoop.processSelectedKey(NioEventLoop.java:710)
	at io.netty.channel.nio.NioEventLoop.processSelectedKeysOptimized(NioEventLoop.java:658)
	at io.netty.channel.nio.NioEventLoop.processSelectedKeys(NioEventLoop.java:584)
	at io.netty.channel.nio.NioEventLoop.run(NioEventLoop.java:496)
	at io.netty.util.concurrent.SingleThreadEventExecutor$4.run(SingleThreadEventExecutor.java:997)
	at io.netty.util.internal.ThreadExecutorMap$2.run(ThreadExecutorMap.java:74)
	at io.netty.util.concurrent.FastThreadLocalRunnable.run(FastThreadLocalRunnable.java:30)
	at java.lang.Thread.run(Thread.java:750)
09:37:32 [IWT-5-12] WARN  com.iteaj.iot.client.mqtt.MqttClient - 客户端(MQTT<默认>) 断线重连 - 等待重连时间：15(s) - 远程主机 127.0.0.1:1883 - 客户端标识：mqtt_gateway_env_led
09:37:49 [IWT-5-13] ERROR com.iteaj.iot.client.mqtt.MqttClient - 客户端(MQTT<默认>) 连接服务器失败 - 远程主机 127.0.0.1:1883 - 客户端标识：mqtt_gateway_env_led
io.netty.channel.AbstractChannel$AnnotatedConnectException: Connection refused: no further information: /127.0.0.1:1883
Caused by: java.net.ConnectException: Connection refused: no further information
	at sun.nio.ch.SocketChannelImpl.checkConnect(Native Method)
	at sun.nio.ch.SocketChannelImpl.finishConnect(SocketChannelImpl.java:716)
	at io.netty.channel.socket.nio.NioSocketChannel.doFinishConnect(NioSocketChannel.java:337)
	at io.netty.channel.nio.AbstractNioChannel$AbstractNioUnsafe.finishConnect(AbstractNioChannel.java:334)
	at io.netty.channel.nio.NioEventLoop.processSelectedKey(NioEventLoop.java:710)
	at io.netty.channel.nio.NioEventLoop.processSelectedKeysOptimized(NioEventLoop.java:658)
	at io.netty.channel.nio.NioEventLoop.processSelectedKeys(NioEventLoop.java:584)
	at io.netty.channel.nio.NioEventLoop.run(NioEventLoop.java:496)
	at io.netty.util.concurrent.SingleThreadEventExecutor$4.run(SingleThreadEventExecutor.java:997)
	at io.netty.util.internal.ThreadExecutorMap$2.run(ThreadExecutorMap.java:74)
	at io.netty.util.concurrent.FastThreadLocalRunnable.run(FastThreadLocalRunnable.java:30)
	at java.lang.Thread.run(Thread.java:750)
09:37:49 [IWT-5-13] WARN  com.iteaj.iot.client.mqtt.MqttClient - 客户端(MQTT<默认>) 断线重连 - 等待重连时间：15(s) - 远程主机 127.0.0.1:1883 - 客户端标识：mqtt_gateway_env_led
09:38:06 [IWT-5-14] ERROR com.iteaj.iot.client.mqtt.MqttClient - 客户端(MQTT<默认>) 连接服务器失败 - 远程主机 127.0.0.1:1883 - 客户端标识：mqtt_gateway_env_led
io.netty.channel.AbstractChannel$AnnotatedConnectException: Connection refused: no further information: /127.0.0.1:1883
Caused by: java.net.ConnectException: Connection refused: no further information
	at sun.nio.ch.SocketChannelImpl.checkConnect(Native Method)
	at sun.nio.ch.SocketChannelImpl.finishConnect(SocketChannelImpl.java:716)
	at io.netty.channel.socket.nio.NioSocketChannel.doFinishConnect(NioSocketChannel.java:337)
	at io.netty.channel.nio.AbstractNioChannel$AbstractNioUnsafe.finishConnect(AbstractNioChannel.java:334)
	at io.netty.channel.nio.NioEventLoop.processSelectedKey(NioEventLoop.java:710)
	at io.netty.channel.nio.NioEventLoop.processSelectedKeysOptimized(NioEventLoop.java:658)
	at io.netty.channel.nio.NioEventLoop.processSelectedKeys(NioEventLoop.java:584)
	at io.netty.channel.nio.NioEventLoop.run(NioEventLoop.java:496)
	at io.netty.util.concurrent.SingleThreadEventExecutor$4.run(SingleThreadEventExecutor.java:997)
	at io.netty.util.internal.ThreadExecutorMap$2.run(ThreadExecutorMap.java:74)
	at io.netty.util.concurrent.FastThreadLocalRunnable.run(FastThreadLocalRunnable.java:30)
	at java.lang.Thread.run(Thread.java:750)
09:38:06 [IWT-5-14] WARN  com.iteaj.iot.client.mqtt.MqttClient - 客户端(MQTT<默认>) 断线重连 - 等待重连时间：15(s) - 远程主机 127.0.0.1:1883 - 客户端标识：mqtt_gateway_env_led
09:38:23 [IWT-5-15] ERROR com.iteaj.iot.client.mqtt.MqttClient - 客户端(MQTT<默认>) 连接服务器失败 - 远程主机 127.0.0.1:1883 - 客户端标识：mqtt_gateway_env_led
io.netty.channel.AbstractChannel$AnnotatedConnectException: Connection refused: no further information: /127.0.0.1:1883
Caused by: java.net.ConnectException: Connection refused: no further information
	at sun.nio.ch.SocketChannelImpl.checkConnect(Native Method)
	at sun.nio.ch.SocketChannelImpl.finishConnect(SocketChannelImpl.java:716)
	at io.netty.channel.socket.nio.NioSocketChannel.doFinishConnect(NioSocketChannel.java:337)
	at io.netty.channel.nio.AbstractNioChannel$AbstractNioUnsafe.finishConnect(AbstractNioChannel.java:334)
	at io.netty.channel.nio.NioEventLoop.processSelectedKey(NioEventLoop.java:710)
	at io.netty.channel.nio.NioEventLoop.processSelectedKeysOptimized(NioEventLoop.java:658)
	at io.netty.channel.nio.NioEventLoop.processSelectedKeys(NioEventLoop.java:584)
	at io.netty.channel.nio.NioEventLoop.run(NioEventLoop.java:496)
	at io.netty.util.concurrent.SingleThreadEventExecutor$4.run(SingleThreadEventExecutor.java:997)
	at io.netty.util.internal.ThreadExecutorMap$2.run(ThreadExecutorMap.java:74)
	at io.netty.util.concurrent.FastThreadLocalRunnable.run(FastThreadLocalRunnable.java:30)
	at java.lang.Thread.run(Thread.java:750)
09:38:23 [IWT-5-15] WARN  com.iteaj.iot.client.mqtt.MqttClient - 客户端(MQTT<默认>) 断线重连 - 等待重连时间：15(s) - 远程主机 127.0.0.1:1883 - 客户端标识：mqtt_gateway_env_led
09:38:40 [IWT-5-16] ERROR com.iteaj.iot.client.mqtt.MqttClient - 客户端(MQTT<默认>) 连接服务器失败 - 远程主机 127.0.0.1:1883 - 客户端标识：mqtt_gateway_env_led
io.netty.channel.AbstractChannel$AnnotatedConnectException: Connection refused: no further information: /127.0.0.1:1883
Caused by: java.net.ConnectException: Connection refused: no further information
	at sun.nio.ch.SocketChannelImpl.checkConnect(Native Method)
	at sun.nio.ch.SocketChannelImpl.finishConnect(SocketChannelImpl.java:716)
	at io.netty.channel.socket.nio.NioSocketChannel.doFinishConnect(NioSocketChannel.java:337)
	at io.netty.channel.nio.AbstractNioChannel$AbstractNioUnsafe.finishConnect(AbstractNioChannel.java:334)
	at io.netty.channel.nio.NioEventLoop.processSelectedKey(NioEventLoop.java:710)
	at io.netty.channel.nio.NioEventLoop.processSelectedKeysOptimized(NioEventLoop.java:658)
	at io.netty.channel.nio.NioEventLoop.processSelectedKeys(NioEventLoop.java:584)
	at io.netty.channel.nio.NioEventLoop.run(NioEventLoop.java:496)
	at io.netty.util.concurrent.SingleThreadEventExecutor$4.run(SingleThreadEventExecutor.java:997)
	at io.netty.util.internal.ThreadExecutorMap$2.run(ThreadExecutorMap.java:74)
	at io.netty.util.concurrent.FastThreadLocalRunnable.run(FastThreadLocalRunnable.java:30)
	at java.lang.Thread.run(Thread.java:750)
09:38:41 [IWT-5-16] WARN  com.iteaj.iot.client.mqtt.MqttClient - 客户端(MQTT<默认>) 断线重连 - 等待重连时间：15(s) - 远程主机 127.0.0.1:1883 - 客户端标识：mqtt_gateway_env_led
09:38:58 [IWT-5-1] ERROR com.iteaj.iot.client.mqtt.MqttClient - 客户端(MQTT<默认>) 连接服务器失败 - 远程主机 127.0.0.1:1883 - 客户端标识：mqtt_gateway_env_led
io.netty.channel.AbstractChannel$AnnotatedConnectException: Connection refused: no further information: /127.0.0.1:1883
Caused by: java.net.ConnectException: Connection refused: no further information
	at sun.nio.ch.SocketChannelImpl.checkConnect(Native Method)
	at sun.nio.ch.SocketChannelImpl.finishConnect(SocketChannelImpl.java:716)
	at io.netty.channel.socket.nio.NioSocketChannel.doFinishConnect(NioSocketChannel.java:337)
	at io.netty.channel.nio.AbstractNioChannel$AbstractNioUnsafe.finishConnect(AbstractNioChannel.java:334)
	at io.netty.channel.nio.NioEventLoop.processSelectedKey(NioEventLoop.java:710)
	at io.netty.channel.nio.NioEventLoop.processSelectedKeysOptimized(NioEventLoop.java:658)
	at io.netty.channel.nio.NioEventLoop.processSelectedKeys(NioEventLoop.java:584)
	at io.netty.channel.nio.NioEventLoop.run(NioEventLoop.java:496)
	at io.netty.util.concurrent.SingleThreadEventExecutor$4.run(SingleThreadEventExecutor.java:997)
	at io.netty.util.internal.ThreadExecutorMap$2.run(ThreadExecutorMap.java:74)
	at io.netty.util.concurrent.FastThreadLocalRunnable.run(FastThreadLocalRunnable.java:30)
	at java.lang.Thread.run(Thread.java:750)
09:38:58 [IWT-5-1] WARN  com.iteaj.iot.client.mqtt.MqttClient - 客户端(MQTT<默认>) 断线重连 - 等待重连时间：15(s) - 远程主机 127.0.0.1:1883 - 客户端标识：mqtt_gateway_env_led
09:39:15 [IWT-5-2] ERROR com.iteaj.iot.client.mqtt.MqttClient - 客户端(MQTT<默认>) 连接服务器失败 - 远程主机 127.0.0.1:1883 - 客户端标识：mqtt_gateway_env_led
io.netty.channel.AbstractChannel$AnnotatedConnectException: Connection refused: no further information: /127.0.0.1:1883
Caused by: java.net.ConnectException: Connection refused: no further information
	at sun.nio.ch.SocketChannelImpl.checkConnect(Native Method)
	at sun.nio.ch.SocketChannelImpl.finishConnect(SocketChannelImpl.java:716)
	at io.netty.channel.socket.nio.NioSocketChannel.doFinishConnect(NioSocketChannel.java:337)
	at io.netty.channel.nio.AbstractNioChannel$AbstractNioUnsafe.finishConnect(AbstractNioChannel.java:334)
	at io.netty.channel.nio.NioEventLoop.processSelectedKey(NioEventLoop.java:710)
	at io.netty.channel.nio.NioEventLoop.processSelectedKeysOptimized(NioEventLoop.java:658)
	at io.netty.channel.nio.NioEventLoop.processSelectedKeys(NioEventLoop.java:584)
	at io.netty.channel.nio.NioEventLoop.run(NioEventLoop.java:496)
	at io.netty.util.concurrent.SingleThreadEventExecutor$4.run(SingleThreadEventExecutor.java:997)
	at io.netty.util.internal.ThreadExecutorMap$2.run(ThreadExecutorMap.java:74)
	at io.netty.util.concurrent.FastThreadLocalRunnable.run(FastThreadLocalRunnable.java:30)
	at java.lang.Thread.run(Thread.java:750)
09:39:15 [IWT-5-2] WARN  com.iteaj.iot.client.mqtt.MqttClient - 客户端(MQTT<默认>) 断线重连 - 等待重连时间：15(s) - 远程主机 127.0.0.1:1883 - 客户端标识：mqtt_gateway_env_led
09:39:32 [IWT-5-3] ERROR com.iteaj.iot.client.mqtt.MqttClient - 客户端(MQTT<默认>) 连接服务器失败 - 远程主机 127.0.0.1:1883 - 客户端标识：mqtt_gateway_env_led
io.netty.channel.AbstractChannel$AnnotatedConnectException: Connection refused: no further information: /127.0.0.1:1883
Caused by: java.net.ConnectException: Connection refused: no further information
	at sun.nio.ch.SocketChannelImpl.checkConnect(Native Method)
	at sun.nio.ch.SocketChannelImpl.finishConnect(SocketChannelImpl.java:716)
	at io.netty.channel.socket.nio.NioSocketChannel.doFinishConnect(NioSocketChannel.java:337)
	at io.netty.channel.nio.AbstractNioChannel$AbstractNioUnsafe.finishConnect(AbstractNioChannel.java:334)
	at io.netty.channel.nio.NioEventLoop.processSelectedKey(NioEventLoop.java:710)
	at io.netty.channel.nio.NioEventLoop.processSelectedKeysOptimized(NioEventLoop.java:658)
	at io.netty.channel.nio.NioEventLoop.processSelectedKeys(NioEventLoop.java:584)
	at io.netty.channel.nio.NioEventLoop.run(NioEventLoop.java:496)
	at io.netty.util.concurrent.SingleThreadEventExecutor$4.run(SingleThreadEventExecutor.java:997)
	at io.netty.util.internal.ThreadExecutorMap$2.run(ThreadExecutorMap.java:74)
	at io.netty.util.concurrent.FastThreadLocalRunnable.run(FastThreadLocalRunnable.java:30)
	at java.lang.Thread.run(Thread.java:750)
09:39:32 [IWT-5-3] WARN  com.iteaj.iot.client.mqtt.MqttClient - 客户端(MQTT<默认>) 断线重连 - 等待重连时间：15(s) - 远程主机 127.0.0.1:1883 - 客户端标识：mqtt_gateway_env_led
09:39:49 [IWT-5-4] ERROR com.iteaj.iot.client.mqtt.MqttClient - 客户端(MQTT<默认>) 连接服务器失败 - 远程主机 127.0.0.1:1883 - 客户端标识：mqtt_gateway_env_led
io.netty.channel.AbstractChannel$AnnotatedConnectException: Connection refused: no further information: /127.0.0.1:1883
Caused by: java.net.ConnectException: Connection refused: no further information
	at sun.nio.ch.SocketChannelImpl.checkConnect(Native Method)
	at sun.nio.ch.SocketChannelImpl.finishConnect(SocketChannelImpl.java:716)
	at io.netty.channel.socket.nio.NioSocketChannel.doFinishConnect(NioSocketChannel.java:337)
	at io.netty.channel.nio.AbstractNioChannel$AbstractNioUnsafe.finishConnect(AbstractNioChannel.java:334)
	at io.netty.channel.nio.NioEventLoop.processSelectedKey(NioEventLoop.java:710)
	at io.netty.channel.nio.NioEventLoop.processSelectedKeysOptimized(NioEventLoop.java:658)
	at io.netty.channel.nio.NioEventLoop.processSelectedKeys(NioEventLoop.java:584)
	at io.netty.channel.nio.NioEventLoop.run(NioEventLoop.java:496)
	at io.netty.util.concurrent.SingleThreadEventExecutor$4.run(SingleThreadEventExecutor.java:997)
	at io.netty.util.internal.ThreadExecutorMap$2.run(ThreadExecutorMap.java:74)
	at io.netty.util.concurrent.FastThreadLocalRunnable.run(FastThreadLocalRunnable.java:30)
	at java.lang.Thread.run(Thread.java:750)
09:39:49 [IWT-5-4] WARN  com.iteaj.iot.client.mqtt.MqttClient - 客户端(MQTT<默认>) 断线重连 - 等待重连时间：15(s) - 远程主机 127.0.0.1:1883 - 客户端标识：mqtt_gateway_env_led
09:40:06 [IWT-5-5] ERROR com.iteaj.iot.client.mqtt.MqttClient - 客户端(MQTT<默认>) 连接服务器失败 - 远程主机 127.0.0.1:1883 - 客户端标识：mqtt_gateway_env_led
io.netty.channel.AbstractChannel$AnnotatedConnectException: Connection refused: no further information: /127.0.0.1:1883
Caused by: java.net.ConnectException: Connection refused: no further information
	at sun.nio.ch.SocketChannelImpl.checkConnect(Native Method)
	at sun.nio.ch.SocketChannelImpl.finishConnect(SocketChannelImpl.java:716)
	at io.netty.channel.socket.nio.NioSocketChannel.doFinishConnect(NioSocketChannel.java:337)
	at io.netty.channel.nio.AbstractNioChannel$AbstractNioUnsafe.finishConnect(AbstractNioChannel.java:334)
	at io.netty.channel.nio.NioEventLoop.processSelectedKey(NioEventLoop.java:710)
	at io.netty.channel.nio.NioEventLoop.processSelectedKeysOptimized(NioEventLoop.java:658)
	at io.netty.channel.nio.NioEventLoop.processSelectedKeys(NioEventLoop.java:584)
	at io.netty.channel.nio.NioEventLoop.run(NioEventLoop.java:496)
	at io.netty.util.concurrent.SingleThreadEventExecutor$4.run(SingleThreadEventExecutor.java:997)
	at io.netty.util.internal.ThreadExecutorMap$2.run(ThreadExecutorMap.java:74)
	at io.netty.util.concurrent.FastThreadLocalRunnable.run(FastThreadLocalRunnable.java:30)
	at java.lang.Thread.run(Thread.java:750)
09:40:06 [IWT-5-5] WARN  com.iteaj.iot.client.mqtt.MqttClient - 客户端(MQTT<默认>) 断线重连 - 等待重连时间：15(s) - 远程主机 127.0.0.1:1883 - 客户端标识：mqtt_gateway_env_led
09:40:23 [IWT-5-6] ERROR com.iteaj.iot.client.mqtt.MqttClient - 客户端(MQTT<默认>) 连接服务器失败 - 远程主机 127.0.0.1:1883 - 客户端标识：mqtt_gateway_env_led
io.netty.channel.AbstractChannel$AnnotatedConnectException: Connection refused: no further information: /127.0.0.1:1883
Caused by: java.net.ConnectException: Connection refused: no further information
	at sun.nio.ch.SocketChannelImpl.checkConnect(Native Method)
	at sun.nio.ch.SocketChannelImpl.finishConnect(SocketChannelImpl.java:716)
	at io.netty.channel.socket.nio.NioSocketChannel.doFinishConnect(NioSocketChannel.java:337)
	at io.netty.channel.nio.AbstractNioChannel$AbstractNioUnsafe.finishConnect(AbstractNioChannel.java:334)
	at io.netty.channel.nio.NioEventLoop.processSelectedKey(NioEventLoop.java:710)
	at io.netty.channel.nio.NioEventLoop.processSelectedKeysOptimized(NioEventLoop.java:658)
	at io.netty.channel.nio.NioEventLoop.processSelectedKeys(NioEventLoop.java:584)
	at io.netty.channel.nio.NioEventLoop.run(NioEventLoop.java:496)
	at io.netty.util.concurrent.SingleThreadEventExecutor$4.run(SingleThreadEventExecutor.java:997)
	at io.netty.util.internal.ThreadExecutorMap$2.run(ThreadExecutorMap.java:74)
	at io.netty.util.concurrent.FastThreadLocalRunnable.run(FastThreadLocalRunnable.java:30)
	at java.lang.Thread.run(Thread.java:750)
09:40:23 [IWT-5-6] WARN  com.iteaj.iot.client.mqtt.MqttClient - 客户端(MQTT<默认>) 断线重连 - 等待重连时间：15(s) - 远程主机 127.0.0.1:1883 - 客户端标识：mqtt_gateway_env_led
09:40:40 [IWT-5-7] ERROR com.iteaj.iot.client.mqtt.MqttClient - 客户端(MQTT<默认>) 连接服务器失败 - 远程主机 127.0.0.1:1883 - 客户端标识：mqtt_gateway_env_led
io.netty.channel.AbstractChannel$AnnotatedConnectException: Connection refused: no further information: /127.0.0.1:1883
Caused by: java.net.ConnectException: Connection refused: no further information
	at sun.nio.ch.SocketChannelImpl.checkConnect(Native Method)
	at sun.nio.ch.SocketChannelImpl.finishConnect(SocketChannelImpl.java:716)
	at io.netty.channel.socket.nio.NioSocketChannel.doFinishConnect(NioSocketChannel.java:337)
	at io.netty.channel.nio.AbstractNioChannel$AbstractNioUnsafe.finishConnect(AbstractNioChannel.java:334)
	at io.netty.channel.nio.NioEventLoop.processSelectedKey(NioEventLoop.java:710)
	at io.netty.channel.nio.NioEventLoop.processSelectedKeysOptimized(NioEventLoop.java:658)
	at io.netty.channel.nio.NioEventLoop.processSelectedKeys(NioEventLoop.java:584)
	at io.netty.channel.nio.NioEventLoop.run(NioEventLoop.java:496)
	at io.netty.util.concurrent.SingleThreadEventExecutor$4.run(SingleThreadEventExecutor.java:997)
	at io.netty.util.internal.ThreadExecutorMap$2.run(ThreadExecutorMap.java:74)
	at io.netty.util.concurrent.FastThreadLocalRunnable.run(FastThreadLocalRunnable.java:30)
	at java.lang.Thread.run(Thread.java:750)
09:40:40 [IWT-5-7] WARN  com.iteaj.iot.client.mqtt.MqttClient - 客户端(MQTT<默认>) 断线重连 - 等待重连时间：15(s) - 远程主机 127.0.0.1:1883 - 客户端标识：mqtt_gateway_env_led
09:40:57 [IWT-5-8] ERROR com.iteaj.iot.client.mqtt.MqttClient - 客户端(MQTT<默认>) 连接服务器失败 - 远程主机 127.0.0.1:1883 - 客户端标识：mqtt_gateway_env_led
io.netty.channel.AbstractChannel$AnnotatedConnectException: Connection refused: no further information: /127.0.0.1:1883
Caused by: java.net.ConnectException: Connection refused: no further information
	at sun.nio.ch.SocketChannelImpl.checkConnect(Native Method)
	at sun.nio.ch.SocketChannelImpl.finishConnect(SocketChannelImpl.java:716)
	at io.netty.channel.socket.nio.NioSocketChannel.doFinishConnect(NioSocketChannel.java:337)
	at io.netty.channel.nio.AbstractNioChannel$AbstractNioUnsafe.finishConnect(AbstractNioChannel.java:334)
	at io.netty.channel.nio.NioEventLoop.processSelectedKey(NioEventLoop.java:710)
	at io.netty.channel.nio.NioEventLoop.processSelectedKeysOptimized(NioEventLoop.java:658)
	at io.netty.channel.nio.NioEventLoop.processSelectedKeys(NioEventLoop.java:584)
	at io.netty.channel.nio.NioEventLoop.run(NioEventLoop.java:496)
	at io.netty.util.concurrent.SingleThreadEventExecutor$4.run(SingleThreadEventExecutor.java:997)
	at io.netty.util.internal.ThreadExecutorMap$2.run(ThreadExecutorMap.java:74)
	at io.netty.util.concurrent.FastThreadLocalRunnable.run(FastThreadLocalRunnable.java:30)
	at java.lang.Thread.run(Thread.java:750)
09:40:58 [IWT-5-8] WARN  com.iteaj.iot.client.mqtt.MqttClient - 客户端(MQTT<默认>) 断线重连 - 等待重连时间：15(s) - 远程主机 127.0.0.1:1883 - 客户端标识：mqtt_gateway_env_led
09:41:15 [IWT-5-9] ERROR com.iteaj.iot.client.mqtt.MqttClient - 客户端(MQTT<默认>) 连接服务器失败 - 远程主机 127.0.0.1:1883 - 客户端标识：mqtt_gateway_env_led
io.netty.channel.AbstractChannel$AnnotatedConnectException: Connection refused: no further information: /127.0.0.1:1883
Caused by: java.net.ConnectException: Connection refused: no further information
	at sun.nio.ch.SocketChannelImpl.checkConnect(Native Method)
	at sun.nio.ch.SocketChannelImpl.finishConnect(SocketChannelImpl.java:716)
	at io.netty.channel.socket.nio.NioSocketChannel.doFinishConnect(NioSocketChannel.java:337)
	at io.netty.channel.nio.AbstractNioChannel$AbstractNioUnsafe.finishConnect(AbstractNioChannel.java:334)
	at io.netty.channel.nio.NioEventLoop.processSelectedKey(NioEventLoop.java:710)
	at io.netty.channel.nio.NioEventLoop.processSelectedKeysOptimized(NioEventLoop.java:658)
	at io.netty.channel.nio.NioEventLoop.processSelectedKeys(NioEventLoop.java:584)
	at io.netty.channel.nio.NioEventLoop.run(NioEventLoop.java:496)
	at io.netty.util.concurrent.SingleThreadEventExecutor$4.run(SingleThreadEventExecutor.java:997)
	at io.netty.util.internal.ThreadExecutorMap$2.run(ThreadExecutorMap.java:74)
	at io.netty.util.concurrent.FastThreadLocalRunnable.run(FastThreadLocalRunnable.java:30)
	at java.lang.Thread.run(Thread.java:750)
09:41:15 [IWT-5-9] WARN  com.iteaj.iot.client.mqtt.MqttClient - 客户端(MQTT<默认>) 断线重连 - 等待重连时间：15(s) - 远程主机 127.0.0.1:1883 - 客户端标识：mqtt_gateway_env_led
09:41:32 [IWT-5-10] ERROR com.iteaj.iot.client.mqtt.MqttClient - 客户端(MQTT<默认>) 连接服务器失败 - 远程主机 127.0.0.1:1883 - 客户端标识：mqtt_gateway_env_led
io.netty.channel.AbstractChannel$AnnotatedConnectException: Connection refused: no further information: /127.0.0.1:1883
Caused by: java.net.ConnectException: Connection refused: no further information
	at sun.nio.ch.SocketChannelImpl.checkConnect(Native Method)
	at sun.nio.ch.SocketChannelImpl.finishConnect(SocketChannelImpl.java:716)
	at io.netty.channel.socket.nio.NioSocketChannel.doFinishConnect(NioSocketChannel.java:337)
	at io.netty.channel.nio.AbstractNioChannel$AbstractNioUnsafe.finishConnect(AbstractNioChannel.java:334)
	at io.netty.channel.nio.NioEventLoop.processSelectedKey(NioEventLoop.java:710)
	at io.netty.channel.nio.NioEventLoop.processSelectedKeysOptimized(NioEventLoop.java:658)
	at io.netty.channel.nio.NioEventLoop.processSelectedKeys(NioEventLoop.java:584)
	at io.netty.channel.nio.NioEventLoop.run(NioEventLoop.java:496)
	at io.netty.util.concurrent.SingleThreadEventExecutor$4.run(SingleThreadEventExecutor.java:997)
	at io.netty.util.internal.ThreadExecutorMap$2.run(ThreadExecutorMap.java:74)
	at io.netty.util.concurrent.FastThreadLocalRunnable.run(FastThreadLocalRunnable.java:30)
	at java.lang.Thread.run(Thread.java:750)
09:41:32 [IWT-5-10] WARN  com.iteaj.iot.client.mqtt.MqttClient - 客户端(MQTT<默认>) 断线重连 - 等待重连时间：15(s) - 远程主机 127.0.0.1:1883 - 客户端标识：mqtt_gateway_env_led
09:41:49 [IWT-5-11] ERROR com.iteaj.iot.client.mqtt.MqttClient - 客户端(MQTT<默认>) 连接服务器失败 - 远程主机 127.0.0.1:1883 - 客户端标识：mqtt_gateway_env_led
io.netty.channel.AbstractChannel$AnnotatedConnectException: Connection refused: no further information: /127.0.0.1:1883
Caused by: java.net.ConnectException: Connection refused: no further information
	at sun.nio.ch.SocketChannelImpl.checkConnect(Native Method)
	at sun.nio.ch.SocketChannelImpl.finishConnect(SocketChannelImpl.java:716)
	at io.netty.channel.socket.nio.NioSocketChannel.doFinishConnect(NioSocketChannel.java:337)
	at io.netty.channel.nio.AbstractNioChannel$AbstractNioUnsafe.finishConnect(AbstractNioChannel.java:334)
	at io.netty.channel.nio.NioEventLoop.processSelectedKey(NioEventLoop.java:710)
	at io.netty.channel.nio.NioEventLoop.processSelectedKeysOptimized(NioEventLoop.java:658)
	at io.netty.channel.nio.NioEventLoop.processSelectedKeys(NioEventLoop.java:584)
	at io.netty.channel.nio.NioEventLoop.run(NioEventLoop.java:496)
	at io.netty.util.concurrent.SingleThreadEventExecutor$4.run(SingleThreadEventExecutor.java:997)
	at io.netty.util.internal.ThreadExecutorMap$2.run(ThreadExecutorMap.java:74)
	at io.netty.util.concurrent.FastThreadLocalRunnable.run(FastThreadLocalRunnable.java:30)
	at java.lang.Thread.run(Thread.java:750)
09:41:49 [IWT-5-11] WARN  com.iteaj.iot.client.mqtt.MqttClient - 客户端(MQTT<默认>) 断线重连 - 等待重连时间：15(s) - 远程主机 127.0.0.1:1883 - 客户端标识：mqtt_gateway_env_led
09:42:06 [IWT-5-12] ERROR com.iteaj.iot.client.mqtt.MqttClient - 客户端(MQTT<默认>) 连接服务器失败 - 远程主机 127.0.0.1:1883 - 客户端标识：mqtt_gateway_env_led
io.netty.channel.AbstractChannel$AnnotatedConnectException: Connection refused: no further information: /127.0.0.1:1883
Caused by: java.net.ConnectException: Connection refused: no further information
	at sun.nio.ch.SocketChannelImpl.checkConnect(Native Method)
	at sun.nio.ch.SocketChannelImpl.finishConnect(SocketChannelImpl.java:716)
	at io.netty.channel.socket.nio.NioSocketChannel.doFinishConnect(NioSocketChannel.java:337)
	at io.netty.channel.nio.AbstractNioChannel$AbstractNioUnsafe.finishConnect(AbstractNioChannel.java:334)
	at io.netty.channel.nio.NioEventLoop.processSelectedKey(NioEventLoop.java:710)
	at io.netty.channel.nio.NioEventLoop.processSelectedKeysOptimized(NioEventLoop.java:658)
	at io.netty.channel.nio.NioEventLoop.processSelectedKeys(NioEventLoop.java:584)
	at io.netty.channel.nio.NioEventLoop.run(NioEventLoop.java:496)
	at io.netty.util.concurrent.SingleThreadEventExecutor$4.run(SingleThreadEventExecutor.java:997)
	at io.netty.util.internal.ThreadExecutorMap$2.run(ThreadExecutorMap.java:74)
	at io.netty.util.concurrent.FastThreadLocalRunnable.run(FastThreadLocalRunnable.java:30)
	at java.lang.Thread.run(Thread.java:750)
09:42:06 [IWT-5-12] WARN  com.iteaj.iot.client.mqtt.MqttClient - 客户端(MQTT<默认>) 断线重连 - 等待重连时间：15(s) - 远程主机 127.0.0.1:1883 - 客户端标识：mqtt_gateway_env_led
09:42:23 [IWT-5-13] ERROR com.iteaj.iot.client.mqtt.MqttClient - 客户端(MQTT<默认>) 连接服务器失败 - 远程主机 127.0.0.1:1883 - 客户端标识：mqtt_gateway_env_led
io.netty.channel.AbstractChannel$AnnotatedConnectException: Connection refused: no further information: /127.0.0.1:1883
Caused by: java.net.ConnectException: Connection refused: no further information
	at sun.nio.ch.SocketChannelImpl.checkConnect(Native Method)
	at sun.nio.ch.SocketChannelImpl.finishConnect(SocketChannelImpl.java:716)
	at io.netty.channel.socket.nio.NioSocketChannel.doFinishConnect(NioSocketChannel.java:337)
	at io.netty.channel.nio.AbstractNioChannel$AbstractNioUnsafe.finishConnect(AbstractNioChannel.java:334)
	at io.netty.channel.nio.NioEventLoop.processSelectedKey(NioEventLoop.java:710)
	at io.netty.channel.nio.NioEventLoop.processSelectedKeysOptimized(NioEventLoop.java:658)
	at io.netty.channel.nio.NioEventLoop.processSelectedKeys(NioEventLoop.java:584)
	at io.netty.channel.nio.NioEventLoop.run(NioEventLoop.java:496)
	at io.netty.util.concurrent.SingleThreadEventExecutor$4.run(SingleThreadEventExecutor.java:997)
	at io.netty.util.internal.ThreadExecutorMap$2.run(ThreadExecutorMap.java:74)
	at io.netty.util.concurrent.FastThreadLocalRunnable.run(FastThreadLocalRunnable.java:30)
	at java.lang.Thread.run(Thread.java:750)
09:42:23 [IWT-5-13] WARN  com.iteaj.iot.client.mqtt.MqttClient - 客户端(MQTT<默认>) 断线重连 - 等待重连时间：15(s) - 远程主机 127.0.0.1:1883 - 客户端标识：mqtt_gateway_env_led
09:42:40 [IWT-5-14] ERROR com.iteaj.iot.client.mqtt.MqttClient - 客户端(MQTT<默认>) 连接服务器失败 - 远程主机 127.0.0.1:1883 - 客户端标识：mqtt_gateway_env_led
io.netty.channel.AbstractChannel$AnnotatedConnectException: Connection refused: no further information: /127.0.0.1:1883
Caused by: java.net.ConnectException: Connection refused: no further information
	at sun.nio.ch.SocketChannelImpl.checkConnect(Native Method)
	at sun.nio.ch.SocketChannelImpl.finishConnect(SocketChannelImpl.java:716)
	at io.netty.channel.socket.nio.NioSocketChannel.doFinishConnect(NioSocketChannel.java:337)
	at io.netty.channel.nio.AbstractNioChannel$AbstractNioUnsafe.finishConnect(AbstractNioChannel.java:334)
	at io.netty.channel.nio.NioEventLoop.processSelectedKey(NioEventLoop.java:710)
	at io.netty.channel.nio.NioEventLoop.processSelectedKeysOptimized(NioEventLoop.java:658)
	at io.netty.channel.nio.NioEventLoop.processSelectedKeys(NioEventLoop.java:584)
	at io.netty.channel.nio.NioEventLoop.run(NioEventLoop.java:496)
	at io.netty.util.concurrent.SingleThreadEventExecutor$4.run(SingleThreadEventExecutor.java:997)
	at io.netty.util.internal.ThreadExecutorMap$2.run(ThreadExecutorMap.java:74)
	at io.netty.util.concurrent.FastThreadLocalRunnable.run(FastThreadLocalRunnable.java:30)
	at java.lang.Thread.run(Thread.java:750)
09:42:40 [IWT-5-14] WARN  com.iteaj.iot.client.mqtt.MqttClient - 客户端(MQTT<默认>) 断线重连 - 等待重连时间：15(s) - 远程主机 127.0.0.1:1883 - 客户端标识：mqtt_gateway_env_led
09:42:58 [IWT-5-15] ERROR com.iteaj.iot.client.mqtt.MqttClient - 客户端(MQTT<默认>) 连接服务器失败 - 远程主机 127.0.0.1:1883 - 客户端标识：mqtt_gateway_env_led
io.netty.channel.AbstractChannel$AnnotatedConnectException: Connection refused: no further information: /127.0.0.1:1883
Caused by: java.net.ConnectException: Connection refused: no further information
	at sun.nio.ch.SocketChannelImpl.checkConnect(Native Method)
	at sun.nio.ch.SocketChannelImpl.finishConnect(SocketChannelImpl.java:716)
	at io.netty.channel.socket.nio.NioSocketChannel.doFinishConnect(NioSocketChannel.java:337)
	at io.netty.channel.nio.AbstractNioChannel$AbstractNioUnsafe.finishConnect(AbstractNioChannel.java:334)
	at io.netty.channel.nio.NioEventLoop.processSelectedKey(NioEventLoop.java:710)
	at io.netty.channel.nio.NioEventLoop.processSelectedKeysOptimized(NioEventLoop.java:658)
	at io.netty.channel.nio.NioEventLoop.processSelectedKeys(NioEventLoop.java:584)
	at io.netty.channel.nio.NioEventLoop.run(NioEventLoop.java:496)
	at io.netty.util.concurrent.SingleThreadEventExecutor$4.run(SingleThreadEventExecutor.java:997)
	at io.netty.util.internal.ThreadExecutorMap$2.run(ThreadExecutorMap.java:74)
	at io.netty.util.concurrent.FastThreadLocalRunnable.run(FastThreadLocalRunnable.java:30)
	at java.lang.Thread.run(Thread.java:750)
09:42:58 [IWT-5-15] WARN  com.iteaj.iot.client.mqtt.MqttClient - 客户端(MQTT<默认>) 断线重连 - 等待重连时间：15(s) - 远程主机 127.0.0.1:1883 - 客户端标识：mqtt_gateway_env_led
09:43:15 [IWT-5-16] ERROR com.iteaj.iot.client.mqtt.MqttClient - 客户端(MQTT<默认>) 连接服务器失败 - 远程主机 127.0.0.1:1883 - 客户端标识：mqtt_gateway_env_led
io.netty.channel.AbstractChannel$AnnotatedConnectException: Connection refused: no further information: /127.0.0.1:1883
Caused by: java.net.ConnectException: Connection refused: no further information
	at sun.nio.ch.SocketChannelImpl.checkConnect(Native Method)
	at sun.nio.ch.SocketChannelImpl.finishConnect(SocketChannelImpl.java:716)
	at io.netty.channel.socket.nio.NioSocketChannel.doFinishConnect(NioSocketChannel.java:337)
	at io.netty.channel.nio.AbstractNioChannel$AbstractNioUnsafe.finishConnect(AbstractNioChannel.java:334)
	at io.netty.channel.nio.NioEventLoop.processSelectedKey(NioEventLoop.java:710)
	at io.netty.channel.nio.NioEventLoop.processSelectedKeysOptimized(NioEventLoop.java:658)
	at io.netty.channel.nio.NioEventLoop.processSelectedKeys(NioEventLoop.java:584)
	at io.netty.channel.nio.NioEventLoop.run(NioEventLoop.java:496)
	at io.netty.util.concurrent.SingleThreadEventExecutor$4.run(SingleThreadEventExecutor.java:997)
	at io.netty.util.internal.ThreadExecutorMap$2.run(ThreadExecutorMap.java:74)
	at io.netty.util.concurrent.FastThreadLocalRunnable.run(FastThreadLocalRunnable.java:30)
	at java.lang.Thread.run(Thread.java:750)
09:43:15 [IWT-5-16] WARN  com.iteaj.iot.client.mqtt.MqttClient - 客户端(MQTT<默认>) 断线重连 - 等待重连时间：15(s) - 远程主机 127.0.0.1:1883 - 客户端标识：mqtt_gateway_env_led
09:43:32 [IWT-5-1] ERROR com.iteaj.iot.client.mqtt.MqttClient - 客户端(MQTT<默认>) 连接服务器失败 - 远程主机 127.0.0.1:1883 - 客户端标识：mqtt_gateway_env_led
io.netty.channel.AbstractChannel$AnnotatedConnectException: Connection refused: no further information: /127.0.0.1:1883
Caused by: java.net.ConnectException: Connection refused: no further information
	at sun.nio.ch.SocketChannelImpl.checkConnect(Native Method)
	at sun.nio.ch.SocketChannelImpl.finishConnect(SocketChannelImpl.java:716)
	at io.netty.channel.socket.nio.NioSocketChannel.doFinishConnect(NioSocketChannel.java:337)
	at io.netty.channel.nio.AbstractNioChannel$AbstractNioUnsafe.finishConnect(AbstractNioChannel.java:334)
	at io.netty.channel.nio.NioEventLoop.processSelectedKey(NioEventLoop.java:710)
	at io.netty.channel.nio.NioEventLoop.processSelectedKeysOptimized(NioEventLoop.java:658)
	at io.netty.channel.nio.NioEventLoop.processSelectedKeys(NioEventLoop.java:584)
	at io.netty.channel.nio.NioEventLoop.run(NioEventLoop.java:496)
	at io.netty.util.concurrent.SingleThreadEventExecutor$4.run(SingleThreadEventExecutor.java:997)
	at io.netty.util.internal.ThreadExecutorMap$2.run(ThreadExecutorMap.java:74)
	at io.netty.util.concurrent.FastThreadLocalRunnable.run(FastThreadLocalRunnable.java:30)
	at java.lang.Thread.run(Thread.java:750)
09:43:32 [IWT-5-1] WARN  com.iteaj.iot.client.mqtt.MqttClient - 客户端(MQTT<默认>) 断线重连 - 等待重连时间：15(s) - 远程主机 127.0.0.1:1883 - 客户端标识：mqtt_gateway_env_led
09:43:49 [IWT-5-2] ERROR com.iteaj.iot.client.mqtt.MqttClient - 客户端(MQTT<默认>) 连接服务器失败 - 远程主机 127.0.0.1:1883 - 客户端标识：mqtt_gateway_env_led
io.netty.channel.AbstractChannel$AnnotatedConnectException: Connection refused: no further information: /127.0.0.1:1883
Caused by: java.net.ConnectException: Connection refused: no further information
	at sun.nio.ch.SocketChannelImpl.checkConnect(Native Method)
	at sun.nio.ch.SocketChannelImpl.finishConnect(SocketChannelImpl.java:716)
	at io.netty.channel.socket.nio.NioSocketChannel.doFinishConnect(NioSocketChannel.java:337)
	at io.netty.channel.nio.AbstractNioChannel$AbstractNioUnsafe.finishConnect(AbstractNioChannel.java:334)
	at io.netty.channel.nio.NioEventLoop.processSelectedKey(NioEventLoop.java:710)
	at io.netty.channel.nio.NioEventLoop.processSelectedKeysOptimized(NioEventLoop.java:658)
	at io.netty.channel.nio.NioEventLoop.processSelectedKeys(NioEventLoop.java:584)
	at io.netty.channel.nio.NioEventLoop.run(NioEventLoop.java:496)
	at io.netty.util.concurrent.SingleThreadEventExecutor$4.run(SingleThreadEventExecutor.java:997)
	at io.netty.util.internal.ThreadExecutorMap$2.run(ThreadExecutorMap.java:74)
	at io.netty.util.concurrent.FastThreadLocalRunnable.run(FastThreadLocalRunnable.java:30)
	at java.lang.Thread.run(Thread.java:750)
09:43:49 [IWT-5-2] WARN  com.iteaj.iot.client.mqtt.MqttClient - 客户端(MQTT<默认>) 断线重连 - 等待重连时间：15(s) - 远程主机 127.0.0.1:1883 - 客户端标识：mqtt_gateway_env_led
09:44:06 [IWT-5-3] ERROR com.iteaj.iot.client.mqtt.MqttClient - 客户端(MQTT<默认>) 连接服务器失败 - 远程主机 127.0.0.1:1883 - 客户端标识：mqtt_gateway_env_led
io.netty.channel.AbstractChannel$AnnotatedConnectException: Connection refused: no further information: /127.0.0.1:1883
Caused by: java.net.ConnectException: Connection refused: no further information
	at sun.nio.ch.SocketChannelImpl.checkConnect(Native Method)
	at sun.nio.ch.SocketChannelImpl.finishConnect(SocketChannelImpl.java:716)
	at io.netty.channel.socket.nio.NioSocketChannel.doFinishConnect(NioSocketChannel.java:337)
	at io.netty.channel.nio.AbstractNioChannel$AbstractNioUnsafe.finishConnect(AbstractNioChannel.java:334)
	at io.netty.channel.nio.NioEventLoop.processSelectedKey(NioEventLoop.java:710)
	at io.netty.channel.nio.NioEventLoop.processSelectedKeysOptimized(NioEventLoop.java:658)
	at io.netty.channel.nio.NioEventLoop.processSelectedKeys(NioEventLoop.java:584)
	at io.netty.channel.nio.NioEventLoop.run(NioEventLoop.java:496)
	at io.netty.util.concurrent.SingleThreadEventExecutor$4.run(SingleThreadEventExecutor.java:997)
	at io.netty.util.internal.ThreadExecutorMap$2.run(ThreadExecutorMap.java:74)
	at io.netty.util.concurrent.FastThreadLocalRunnable.run(FastThreadLocalRunnable.java:30)
	at java.lang.Thread.run(Thread.java:750)
09:44:06 [IWT-5-3] WARN  com.iteaj.iot.client.mqtt.MqttClient - 客户端(MQTT<默认>) 断线重连 - 等待重连时间：15(s) - 远程主机 127.0.0.1:1883 - 客户端标识：mqtt_gateway_env_led
09:44:24 [IWT-5-4] ERROR com.iteaj.iot.client.mqtt.MqttClient - 客户端(MQTT<默认>) 连接服务器失败 - 远程主机 127.0.0.1:1883 - 客户端标识：mqtt_gateway_env_led
io.netty.channel.AbstractChannel$AnnotatedConnectException: Connection refused: no further information: /127.0.0.1:1883
Caused by: java.net.ConnectException: Connection refused: no further information
	at sun.nio.ch.SocketChannelImpl.checkConnect(Native Method)
	at sun.nio.ch.SocketChannelImpl.finishConnect(SocketChannelImpl.java:716)
	at io.netty.channel.socket.nio.NioSocketChannel.doFinishConnect(NioSocketChannel.java:337)
	at io.netty.channel.nio.AbstractNioChannel$AbstractNioUnsafe.finishConnect(AbstractNioChannel.java:334)
	at io.netty.channel.nio.NioEventLoop.processSelectedKey(NioEventLoop.java:710)
	at io.netty.channel.nio.NioEventLoop.processSelectedKeysOptimized(NioEventLoop.java:658)
	at io.netty.channel.nio.NioEventLoop.processSelectedKeys(NioEventLoop.java:584)
	at io.netty.channel.nio.NioEventLoop.run(NioEventLoop.java:496)
	at io.netty.util.concurrent.SingleThreadEventExecutor$4.run(SingleThreadEventExecutor.java:997)
	at io.netty.util.internal.ThreadExecutorMap$2.run(ThreadExecutorMap.java:74)
	at io.netty.util.concurrent.FastThreadLocalRunnable.run(FastThreadLocalRunnable.java:30)
	at java.lang.Thread.run(Thread.java:750)
09:44:24 [IWT-5-4] WARN  com.iteaj.iot.client.mqtt.MqttClient - 客户端(MQTT<默认>) 断线重连 - 等待重连时间：15(s) - 远程主机 127.0.0.1:1883 - 客户端标识：mqtt_gateway_env_led
09:44:41 [IWT-5-5] ERROR com.iteaj.iot.client.mqtt.MqttClient - 客户端(MQTT<默认>) 连接服务器失败 - 远程主机 127.0.0.1:1883 - 客户端标识：mqtt_gateway_env_led
io.netty.channel.AbstractChannel$AnnotatedConnectException: Connection refused: no further information: /127.0.0.1:1883
Caused by: java.net.ConnectException: Connection refused: no further information
	at sun.nio.ch.SocketChannelImpl.checkConnect(Native Method)
	at sun.nio.ch.SocketChannelImpl.finishConnect(SocketChannelImpl.java:716)
	at io.netty.channel.socket.nio.NioSocketChannel.doFinishConnect(NioSocketChannel.java:337)
	at io.netty.channel.nio.AbstractNioChannel$AbstractNioUnsafe.finishConnect(AbstractNioChannel.java:334)
	at io.netty.channel.nio.NioEventLoop.processSelectedKey(NioEventLoop.java:710)
	at io.netty.channel.nio.NioEventLoop.processSelectedKeysOptimized(NioEventLoop.java:658)
	at io.netty.channel.nio.NioEventLoop.processSelectedKeys(NioEventLoop.java:584)
	at io.netty.channel.nio.NioEventLoop.run(NioEventLoop.java:496)
	at io.netty.util.concurrent.SingleThreadEventExecutor$4.run(SingleThreadEventExecutor.java:997)
	at io.netty.util.internal.ThreadExecutorMap$2.run(ThreadExecutorMap.java:74)
	at io.netty.util.concurrent.FastThreadLocalRunnable.run(FastThreadLocalRunnable.java:30)
	at java.lang.Thread.run(Thread.java:750)
09:44:41 [IWT-5-5] WARN  com.iteaj.iot.client.mqtt.MqttClient - 客户端(MQTT<默认>) 断线重连 - 等待重连时间：15(s) - 远程主机 127.0.0.1:1883 - 客户端标识：mqtt_gateway_env_led
09:44:58 [IWT-5-6] ERROR com.iteaj.iot.client.mqtt.MqttClient - 客户端(MQTT<默认>) 连接服务器失败 - 远程主机 127.0.0.1:1883 - 客户端标识：mqtt_gateway_env_led
io.netty.channel.AbstractChannel$AnnotatedConnectException: Connection refused: no further information: /127.0.0.1:1883
Caused by: java.net.ConnectException: Connection refused: no further information
	at sun.nio.ch.SocketChannelImpl.checkConnect(Native Method)
	at sun.nio.ch.SocketChannelImpl.finishConnect(SocketChannelImpl.java:716)
	at io.netty.channel.socket.nio.NioSocketChannel.doFinishConnect(NioSocketChannel.java:337)
	at io.netty.channel.nio.AbstractNioChannel$AbstractNioUnsafe.finishConnect(AbstractNioChannel.java:334)
	at io.netty.channel.nio.NioEventLoop.processSelectedKey(NioEventLoop.java:710)
	at io.netty.channel.nio.NioEventLoop.processSelectedKeysOptimized(NioEventLoop.java:658)
	at io.netty.channel.nio.NioEventLoop.processSelectedKeys(NioEventLoop.java:584)
	at io.netty.channel.nio.NioEventLoop.run(NioEventLoop.java:496)
	at io.netty.util.concurrent.SingleThreadEventExecutor$4.run(SingleThreadEventExecutor.java:997)
	at io.netty.util.internal.ThreadExecutorMap$2.run(ThreadExecutorMap.java:74)
	at io.netty.util.concurrent.FastThreadLocalRunnable.run(FastThreadLocalRunnable.java:30)
	at java.lang.Thread.run(Thread.java:750)
09:44:58 [IWT-5-6] WARN  com.iteaj.iot.client.mqtt.MqttClient - 客户端(MQTT<默认>) 断线重连 - 等待重连时间：15(s) - 远程主机 127.0.0.1:1883 - 客户端标识：mqtt_gateway_env_led
09:45:15 [IWT-5-7] ERROR com.iteaj.iot.client.mqtt.MqttClient - 客户端(MQTT<默认>) 连接服务器失败 - 远程主机 127.0.0.1:1883 - 客户端标识：mqtt_gateway_env_led
io.netty.channel.AbstractChannel$AnnotatedConnectException: Connection refused: no further information: /127.0.0.1:1883
Caused by: java.net.ConnectException: Connection refused: no further information
	at sun.nio.ch.SocketChannelImpl.checkConnect(Native Method)
	at sun.nio.ch.SocketChannelImpl.finishConnect(SocketChannelImpl.java:716)
	at io.netty.channel.socket.nio.NioSocketChannel.doFinishConnect(NioSocketChannel.java:337)
	at io.netty.channel.nio.AbstractNioChannel$AbstractNioUnsafe.finishConnect(AbstractNioChannel.java:334)
	at io.netty.channel.nio.NioEventLoop.processSelectedKey(NioEventLoop.java:710)
	at io.netty.channel.nio.NioEventLoop.processSelectedKeysOptimized(NioEventLoop.java:658)
	at io.netty.channel.nio.NioEventLoop.processSelectedKeys(NioEventLoop.java:584)
	at io.netty.channel.nio.NioEventLoop.run(NioEventLoop.java:496)
	at io.netty.util.concurrent.SingleThreadEventExecutor$4.run(SingleThreadEventExecutor.java:997)
	at io.netty.util.internal.ThreadExecutorMap$2.run(ThreadExecutorMap.java:74)
	at io.netty.util.concurrent.FastThreadLocalRunnable.run(FastThreadLocalRunnable.java:30)
	at java.lang.Thread.run(Thread.java:750)
09:45:15 [IWT-5-7] WARN  com.iteaj.iot.client.mqtt.MqttClient - 客户端(MQTT<默认>) 断线重连 - 等待重连时间：15(s) - 远程主机 127.0.0.1:1883 - 客户端标识：mqtt_gateway_env_led
09:45:33 [IWT-5-8] ERROR com.iteaj.iot.client.mqtt.MqttClient - 客户端(MQTT<默认>) 连接服务器失败 - 远程主机 127.0.0.1:1883 - 客户端标识：mqtt_gateway_env_led
io.netty.channel.AbstractChannel$AnnotatedConnectException: Connection refused: no further information: /127.0.0.1:1883
Caused by: java.net.ConnectException: Connection refused: no further information
	at sun.nio.ch.SocketChannelImpl.checkConnect(Native Method)
	at sun.nio.ch.SocketChannelImpl.finishConnect(SocketChannelImpl.java:716)
	at io.netty.channel.socket.nio.NioSocketChannel.doFinishConnect(NioSocketChannel.java:337)
	at io.netty.channel.nio.AbstractNioChannel$AbstractNioUnsafe.finishConnect(AbstractNioChannel.java:334)
	at io.netty.channel.nio.NioEventLoop.processSelectedKey(NioEventLoop.java:710)
	at io.netty.channel.nio.NioEventLoop.processSelectedKeysOptimized(NioEventLoop.java:658)
	at io.netty.channel.nio.NioEventLoop.processSelectedKeys(NioEventLoop.java:584)
	at io.netty.channel.nio.NioEventLoop.run(NioEventLoop.java:496)
	at io.netty.util.concurrent.SingleThreadEventExecutor$4.run(SingleThreadEventExecutor.java:997)
	at io.netty.util.internal.ThreadExecutorMap$2.run(ThreadExecutorMap.java:74)
	at io.netty.util.concurrent.FastThreadLocalRunnable.run(FastThreadLocalRunnable.java:30)
	at java.lang.Thread.run(Thread.java:750)
09:45:33 [IWT-5-8] WARN  com.iteaj.iot.client.mqtt.MqttClient - 客户端(MQTT<默认>) 断线重连 - 等待重连时间：15(s) - 远程主机 127.0.0.1:1883 - 客户端标识：mqtt_gateway_env_led
09:45:50 [IWT-5-9] ERROR com.iteaj.iot.client.mqtt.MqttClient - 客户端(MQTT<默认>) 连接服务器失败 - 远程主机 127.0.0.1:1883 - 客户端标识：mqtt_gateway_env_led
io.netty.channel.AbstractChannel$AnnotatedConnectException: Connection refused: no further information: /127.0.0.1:1883
Caused by: java.net.ConnectException: Connection refused: no further information
	at sun.nio.ch.SocketChannelImpl.checkConnect(Native Method)
	at sun.nio.ch.SocketChannelImpl.finishConnect(SocketChannelImpl.java:716)
	at io.netty.channel.socket.nio.NioSocketChannel.doFinishConnect(NioSocketChannel.java:337)
	at io.netty.channel.nio.AbstractNioChannel$AbstractNioUnsafe.finishConnect(AbstractNioChannel.java:334)
	at io.netty.channel.nio.NioEventLoop.processSelectedKey(NioEventLoop.java:710)
	at io.netty.channel.nio.NioEventLoop.processSelectedKeysOptimized(NioEventLoop.java:658)
	at io.netty.channel.nio.NioEventLoop.processSelectedKeys(NioEventLoop.java:584)
	at io.netty.channel.nio.NioEventLoop.run(NioEventLoop.java:496)
	at io.netty.util.concurrent.SingleThreadEventExecutor$4.run(SingleThreadEventExecutor.java:997)
	at io.netty.util.internal.ThreadExecutorMap$2.run(ThreadExecutorMap.java:74)
	at io.netty.util.concurrent.FastThreadLocalRunnable.run(FastThreadLocalRunnable.java:30)
	at java.lang.Thread.run(Thread.java:750)
09:45:51 [IWT-5-9] WARN  com.iteaj.iot.client.mqtt.MqttClient - 客户端(MQTT<默认>) 断线重连 - 等待重连时间：15(s) - 远程主机 127.0.0.1:1883 - 客户端标识：mqtt_gateway_env_led
09:46:08 [IWT-5-10] ERROR com.iteaj.iot.client.mqtt.MqttClient - 客户端(MQTT<默认>) 连接服务器失败 - 远程主机 127.0.0.1:1883 - 客户端标识：mqtt_gateway_env_led
io.netty.channel.AbstractChannel$AnnotatedConnectException: Connection refused: no further information: /127.0.0.1:1883
Caused by: java.net.ConnectException: Connection refused: no further information
	at sun.nio.ch.SocketChannelImpl.checkConnect(Native Method)
	at sun.nio.ch.SocketChannelImpl.finishConnect(SocketChannelImpl.java:716)
	at io.netty.channel.socket.nio.NioSocketChannel.doFinishConnect(NioSocketChannel.java:337)
	at io.netty.channel.nio.AbstractNioChannel$AbstractNioUnsafe.finishConnect(AbstractNioChannel.java:334)
	at io.netty.channel.nio.NioEventLoop.processSelectedKey(NioEventLoop.java:710)
	at io.netty.channel.nio.NioEventLoop.processSelectedKeysOptimized(NioEventLoop.java:658)
	at io.netty.channel.nio.NioEventLoop.processSelectedKeys(NioEventLoop.java:584)
	at io.netty.channel.nio.NioEventLoop.run(NioEventLoop.java:496)
	at io.netty.util.concurrent.SingleThreadEventExecutor$4.run(SingleThreadEventExecutor.java:997)
	at io.netty.util.internal.ThreadExecutorMap$2.run(ThreadExecutorMap.java:74)
	at io.netty.util.concurrent.FastThreadLocalRunnable.run(FastThreadLocalRunnable.java:30)
	at java.lang.Thread.run(Thread.java:750)
09:46:08 [IWT-5-10] WARN  com.iteaj.iot.client.mqtt.MqttClient - 客户端(MQTT<默认>) 断线重连 - 等待重连时间：15(s) - 远程主机 127.0.0.1:1883 - 客户端标识：mqtt_gateway_env_led
09:46:25 [IWT-5-11] ERROR com.iteaj.iot.client.mqtt.MqttClient - 客户端(MQTT<默认>) 连接服务器失败 - 远程主机 127.0.0.1:1883 - 客户端标识：mqtt_gateway_env_led
io.netty.channel.AbstractChannel$AnnotatedConnectException: Connection refused: no further information: /127.0.0.1:1883
Caused by: java.net.ConnectException: Connection refused: no further information
	at sun.nio.ch.SocketChannelImpl.checkConnect(Native Method)
	at sun.nio.ch.SocketChannelImpl.finishConnect(SocketChannelImpl.java:716)
	at io.netty.channel.socket.nio.NioSocketChannel.doFinishConnect(NioSocketChannel.java:337)
	at io.netty.channel.nio.AbstractNioChannel$AbstractNioUnsafe.finishConnect(AbstractNioChannel.java:334)
	at io.netty.channel.nio.NioEventLoop.processSelectedKey(NioEventLoop.java:710)
	at io.netty.channel.nio.NioEventLoop.processSelectedKeysOptimized(NioEventLoop.java:658)
	at io.netty.channel.nio.NioEventLoop.processSelectedKeys(NioEventLoop.java:584)
	at io.netty.channel.nio.NioEventLoop.run(NioEventLoop.java:496)
	at io.netty.util.concurrent.SingleThreadEventExecutor$4.run(SingleThreadEventExecutor.java:997)
	at io.netty.util.internal.ThreadExecutorMap$2.run(ThreadExecutorMap.java:74)
	at io.netty.util.concurrent.FastThreadLocalRunnable.run(FastThreadLocalRunnable.java:30)
	at java.lang.Thread.run(Thread.java:750)
09:46:25 [IWT-5-11] WARN  com.iteaj.iot.client.mqtt.MqttClient - 客户端(MQTT<默认>) 断线重连 - 等待重连时间：15(s) - 远程主机 127.0.0.1:1883 - 客户端标识：mqtt_gateway_env_led
09:46:43 [IWT-5-12] ERROR com.iteaj.iot.client.mqtt.MqttClient - 客户端(MQTT<默认>) 连接服务器失败 - 远程主机 127.0.0.1:1883 - 客户端标识：mqtt_gateway_env_led
io.netty.channel.AbstractChannel$AnnotatedConnectException: Connection refused: no further information: /127.0.0.1:1883
Caused by: java.net.ConnectException: Connection refused: no further information
	at sun.nio.ch.SocketChannelImpl.checkConnect(Native Method)
	at sun.nio.ch.SocketChannelImpl.finishConnect(SocketChannelImpl.java:716)
	at io.netty.channel.socket.nio.NioSocketChannel.doFinishConnect(NioSocketChannel.java:337)
	at io.netty.channel.nio.AbstractNioChannel$AbstractNioUnsafe.finishConnect(AbstractNioChannel.java:334)
	at io.netty.channel.nio.NioEventLoop.processSelectedKey(NioEventLoop.java:710)
	at io.netty.channel.nio.NioEventLoop.processSelectedKeysOptimized(NioEventLoop.java:658)
	at io.netty.channel.nio.NioEventLoop.processSelectedKeys(NioEventLoop.java:584)
	at io.netty.channel.nio.NioEventLoop.run(NioEventLoop.java:496)
	at io.netty.util.concurrent.SingleThreadEventExecutor$4.run(SingleThreadEventExecutor.java:997)
	at io.netty.util.internal.ThreadExecutorMap$2.run(ThreadExecutorMap.java:74)
	at io.netty.util.concurrent.FastThreadLocalRunnable.run(FastThreadLocalRunnable.java:30)
	at java.lang.Thread.run(Thread.java:750)
09:46:43 [IWT-5-12] WARN  com.iteaj.iot.client.mqtt.MqttClient - 客户端(MQTT<默认>) 断线重连 - 等待重连时间：15(s) - 远程主机 127.0.0.1:1883 - 客户端标识：mqtt_gateway_env_led
09:47:00 [IWT-5-13] ERROR com.iteaj.iot.client.mqtt.MqttClient - 客户端(MQTT<默认>) 连接服务器失败 - 远程主机 127.0.0.1:1883 - 客户端标识：mqtt_gateway_env_led
io.netty.channel.AbstractChannel$AnnotatedConnectException: Connection refused: no further information: /127.0.0.1:1883
Caused by: java.net.ConnectException: Connection refused: no further information
	at sun.nio.ch.SocketChannelImpl.checkConnect(Native Method)
	at sun.nio.ch.SocketChannelImpl.finishConnect(SocketChannelImpl.java:716)
	at io.netty.channel.socket.nio.NioSocketChannel.doFinishConnect(NioSocketChannel.java:337)
	at io.netty.channel.nio.AbstractNioChannel$AbstractNioUnsafe.finishConnect(AbstractNioChannel.java:334)
	at io.netty.channel.nio.NioEventLoop.processSelectedKey(NioEventLoop.java:710)
	at io.netty.channel.nio.NioEventLoop.processSelectedKeysOptimized(NioEventLoop.java:658)
	at io.netty.channel.nio.NioEventLoop.processSelectedKeys(NioEventLoop.java:584)
	at io.netty.channel.nio.NioEventLoop.run(NioEventLoop.java:496)
	at io.netty.util.concurrent.SingleThreadEventExecutor$4.run(SingleThreadEventExecutor.java:997)
	at io.netty.util.internal.ThreadExecutorMap$2.run(ThreadExecutorMap.java:74)
	at io.netty.util.concurrent.FastThreadLocalRunnable.run(FastThreadLocalRunnable.java:30)
	at java.lang.Thread.run(Thread.java:750)
09:47:00 [IWT-5-13] WARN  com.iteaj.iot.client.mqtt.MqttClient - 客户端(MQTT<默认>) 断线重连 - 等待重连时间：15(s) - 远程主机 127.0.0.1:1883 - 客户端标识：mqtt_gateway_env_led
09:47:18 [IWT-5-14] ERROR com.iteaj.iot.client.mqtt.MqttClient - 客户端(MQTT<默认>) 连接服务器失败 - 远程主机 127.0.0.1:1883 - 客户端标识：mqtt_gateway_env_led
io.netty.channel.AbstractChannel$AnnotatedConnectException: Connection refused: no further information: /127.0.0.1:1883
Caused by: java.net.ConnectException: Connection refused: no further information
	at sun.nio.ch.SocketChannelImpl.checkConnect(Native Method)
	at sun.nio.ch.SocketChannelImpl.finishConnect(SocketChannelImpl.java:716)
	at io.netty.channel.socket.nio.NioSocketChannel.doFinishConnect(NioSocketChannel.java:337)
	at io.netty.channel.nio.AbstractNioChannel$AbstractNioUnsafe.finishConnect(AbstractNioChannel.java:334)
	at io.netty.channel.nio.NioEventLoop.processSelectedKey(NioEventLoop.java:710)
	at io.netty.channel.nio.NioEventLoop.processSelectedKeysOptimized(NioEventLoop.java:658)
	at io.netty.channel.nio.NioEventLoop.processSelectedKeys(NioEventLoop.java:584)
	at io.netty.channel.nio.NioEventLoop.run(NioEventLoop.java:496)
	at io.netty.util.concurrent.SingleThreadEventExecutor$4.run(SingleThreadEventExecutor.java:997)
	at io.netty.util.internal.ThreadExecutorMap$2.run(ThreadExecutorMap.java:74)
	at io.netty.util.concurrent.FastThreadLocalRunnable.run(FastThreadLocalRunnable.java:30)
	at java.lang.Thread.run(Thread.java:750)
09:47:19 [IWT-5-14] WARN  com.iteaj.iot.client.mqtt.MqttClient - 客户端(MQTT<默认>) 断线重连 - 等待重连时间：15(s) - 远程主机 127.0.0.1:1883 - 客户端标识：mqtt_gateway_env_led
09:48:55 [IWT-5-15] INFO  com.iteaj.iot.client.mqtt.MqttClient - 客户端(MQTT<默认>) 连接服务器成功 - 远程主机 127.0.0.1:1883 - 客户端标识：mqtt_gateway_env_led
09:49:16 [IWT-5-15] WARN  com.iteaj.iot.client.mqtt.MqttClient - mqtt(MQTT<默认>) CONNACK - 远程主机：127.0.0.1:mqtt_gateway_env_led - 状态: CONNECTION_REFUSED_IDENTIFIER_REJECTED
09:49:17 [IWT-5-15] WARN  com.iteaj.iot.client.handle.ClientServiceHandler - 客户端关闭(MQTT<默认>) 未知原因 - 客户端: mqtt_gateway_env_led - 远程地址: /127.0.0.1:1883
09:49:18 [IWT-5-15] WARN  com.iteaj.iot.client.mqtt.MqttClient - 客户端(MQTT<默认>) 断线重连 - 等待重连时间：15(s) - 远程主机 127.0.0.1:1883 - 客户端标识：mqtt_gateway_env_led
09:49:35 [IWT-5-16] INFO  com.iteaj.iot.client.mqtt.MqttClient - 客户端(MQTT<默认>) 连接服务器成功 - 远程主机 127.0.0.1:1883 - 客户端标识：mqtt_gateway_env_led
09:49:35 [IWT-5-16] WARN  com.iteaj.iot.client.mqtt.MqttClient - mqtt(MQTT<默认>) CONNACK - 远程主机：127.0.0.1:mqtt_gateway_env_led - 状态: CONNECTION_REFUSED_IDENTIFIER_REJECTED
09:49:35 [IWT-5-16] WARN  com.iteaj.iot.client.handle.ClientServiceHandler - 客户端关闭(MQTT<默认>) 未知原因 - 客户端: mqtt_gateway_env_led - 远程地址: /127.0.0.1:1883
09:49:36 [IWT-5-16] WARN  com.iteaj.iot.client.mqtt.MqttClient - 客户端(MQTT<默认>) 断线重连 - 等待重连时间：15(s) - 远程主机 127.0.0.1:1883 - 客户端标识：mqtt_gateway_env_led
09:49:52 [IWT-5-1] INFO  com.iteaj.iot.client.mqtt.MqttClient - 客户端(MQTT<默认>) 连接服务器成功 - 远程主机 127.0.0.1:1883 - 客户端标识：mqtt_gateway_env_led
09:49:52 [IWT-5-1] WARN  com.iteaj.iot.client.mqtt.MqttClient - mqtt(MQTT<默认>) CONNACK - 远程主机：127.0.0.1:mqtt_gateway_env_led - 状态: CONNECTION_REFUSED_IDENTIFIER_REJECTED
09:49:52 [IWT-5-1] WARN  com.iteaj.iot.client.handle.ClientServiceHandler - 客户端关闭(MQTT<默认>) 未知原因 - 客户端: mqtt_gateway_env_led - 远程地址: /127.0.0.1:1883
09:49:52 [IWT-5-1] WARN  com.iteaj.iot.client.mqtt.MqttClient - 客户端(MQTT<默认>) 断线重连 - 等待重连时间：15(s) - 远程主机 127.0.0.1:1883 - 客户端标识：mqtt_gateway_env_led
09:50:08 [IWT-5-2] INFO  com.iteaj.iot.client.mqtt.MqttClient - 客户端(MQTT<默认>) 连接服务器成功 - 远程主机 127.0.0.1:1883 - 客户端标识：mqtt_gateway_env_led
09:50:09 [IWT-5-2] WARN  com.iteaj.iot.client.mqtt.MqttClient - mqtt(MQTT<默认>) CONNACK - 远程主机：127.0.0.1:mqtt_gateway_env_led - 状态: CONNECTION_REFUSED_IDENTIFIER_REJECTED
09:50:09 [IWT-5-2] WARN  com.iteaj.iot.client.handle.ClientServiceHandler - 客户端关闭(MQTT<默认>) 未知原因 - 客户端: mqtt_gateway_env_led - 远程地址: /127.0.0.1:1883
09:50:09 [IWT-5-2] WARN  com.iteaj.iot.client.mqtt.MqttClient - 客户端(MQTT<默认>) 断线重连 - 等待重连时间：15(s) - 远程主机 127.0.0.1:1883 - 客户端标识：mqtt_gateway_env_led
09:50:25 [IWT-5-3] INFO  com.iteaj.iot.client.mqtt.MqttClient - 客户端(MQTT<默认>) 连接服务器成功 - 远程主机 127.0.0.1:1883 - 客户端标识：mqtt_gateway_env_led
09:50:25 [IWT-5-3] WARN  com.iteaj.iot.client.mqtt.MqttClient - mqtt(MQTT<默认>) CONNACK - 远程主机：127.0.0.1:mqtt_gateway_env_led - 状态: CONNECTION_REFUSED_IDENTIFIER_REJECTED
09:50:25 [IWT-5-3] WARN  com.iteaj.iot.client.handle.ClientServiceHandler - 客户端关闭(MQTT<默认>) 未知原因 - 客户端: mqtt_gateway_env_led - 远程地址: /127.0.0.1:1883
09:50:25 [IWT-5-3] WARN  com.iteaj.iot.client.mqtt.MqttClient - 客户端(MQTT<默认>) 断线重连 - 等待重连时间：15(s) - 远程主机 127.0.0.1:1883 - 客户端标识：mqtt_gateway_env_led
09:50:44 [IWT-5-4] INFO  com.iteaj.iot.client.mqtt.MqttClient - 客户端(MQTT<默认>) 连接服务器成功 - 远程主机 127.0.0.1:1883 - 客户端标识：mqtt_gateway_env_led
09:50:44 [IWT-5-4] WARN  com.iteaj.iot.client.mqtt.MqttClient - mqtt(MQTT<默认>) CONNACK - 远程主机：127.0.0.1:mqtt_gateway_env_led - 状态: CONNECTION_REFUSED_IDENTIFIER_REJECTED
09:50:44 [IWT-5-4] WARN  com.iteaj.iot.client.handle.ClientServiceHandler - 客户端关闭(MQTT<默认>) 未知原因 - 客户端: mqtt_gateway_env_led - 远程地址: /127.0.0.1:1883
09:50:44 [IWT-5-4] WARN  com.iteaj.iot.client.mqtt.MqttClient - 客户端(MQTT<默认>) 断线重连 - 等待重连时间：15(s) - 远程主机 127.0.0.1:1883 - 客户端标识：mqtt_gateway_env_led
09:51:00 [IWT-5-5] INFO  com.iteaj.iot.client.mqtt.MqttClient - 客户端(MQTT<默认>) 连接服务器成功 - 远程主机 127.0.0.1:1883 - 客户端标识：mqtt_gateway_env_led
09:51:00 [IWT-5-5] WARN  com.iteaj.iot.client.mqtt.MqttClient - mqtt(MQTT<默认>) CONNACK - 远程主机：127.0.0.1:mqtt_gateway_env_led - 状态: CONNECTION_REFUSED_IDENTIFIER_REJECTED
09:51:00 [IWT-5-5] WARN  com.iteaj.iot.client.handle.ClientServiceHandler - 客户端关闭(MQTT<默认>) 未知原因 - 客户端: mqtt_gateway_env_led - 远程地址: /127.0.0.1:1883
09:51:00 [IWT-5-5] WARN  com.iteaj.iot.client.mqtt.MqttClient - 客户端(MQTT<默认>) 断线重连 - 等待重连时间：15(s) - 远程主机 127.0.0.1:1883 - 客户端标识：mqtt_gateway_env_led
09:51:02 [IWT-5-4] ERROR com.iteaj.iot.client.handle.ClientServiceHandler - 客户端处理(MQTT<默认>) 处理异常 - 错误信息: Could not open JDBC Connection for transaction; nested exception is java.sql.SQLTransientConnectionException: IzbHikariCP - Connection is not available, request timed out after 13023ms. - 处理方式：已发送异常事件[ExceptionEvent], 创建监听器[ExceptionEventListener]来监听异常事件
org.springframework.transaction.CannotCreateTransactionException: Could not open JDBC Connection for transaction; nested exception is java.sql.SQLTransientConnectionException: IzbHikariCP - Connection is not available, request timed out after 13023ms.
	at org.springframework.jdbc.datasource.DataSourceTransactionManager.doBegin(DataSourceTransactionManager.java:309)
	at org.springframework.transaction.support.AbstractPlatformTransactionManager.startTransaction(AbstractPlatformTransactionManager.java:400)
	at org.springframework.transaction.support.AbstractPlatformTransactionManager.getTransaction(AbstractPlatformTransactionManager.java:373)
	at org.springframework.transaction.interceptor.TransactionAspectSupport.createTransactionIfNecessary(TransactionAspectSupport.java:595)
	at org.springframework.transaction.interceptor.TransactionAspectSupport.invokeWithinTransaction(TransactionAspectSupport.java:382)
	at org.springframework.transaction.interceptor.TransactionInterceptor.invoke(TransactionInterceptor.java:119)
	at org.springframework.aop.framework.ReflectiveMethodInvocation.proceed(ReflectiveMethodInvocation.java:186)
	at org.springframework.aop.framework.CglibAopProxy$CglibMethodInvocation.proceed(CglibAopProxy.java:763)
	at org.springframework.aop.framework.CglibAopProxy$DynamicAdvisedInterceptor.intercept(CglibAopProxy.java:708)
	at com.iteaj.iboot.module.iot.service.impl.DeviceServiceImpl$$EnhancerBySpringCGLIB$$99e044fc.updateDeviceStatus(<generated>)
	at com.iteaj.iboot.module.iot.listener.DeviceStatusListener.offline(DeviceStatusListener.java:68)
	at com.iteaj.iot.event.CombinedEventListener.onEvent(CombinedEventListener.java:22)
	at com.iteaj.iot.event.CombinedEventListener.onEvent(CombinedEventListener.java:6)
	at com.iteaj.iot.FrameworkManager.lambda$publishEvent$1(FrameworkManager.java:160)
	at java.lang.Iterable.forEach(Iterable.java:75)
	at com.iteaj.iot.FrameworkManager.publishEvent(FrameworkManager.java:154)
	at com.iteaj.iot.client.handle.ClientServiceHandler.channelInactive(ClientServiceHandler.java:166)
	at io.netty.channel.AbstractChannelHandlerContext.invokeChannelInactive(AbstractChannelHandlerContext.java:262)
	at io.netty.channel.AbstractChannelHandlerContext.invokeChannelInactive(AbstractChannelHandlerContext.java:248)
	at io.netty.channel.AbstractChannelHandlerContext.fireChannelInactive(AbstractChannelHandlerContext.java:241)
	at com.iteaj.iot.client.mqtt.MqttClient.channelInactive(MqttClient.java:234)
	at io.netty.channel.AbstractChannelHandlerContext.invokeChannelInactive(AbstractChannelHandlerContext.java:262)
	at io.netty.channel.AbstractChannelHandlerContext.invokeChannelInactive(AbstractChannelHandlerContext.java:248)
	at io.netty.channel.AbstractChannelHandlerContext.fireChannelInactive(AbstractChannelHandlerContext.java:241)
	at io.netty.handler.codec.ByteToMessageDecoder.channelInputClosed(ByteToMessageDecoder.java:392)
	at io.netty.handler.codec.ByteToMessageDecoder.channelInactive(ByteToMessageDecoder.java:357)
	at io.netty.channel.AbstractChannelHandlerContext.invokeChannelInactive(AbstractChannelHandlerContext.java:262)
	at io.netty.channel.AbstractChannelHandlerContext.invokeChannelInactive(AbstractChannelHandlerContext.java:248)
	at io.netty.channel.AbstractChannelHandlerContext.fireChannelInactive(AbstractChannelHandlerContext.java:241)
	at io.netty.channel.ChannelInboundHandlerAdapter.channelInactive(ChannelInboundHandlerAdapter.java:81)
	at io.netty.handler.timeout.IdleStateHandler.channelInactive(IdleStateHandler.java:277)
	at io.netty.channel.AbstractChannelHandlerContext.invokeChannelInactive(AbstractChannelHandlerContext.java:262)
	at io.netty.channel.AbstractChannelHandlerContext.invokeChannelInactive(AbstractChannelHandlerContext.java:248)
	at io.netty.channel.AbstractChannelHandlerContext.fireChannelInactive(AbstractChannelHandlerContext.java:241)
	at io.netty.channel.DefaultChannelPipeline$HeadContext.channelInactive(DefaultChannelPipeline.java:1405)
	at io.netty.channel.AbstractChannelHandlerContext.invokeChannelInactive(AbstractChannelHandlerContext.java:262)
	at io.netty.channel.AbstractChannelHandlerContext.invokeChannelInactive(AbstractChannelHandlerContext.java:248)
	at io.netty.channel.DefaultChannelPipeline.fireChannelInactive(DefaultChannelPipeline.java:901)
	at io.netty.channel.AbstractChannel$AbstractUnsafe$7.run(AbstractChannel.java:813)
	at io.netty.util.concurrent.AbstractEventExecutor.runTask(AbstractEventExecutor.java:174)
	at io.netty.util.concurrent.AbstractEventExecutor.safeExecute(AbstractEventExecutor.java:167)
	at io.netty.util.concurrent.SingleThreadEventExecutor.runAllTasks(SingleThreadEventExecutor.java:470)
	at io.netty.channel.nio.NioEventLoop.run(NioEventLoop.java:500)
	at io.netty.util.concurrent.SingleThreadEventExecutor$4.run(SingleThreadEventExecutor.java:997)
	at io.netty.util.internal.ThreadExecutorMap$2.run(ThreadExecutorMap.java:74)
	at io.netty.util.concurrent.FastThreadLocalRunnable.run(FastThreadLocalRunnable.java:30)
	at java.lang.Thread.run(Thread.java:750)
Caused by: java.sql.SQLTransientConnectionException: IzbHikariCP - Connection is not available, request timed out after 13023ms.
	at com.zaxxer.hikari.pool.HikariPool.createTimeoutException(HikariPool.java:696)
	at com.zaxxer.hikari.pool.HikariPool.getConnection(HikariPool.java:197)
	at com.zaxxer.hikari.pool.HikariPool.getConnection(HikariPool.java:162)
	at com.zaxxer.hikari.HikariDataSource.getConnection(HikariDataSource.java:128)
	at org.springframework.jdbc.datasource.DataSourceTransactionManager.doBegin(DataSourceTransactionManager.java:265)
	... 46 common frames omitted
09:51:12 [IWT-5-5] ERROR com.iteaj.iot.client.handle.ClientServiceHandler - 客户端处理(MQTT<默认>) 处理异常 - 错误信息: Could not open JDBC Connection for transaction; nested exception is java.sql.SQLTransientConnectionException: IzbHikariCP - Connection is not available, request timed out after 10194ms. - 处理方式：已发送异常事件[ExceptionEvent], 创建监听器[ExceptionEventListener]来监听异常事件
org.springframework.transaction.CannotCreateTransactionException: Could not open JDBC Connection for transaction; nested exception is java.sql.SQLTransientConnectionException: IzbHikariCP - Connection is not available, request timed out after 10194ms.
	at org.springframework.jdbc.datasource.DataSourceTransactionManager.doBegin(DataSourceTransactionManager.java:309)
	at org.springframework.transaction.support.AbstractPlatformTransactionManager.startTransaction(AbstractPlatformTransactionManager.java:400)
	at org.springframework.transaction.support.AbstractPlatformTransactionManager.getTransaction(AbstractPlatformTransactionManager.java:373)
	at org.springframework.transaction.interceptor.TransactionAspectSupport.createTransactionIfNecessary(TransactionAspectSupport.java:595)
	at org.springframework.transaction.interceptor.TransactionAspectSupport.invokeWithinTransaction(TransactionAspectSupport.java:382)
	at org.springframework.transaction.interceptor.TransactionInterceptor.invoke(TransactionInterceptor.java:119)
	at org.springframework.aop.framework.ReflectiveMethodInvocation.proceed(ReflectiveMethodInvocation.java:186)
	at org.springframework.aop.framework.CglibAopProxy$CglibMethodInvocation.proceed(CglibAopProxy.java:763)
	at org.springframework.aop.framework.CglibAopProxy$DynamicAdvisedInterceptor.intercept(CglibAopProxy.java:708)
	at com.iteaj.iboot.module.iot.service.impl.DeviceServiceImpl$$EnhancerBySpringCGLIB$$99e044fc.updateDeviceStatus(<generated>)
	at com.iteaj.iboot.module.iot.listener.DeviceStatusListener.offline(DeviceStatusListener.java:68)
	at com.iteaj.iot.event.CombinedEventListener.onEvent(CombinedEventListener.java:22)
	at com.iteaj.iot.event.CombinedEventListener.onEvent(CombinedEventListener.java:6)
	at com.iteaj.iot.FrameworkManager.lambda$publishEvent$1(FrameworkManager.java:160)
	at java.lang.Iterable.forEach(Iterable.java:75)
	at com.iteaj.iot.FrameworkManager.publishEvent(FrameworkManager.java:154)
	at com.iteaj.iot.client.handle.ClientServiceHandler.channelInactive(ClientServiceHandler.java:166)
	at io.netty.channel.AbstractChannelHandlerContext.invokeChannelInactive(AbstractChannelHandlerContext.java:262)
	at io.netty.channel.AbstractChannelHandlerContext.invokeChannelInactive(AbstractChannelHandlerContext.java:248)
	at io.netty.channel.AbstractChannelHandlerContext.fireChannelInactive(AbstractChannelHandlerContext.java:241)
	at com.iteaj.iot.client.mqtt.MqttClient.channelInactive(MqttClient.java:234)
	at io.netty.channel.AbstractChannelHandlerContext.invokeChannelInactive(AbstractChannelHandlerContext.java:262)
	at io.netty.channel.AbstractChannelHandlerContext.invokeChannelInactive(AbstractChannelHandlerContext.java:248)
	at io.netty.channel.AbstractChannelHandlerContext.fireChannelInactive(AbstractChannelHandlerContext.java:241)
	at io.netty.handler.codec.ByteToMessageDecoder.channelInputClosed(ByteToMessageDecoder.java:392)
	at io.netty.handler.codec.ByteToMessageDecoder.channelInactive(ByteToMessageDecoder.java:357)
	at io.netty.channel.AbstractChannelHandlerContext.invokeChannelInactive(AbstractChannelHandlerContext.java:262)
	at io.netty.channel.AbstractChannelHandlerContext.invokeChannelInactive(AbstractChannelHandlerContext.java:248)
	at io.netty.channel.AbstractChannelHandlerContext.fireChannelInactive(AbstractChannelHandlerContext.java:241)
	at io.netty.channel.ChannelInboundHandlerAdapter.channelInactive(ChannelInboundHandlerAdapter.java:81)
	at io.netty.handler.timeout.IdleStateHandler.channelInactive(IdleStateHandler.java:277)
	at io.netty.channel.AbstractChannelHandlerContext.invokeChannelInactive(AbstractChannelHandlerContext.java:262)
	at io.netty.channel.AbstractChannelHandlerContext.invokeChannelInactive(AbstractChannelHandlerContext.java:248)
	at io.netty.channel.AbstractChannelHandlerContext.fireChannelInactive(AbstractChannelHandlerContext.java:241)
	at io.netty.channel.DefaultChannelPipeline$HeadContext.channelInactive(DefaultChannelPipeline.java:1405)
	at io.netty.channel.AbstractChannelHandlerContext.invokeChannelInactive(AbstractChannelHandlerContext.java:262)
	at io.netty.channel.AbstractChannelHandlerContext.invokeChannelInactive(AbstractChannelHandlerContext.java:248)
	at io.netty.channel.DefaultChannelPipeline.fireChannelInactive(DefaultChannelPipeline.java:901)
	at io.netty.channel.AbstractChannel$AbstractUnsafe$7.run(AbstractChannel.java:813)
	at io.netty.util.concurrent.AbstractEventExecutor.runTask(AbstractEventExecutor.java:174)
	at io.netty.util.concurrent.AbstractEventExecutor.safeExecute(AbstractEventExecutor.java:167)
	at io.netty.util.concurrent.SingleThreadEventExecutor.runAllTasks(SingleThreadEventExecutor.java:470)
	at io.netty.channel.nio.NioEventLoop.run(NioEventLoop.java:500)
	at io.netty.util.concurrent.SingleThreadEventExecutor$4.run(SingleThreadEventExecutor.java:997)
	at io.netty.util.internal.ThreadExecutorMap$2.run(ThreadExecutorMap.java:74)
	at io.netty.util.concurrent.FastThreadLocalRunnable.run(FastThreadLocalRunnable.java:30)
	at java.lang.Thread.run(Thread.java:750)
Caused by: java.sql.SQLTransientConnectionException: IzbHikariCP - Connection is not available, request timed out after 10194ms.
	at com.zaxxer.hikari.pool.HikariPool.createTimeoutException(HikariPool.java:696)
	at com.zaxxer.hikari.pool.HikariPool.getConnection(HikariPool.java:197)
	at com.zaxxer.hikari.pool.HikariPool.getConnection(HikariPool.java:162)
	at com.zaxxer.hikari.HikariDataSource.getConnection(HikariDataSource.java:128)
	at org.springframework.jdbc.datasource.DataSourceTransactionManager.doBegin(DataSourceTransactionManager.java:265)
	... 46 common frames omitted
Caused by: com.mysql.cj.jdbc.exceptions.CommunicationsException: Communications link failure

The last packet sent successfully to the server was 0 milliseconds ago. The driver has not received any packets from the server.
	at com.mysql.cj.jdbc.exceptions.SQLError.createCommunicationsException(SQLError.java:174)
	at com.mysql.cj.jdbc.exceptions.SQLExceptionsMapping.translateException(SQLExceptionsMapping.java:64)
	at com.mysql.cj.jdbc.ConnectionImpl.createNewIO(ConnectionImpl.java:828)
	at com.mysql.cj.jdbc.ConnectionImpl.<init>(ConnectionImpl.java:448)
	at com.mysql.cj.jdbc.ConnectionImpl.getInstance(ConnectionImpl.java:241)
	at com.mysql.cj.jdbc.NonRegisteringDriver.connect(NonRegisteringDriver.java:198)
	at com.zaxxer.hikari.util.DriverDataSource.getConnection(DriverDataSource.java:138)
	at com.zaxxer.hikari.pool.PoolBase.newConnection(PoolBase.java:364)
	at com.zaxxer.hikari.pool.PoolBase.newPoolEntry(PoolBase.java:206)
	at com.zaxxer.hikari.pool.HikariPool.createPoolEntry(HikariPool.java:476)
	at com.zaxxer.hikari.pool.HikariPool.access$100(HikariPool.java:71)
	at com.zaxxer.hikari.pool.HikariPool$PoolEntryCreator.call(HikariPool.java:726)
	at com.zaxxer.hikari.pool.HikariPool$PoolEntryCreator.call(HikariPool.java:712)
	at java.util.concurrent.FutureTask.run(FutureTask.java:266)
	at java.util.concurrent.ThreadPoolExecutor.runWorker(ThreadPoolExecutor.java:1149)
	at java.util.concurrent.ThreadPoolExecutor$Worker.run(ThreadPoolExecutor.java:624)
	... 1 common frames omitted
Caused by: com.mysql.cj.exceptions.CJCommunicationsException: Communications link failure

The last packet sent successfully to the server was 0 milliseconds ago. The driver has not received any packets from the server.
	at sun.reflect.NativeConstructorAccessorImpl.newInstance0(Native Method)
	at sun.reflect.NativeConstructorAccessorImpl.newInstance(NativeConstructorAccessorImpl.java:62)
	at sun.reflect.DelegatingConstructorAccessorImpl.newInstance(DelegatingConstructorAccessorImpl.java:45)
	at java.lang.reflect.Constructor.newInstance(Constructor.java:423)
	at com.mysql.cj.exceptions.ExceptionFactory.createException(ExceptionFactory.java:61)
	at com.mysql.cj.exceptions.ExceptionFactory.createException(ExceptionFactory.java:105)
	at com.mysql.cj.exceptions.ExceptionFactory.createException(ExceptionFactory.java:151)
	at com.mysql.cj.exceptions.ExceptionFactory.createCommunicationsException(ExceptionFactory.java:167)
	at com.mysql.cj.protocol.a.NativeProtocol.readMessage(NativeProtocol.java:581)
	at com.mysql.cj.protocol.a.NativeProtocol.readServerCapabilities(NativeProtocol.java:536)
	at com.mysql.cj.protocol.a.NativeProtocol.beforeHandshake(NativeProtocol.java:423)
	at com.mysql.cj.protocol.a.NativeProtocol.connect(NativeProtocol.java:1431)
	at com.mysql.cj.NativeSession.connect(NativeSession.java:133)
	at com.mysql.cj.jdbc.ConnectionImpl.connectOneTryOnly(ConnectionImpl.java:948)
	at com.mysql.cj.jdbc.ConnectionImpl.createNewIO(ConnectionImpl.java:818)
	... 14 common frames omitted
Caused by: java.net.SocketTimeoutException: Read timed out
	at java.net.SocketInputStream.socketRead0(Native Method)
	at java.net.SocketInputStream.socketRead(SocketInputStream.java:116)
	at java.net.SocketInputStream.read(SocketInputStream.java:171)
	at java.net.SocketInputStream.read(SocketInputStream.java:141)
	at com.mysql.cj.protocol.ReadAheadInputStream.fill(ReadAheadInputStream.java:107)
	at com.mysql.cj.protocol.ReadAheadInputStream.readFromUnderlyingStreamIfNecessary(ReadAheadInputStream.java:150)
	at com.mysql.cj.protocol.ReadAheadInputStream.read(ReadAheadInputStream.java:180)
	at java.io.FilterInputStream.read(FilterInputStream.java:133)
	at com.mysql.cj.protocol.FullReadInputStream.readFully(FullReadInputStream.java:64)
	at com.mysql.cj.protocol.a.SimplePacketReader.readHeaderLocal(SimplePacketReader.java:81)
	at com.mysql.cj.protocol.a.SimplePacketReader.readHeader(SimplePacketReader.java:63)
	at com.mysql.cj.protocol.a.SimplePacketReader.readHeader(SimplePacketReader.java:45)
	at com.mysql.cj.protocol.a.NativeProtocol.readMessage(NativeProtocol.java:575)
	... 20 common frames omitted
09:51:18 [IWT-5-6] INFO  com.iteaj.iot.client.mqtt.MqttClient - 客户端(MQTT<默认>) 连接服务器成功 - 远程主机 127.0.0.1:1883 - 客户端标识：mqtt_gateway_env_led
09:51:19 [IWT-5-6] WARN  com.iteaj.iot.client.mqtt.MqttClient - mqtt(MQTT<默认>) CONNACK - 远程主机：127.0.0.1:mqtt_gateway_env_led - 状态: CONNECTION_REFUSED_IDENTIFIER_REJECTED
09:51:19 [IWT-5-6] WARN  com.iteaj.iot.client.handle.ClientServiceHandler - 客户端关闭(MQTT<默认>) 未知原因 - 客户端: mqtt_gateway_env_led - 远程地址: /127.0.0.1:1883
09:51:19 [IWT-5-6] WARN  com.iteaj.iot.client.mqtt.MqttClient - 客户端(MQTT<默认>) 断线重连 - 等待重连时间：15(s) - 远程主机 127.0.0.1:1883 - 客户端标识：mqtt_gateway_env_led
09:51:34 [IWT-5-7] INFO  com.iteaj.iot.client.mqtt.MqttClient - 客户端(MQTT<默认>) 连接服务器成功 - 远程主机 127.0.0.1:1883 - 客户端标识：mqtt_gateway_env_led
09:51:34 [IWT-5-7] WARN  com.iteaj.iot.client.mqtt.MqttClient - mqtt(MQTT<默认>) CONNACK - 远程主机：127.0.0.1:mqtt_gateway_env_led - 状态: CONNECTION_REFUSED_IDENTIFIER_REJECTED
09:51:34 [IWT-5-7] WARN  com.iteaj.iot.client.handle.ClientServiceHandler - 客户端关闭(MQTT<默认>) 未知原因 - 客户端: mqtt_gateway_env_led - 远程地址: /127.0.0.1:1883
09:51:34 [IWT-5-7] WARN  com.iteaj.iot.client.mqtt.MqttClient - 客户端(MQTT<默认>) 断线重连 - 等待重连时间：15(s) - 远程主机 127.0.0.1:1883 - 客户端标识：mqtt_gateway_env_led
09:51:51 [IWT-5-8] INFO  com.iteaj.iot.client.mqtt.MqttClient - 客户端(MQTT<默认>) 连接服务器成功 - 远程主机 127.0.0.1:1883 - 客户端标识：mqtt_gateway_env_led
09:51:51 [IWT-5-8] WARN  com.iteaj.iot.client.mqtt.MqttClient - mqtt(MQTT<默认>) CONNACK - 远程主机：127.0.0.1:mqtt_gateway_env_led - 状态: CONNECTION_REFUSED_IDENTIFIER_REJECTED
09:51:51 [IWT-5-8] WARN  com.iteaj.iot.client.handle.ClientServiceHandler - 客户端关闭(MQTT<默认>) 未知原因 - 客户端: mqtt_gateway_env_led - 远程地址: /127.0.0.1:1883
09:51:51 [IWT-5-8] WARN  com.iteaj.iot.client.mqtt.MqttClient - 客户端(MQTT<默认>) 断线重连 - 等待重连时间：15(s) - 远程主机 127.0.0.1:1883 - 客户端标识：mqtt_gateway_env_led
09:52:06 [IWT-5-9] INFO  com.iteaj.iot.client.mqtt.MqttClient - 客户端(MQTT<默认>) 连接服务器成功 - 远程主机 127.0.0.1:1883 - 客户端标识：mqtt_gateway_env_led
09:52:07 [IWT-5-9] WARN  com.iteaj.iot.client.mqtt.MqttClient - mqtt(MQTT<默认>) CONNACK - 远程主机：127.0.0.1:mqtt_gateway_env_led - 状态: CONNECTION_REFUSED_IDENTIFIER_REJECTED
09:52:07 [IWT-5-9] WARN  com.iteaj.iot.client.handle.ClientServiceHandler - 客户端关闭(MQTT<默认>) 未知原因 - 客户端: mqtt_gateway_env_led - 远程地址: /127.0.0.1:1883
09:52:07 [IWT-5-9] WARN  com.iteaj.iot.client.mqtt.MqttClient - 客户端(MQTT<默认>) 断线重连 - 等待重连时间：15(s) - 远程主机 127.0.0.1:1883 - 客户端标识：mqtt_gateway_env_led
09:52:22 [IWT-5-10] INFO  com.iteaj.iot.client.mqtt.MqttClient - 客户端(MQTT<默认>) 连接服务器成功 - 远程主机 127.0.0.1:1883 - 客户端标识：mqtt_gateway_env_led
09:52:22 [IWT-5-10] WARN  com.iteaj.iot.client.mqtt.MqttClient - mqtt(MQTT<默认>) CONNACK - 远程主机：127.0.0.1:mqtt_gateway_env_led - 状态: CONNECTION_REFUSED_IDENTIFIER_REJECTED
09:52:22 [IWT-5-10] WARN  com.iteaj.iot.client.handle.ClientServiceHandler - 客户端关闭(MQTT<默认>) 未知原因 - 客户端: mqtt_gateway_env_led - 远程地址: /127.0.0.1:1883
09:52:22 [IWT-5-10] WARN  com.iteaj.iot.client.mqtt.MqttClient - 客户端(MQTT<默认>) 断线重连 - 等待重连时间：15(s) - 远程主机 127.0.0.1:1883 - 客户端标识：mqtt_gateway_env_led
09:52:39 [IWT-5-11] INFO  com.iteaj.iot.client.mqtt.MqttClient - 客户端(MQTT<默认>) 连接服务器成功 - 远程主机 127.0.0.1:1883 - 客户端标识：mqtt_gateway_env_led
09:52:39 [IWT-5-11] WARN  com.iteaj.iot.client.mqtt.MqttClient - mqtt(MQTT<默认>) CONNACK - 远程主机：127.0.0.1:mqtt_gateway_env_led - 状态: CONNECTION_REFUSED_IDENTIFIER_REJECTED
09:52:39 [IWT-5-11] WARN  com.iteaj.iot.client.handle.ClientServiceHandler - 客户端关闭(MQTT<默认>) 未知原因 - 客户端: mqtt_gateway_env_led - 远程地址: /127.0.0.1:1883
09:52:39 [IWT-5-11] WARN  com.iteaj.iot.client.mqtt.MqttClient - 客户端(MQTT<默认>) 断线重连 - 等待重连时间：15(s) - 远程主机 127.0.0.1:1883 - 客户端标识：mqtt_gateway_env_led
09:52:54 [IWT-5-12] INFO  com.iteaj.iot.client.mqtt.MqttClient - 客户端(MQTT<默认>) 连接服务器成功 - 远程主机 127.0.0.1:1883 - 客户端标识：mqtt_gateway_env_led
09:52:54 [IWT-5-12] WARN  com.iteaj.iot.client.mqtt.MqttClient - mqtt(MQTT<默认>) CONNACK - 远程主机：127.0.0.1:mqtt_gateway_env_led - 状态: CONNECTION_REFUSED_IDENTIFIER_REJECTED
09:52:54 [IWT-5-12] WARN  com.iteaj.iot.client.handle.ClientServiceHandler - 客户端关闭(MQTT<默认>) 未知原因 - 客户端: mqtt_gateway_env_led - 远程地址: /127.0.0.1:1883
09:52:54 [IWT-5-12] WARN  com.iteaj.iot.client.mqtt.MqttClient - 客户端(MQTT<默认>) 断线重连 - 等待重连时间：15(s) - 远程主机 127.0.0.1:1883 - 客户端标识：mqtt_gateway_env_led
09:53:10 [IWT-5-13] INFO  com.iteaj.iot.client.mqtt.MqttClient - 客户端(MQTT<默认>) 连接服务器成功 - 远程主机 127.0.0.1:1883 - 客户端标识：mqtt_gateway_env_led
09:53:10 [IWT-5-13] WARN  com.iteaj.iot.client.mqtt.MqttClient - mqtt(MQTT<默认>) CONNACK - 远程主机：127.0.0.1:mqtt_gateway_env_led - 状态: CONNECTION_REFUSED_IDENTIFIER_REJECTED
09:53:10 [IWT-5-13] WARN  com.iteaj.iot.client.handle.ClientServiceHandler - 客户端关闭(MQTT<默认>) 未知原因 - 客户端: mqtt_gateway_env_led - 远程地址: /127.0.0.1:1883
09:53:10 [IWT-5-13] WARN  com.iteaj.iot.client.mqtt.MqttClient - 客户端(MQTT<默认>) 断线重连 - 等待重连时间：15(s) - 远程主机 127.0.0.1:1883 - 客户端标识：mqtt_gateway_env_led
09:53:11 [IWT-5-15] ERROR com.iteaj.iot.client.handle.ClientServiceHandler - 客户端处理(MQTT<默认>) 处理异常 - 错误信息: 
### Error updating database.  Cause: com.mysql.cj.jdbc.exceptions.MySQLTransactionRollbackException: Lock wait timeout exceeded; try restarting transaction
### The error may exist in com/iteaj/iboot/module/iot/mapper/DeviceMapper.java (best guess)
### The error may involve com.iteaj.iboot.module.iot.mapper.DeviceMapper.update-Inline
### The error occurred while setting parameters
### SQL: UPDATE iot_device  SET status=?,switch_time=?      WHERE (uid = ?)
### Cause: com.mysql.cj.jdbc.exceptions.MySQLTransactionRollbackException: Lock wait timeout exceeded; try restarting transaction
; Lock wait timeout exceeded; try restarting transaction; nested exception is com.mysql.cj.jdbc.exceptions.MySQLTransactionRollbackException: Lock wait timeout exceeded; try restarting transaction - 处理方式：已发送异常事件[ExceptionEvent], 创建监听器[ExceptionEventListener]来监听异常事件
org.springframework.dao.CannotAcquireLockException: 
### Error updating database.  Cause: com.mysql.cj.jdbc.exceptions.MySQLTransactionRollbackException: Lock wait timeout exceeded; try restarting transaction
### The error may exist in com/iteaj/iboot/module/iot/mapper/DeviceMapper.java (best guess)
### The error may involve com.iteaj.iboot.module.iot.mapper.DeviceMapper.update-Inline
### The error occurred while setting parameters
### SQL: UPDATE iot_device  SET status=?,switch_time=?      WHERE (uid = ?)
### Cause: com.mysql.cj.jdbc.exceptions.MySQLTransactionRollbackException: Lock wait timeout exceeded; try restarting transaction
; Lock wait timeout exceeded; try restarting transaction; nested exception is com.mysql.cj.jdbc.exceptions.MySQLTransactionRollbackException: Lock wait timeout exceeded; try restarting transaction
	at org.springframework.jdbc.support.SQLErrorCodeSQLExceptionTranslator.doTranslate(SQLErrorCodeSQLExceptionTranslator.java:267)
	at org.springframework.jdbc.support.AbstractFallbackSQLExceptionTranslator.translate(AbstractFallbackSQLExceptionTranslator.java:70)
	at org.mybatis.spring.MyBatisExceptionTranslator.translateExceptionIfPossible(MyBatisExceptionTranslator.java:88)
	at org.mybatis.spring.SqlSessionTemplate$SqlSessionInterceptor.invoke(SqlSessionTemplate.java:440)
	at com.sun.proxy.$Proxy99.update(Unknown Source)
	at org.mybatis.spring.SqlSessionTemplate.update(SqlSessionTemplate.java:287)
	at com.baomidou.mybatisplus.core.override.MybatisMapperMethod.execute(MybatisMapperMethod.java:65)
	at com.baomidou.mybatisplus.core.override.MybatisMapperProxy$PlainMethodInvoker.invoke(MybatisMapperProxy.java:148)
	at com.baomidou.mybatisplus.core.override.MybatisMapperProxy.invoke(MybatisMapperProxy.java:89)
	at com.sun.proxy.$Proxy136.update(Unknown Source)
	at com.iteaj.framework.IBaseService.update(IBaseService.java:149)
	at com.iteaj.framework.IBaseService.update(IBaseService.java:139)
	at com.iteaj.iboot.module.iot.service.impl.DeviceServiceImpl.updateDeviceStatus(DeviceServiceImpl.java:314)
	at com.iteaj.iboot.module.iot.service.impl.DeviceServiceImpl$$FastClassBySpringCGLIB$$5856b821.invoke(<generated>)
	at org.springframework.cglib.proxy.MethodProxy.invoke(MethodProxy.java:218)
	at org.springframework.aop.framework.CglibAopProxy$CglibMethodInvocation.invokeJoinpoint(CglibAopProxy.java:793)
	at org.springframework.aop.framework.ReflectiveMethodInvocation.proceed(ReflectiveMethodInvocation.java:163)
	at org.springframework.aop.framework.CglibAopProxy$CglibMethodInvocation.proceed(CglibAopProxy.java:763)
	at org.springframework.transaction.interceptor.TransactionInterceptor$1.proceedWithInvocation(TransactionInterceptor.java:123)
	at org.springframework.transaction.interceptor.TransactionAspectSupport.invokeWithinTransaction(TransactionAspectSupport.java:388)
	at org.springframework.transaction.interceptor.TransactionInterceptor.invoke(TransactionInterceptor.java:119)
	at org.springframework.aop.framework.ReflectiveMethodInvocation.proceed(ReflectiveMethodInvocation.java:186)
	at org.springframework.aop.framework.CglibAopProxy$CglibMethodInvocation.proceed(CglibAopProxy.java:763)
	at org.springframework.aop.framework.CglibAopProxy$DynamicAdvisedInterceptor.intercept(CglibAopProxy.java:708)
	at com.iteaj.iboot.module.iot.service.impl.DeviceServiceImpl$$EnhancerBySpringCGLIB$$99e044fc.updateDeviceStatus(<generated>)
	at com.iteaj.iboot.module.iot.listener.DeviceStatusListener.offline(DeviceStatusListener.java:68)
	at com.iteaj.iot.event.CombinedEventListener.onEvent(CombinedEventListener.java:22)
	at com.iteaj.iot.event.CombinedEventListener.onEvent(CombinedEventListener.java:6)
	at com.iteaj.iot.FrameworkManager.lambda$publishEvent$1(FrameworkManager.java:160)
	at java.lang.Iterable.forEach(Iterable.java:75)
	at com.iteaj.iot.FrameworkManager.publishEvent(FrameworkManager.java:154)
	at com.iteaj.iot.client.handle.ClientServiceHandler.channelInactive(ClientServiceHandler.java:166)
	at io.netty.channel.AbstractChannelHandlerContext.invokeChannelInactive(AbstractChannelHandlerContext.java:262)
	at io.netty.channel.AbstractChannelHandlerContext.invokeChannelInactive(AbstractChannelHandlerContext.java:248)
	at io.netty.channel.AbstractChannelHandlerContext.fireChannelInactive(AbstractChannelHandlerContext.java:241)
	at com.iteaj.iot.client.mqtt.MqttClient.channelInactive(MqttClient.java:234)
	at io.netty.channel.AbstractChannelHandlerContext.invokeChannelInactive(AbstractChannelHandlerContext.java:262)
	at io.netty.channel.AbstractChannelHandlerContext.invokeChannelInactive(AbstractChannelHandlerContext.java:248)
	at io.netty.channel.AbstractChannelHandlerContext.fireChannelInactive(AbstractChannelHandlerContext.java:241)
	at io.netty.handler.codec.ByteToMessageDecoder.channelInputClosed(ByteToMessageDecoder.java:392)
	at io.netty.handler.codec.ByteToMessageDecoder.channelInactive(ByteToMessageDecoder.java:357)
	at io.netty.channel.AbstractChannelHandlerContext.invokeChannelInactive(AbstractChannelHandlerContext.java:262)
	at io.netty.channel.AbstractChannelHandlerContext.invokeChannelInactive(AbstractChannelHandlerContext.java:248)
	at io.netty.channel.AbstractChannelHandlerContext.fireChannelInactive(AbstractChannelHandlerContext.java:241)
	at io.netty.channel.ChannelInboundHandlerAdapter.channelInactive(ChannelInboundHandlerAdapter.java:81)
	at io.netty.handler.timeout.IdleStateHandler.channelInactive(IdleStateHandler.java:277)
	at io.netty.channel.AbstractChannelHandlerContext.invokeChannelInactive(AbstractChannelHandlerContext.java:262)
	at io.netty.channel.AbstractChannelHandlerContext.invokeChannelInactive(AbstractChannelHandlerContext.java:248)
	at io.netty.channel.AbstractChannelHandlerContext.fireChannelInactive(AbstractChannelHandlerContext.java:241)
	at io.netty.channel.DefaultChannelPipeline$HeadContext.channelInactive(DefaultChannelPipeline.java:1405)
	at io.netty.channel.AbstractChannelHandlerContext.invokeChannelInactive(AbstractChannelHandlerContext.java:262)
	at io.netty.channel.AbstractChannelHandlerContext.invokeChannelInactive(AbstractChannelHandlerContext.java:248)
	at io.netty.channel.DefaultChannelPipeline.fireChannelInactive(DefaultChannelPipeline.java:901)
	at io.netty.channel.AbstractChannel$AbstractUnsafe$7.run(AbstractChannel.java:813)
	at io.netty.util.concurrent.AbstractEventExecutor.runTask(AbstractEventExecutor.java:174)
	at io.netty.util.concurrent.AbstractEventExecutor.safeExecute(AbstractEventExecutor.java:167)
	at io.netty.util.concurrent.SingleThreadEventExecutor.runAllTasks(SingleThreadEventExecutor.java:470)
	at io.netty.channel.nio.NioEventLoop.run(NioEventLoop.java:500)
	at io.netty.util.concurrent.SingleThreadEventExecutor$4.run(SingleThreadEventExecutor.java:997)
	at io.netty.util.internal.ThreadExecutorMap$2.run(ThreadExecutorMap.java:74)
	at io.netty.util.concurrent.FastThreadLocalRunnable.run(FastThreadLocalRunnable.java:30)
	at java.lang.Thread.run(Thread.java:750)
Caused by: com.mysql.cj.jdbc.exceptions.MySQLTransactionRollbackException: Lock wait timeout exceeded; try restarting transaction
	at com.mysql.cj.jdbc.exceptions.SQLError.createSQLException(SQLError.java:123)
	at com.mysql.cj.jdbc.exceptions.SQLExceptionsMapping.translateException(SQLExceptionsMapping.java:122)
	at com.mysql.cj.jdbc.ClientPreparedStatement.executeInternal(ClientPreparedStatement.java:916)
	at com.mysql.cj.jdbc.ClientPreparedStatement.execute(ClientPreparedStatement.java:354)
	at com.zaxxer.hikari.pool.ProxyPreparedStatement.execute(ProxyPreparedStatement.java:44)
	at com.zaxxer.hikari.pool.HikariProxyPreparedStatement.execute(HikariProxyPreparedStatement.java)
	at org.apache.ibatis.executor.statement.PreparedStatementHandler.update(PreparedStatementHandler.java:47)
	at org.apache.ibatis.executor.statement.RoutingStatementHandler.update(RoutingStatementHandler.java:74)
	at sun.reflect.NativeMethodAccessorImpl.invoke0(Native Method)
	at sun.reflect.NativeMethodAccessorImpl.invoke(NativeMethodAccessorImpl.java:62)
	at sun.reflect.DelegatingMethodAccessorImpl.invoke(DelegatingMethodAccessorImpl.java:43)
	at java.lang.reflect.Method.invoke(Method.java:498)
	at org.apache.ibatis.plugin.Plugin.invoke(Plugin.java:63)
	at com.sun.proxy.$Proxy165.update(Unknown Source)
	at org.apache.ibatis.executor.SimpleExecutor.doUpdate(SimpleExecutor.java:50)
	at org.apache.ibatis.executor.BaseExecutor.update(BaseExecutor.java:117)
	at org.apache.ibatis.executor.CachingExecutor.update(CachingExecutor.java:76)
	at sun.reflect.NativeMethodAccessorImpl.invoke0(Native Method)
	at sun.reflect.NativeMethodAccessorImpl.invoke(NativeMethodAccessorImpl.java:62)
	at sun.reflect.DelegatingMethodAccessorImpl.invoke(DelegatingMethodAccessorImpl.java:43)
	at java.lang.reflect.Method.invoke(Method.java:498)
	at org.apache.ibatis.plugin.Invocation.proceed(Invocation.java:49)
	at com.baomidou.mybatisplus.extension.plugins.MybatisPlusInterceptor.intercept(MybatisPlusInterceptor.java:83)
	at org.apache.ibatis.plugin.Plugin.invoke(Plugin.java:61)
	at com.sun.proxy.$Proxy164.update(Unknown Source)
	at org.apache.ibatis.session.defaults.DefaultSqlSession.update(DefaultSqlSession.java:197)
	at sun.reflect.NativeMethodAccessorImpl.invoke0(Native Method)
	at sun.reflect.NativeMethodAccessorImpl.invoke(NativeMethodAccessorImpl.java:62)
	at sun.reflect.DelegatingMethodAccessorImpl.invoke(DelegatingMethodAccessorImpl.java:43)
	at java.lang.reflect.Method.invoke(Method.java:498)
	at org.mybatis.spring.SqlSessionTemplate$SqlSessionInterceptor.invoke(SqlSessionTemplate.java:426)
	... 58 common frames omitted
09:53:11 [IWT-5-16] ERROR com.iteaj.iot.client.handle.ClientServiceHandler - 客户端处理(MQTT<默认>) 处理异常 - 错误信息: 
### Error updating database.  Cause: com.mysql.cj.jdbc.exceptions.MySQLTransactionRollbackException: Lock wait timeout exceeded; try restarting transaction
### The error may exist in com/iteaj/iboot/module/iot/mapper/DeviceMapper.java (best guess)
### The error may involve com.iteaj.iboot.module.iot.mapper.DeviceMapper.update-Inline
### The error occurred while setting parameters
### SQL: UPDATE iot_device  SET status=?,switch_time=?      WHERE (uid = ?)
### Cause: com.mysql.cj.jdbc.exceptions.MySQLTransactionRollbackException: Lock wait timeout exceeded; try restarting transaction
; Lock wait timeout exceeded; try restarting transaction; nested exception is com.mysql.cj.jdbc.exceptions.MySQLTransactionRollbackException: Lock wait timeout exceeded; try restarting transaction - 处理方式：已发送异常事件[ExceptionEvent], 创建监听器[ExceptionEventListener]来监听异常事件
org.springframework.dao.CannotAcquireLockException: 
### Error updating database.  Cause: com.mysql.cj.jdbc.exceptions.MySQLTransactionRollbackException: Lock wait timeout exceeded; try restarting transaction
### The error may exist in com/iteaj/iboot/module/iot/mapper/DeviceMapper.java (best guess)
### The error may involve com.iteaj.iboot.module.iot.mapper.DeviceMapper.update-Inline
### The error occurred while setting parameters
### SQL: UPDATE iot_device  SET status=?,switch_time=?      WHERE (uid = ?)
### Cause: com.mysql.cj.jdbc.exceptions.MySQLTransactionRollbackException: Lock wait timeout exceeded; try restarting transaction
; Lock wait timeout exceeded; try restarting transaction; nested exception is com.mysql.cj.jdbc.exceptions.MySQLTransactionRollbackException: Lock wait timeout exceeded; try restarting transaction
	at org.springframework.jdbc.support.SQLErrorCodeSQLExceptionTranslator.doTranslate(SQLErrorCodeSQLExceptionTranslator.java:267)
	at org.springframework.jdbc.support.AbstractFallbackSQLExceptionTranslator.translate(AbstractFallbackSQLExceptionTranslator.java:70)
	at org.mybatis.spring.MyBatisExceptionTranslator.translateExceptionIfPossible(MyBatisExceptionTranslator.java:88)
	at org.mybatis.spring.SqlSessionTemplate$SqlSessionInterceptor.invoke(SqlSessionTemplate.java:440)
	at com.sun.proxy.$Proxy99.update(Unknown Source)
	at org.mybatis.spring.SqlSessionTemplate.update(SqlSessionTemplate.java:287)
	at com.baomidou.mybatisplus.core.override.MybatisMapperMethod.execute(MybatisMapperMethod.java:65)
	at com.baomidou.mybatisplus.core.override.MybatisMapperProxy$PlainMethodInvoker.invoke(MybatisMapperProxy.java:148)
	at com.baomidou.mybatisplus.core.override.MybatisMapperProxy.invoke(MybatisMapperProxy.java:89)
	at com.sun.proxy.$Proxy136.update(Unknown Source)
	at com.iteaj.framework.IBaseService.update(IBaseService.java:149)
	at com.iteaj.framework.IBaseService.update(IBaseService.java:139)
	at com.iteaj.iboot.module.iot.service.impl.DeviceServiceImpl.updateDeviceStatus(DeviceServiceImpl.java:314)
	at com.iteaj.iboot.module.iot.service.impl.DeviceServiceImpl$$FastClassBySpringCGLIB$$5856b821.invoke(<generated>)
	at org.springframework.cglib.proxy.MethodProxy.invoke(MethodProxy.java:218)
	at org.springframework.aop.framework.CglibAopProxy$CglibMethodInvocation.invokeJoinpoint(CglibAopProxy.java:793)
	at org.springframework.aop.framework.ReflectiveMethodInvocation.proceed(ReflectiveMethodInvocation.java:163)
	at org.springframework.aop.framework.CglibAopProxy$CglibMethodInvocation.proceed(CglibAopProxy.java:763)
	at org.springframework.transaction.interceptor.TransactionInterceptor$1.proceedWithInvocation(TransactionInterceptor.java:123)
	at org.springframework.transaction.interceptor.TransactionAspectSupport.invokeWithinTransaction(TransactionAspectSupport.java:388)
	at org.springframework.transaction.interceptor.TransactionInterceptor.invoke(TransactionInterceptor.java:119)
	at org.springframework.aop.framework.ReflectiveMethodInvocation.proceed(ReflectiveMethodInvocation.java:186)
	at org.springframework.aop.framework.CglibAopProxy$CglibMethodInvocation.proceed(CglibAopProxy.java:763)
	at org.springframework.aop.framework.CglibAopProxy$DynamicAdvisedInterceptor.intercept(CglibAopProxy.java:708)
	at com.iteaj.iboot.module.iot.service.impl.DeviceServiceImpl$$EnhancerBySpringCGLIB$$99e044fc.updateDeviceStatus(<generated>)
	at com.iteaj.iboot.module.iot.listener.DeviceStatusListener.offline(DeviceStatusListener.java:68)
	at com.iteaj.iot.event.CombinedEventListener.onEvent(CombinedEventListener.java:22)
	at com.iteaj.iot.event.CombinedEventListener.onEvent(CombinedEventListener.java:6)
	at com.iteaj.iot.FrameworkManager.lambda$publishEvent$1(FrameworkManager.java:160)
	at java.lang.Iterable.forEach(Iterable.java:75)
	at com.iteaj.iot.FrameworkManager.publishEvent(FrameworkManager.java:154)
	at com.iteaj.iot.client.handle.ClientServiceHandler.channelInactive(ClientServiceHandler.java:166)
	at io.netty.channel.AbstractChannelHandlerContext.invokeChannelInactive(AbstractChannelHandlerContext.java:262)
	at io.netty.channel.AbstractChannelHandlerContext.invokeChannelInactive(AbstractChannelHandlerContext.java:248)
	at io.netty.channel.AbstractChannelHandlerContext.fireChannelInactive(AbstractChannelHandlerContext.java:241)
	at com.iteaj.iot.client.mqtt.MqttClient.channelInactive(MqttClient.java:234)
	at io.netty.channel.AbstractChannelHandlerContext.invokeChannelInactive(AbstractChannelHandlerContext.java:262)
	at io.netty.channel.AbstractChannelHandlerContext.invokeChannelInactive(AbstractChannelHandlerContext.java:248)
	at io.netty.channel.AbstractChannelHandlerContext.fireChannelInactive(AbstractChannelHandlerContext.java:241)
	at io.netty.handler.codec.ByteToMessageDecoder.channelInputClosed(ByteToMessageDecoder.java:392)
	at io.netty.handler.codec.ByteToMessageDecoder.channelInactive(ByteToMessageDecoder.java:357)
	at io.netty.channel.AbstractChannelHandlerContext.invokeChannelInactive(AbstractChannelHandlerContext.java:262)
	at io.netty.channel.AbstractChannelHandlerContext.invokeChannelInactive(AbstractChannelHandlerContext.java:248)
	at io.netty.channel.AbstractChannelHandlerContext.fireChannelInactive(AbstractChannelHandlerContext.java:241)
	at io.netty.channel.ChannelInboundHandlerAdapter.channelInactive(ChannelInboundHandlerAdapter.java:81)
	at io.netty.handler.timeout.IdleStateHandler.channelInactive(IdleStateHandler.java:277)
	at io.netty.channel.AbstractChannelHandlerContext.invokeChannelInactive(AbstractChannelHandlerContext.java:262)
	at io.netty.channel.AbstractChannelHandlerContext.invokeChannelInactive(AbstractChannelHandlerContext.java:248)
	at io.netty.channel.AbstractChannelHandlerContext.fireChannelInactive(AbstractChannelHandlerContext.java:241)
	at io.netty.channel.DefaultChannelPipeline$HeadContext.channelInactive(DefaultChannelPipeline.java:1405)
	at io.netty.channel.AbstractChannelHandlerContext.invokeChannelInactive(AbstractChannelHandlerContext.java:262)
	at io.netty.channel.AbstractChannelHandlerContext.invokeChannelInactive(AbstractChannelHandlerContext.java:248)
	at io.netty.channel.DefaultChannelPipeline.fireChannelInactive(DefaultChannelPipeline.java:901)
	at io.netty.channel.AbstractChannel$AbstractUnsafe$7.run(AbstractChannel.java:813)
	at io.netty.util.concurrent.AbstractEventExecutor.runTask(AbstractEventExecutor.java:174)
	at io.netty.util.concurrent.AbstractEventExecutor.safeExecute(AbstractEventExecutor.java:167)
	at io.netty.util.concurrent.SingleThreadEventExecutor.runAllTasks(SingleThreadEventExecutor.java:470)
	at io.netty.channel.nio.NioEventLoop.run(NioEventLoop.java:500)
	at io.netty.util.concurrent.SingleThreadEventExecutor$4.run(SingleThreadEventExecutor.java:997)
	at io.netty.util.internal.ThreadExecutorMap$2.run(ThreadExecutorMap.java:74)
	at io.netty.util.concurrent.FastThreadLocalRunnable.run(FastThreadLocalRunnable.java:30)
	at java.lang.Thread.run(Thread.java:750)
Caused by: com.mysql.cj.jdbc.exceptions.MySQLTransactionRollbackException: Lock wait timeout exceeded; try restarting transaction
	at com.mysql.cj.jdbc.exceptions.SQLError.createSQLException(SQLError.java:123)
	at com.mysql.cj.jdbc.exceptions.SQLExceptionsMapping.translateException(SQLExceptionsMapping.java:122)
	at com.mysql.cj.jdbc.ClientPreparedStatement.executeInternal(ClientPreparedStatement.java:916)
	at com.mysql.cj.jdbc.ClientPreparedStatement.execute(ClientPreparedStatement.java:354)
	at com.zaxxer.hikari.pool.ProxyPreparedStatement.execute(ProxyPreparedStatement.java:44)
	at com.zaxxer.hikari.pool.HikariProxyPreparedStatement.execute(HikariProxyPreparedStatement.java)
	at org.apache.ibatis.executor.statement.PreparedStatementHandler.update(PreparedStatementHandler.java:47)
	at org.apache.ibatis.executor.statement.RoutingStatementHandler.update(RoutingStatementHandler.java:74)
	at sun.reflect.NativeMethodAccessorImpl.invoke0(Native Method)
	at sun.reflect.NativeMethodAccessorImpl.invoke(NativeMethodAccessorImpl.java:62)
	at sun.reflect.DelegatingMethodAccessorImpl.invoke(DelegatingMethodAccessorImpl.java:43)
	at java.lang.reflect.Method.invoke(Method.java:498)
	at org.apache.ibatis.plugin.Plugin.invoke(Plugin.java:63)
	at com.sun.proxy.$Proxy165.update(Unknown Source)
	at org.apache.ibatis.executor.SimpleExecutor.doUpdate(SimpleExecutor.java:50)
	at org.apache.ibatis.executor.BaseExecutor.update(BaseExecutor.java:117)
	at org.apache.ibatis.executor.CachingExecutor.update(CachingExecutor.java:76)
	at sun.reflect.NativeMethodAccessorImpl.invoke0(Native Method)
	at sun.reflect.NativeMethodAccessorImpl.invoke(NativeMethodAccessorImpl.java:62)
	at sun.reflect.DelegatingMethodAccessorImpl.invoke(DelegatingMethodAccessorImpl.java:43)
	at java.lang.reflect.Method.invoke(Method.java:498)
	at org.apache.ibatis.plugin.Invocation.proceed(Invocation.java:49)
	at com.baomidou.mybatisplus.extension.plugins.MybatisPlusInterceptor.intercept(MybatisPlusInterceptor.java:83)
	at org.apache.ibatis.plugin.Plugin.invoke(Plugin.java:61)
	at com.sun.proxy.$Proxy164.update(Unknown Source)
	at org.apache.ibatis.session.defaults.DefaultSqlSession.update(DefaultSqlSession.java:197)
	at sun.reflect.NativeMethodAccessorImpl.invoke0(Native Method)
	at sun.reflect.NativeMethodAccessorImpl.invoke(NativeMethodAccessorImpl.java:62)
	at sun.reflect.DelegatingMethodAccessorImpl.invoke(DelegatingMethodAccessorImpl.java:43)
	at java.lang.reflect.Method.invoke(Method.java:498)
	at org.mybatis.spring.SqlSessionTemplate$SqlSessionInterceptor.invoke(SqlSessionTemplate.java:426)
	... 58 common frames omitted
09:53:11 [IWT-5-7] ERROR com.iteaj.iot.client.handle.ClientServiceHandler - 客户端处理(MQTT<默认>) 处理异常 - 错误信息: 
### Error updating database.  Cause: com.mysql.cj.jdbc.exceptions.MySQLTransactionRollbackException: Lock wait timeout exceeded; try restarting transaction
### The error may exist in com/iteaj/iboot/module/iot/mapper/DeviceMapper.java (best guess)
### The error may involve com.iteaj.iboot.module.iot.mapper.DeviceMapper.update-Inline
### The error occurred while setting parameters
### SQL: UPDATE iot_device  SET status=?,switch_time=?      WHERE (uid = ?)
### Cause: com.mysql.cj.jdbc.exceptions.MySQLTransactionRollbackException: Lock wait timeout exceeded; try restarting transaction
; Lock wait timeout exceeded; try restarting transaction; nested exception is com.mysql.cj.jdbc.exceptions.MySQLTransactionRollbackException: Lock wait timeout exceeded; try restarting transaction - 处理方式：已发送异常事件[ExceptionEvent], 创建监听器[ExceptionEventListener]来监听异常事件
org.springframework.dao.CannotAcquireLockException: 
### Error updating database.  Cause: com.mysql.cj.jdbc.exceptions.MySQLTransactionRollbackException: Lock wait timeout exceeded; try restarting transaction
### The error may exist in com/iteaj/iboot/module/iot/mapper/DeviceMapper.java (best guess)
### The error may involve com.iteaj.iboot.module.iot.mapper.DeviceMapper.update-Inline
### The error occurred while setting parameters
### SQL: UPDATE iot_device  SET status=?,switch_time=?      WHERE (uid = ?)
### Cause: com.mysql.cj.jdbc.exceptions.MySQLTransactionRollbackException: Lock wait timeout exceeded; try restarting transaction
; Lock wait timeout exceeded; try restarting transaction; nested exception is com.mysql.cj.jdbc.exceptions.MySQLTransactionRollbackException: Lock wait timeout exceeded; try restarting transaction
	at org.springframework.jdbc.support.SQLErrorCodeSQLExceptionTranslator.doTranslate(SQLErrorCodeSQLExceptionTranslator.java:267)
	at org.springframework.jdbc.support.AbstractFallbackSQLExceptionTranslator.translate(AbstractFallbackSQLExceptionTranslator.java:70)
	at org.mybatis.spring.MyBatisExceptionTranslator.translateExceptionIfPossible(MyBatisExceptionTranslator.java:88)
	at org.mybatis.spring.SqlSessionTemplate$SqlSessionInterceptor.invoke(SqlSessionTemplate.java:440)
	at com.sun.proxy.$Proxy99.update(Unknown Source)
	at org.mybatis.spring.SqlSessionTemplate.update(SqlSessionTemplate.java:287)
	at com.baomidou.mybatisplus.core.override.MybatisMapperMethod.execute(MybatisMapperMethod.java:65)
	at com.baomidou.mybatisplus.core.override.MybatisMapperProxy$PlainMethodInvoker.invoke(MybatisMapperProxy.java:148)
	at com.baomidou.mybatisplus.core.override.MybatisMapperProxy.invoke(MybatisMapperProxy.java:89)
	at com.sun.proxy.$Proxy136.update(Unknown Source)
	at com.iteaj.framework.IBaseService.update(IBaseService.java:149)
	at com.iteaj.framework.IBaseService.update(IBaseService.java:139)
	at com.iteaj.iboot.module.iot.service.impl.DeviceServiceImpl.updateDeviceStatus(DeviceServiceImpl.java:314)
	at com.iteaj.iboot.module.iot.service.impl.DeviceServiceImpl$$FastClassBySpringCGLIB$$5856b821.invoke(<generated>)
	at org.springframework.cglib.proxy.MethodProxy.invoke(MethodProxy.java:218)
	at org.springframework.aop.framework.CglibAopProxy$CglibMethodInvocation.invokeJoinpoint(CglibAopProxy.java:793)
	at org.springframework.aop.framework.ReflectiveMethodInvocation.proceed(ReflectiveMethodInvocation.java:163)
	at org.springframework.aop.framework.CglibAopProxy$CglibMethodInvocation.proceed(CglibAopProxy.java:763)
	at org.springframework.transaction.interceptor.TransactionInterceptor$1.proceedWithInvocation(TransactionInterceptor.java:123)
	at org.springframework.transaction.interceptor.TransactionAspectSupport.invokeWithinTransaction(TransactionAspectSupport.java:388)
	at org.springframework.transaction.interceptor.TransactionInterceptor.invoke(TransactionInterceptor.java:119)
	at org.springframework.aop.framework.ReflectiveMethodInvocation.proceed(ReflectiveMethodInvocation.java:186)
	at org.springframework.aop.framework.CglibAopProxy$CglibMethodInvocation.proceed(CglibAopProxy.java:763)
	at org.springframework.aop.framework.CglibAopProxy$DynamicAdvisedInterceptor.intercept(CglibAopProxy.java:708)
	at com.iteaj.iboot.module.iot.service.impl.DeviceServiceImpl$$EnhancerBySpringCGLIB$$99e044fc.updateDeviceStatus(<generated>)
	at com.iteaj.iboot.module.iot.listener.DeviceStatusListener.offline(DeviceStatusListener.java:68)
	at com.iteaj.iot.event.CombinedEventListener.onEvent(CombinedEventListener.java:22)
	at com.iteaj.iot.event.CombinedEventListener.onEvent(CombinedEventListener.java:6)
	at com.iteaj.iot.FrameworkManager.lambda$publishEvent$1(FrameworkManager.java:160)
	at java.lang.Iterable.forEach(Iterable.java:75)
	at com.iteaj.iot.FrameworkManager.publishEvent(FrameworkManager.java:154)
	at com.iteaj.iot.client.handle.ClientServiceHandler.channelInactive(ClientServiceHandler.java:166)
	at io.netty.channel.AbstractChannelHandlerContext.invokeChannelInactive(AbstractChannelHandlerContext.java:262)
	at io.netty.channel.AbstractChannelHandlerContext.invokeChannelInactive(AbstractChannelHandlerContext.java:248)
	at io.netty.channel.AbstractChannelHandlerContext.fireChannelInactive(AbstractChannelHandlerContext.java:241)
	at com.iteaj.iot.client.mqtt.MqttClient.channelInactive(MqttClient.java:234)
	at io.netty.channel.AbstractChannelHandlerContext.invokeChannelInactive(AbstractChannelHandlerContext.java:262)
	at io.netty.channel.AbstractChannelHandlerContext.invokeChannelInactive(AbstractChannelHandlerContext.java:248)
	at io.netty.channel.AbstractChannelHandlerContext.fireChannelInactive(AbstractChannelHandlerContext.java:241)
	at io.netty.handler.codec.ByteToMessageDecoder.channelInputClosed(ByteToMessageDecoder.java:392)
	at io.netty.handler.codec.ByteToMessageDecoder.channelInactive(ByteToMessageDecoder.java:357)
	at io.netty.channel.AbstractChannelHandlerContext.invokeChannelInactive(AbstractChannelHandlerContext.java:262)
	at io.netty.channel.AbstractChannelHandlerContext.invokeChannelInactive(AbstractChannelHandlerContext.java:248)
	at io.netty.channel.AbstractChannelHandlerContext.fireChannelInactive(AbstractChannelHandlerContext.java:241)
	at io.netty.channel.ChannelInboundHandlerAdapter.channelInactive(ChannelInboundHandlerAdapter.java:81)
	at io.netty.handler.timeout.IdleStateHandler.channelInactive(IdleStateHandler.java:277)
	at io.netty.channel.AbstractChannelHandlerContext.invokeChannelInactive(AbstractChannelHandlerContext.java:262)
	at io.netty.channel.AbstractChannelHandlerContext.invokeChannelInactive(AbstractChannelHandlerContext.java:248)
	at io.netty.channel.AbstractChannelHandlerContext.fireChannelInactive(AbstractChannelHandlerContext.java:241)
	at io.netty.channel.DefaultChannelPipeline$HeadContext.channelInactive(DefaultChannelPipeline.java:1405)
	at io.netty.channel.AbstractChannelHandlerContext.invokeChannelInactive(AbstractChannelHandlerContext.java:262)
	at io.netty.channel.AbstractChannelHandlerContext.invokeChannelInactive(AbstractChannelHandlerContext.java:248)
	at io.netty.channel.DefaultChannelPipeline.fireChannelInactive(DefaultChannelPipeline.java:901)
	at io.netty.channel.AbstractChannel$AbstractUnsafe$7.run(AbstractChannel.java:813)
	at io.netty.util.concurrent.AbstractEventExecutor.runTask(AbstractEventExecutor.java:174)
	at io.netty.util.concurrent.AbstractEventExecutor.safeExecute(AbstractEventExecutor.java:167)
	at io.netty.util.concurrent.SingleThreadEventExecutor.runAllTasks(SingleThreadEventExecutor.java:470)
	at io.netty.channel.nio.NioEventLoop.run(NioEventLoop.java:500)
	at io.netty.util.concurrent.SingleThreadEventExecutor$4.run(SingleThreadEventExecutor.java:997)
	at io.netty.util.internal.ThreadExecutorMap$2.run(ThreadExecutorMap.java:74)
	at io.netty.util.concurrent.FastThreadLocalRunnable.run(FastThreadLocalRunnable.java:30)
	at java.lang.Thread.run(Thread.java:750)
Caused by: com.mysql.cj.jdbc.exceptions.MySQLTransactionRollbackException: Lock wait timeout exceeded; try restarting transaction
	at com.mysql.cj.jdbc.exceptions.SQLError.createSQLException(SQLError.java:123)
	at com.mysql.cj.jdbc.exceptions.SQLExceptionsMapping.translateException(SQLExceptionsMapping.java:122)
	at com.mysql.cj.jdbc.ClientPreparedStatement.executeInternal(ClientPreparedStatement.java:916)
	at com.mysql.cj.jdbc.ClientPreparedStatement.execute(ClientPreparedStatement.java:354)
	at com.zaxxer.hikari.pool.ProxyPreparedStatement.execute(ProxyPreparedStatement.java:44)
	at com.zaxxer.hikari.pool.HikariProxyPreparedStatement.execute(HikariProxyPreparedStatement.java)
	at org.apache.ibatis.executor.statement.PreparedStatementHandler.update(PreparedStatementHandler.java:47)
	at org.apache.ibatis.executor.statement.RoutingStatementHandler.update(RoutingStatementHandler.java:74)
	at sun.reflect.NativeMethodAccessorImpl.invoke0(Native Method)
	at sun.reflect.NativeMethodAccessorImpl.invoke(NativeMethodAccessorImpl.java:62)
	at sun.reflect.DelegatingMethodAccessorImpl.invoke(DelegatingMethodAccessorImpl.java:43)
	at java.lang.reflect.Method.invoke(Method.java:498)
	at org.apache.ibatis.plugin.Plugin.invoke(Plugin.java:63)
	at com.sun.proxy.$Proxy165.update(Unknown Source)
	at org.apache.ibatis.executor.SimpleExecutor.doUpdate(SimpleExecutor.java:50)
	at org.apache.ibatis.executor.BaseExecutor.update(BaseExecutor.java:117)
	at org.apache.ibatis.executor.CachingExecutor.update(CachingExecutor.java:76)
	at sun.reflect.NativeMethodAccessorImpl.invoke0(Native Method)
	at sun.reflect.NativeMethodAccessorImpl.invoke(NativeMethodAccessorImpl.java:62)
	at sun.reflect.DelegatingMethodAccessorImpl.invoke(DelegatingMethodAccessorImpl.java:43)
	at java.lang.reflect.Method.invoke(Method.java:498)
	at org.apache.ibatis.plugin.Invocation.proceed(Invocation.java:49)
	at com.baomidou.mybatisplus.extension.plugins.MybatisPlusInterceptor.intercept(MybatisPlusInterceptor.java:83)
	at org.apache.ibatis.plugin.Plugin.invoke(Plugin.java:61)
	at com.sun.proxy.$Proxy164.update(Unknown Source)
	at org.apache.ibatis.session.defaults.DefaultSqlSession.update(DefaultSqlSession.java:197)
	at sun.reflect.NativeMethodAccessorImpl.invoke0(Native Method)
	at sun.reflect.NativeMethodAccessorImpl.invoke(NativeMethodAccessorImpl.java:62)
	at sun.reflect.DelegatingMethodAccessorImpl.invoke(DelegatingMethodAccessorImpl.java:43)
	at java.lang.reflect.Method.invoke(Method.java:498)
	at org.mybatis.spring.SqlSessionTemplate$SqlSessionInterceptor.invoke(SqlSessionTemplate.java:426)
	... 58 common frames omitted
09:53:11 [IWT-5-1] ERROR com.iteaj.iot.client.handle.ClientServiceHandler - 客户端处理(MQTT<默认>) 处理异常 - 错误信息: 
### Error updating database.  Cause: com.mysql.cj.jdbc.exceptions.MySQLTransactionRollbackException: Lock wait timeout exceeded; try restarting transaction
### The error may exist in com/iteaj/iboot/module/iot/mapper/DeviceMapper.java (best guess)
### The error may involve com.iteaj.iboot.module.iot.mapper.DeviceMapper.update-Inline
### The error occurred while setting parameters
### SQL: UPDATE iot_device  SET status=?,switch_time=?      WHERE (uid = ?)
### Cause: com.mysql.cj.jdbc.exceptions.MySQLTransactionRollbackException: Lock wait timeout exceeded; try restarting transaction
; Lock wait timeout exceeded; try restarting transaction; nested exception is com.mysql.cj.jdbc.exceptions.MySQLTransactionRollbackException: Lock wait timeout exceeded; try restarting transaction - 处理方式：已发送异常事件[ExceptionEvent], 创建监听器[ExceptionEventListener]来监听异常事件
org.springframework.dao.CannotAcquireLockException: 
### Error updating database.  Cause: com.mysql.cj.jdbc.exceptions.MySQLTransactionRollbackException: Lock wait timeout exceeded; try restarting transaction
### The error may exist in com/iteaj/iboot/module/iot/mapper/DeviceMapper.java (best guess)
### The error may involve com.iteaj.iboot.module.iot.mapper.DeviceMapper.update-Inline
### The error occurred while setting parameters
### SQL: UPDATE iot_device  SET status=?,switch_time=?      WHERE (uid = ?)
### Cause: com.mysql.cj.jdbc.exceptions.MySQLTransactionRollbackException: Lock wait timeout exceeded; try restarting transaction
; Lock wait timeout exceeded; try restarting transaction; nested exception is com.mysql.cj.jdbc.exceptions.MySQLTransactionRollbackException: Lock wait timeout exceeded; try restarting transaction
	at org.springframework.jdbc.support.SQLErrorCodeSQLExceptionTranslator.doTranslate(SQLErrorCodeSQLExceptionTranslator.java:267)
	at org.springframework.jdbc.support.AbstractFallbackSQLExceptionTranslator.translate(AbstractFallbackSQLExceptionTranslator.java:70)
	at org.mybatis.spring.MyBatisExceptionTranslator.translateExceptionIfPossible(MyBatisExceptionTranslator.java:88)
	at org.mybatis.spring.SqlSessionTemplate$SqlSessionInterceptor.invoke(SqlSessionTemplate.java:440)
	at com.sun.proxy.$Proxy99.update(Unknown Source)
	at org.mybatis.spring.SqlSessionTemplate.update(SqlSessionTemplate.java:287)
	at com.baomidou.mybatisplus.core.override.MybatisMapperMethod.execute(MybatisMapperMethod.java:65)
	at com.baomidou.mybatisplus.core.override.MybatisMapperProxy$PlainMethodInvoker.invoke(MybatisMapperProxy.java:148)
	at com.baomidou.mybatisplus.core.override.MybatisMapperProxy.invoke(MybatisMapperProxy.java:89)
	at com.sun.proxy.$Proxy136.update(Unknown Source)
	at com.iteaj.framework.IBaseService.update(IBaseService.java:149)
	at com.iteaj.framework.IBaseService.update(IBaseService.java:139)
	at com.iteaj.iboot.module.iot.service.impl.DeviceServiceImpl.updateDeviceStatus(DeviceServiceImpl.java:314)
	at com.iteaj.iboot.module.iot.service.impl.DeviceServiceImpl$$FastClassBySpringCGLIB$$5856b821.invoke(<generated>)
	at org.springframework.cglib.proxy.MethodProxy.invoke(MethodProxy.java:218)
	at org.springframework.aop.framework.CglibAopProxy$CglibMethodInvocation.invokeJoinpoint(CglibAopProxy.java:793)
	at org.springframework.aop.framework.ReflectiveMethodInvocation.proceed(ReflectiveMethodInvocation.java:163)
	at org.springframework.aop.framework.CglibAopProxy$CglibMethodInvocation.proceed(CglibAopProxy.java:763)
	at org.springframework.transaction.interceptor.TransactionInterceptor$1.proceedWithInvocation(TransactionInterceptor.java:123)
	at org.springframework.transaction.interceptor.TransactionAspectSupport.invokeWithinTransaction(TransactionAspectSupport.java:388)
	at org.springframework.transaction.interceptor.TransactionInterceptor.invoke(TransactionInterceptor.java:119)
	at org.springframework.aop.framework.ReflectiveMethodInvocation.proceed(ReflectiveMethodInvocation.java:186)
	at org.springframework.aop.framework.CglibAopProxy$CglibMethodInvocation.proceed(CglibAopProxy.java:763)
	at org.springframework.aop.framework.CglibAopProxy$DynamicAdvisedInterceptor.intercept(CglibAopProxy.java:708)
	at com.iteaj.iboot.module.iot.service.impl.DeviceServiceImpl$$EnhancerBySpringCGLIB$$99e044fc.updateDeviceStatus(<generated>)
	at com.iteaj.iboot.module.iot.listener.DeviceStatusListener.offline(DeviceStatusListener.java:68)
	at com.iteaj.iot.event.CombinedEventListener.onEvent(CombinedEventListener.java:22)
	at com.iteaj.iot.event.CombinedEventListener.onEvent(CombinedEventListener.java:6)
	at com.iteaj.iot.FrameworkManager.lambda$publishEvent$1(FrameworkManager.java:160)
	at java.lang.Iterable.forEach(Iterable.java:75)
	at com.iteaj.iot.FrameworkManager.publishEvent(FrameworkManager.java:154)
	at com.iteaj.iot.client.handle.ClientServiceHandler.channelInactive(ClientServiceHandler.java:166)
	at io.netty.channel.AbstractChannelHandlerContext.invokeChannelInactive(AbstractChannelHandlerContext.java:262)
	at io.netty.channel.AbstractChannelHandlerContext.invokeChannelInactive(AbstractChannelHandlerContext.java:248)
	at io.netty.channel.AbstractChannelHandlerContext.fireChannelInactive(AbstractChannelHandlerContext.java:241)
	at com.iteaj.iot.client.mqtt.MqttClient.channelInactive(MqttClient.java:234)
	at io.netty.channel.AbstractChannelHandlerContext.invokeChannelInactive(AbstractChannelHandlerContext.java:262)
	at io.netty.channel.AbstractChannelHandlerContext.invokeChannelInactive(AbstractChannelHandlerContext.java:248)
	at io.netty.channel.AbstractChannelHandlerContext.fireChannelInactive(AbstractChannelHandlerContext.java:241)
	at io.netty.handler.codec.ByteToMessageDecoder.channelInputClosed(ByteToMessageDecoder.java:392)
	at io.netty.handler.codec.ByteToMessageDecoder.channelInactive(ByteToMessageDecoder.java:357)
	at io.netty.channel.AbstractChannelHandlerContext.invokeChannelInactive(AbstractChannelHandlerContext.java:262)
	at io.netty.channel.AbstractChannelHandlerContext.invokeChannelInactive(AbstractChannelHandlerContext.java:248)
	at io.netty.channel.AbstractChannelHandlerContext.fireChannelInactive(AbstractChannelHandlerContext.java:241)
	at io.netty.channel.ChannelInboundHandlerAdapter.channelInactive(ChannelInboundHandlerAdapter.java:81)
	at io.netty.handler.timeout.IdleStateHandler.channelInactive(IdleStateHandler.java:277)
	at io.netty.channel.AbstractChannelHandlerContext.invokeChannelInactive(AbstractChannelHandlerContext.java:262)
	at io.netty.channel.AbstractChannelHandlerContext.invokeChannelInactive(AbstractChannelHandlerContext.java:248)
	at io.netty.channel.AbstractChannelHandlerContext.fireChannelInactive(AbstractChannelHandlerContext.java:241)
	at io.netty.channel.DefaultChannelPipeline$HeadContext.channelInactive(DefaultChannelPipeline.java:1405)
	at io.netty.channel.AbstractChannelHandlerContext.invokeChannelInactive(AbstractChannelHandlerContext.java:262)
	at io.netty.channel.AbstractChannelHandlerContext.invokeChannelInactive(AbstractChannelHandlerContext.java:248)
	at io.netty.channel.DefaultChannelPipeline.fireChannelInactive(DefaultChannelPipeline.java:901)
	at io.netty.channel.AbstractChannel$AbstractUnsafe$7.run(AbstractChannel.java:813)
	at io.netty.util.concurrent.AbstractEventExecutor.runTask(AbstractEventExecutor.java:174)
	at io.netty.util.concurrent.AbstractEventExecutor.safeExecute(AbstractEventExecutor.java:167)
	at io.netty.util.concurrent.SingleThreadEventExecutor.runAllTasks(SingleThreadEventExecutor.java:470)
	at io.netty.channel.nio.NioEventLoop.run(NioEventLoop.java:500)
	at io.netty.util.concurrent.SingleThreadEventExecutor$4.run(SingleThreadEventExecutor.java:997)
	at io.netty.util.internal.ThreadExecutorMap$2.run(ThreadExecutorMap.java:74)
	at io.netty.util.concurrent.FastThreadLocalRunnable.run(FastThreadLocalRunnable.java:30)
	at java.lang.Thread.run(Thread.java:750)
Caused by: com.mysql.cj.jdbc.exceptions.MySQLTransactionRollbackException: Lock wait timeout exceeded; try restarting transaction
	at com.mysql.cj.jdbc.exceptions.SQLError.createSQLException(SQLError.java:123)
	at com.mysql.cj.jdbc.exceptions.SQLExceptionsMapping.translateException(SQLExceptionsMapping.java:122)
	at com.mysql.cj.jdbc.ClientPreparedStatement.executeInternal(ClientPreparedStatement.java:916)
	at com.mysql.cj.jdbc.ClientPreparedStatement.execute(ClientPreparedStatement.java:354)
	at com.zaxxer.hikari.pool.ProxyPreparedStatement.execute(ProxyPreparedStatement.java:44)
	at com.zaxxer.hikari.pool.HikariProxyPreparedStatement.execute(HikariProxyPreparedStatement.java)
	at org.apache.ibatis.executor.statement.PreparedStatementHandler.update(PreparedStatementHandler.java:47)
	at org.apache.ibatis.executor.statement.RoutingStatementHandler.update(RoutingStatementHandler.java:74)
	at sun.reflect.NativeMethodAccessorImpl.invoke0(Native Method)
	at sun.reflect.NativeMethodAccessorImpl.invoke(NativeMethodAccessorImpl.java:62)
	at sun.reflect.DelegatingMethodAccessorImpl.invoke(DelegatingMethodAccessorImpl.java:43)
	at java.lang.reflect.Method.invoke(Method.java:498)
	at org.apache.ibatis.plugin.Plugin.invoke(Plugin.java:63)
	at com.sun.proxy.$Proxy165.update(Unknown Source)
	at org.apache.ibatis.executor.SimpleExecutor.doUpdate(SimpleExecutor.java:50)
	at org.apache.ibatis.executor.BaseExecutor.update(BaseExecutor.java:117)
	at org.apache.ibatis.executor.CachingExecutor.update(CachingExecutor.java:76)
	at sun.reflect.NativeMethodAccessorImpl.invoke0(Native Method)
	at sun.reflect.NativeMethodAccessorImpl.invoke(NativeMethodAccessorImpl.java:62)
	at sun.reflect.DelegatingMethodAccessorImpl.invoke(DelegatingMethodAccessorImpl.java:43)
	at java.lang.reflect.Method.invoke(Method.java:498)
	at org.apache.ibatis.plugin.Invocation.proceed(Invocation.java:49)
	at com.baomidou.mybatisplus.extension.plugins.MybatisPlusInterceptor.intercept(MybatisPlusInterceptor.java:83)
	at org.apache.ibatis.plugin.Plugin.invoke(Plugin.java:61)
	at com.sun.proxy.$Proxy164.update(Unknown Source)
	at org.apache.ibatis.session.defaults.DefaultSqlSession.update(DefaultSqlSession.java:197)
	at sun.reflect.NativeMethodAccessorImpl.invoke0(Native Method)
	at sun.reflect.NativeMethodAccessorImpl.invoke(NativeMethodAccessorImpl.java:62)
	at sun.reflect.DelegatingMethodAccessorImpl.invoke(DelegatingMethodAccessorImpl.java:43)
	at java.lang.reflect.Method.invoke(Method.java:498)
	at org.mybatis.spring.SqlSessionTemplate$SqlSessionInterceptor.invoke(SqlSessionTemplate.java:426)
	... 58 common frames omitted
09:53:11 [IWT-5-8] ERROR com.iteaj.iot.client.handle.ClientServiceHandler - 客户端处理(MQTT<默认>) 处理异常 - 错误信息: 
### Error updating database.  Cause: com.mysql.cj.jdbc.exceptions.MySQLTransactionRollbackException: Lock wait timeout exceeded; try restarting transaction
### The error may exist in com/iteaj/iboot/module/iot/mapper/DeviceMapper.java (best guess)
### The error may involve com.iteaj.iboot.module.iot.mapper.DeviceMapper.update-Inline
### The error occurred while setting parameters
### SQL: UPDATE iot_device  SET status=?,switch_time=?      WHERE (uid = ?)
### Cause: com.mysql.cj.jdbc.exceptions.MySQLTransactionRollbackException: Lock wait timeout exceeded; try restarting transaction
; Lock wait timeout exceeded; try restarting transaction; nested exception is com.mysql.cj.jdbc.exceptions.MySQLTransactionRollbackException: Lock wait timeout exceeded; try restarting transaction - 处理方式：已发送异常事件[ExceptionEvent], 创建监听器[ExceptionEventListener]来监听异常事件
org.springframework.dao.CannotAcquireLockException: 
### Error updating database.  Cause: com.mysql.cj.jdbc.exceptions.MySQLTransactionRollbackException: Lock wait timeout exceeded; try restarting transaction
### The error may exist in com/iteaj/iboot/module/iot/mapper/DeviceMapper.java (best guess)
### The error may involve com.iteaj.iboot.module.iot.mapper.DeviceMapper.update-Inline
### The error occurred while setting parameters
### SQL: UPDATE iot_device  SET status=?,switch_time=?      WHERE (uid = ?)
### Cause: com.mysql.cj.jdbc.exceptions.MySQLTransactionRollbackException: Lock wait timeout exceeded; try restarting transaction
; Lock wait timeout exceeded; try restarting transaction; nested exception is com.mysql.cj.jdbc.exceptions.MySQLTransactionRollbackException: Lock wait timeout exceeded; try restarting transaction
	at org.springframework.jdbc.support.SQLErrorCodeSQLExceptionTranslator.doTranslate(SQLErrorCodeSQLExceptionTranslator.java:267)
	at org.springframework.jdbc.support.AbstractFallbackSQLExceptionTranslator.translate(AbstractFallbackSQLExceptionTranslator.java:70)
	at org.mybatis.spring.MyBatisExceptionTranslator.translateExceptionIfPossible(MyBatisExceptionTranslator.java:88)
	at org.mybatis.spring.SqlSessionTemplate$SqlSessionInterceptor.invoke(SqlSessionTemplate.java:440)
	at com.sun.proxy.$Proxy99.update(Unknown Source)
	at org.mybatis.spring.SqlSessionTemplate.update(SqlSessionTemplate.java:287)
	at com.baomidou.mybatisplus.core.override.MybatisMapperMethod.execute(MybatisMapperMethod.java:65)
	at com.baomidou.mybatisplus.core.override.MybatisMapperProxy$PlainMethodInvoker.invoke(MybatisMapperProxy.java:148)
	at com.baomidou.mybatisplus.core.override.MybatisMapperProxy.invoke(MybatisMapperProxy.java:89)
	at com.sun.proxy.$Proxy136.update(Unknown Source)
	at com.iteaj.framework.IBaseService.update(IBaseService.java:149)
	at com.iteaj.framework.IBaseService.update(IBaseService.java:139)
	at com.iteaj.iboot.module.iot.service.impl.DeviceServiceImpl.updateDeviceStatus(DeviceServiceImpl.java:314)
	at com.iteaj.iboot.module.iot.service.impl.DeviceServiceImpl$$FastClassBySpringCGLIB$$5856b821.invoke(<generated>)
	at org.springframework.cglib.proxy.MethodProxy.invoke(MethodProxy.java:218)
	at org.springframework.aop.framework.CglibAopProxy$CglibMethodInvocation.invokeJoinpoint(CglibAopProxy.java:793)
	at org.springframework.aop.framework.ReflectiveMethodInvocation.proceed(ReflectiveMethodInvocation.java:163)
	at org.springframework.aop.framework.CglibAopProxy$CglibMethodInvocation.proceed(CglibAopProxy.java:763)
	at org.springframework.transaction.interceptor.TransactionInterceptor$1.proceedWithInvocation(TransactionInterceptor.java:123)
	at org.springframework.transaction.interceptor.TransactionAspectSupport.invokeWithinTransaction(TransactionAspectSupport.java:388)
	at org.springframework.transaction.interceptor.TransactionInterceptor.invoke(TransactionInterceptor.java:119)
	at org.springframework.aop.framework.ReflectiveMethodInvocation.proceed(ReflectiveMethodInvocation.java:186)
	at org.springframework.aop.framework.CglibAopProxy$CglibMethodInvocation.proceed(CglibAopProxy.java:763)
	at org.springframework.aop.framework.CglibAopProxy$DynamicAdvisedInterceptor.intercept(CglibAopProxy.java:708)
	at com.iteaj.iboot.module.iot.service.impl.DeviceServiceImpl$$EnhancerBySpringCGLIB$$99e044fc.updateDeviceStatus(<generated>)
	at com.iteaj.iboot.module.iot.listener.DeviceStatusListener.offline(DeviceStatusListener.java:68)
	at com.iteaj.iot.event.CombinedEventListener.onEvent(CombinedEventListener.java:22)
	at com.iteaj.iot.event.CombinedEventListener.onEvent(CombinedEventListener.java:6)
	at com.iteaj.iot.FrameworkManager.lambda$publishEvent$1(FrameworkManager.java:160)
	at java.lang.Iterable.forEach(Iterable.java:75)
	at com.iteaj.iot.FrameworkManager.publishEvent(FrameworkManager.java:154)
	at com.iteaj.iot.client.handle.ClientServiceHandler.channelInactive(ClientServiceHandler.java:166)
	at io.netty.channel.AbstractChannelHandlerContext.invokeChannelInactive(AbstractChannelHandlerContext.java:262)
	at io.netty.channel.AbstractChannelHandlerContext.invokeChannelInactive(AbstractChannelHandlerContext.java:248)
	at io.netty.channel.AbstractChannelHandlerContext.fireChannelInactive(AbstractChannelHandlerContext.java:241)
	at com.iteaj.iot.client.mqtt.MqttClient.channelInactive(MqttClient.java:234)
	at io.netty.channel.AbstractChannelHandlerContext.invokeChannelInactive(AbstractChannelHandlerContext.java:262)
	at io.netty.channel.AbstractChannelHandlerContext.invokeChannelInactive(AbstractChannelHandlerContext.java:248)
	at io.netty.channel.AbstractChannelHandlerContext.fireChannelInactive(AbstractChannelHandlerContext.java:241)
	at io.netty.handler.codec.ByteToMessageDecoder.channelInputClosed(ByteToMessageDecoder.java:392)
	at io.netty.handler.codec.ByteToMessageDecoder.channelInactive(ByteToMessageDecoder.java:357)
	at io.netty.channel.AbstractChannelHandlerContext.invokeChannelInactive(AbstractChannelHandlerContext.java:262)
	at io.netty.channel.AbstractChannelHandlerContext.invokeChannelInactive(AbstractChannelHandlerContext.java:248)
	at io.netty.channel.AbstractChannelHandlerContext.fireChannelInactive(AbstractChannelHandlerContext.java:241)
	at io.netty.channel.ChannelInboundHandlerAdapter.channelInactive(ChannelInboundHandlerAdapter.java:81)
	at io.netty.handler.timeout.IdleStateHandler.channelInactive(IdleStateHandler.java:277)
	at io.netty.channel.AbstractChannelHandlerContext.invokeChannelInactive(AbstractChannelHandlerContext.java:262)
	at io.netty.channel.AbstractChannelHandlerContext.invokeChannelInactive(AbstractChannelHandlerContext.java:248)
	at io.netty.channel.AbstractChannelHandlerContext.fireChannelInactive(AbstractChannelHandlerContext.java:241)
	at io.netty.channel.DefaultChannelPipeline$HeadContext.channelInactive(DefaultChannelPipeline.java:1405)
	at io.netty.channel.AbstractChannelHandlerContext.invokeChannelInactive(AbstractChannelHandlerContext.java:262)
	at io.netty.channel.AbstractChannelHandlerContext.invokeChannelInactive(AbstractChannelHandlerContext.java:248)
	at io.netty.channel.DefaultChannelPipeline.fireChannelInactive(DefaultChannelPipeline.java:901)
	at io.netty.channel.AbstractChannel$AbstractUnsafe$7.run(AbstractChannel.java:813)
	at io.netty.util.concurrent.AbstractEventExecutor.runTask(AbstractEventExecutor.java:174)
	at io.netty.util.concurrent.AbstractEventExecutor.safeExecute(AbstractEventExecutor.java:167)
	at io.netty.util.concurrent.SingleThreadEventExecutor.runAllTasks(SingleThreadEventExecutor.java:470)
	at io.netty.channel.nio.NioEventLoop.run(NioEventLoop.java:500)
	at io.netty.util.concurrent.SingleThreadEventExecutor$4.run(SingleThreadEventExecutor.java:997)
	at io.netty.util.internal.ThreadExecutorMap$2.run(ThreadExecutorMap.java:74)
	at io.netty.util.concurrent.FastThreadLocalRunnable.run(FastThreadLocalRunnable.java:30)
	at java.lang.Thread.run(Thread.java:750)
Caused by: com.mysql.cj.jdbc.exceptions.MySQLTransactionRollbackException: Lock wait timeout exceeded; try restarting transaction
	at com.mysql.cj.jdbc.exceptions.SQLError.createSQLException(SQLError.java:123)
	at com.mysql.cj.jdbc.exceptions.SQLExceptionsMapping.translateException(SQLExceptionsMapping.java:122)
	at com.mysql.cj.jdbc.ClientPreparedStatement.executeInternal(ClientPreparedStatement.java:916)
	at com.mysql.cj.jdbc.ClientPreparedStatement.execute(ClientPreparedStatement.java:354)
	at com.zaxxer.hikari.pool.ProxyPreparedStatement.execute(ProxyPreparedStatement.java:44)
	at com.zaxxer.hikari.pool.HikariProxyPreparedStatement.execute(HikariProxyPreparedStatement.java)
	at org.apache.ibatis.executor.statement.PreparedStatementHandler.update(PreparedStatementHandler.java:47)
	at org.apache.ibatis.executor.statement.RoutingStatementHandler.update(RoutingStatementHandler.java:74)
	at sun.reflect.NativeMethodAccessorImpl.invoke0(Native Method)
	at sun.reflect.NativeMethodAccessorImpl.invoke(NativeMethodAccessorImpl.java:62)
	at sun.reflect.DelegatingMethodAccessorImpl.invoke(DelegatingMethodAccessorImpl.java:43)
	at java.lang.reflect.Method.invoke(Method.java:498)
	at org.apache.ibatis.plugin.Plugin.invoke(Plugin.java:63)
	at com.sun.proxy.$Proxy165.update(Unknown Source)
	at org.apache.ibatis.executor.SimpleExecutor.doUpdate(SimpleExecutor.java:50)
	at org.apache.ibatis.executor.BaseExecutor.update(BaseExecutor.java:117)
	at org.apache.ibatis.executor.CachingExecutor.update(CachingExecutor.java:76)
	at sun.reflect.NativeMethodAccessorImpl.invoke0(Native Method)
	at sun.reflect.NativeMethodAccessorImpl.invoke(NativeMethodAccessorImpl.java:62)
	at sun.reflect.DelegatingMethodAccessorImpl.invoke(DelegatingMethodAccessorImpl.java:43)
	at java.lang.reflect.Method.invoke(Method.java:498)
	at org.apache.ibatis.plugin.Invocation.proceed(Invocation.java:49)
	at com.baomidou.mybatisplus.extension.plugins.MybatisPlusInterceptor.intercept(MybatisPlusInterceptor.java:83)
	at org.apache.ibatis.plugin.Plugin.invoke(Plugin.java:61)
	at com.sun.proxy.$Proxy164.update(Unknown Source)
	at org.apache.ibatis.session.defaults.DefaultSqlSession.update(DefaultSqlSession.java:197)
	at sun.reflect.NativeMethodAccessorImpl.invoke0(Native Method)
	at sun.reflect.NativeMethodAccessorImpl.invoke(NativeMethodAccessorImpl.java:62)
	at sun.reflect.DelegatingMethodAccessorImpl.invoke(DelegatingMethodAccessorImpl.java:43)
	at java.lang.reflect.Method.invoke(Method.java:498)
	at org.mybatis.spring.SqlSessionTemplate$SqlSessionInterceptor.invoke(SqlSessionTemplate.java:426)
	... 58 common frames omitted
09:53:11 [IWT-5-6] ERROR com.iteaj.iot.client.handle.ClientServiceHandler - 客户端处理(MQTT<默认>) 处理异常 - 错误信息: 
### Error updating database.  Cause: com.mysql.cj.jdbc.exceptions.MySQLTransactionRollbackException: Lock wait timeout exceeded; try restarting transaction
### The error may exist in com/iteaj/iboot/module/iot/mapper/DeviceMapper.java (best guess)
### The error may involve com.iteaj.iboot.module.iot.mapper.DeviceMapper.update-Inline
### The error occurred while setting parameters
### SQL: UPDATE iot_device  SET status=?,switch_time=?      WHERE (uid = ?)
### Cause: com.mysql.cj.jdbc.exceptions.MySQLTransactionRollbackException: Lock wait timeout exceeded; try restarting transaction
; Lock wait timeout exceeded; try restarting transaction; nested exception is com.mysql.cj.jdbc.exceptions.MySQLTransactionRollbackException: Lock wait timeout exceeded; try restarting transaction - 处理方式：已发送异常事件[ExceptionEvent], 创建监听器[ExceptionEventListener]来监听异常事件
org.springframework.dao.CannotAcquireLockException: 
### Error updating database.  Cause: com.mysql.cj.jdbc.exceptions.MySQLTransactionRollbackException: Lock wait timeout exceeded; try restarting transaction
### The error may exist in com/iteaj/iboot/module/iot/mapper/DeviceMapper.java (best guess)
### The error may involve com.iteaj.iboot.module.iot.mapper.DeviceMapper.update-Inline
### The error occurred while setting parameters
### SQL: UPDATE iot_device  SET status=?,switch_time=?      WHERE (uid = ?)
### Cause: com.mysql.cj.jdbc.exceptions.MySQLTransactionRollbackException: Lock wait timeout exceeded; try restarting transaction
; Lock wait timeout exceeded; try restarting transaction; nested exception is com.mysql.cj.jdbc.exceptions.MySQLTransactionRollbackException: Lock wait timeout exceeded; try restarting transaction
	at org.springframework.jdbc.support.SQLErrorCodeSQLExceptionTranslator.doTranslate(SQLErrorCodeSQLExceptionTranslator.java:267)
	at org.springframework.jdbc.support.AbstractFallbackSQLExceptionTranslator.translate(AbstractFallbackSQLExceptionTranslator.java:70)
	at org.mybatis.spring.MyBatisExceptionTranslator.translateExceptionIfPossible(MyBatisExceptionTranslator.java:88)
	at org.mybatis.spring.SqlSessionTemplate$SqlSessionInterceptor.invoke(SqlSessionTemplate.java:440)
	at com.sun.proxy.$Proxy99.update(Unknown Source)
	at org.mybatis.spring.SqlSessionTemplate.update(SqlSessionTemplate.java:287)
	at com.baomidou.mybatisplus.core.override.MybatisMapperMethod.execute(MybatisMapperMethod.java:65)
	at com.baomidou.mybatisplus.core.override.MybatisMapperProxy$PlainMethodInvoker.invoke(MybatisMapperProxy.java:148)
	at com.baomidou.mybatisplus.core.override.MybatisMapperProxy.invoke(MybatisMapperProxy.java:89)
	at com.sun.proxy.$Proxy136.update(Unknown Source)
	at com.iteaj.framework.IBaseService.update(IBaseService.java:149)
	at com.iteaj.framework.IBaseService.update(IBaseService.java:139)
	at com.iteaj.iboot.module.iot.service.impl.DeviceServiceImpl.updateDeviceStatus(DeviceServiceImpl.java:314)
	at com.iteaj.iboot.module.iot.service.impl.DeviceServiceImpl$$FastClassBySpringCGLIB$$5856b821.invoke(<generated>)
	at org.springframework.cglib.proxy.MethodProxy.invoke(MethodProxy.java:218)
	at org.springframework.aop.framework.CglibAopProxy$CglibMethodInvocation.invokeJoinpoint(CglibAopProxy.java:793)
	at org.springframework.aop.framework.ReflectiveMethodInvocation.proceed(ReflectiveMethodInvocation.java:163)
	at org.springframework.aop.framework.CglibAopProxy$CglibMethodInvocation.proceed(CglibAopProxy.java:763)
	at org.springframework.transaction.interceptor.TransactionInterceptor$1.proceedWithInvocation(TransactionInterceptor.java:123)
	at org.springframework.transaction.interceptor.TransactionAspectSupport.invokeWithinTransaction(TransactionAspectSupport.java:388)
	at org.springframework.transaction.interceptor.TransactionInterceptor.invoke(TransactionInterceptor.java:119)
	at org.springframework.aop.framework.ReflectiveMethodInvocation.proceed(ReflectiveMethodInvocation.java:186)
	at org.springframework.aop.framework.CglibAopProxy$CglibMethodInvocation.proceed(CglibAopProxy.java:763)
	at org.springframework.aop.framework.CglibAopProxy$DynamicAdvisedInterceptor.intercept(CglibAopProxy.java:708)
	at com.iteaj.iboot.module.iot.service.impl.DeviceServiceImpl$$EnhancerBySpringCGLIB$$99e044fc.updateDeviceStatus(<generated>)
	at com.iteaj.iboot.module.iot.listener.DeviceStatusListener.offline(DeviceStatusListener.java:68)
	at com.iteaj.iot.event.CombinedEventListener.onEvent(CombinedEventListener.java:22)
	at com.iteaj.iot.event.CombinedEventListener.onEvent(CombinedEventListener.java:6)
	at com.iteaj.iot.FrameworkManager.lambda$publishEvent$1(FrameworkManager.java:160)
	at java.lang.Iterable.forEach(Iterable.java:75)
	at com.iteaj.iot.FrameworkManager.publishEvent(FrameworkManager.java:154)
	at com.iteaj.iot.client.handle.ClientServiceHandler.channelInactive(ClientServiceHandler.java:166)
	at io.netty.channel.AbstractChannelHandlerContext.invokeChannelInactive(AbstractChannelHandlerContext.java:262)
	at io.netty.channel.AbstractChannelHandlerContext.invokeChannelInactive(AbstractChannelHandlerContext.java:248)
	at io.netty.channel.AbstractChannelHandlerContext.fireChannelInactive(AbstractChannelHandlerContext.java:241)
	at com.iteaj.iot.client.mqtt.MqttClient.channelInactive(MqttClient.java:234)
	at io.netty.channel.AbstractChannelHandlerContext.invokeChannelInactive(AbstractChannelHandlerContext.java:262)
	at io.netty.channel.AbstractChannelHandlerContext.invokeChannelInactive(AbstractChannelHandlerContext.java:248)
	at io.netty.channel.AbstractChannelHandlerContext.fireChannelInactive(AbstractChannelHandlerContext.java:241)
	at io.netty.handler.codec.ByteToMessageDecoder.channelInputClosed(ByteToMessageDecoder.java:392)
	at io.netty.handler.codec.ByteToMessageDecoder.channelInactive(ByteToMessageDecoder.java:357)
	at io.netty.channel.AbstractChannelHandlerContext.invokeChannelInactive(AbstractChannelHandlerContext.java:262)
	at io.netty.channel.AbstractChannelHandlerContext.invokeChannelInactive(AbstractChannelHandlerContext.java:248)
	at io.netty.channel.AbstractChannelHandlerContext.fireChannelInactive(AbstractChannelHandlerContext.java:241)
	at io.netty.channel.ChannelInboundHandlerAdapter.channelInactive(ChannelInboundHandlerAdapter.java:81)
	at io.netty.handler.timeout.IdleStateHandler.channelInactive(IdleStateHandler.java:277)
	at io.netty.channel.AbstractChannelHandlerContext.invokeChannelInactive(AbstractChannelHandlerContext.java:262)
	at io.netty.channel.AbstractChannelHandlerContext.invokeChannelInactive(AbstractChannelHandlerContext.java:248)
	at io.netty.channel.AbstractChannelHandlerContext.fireChannelInactive(AbstractChannelHandlerContext.java:241)
	at io.netty.channel.DefaultChannelPipeline$HeadContext.channelInactive(DefaultChannelPipeline.java:1405)
	at io.netty.channel.AbstractChannelHandlerContext.invokeChannelInactive(AbstractChannelHandlerContext.java:262)
	at io.netty.channel.AbstractChannelHandlerContext.invokeChannelInactive(AbstractChannelHandlerContext.java:248)
	at io.netty.channel.DefaultChannelPipeline.fireChannelInactive(DefaultChannelPipeline.java:901)
	at io.netty.channel.AbstractChannel$AbstractUnsafe$7.run(AbstractChannel.java:813)
	at io.netty.util.concurrent.AbstractEventExecutor.runTask(AbstractEventExecutor.java:174)
	at io.netty.util.concurrent.AbstractEventExecutor.safeExecute(AbstractEventExecutor.java:167)
	at io.netty.util.concurrent.SingleThreadEventExecutor.runAllTasks(SingleThreadEventExecutor.java:470)
	at io.netty.channel.nio.NioEventLoop.run(NioEventLoop.java:500)
	at io.netty.util.concurrent.SingleThreadEventExecutor$4.run(SingleThreadEventExecutor.java:997)
	at io.netty.util.internal.ThreadExecutorMap$2.run(ThreadExecutorMap.java:74)
	at io.netty.util.concurrent.FastThreadLocalRunnable.run(FastThreadLocalRunnable.java:30)
	at java.lang.Thread.run(Thread.java:750)
Caused by: com.mysql.cj.jdbc.exceptions.MySQLTransactionRollbackException: Lock wait timeout exceeded; try restarting transaction
	at com.mysql.cj.jdbc.exceptions.SQLError.createSQLException(SQLError.java:123)
	at com.mysql.cj.jdbc.exceptions.SQLExceptionsMapping.translateException(SQLExceptionsMapping.java:122)
	at com.mysql.cj.jdbc.ClientPreparedStatement.executeInternal(ClientPreparedStatement.java:916)
	at com.mysql.cj.jdbc.ClientPreparedStatement.execute(ClientPreparedStatement.java:354)
	at com.zaxxer.hikari.pool.ProxyPreparedStatement.execute(ProxyPreparedStatement.java:44)
	at com.zaxxer.hikari.pool.HikariProxyPreparedStatement.execute(HikariProxyPreparedStatement.java)
	at org.apache.ibatis.executor.statement.PreparedStatementHandler.update(PreparedStatementHandler.java:47)
	at org.apache.ibatis.executor.statement.RoutingStatementHandler.update(RoutingStatementHandler.java:74)
	at sun.reflect.NativeMethodAccessorImpl.invoke0(Native Method)
	at sun.reflect.NativeMethodAccessorImpl.invoke(NativeMethodAccessorImpl.java:62)
	at sun.reflect.DelegatingMethodAccessorImpl.invoke(DelegatingMethodAccessorImpl.java:43)
	at java.lang.reflect.Method.invoke(Method.java:498)
	at org.apache.ibatis.plugin.Plugin.invoke(Plugin.java:63)
	at com.sun.proxy.$Proxy165.update(Unknown Source)
	at org.apache.ibatis.executor.SimpleExecutor.doUpdate(SimpleExecutor.java:50)
	at org.apache.ibatis.executor.BaseExecutor.update(BaseExecutor.java:117)
	at org.apache.ibatis.executor.CachingExecutor.update(CachingExecutor.java:76)
	at sun.reflect.NativeMethodAccessorImpl.invoke0(Native Method)
	at sun.reflect.NativeMethodAccessorImpl.invoke(NativeMethodAccessorImpl.java:62)
	at sun.reflect.DelegatingMethodAccessorImpl.invoke(DelegatingMethodAccessorImpl.java:43)
	at java.lang.reflect.Method.invoke(Method.java:498)
	at org.apache.ibatis.plugin.Invocation.proceed(Invocation.java:49)
	at com.baomidou.mybatisplus.extension.plugins.MybatisPlusInterceptor.intercept(MybatisPlusInterceptor.java:83)
	at org.apache.ibatis.plugin.Plugin.invoke(Plugin.java:61)
	at com.sun.proxy.$Proxy164.update(Unknown Source)
	at org.apache.ibatis.session.defaults.DefaultSqlSession.update(DefaultSqlSession.java:197)
	at sun.reflect.NativeMethodAccessorImpl.invoke0(Native Method)
	at sun.reflect.NativeMethodAccessorImpl.invoke(NativeMethodAccessorImpl.java:62)
	at sun.reflect.DelegatingMethodAccessorImpl.invoke(DelegatingMethodAccessorImpl.java:43)
	at java.lang.reflect.Method.invoke(Method.java:498)
	at org.mybatis.spring.SqlSessionTemplate$SqlSessionInterceptor.invoke(SqlSessionTemplate.java:426)
	... 58 common frames omitted
09:53:11 [IWT-5-3] ERROR com.iteaj.iot.client.handle.ClientServiceHandler - 客户端处理(MQTT<默认>) 处理异常 - 错误信息: 
### Error updating database.  Cause: com.mysql.cj.jdbc.exceptions.MySQLTransactionRollbackException: Lock wait timeout exceeded; try restarting transaction
### The error may exist in com/iteaj/iboot/module/iot/mapper/DeviceMapper.java (best guess)
### The error may involve com.iteaj.iboot.module.iot.mapper.DeviceMapper.update-Inline
### The error occurred while setting parameters
### SQL: UPDATE iot_device  SET status=?,switch_time=?      WHERE (uid = ?)
### Cause: com.mysql.cj.jdbc.exceptions.MySQLTransactionRollbackException: Lock wait timeout exceeded; try restarting transaction
; Lock wait timeout exceeded; try restarting transaction; nested exception is com.mysql.cj.jdbc.exceptions.MySQLTransactionRollbackException: Lock wait timeout exceeded; try restarting transaction - 处理方式：已发送异常事件[ExceptionEvent], 创建监听器[ExceptionEventListener]来监听异常事件
org.springframework.dao.CannotAcquireLockException: 
### Error updating database.  Cause: com.mysql.cj.jdbc.exceptions.MySQLTransactionRollbackException: Lock wait timeout exceeded; try restarting transaction
### The error may exist in com/iteaj/iboot/module/iot/mapper/DeviceMapper.java (best guess)
### The error may involve com.iteaj.iboot.module.iot.mapper.DeviceMapper.update-Inline
### The error occurred while setting parameters
### SQL: UPDATE iot_device  SET status=?,switch_time=?      WHERE (uid = ?)
### Cause: com.mysql.cj.jdbc.exceptions.MySQLTransactionRollbackException: Lock wait timeout exceeded; try restarting transaction
; Lock wait timeout exceeded; try restarting transaction; nested exception is com.mysql.cj.jdbc.exceptions.MySQLTransactionRollbackException: Lock wait timeout exceeded; try restarting transaction
	at org.springframework.jdbc.support.SQLErrorCodeSQLExceptionTranslator.doTranslate(SQLErrorCodeSQLExceptionTranslator.java:267)
	at org.springframework.jdbc.support.AbstractFallbackSQLExceptionTranslator.translate(AbstractFallbackSQLExceptionTranslator.java:70)
	at org.mybatis.spring.MyBatisExceptionTranslator.translateExceptionIfPossible(MyBatisExceptionTranslator.java:88)
	at org.mybatis.spring.SqlSessionTemplate$SqlSessionInterceptor.invoke(SqlSessionTemplate.java:440)
	at com.sun.proxy.$Proxy99.update(Unknown Source)
	at org.mybatis.spring.SqlSessionTemplate.update(SqlSessionTemplate.java:287)
	at com.baomidou.mybatisplus.core.override.MybatisMapperMethod.execute(MybatisMapperMethod.java:65)
	at com.baomidou.mybatisplus.core.override.MybatisMapperProxy$PlainMethodInvoker.invoke(MybatisMapperProxy.java:148)
	at com.baomidou.mybatisplus.core.override.MybatisMapperProxy.invoke(MybatisMapperProxy.java:89)
	at com.sun.proxy.$Proxy136.update(Unknown Source)
	at com.iteaj.framework.IBaseService.update(IBaseService.java:149)
	at com.iteaj.framework.IBaseService.update(IBaseService.java:139)
	at com.iteaj.iboot.module.iot.service.impl.DeviceServiceImpl.updateDeviceStatus(DeviceServiceImpl.java:314)
	at com.iteaj.iboot.module.iot.service.impl.DeviceServiceImpl$$FastClassBySpringCGLIB$$5856b821.invoke(<generated>)
	at org.springframework.cglib.proxy.MethodProxy.invoke(MethodProxy.java:218)
	at org.springframework.aop.framework.CglibAopProxy$CglibMethodInvocation.invokeJoinpoint(CglibAopProxy.java:793)
	at org.springframework.aop.framework.ReflectiveMethodInvocation.proceed(ReflectiveMethodInvocation.java:163)
	at org.springframework.aop.framework.CglibAopProxy$CglibMethodInvocation.proceed(CglibAopProxy.java:763)
	at org.springframework.transaction.interceptor.TransactionInterceptor$1.proceedWithInvocation(TransactionInterceptor.java:123)
	at org.springframework.transaction.interceptor.TransactionAspectSupport.invokeWithinTransaction(TransactionAspectSupport.java:388)
	at org.springframework.transaction.interceptor.TransactionInterceptor.invoke(TransactionInterceptor.java:119)
	at org.springframework.aop.framework.ReflectiveMethodInvocation.proceed(ReflectiveMethodInvocation.java:186)
	at org.springframework.aop.framework.CglibAopProxy$CglibMethodInvocation.proceed(CglibAopProxy.java:763)
	at org.springframework.aop.framework.CglibAopProxy$DynamicAdvisedInterceptor.intercept(CglibAopProxy.java:708)
	at com.iteaj.iboot.module.iot.service.impl.DeviceServiceImpl$$EnhancerBySpringCGLIB$$99e044fc.updateDeviceStatus(<generated>)
	at com.iteaj.iboot.module.iot.listener.DeviceStatusListener.offline(DeviceStatusListener.java:68)
	at com.iteaj.iot.event.CombinedEventListener.onEvent(CombinedEventListener.java:22)
	at com.iteaj.iot.event.CombinedEventListener.onEvent(CombinedEventListener.java:6)
	at com.iteaj.iot.FrameworkManager.lambda$publishEvent$1(FrameworkManager.java:160)
	at java.lang.Iterable.forEach(Iterable.java:75)
	at com.iteaj.iot.FrameworkManager.publishEvent(FrameworkManager.java:154)
	at com.iteaj.iot.client.handle.ClientServiceHandler.channelInactive(ClientServiceHandler.java:166)
	at io.netty.channel.AbstractChannelHandlerContext.invokeChannelInactive(AbstractChannelHandlerContext.java:262)
	at io.netty.channel.AbstractChannelHandlerContext.invokeChannelInactive(AbstractChannelHandlerContext.java:248)
	at io.netty.channel.AbstractChannelHandlerContext.fireChannelInactive(AbstractChannelHandlerContext.java:241)
	at com.iteaj.iot.client.mqtt.MqttClient.channelInactive(MqttClient.java:234)
	at io.netty.channel.AbstractChannelHandlerContext.invokeChannelInactive(AbstractChannelHandlerContext.java:262)
	at io.netty.channel.AbstractChannelHandlerContext.invokeChannelInactive(AbstractChannelHandlerContext.java:248)
	at io.netty.channel.AbstractChannelHandlerContext.fireChannelInactive(AbstractChannelHandlerContext.java:241)
	at io.netty.handler.codec.ByteToMessageDecoder.channelInputClosed(ByteToMessageDecoder.java:392)
	at io.netty.handler.codec.ByteToMessageDecoder.channelInactive(ByteToMessageDecoder.java:357)
	at io.netty.channel.AbstractChannelHandlerContext.invokeChannelInactive(AbstractChannelHandlerContext.java:262)
	at io.netty.channel.AbstractChannelHandlerContext.invokeChannelInactive(AbstractChannelHandlerContext.java:248)
	at io.netty.channel.AbstractChannelHandlerContext.fireChannelInactive(AbstractChannelHandlerContext.java:241)
	at io.netty.channel.ChannelInboundHandlerAdapter.channelInactive(ChannelInboundHandlerAdapter.java:81)
	at io.netty.handler.timeout.IdleStateHandler.channelInactive(IdleStateHandler.java:277)
	at io.netty.channel.AbstractChannelHandlerContext.invokeChannelInactive(AbstractChannelHandlerContext.java:262)
	at io.netty.channel.AbstractChannelHandlerContext.invokeChannelInactive(AbstractChannelHandlerContext.java:248)
	at io.netty.channel.AbstractChannelHandlerContext.fireChannelInactive(AbstractChannelHandlerContext.java:241)
	at io.netty.channel.DefaultChannelPipeline$HeadContext.channelInactive(DefaultChannelPipeline.java:1405)
	at io.netty.channel.AbstractChannelHandlerContext.invokeChannelInactive(AbstractChannelHandlerContext.java:262)
	at io.netty.channel.AbstractChannelHandlerContext.invokeChannelInactive(AbstractChannelHandlerContext.java:248)
	at io.netty.channel.DefaultChannelPipeline.fireChannelInactive(DefaultChannelPipeline.java:901)
	at io.netty.channel.AbstractChannel$AbstractUnsafe$7.run(AbstractChannel.java:813)
	at io.netty.util.concurrent.AbstractEventExecutor.runTask(AbstractEventExecutor.java:174)
	at io.netty.util.concurrent.AbstractEventExecutor.safeExecute(AbstractEventExecutor.java:167)
	at io.netty.util.concurrent.SingleThreadEventExecutor.runAllTasks(SingleThreadEventExecutor.java:470)
	at io.netty.channel.nio.NioEventLoop.run(NioEventLoop.java:500)
	at io.netty.util.concurrent.SingleThreadEventExecutor$4.run(SingleThreadEventExecutor.java:997)
	at io.netty.util.internal.ThreadExecutorMap$2.run(ThreadExecutorMap.java:74)
	at io.netty.util.concurrent.FastThreadLocalRunnable.run(FastThreadLocalRunnable.java:30)
	at java.lang.Thread.run(Thread.java:750)
Caused by: com.mysql.cj.jdbc.exceptions.MySQLTransactionRollbackException: Lock wait timeout exceeded; try restarting transaction
	at com.mysql.cj.jdbc.exceptions.SQLError.createSQLException(SQLError.java:123)
	at com.mysql.cj.jdbc.exceptions.SQLExceptionsMapping.translateException(SQLExceptionsMapping.java:122)
	at com.mysql.cj.jdbc.ClientPreparedStatement.executeInternal(ClientPreparedStatement.java:916)
	at com.mysql.cj.jdbc.ClientPreparedStatement.execute(ClientPreparedStatement.java:354)
	at com.zaxxer.hikari.pool.ProxyPreparedStatement.execute(ProxyPreparedStatement.java:44)
	at com.zaxxer.hikari.pool.HikariProxyPreparedStatement.execute(HikariProxyPreparedStatement.java)
	at org.apache.ibatis.executor.statement.PreparedStatementHandler.update(PreparedStatementHandler.java:47)
	at org.apache.ibatis.executor.statement.RoutingStatementHandler.update(RoutingStatementHandler.java:74)
	at sun.reflect.NativeMethodAccessorImpl.invoke0(Native Method)
	at sun.reflect.NativeMethodAccessorImpl.invoke(NativeMethodAccessorImpl.java:62)
	at sun.reflect.DelegatingMethodAccessorImpl.invoke(DelegatingMethodAccessorImpl.java:43)
	at java.lang.reflect.Method.invoke(Method.java:498)
	at org.apache.ibatis.plugin.Plugin.invoke(Plugin.java:63)
	at com.sun.proxy.$Proxy165.update(Unknown Source)
	at org.apache.ibatis.executor.SimpleExecutor.doUpdate(SimpleExecutor.java:50)
	at org.apache.ibatis.executor.BaseExecutor.update(BaseExecutor.java:117)
	at org.apache.ibatis.executor.CachingExecutor.update(CachingExecutor.java:76)
	at sun.reflect.NativeMethodAccessorImpl.invoke0(Native Method)
	at sun.reflect.NativeMethodAccessorImpl.invoke(NativeMethodAccessorImpl.java:62)
	at sun.reflect.DelegatingMethodAccessorImpl.invoke(DelegatingMethodAccessorImpl.java:43)
	at java.lang.reflect.Method.invoke(Method.java:498)
	at org.apache.ibatis.plugin.Invocation.proceed(Invocation.java:49)
	at com.baomidou.mybatisplus.extension.plugins.MybatisPlusInterceptor.intercept(MybatisPlusInterceptor.java:83)
	at org.apache.ibatis.plugin.Plugin.invoke(Plugin.java:61)
	at com.sun.proxy.$Proxy164.update(Unknown Source)
	at org.apache.ibatis.session.defaults.DefaultSqlSession.update(DefaultSqlSession.java:197)
	at sun.reflect.NativeMethodAccessorImpl.invoke0(Native Method)
	at sun.reflect.NativeMethodAccessorImpl.invoke(NativeMethodAccessorImpl.java:62)
	at sun.reflect.DelegatingMethodAccessorImpl.invoke(DelegatingMethodAccessorImpl.java:43)
	at java.lang.reflect.Method.invoke(Method.java:498)
	at org.mybatis.spring.SqlSessionTemplate$SqlSessionInterceptor.invoke(SqlSessionTemplate.java:426)
	... 58 common frames omitted
09:53:25 [IWT-5-14] INFO  com.iteaj.iot.client.mqtt.MqttClient - 客户端(MQTT<默认>) 连接服务器成功 - 远程主机 127.0.0.1:1883 - 客户端标识：mqtt_gateway_env_led
09:53:25 [IWT-5-14] WARN  com.iteaj.iot.client.mqtt.MqttClient - mqtt(MQTT<默认>) CONNACK - 远程主机：127.0.0.1:mqtt_gateway_env_led - 状态: CONNECTION_REFUSED_IDENTIFIER_REJECTED
09:53:25 [IWT-5-14] WARN  com.iteaj.iot.client.handle.ClientServiceHandler - 客户端关闭(MQTT<默认>) 未知原因 - 客户端: mqtt_gateway_env_led - 远程地址: /127.0.0.1:1883
09:53:25 [IWT-5-14] WARN  com.iteaj.iot.client.mqtt.MqttClient - 客户端(MQTT<默认>) 断线重连 - 等待重连时间：15(s) - 远程主机 127.0.0.1:1883 - 客户端标识：mqtt_gateway_env_led
09:53:40 [IWT-5-15] INFO  com.iteaj.iot.client.mqtt.MqttClient - 客户端(MQTT<默认>) 连接服务器成功 - 远程主机 127.0.0.1:1883 - 客户端标识：mqtt_gateway_env_led
09:53:40 [IWT-5-15] WARN  com.iteaj.iot.client.mqtt.MqttClient - mqtt(MQTT<默认>) CONNACK - 远程主机：127.0.0.1:mqtt_gateway_env_led - 状态: CONNECTION_REFUSED_IDENTIFIER_REJECTED
09:53:40 [IWT-5-15] WARN  com.iteaj.iot.client.handle.ClientServiceHandler - 客户端关闭(MQTT<默认>) 未知原因 - 客户端: mqtt_gateway_env_led - 远程地址: /127.0.0.1:1883
09:53:40 [IWT-5-15] WARN  com.iteaj.iot.client.mqtt.MqttClient - 客户端(MQTT<默认>) 断线重连 - 等待重连时间：15(s) - 远程主机 127.0.0.1:1883 - 客户端标识：mqtt_gateway_env_led
09:53:55 [IWT-5-16] INFO  com.iteaj.iot.client.mqtt.MqttClient - 客户端(MQTT<默认>) 连接服务器成功 - 远程主机 127.0.0.1:1883 - 客户端标识：mqtt_gateway_env_led
09:53:55 [IWT-5-16] WARN  com.iteaj.iot.client.mqtt.MqttClient - mqtt(MQTT<默认>) CONNACK - 远程主机：127.0.0.1:mqtt_gateway_env_led - 状态: CONNECTION_REFUSED_IDENTIFIER_REJECTED
09:53:55 [IWT-5-16] WARN  com.iteaj.iot.client.handle.ClientServiceHandler - 客户端关闭(MQTT<默认>) 未知原因 - 客户端: mqtt_gateway_env_led - 远程地址: /127.0.0.1:1883
09:53:55 [IWT-5-16] WARN  com.iteaj.iot.client.mqtt.MqttClient - 客户端(MQTT<默认>) 断线重连 - 等待重连时间：15(s) - 远程主机 127.0.0.1:1883 - 客户端标识：mqtt_gateway_env_led
09:54:10 [IWT-5-1] INFO  com.iteaj.iot.client.mqtt.MqttClient - 客户端(MQTT<默认>) 连接服务器成功 - 远程主机 127.0.0.1:1883 - 客户端标识：mqtt_gateway_env_led
09:54:11 [IWT-5-1] WARN  com.iteaj.iot.client.mqtt.MqttClient - mqtt(MQTT<默认>) CONNACK - 远程主机：127.0.0.1:mqtt_gateway_env_led - 状态: CONNECTION_REFUSED_IDENTIFIER_REJECTED
09:54:11 [IWT-5-1] WARN  com.iteaj.iot.client.handle.ClientServiceHandler - 客户端关闭(MQTT<默认>) 未知原因 - 客户端: mqtt_gateway_env_led - 远程地址: /127.0.0.1:1883
09:54:11 [IWT-5-1] WARN  com.iteaj.iot.client.mqtt.MqttClient - 客户端(MQTT<默认>) 断线重连 - 等待重连时间：15(s) - 远程主机 127.0.0.1:1883 - 客户端标识：mqtt_gateway_env_led
09:54:26 [IWT-5-2] INFO  com.iteaj.iot.client.mqtt.MqttClient - 客户端(MQTT<默认>) 连接服务器成功 - 远程主机 127.0.0.1:1883 - 客户端标识：mqtt_gateway_env_led
09:54:26 [IWT-5-2] WARN  com.iteaj.iot.client.mqtt.MqttClient - mqtt(MQTT<默认>) CONNACK - 远程主机：127.0.0.1:mqtt_gateway_env_led - 状态: CONNECTION_REFUSED_IDENTIFIER_REJECTED
09:54:26 [IWT-5-2] WARN  com.iteaj.iot.client.handle.ClientServiceHandler - 客户端关闭(MQTT<默认>) 未知原因 - 客户端: mqtt_gateway_env_led - 远程地址: /127.0.0.1:1883
09:54:26 [IWT-5-2] WARN  com.iteaj.iot.client.mqtt.MqttClient - 客户端(MQTT<默认>) 断线重连 - 等待重连时间：15(s) - 远程主机 127.0.0.1:1883 - 客户端标识：mqtt_gateway_env_led
09:54:41 [IWT-5-3] INFO  com.iteaj.iot.client.mqtt.MqttClient - 客户端(MQTT<默认>) 连接服务器成功 - 远程主机 127.0.0.1:1883 - 客户端标识：mqtt_gateway_env_led
09:54:41 [IWT-5-3] WARN  com.iteaj.iot.client.mqtt.MqttClient - mqtt(MQTT<默认>) CONNACK - 远程主机：127.0.0.1:mqtt_gateway_env_led - 状态: CONNECTION_REFUSED_IDENTIFIER_REJECTED
09:54:41 [IWT-5-3] WARN  com.iteaj.iot.client.handle.ClientServiceHandler - 客户端关闭(MQTT<默认>) 未知原因 - 客户端: mqtt_gateway_env_led - 远程地址: /127.0.0.1:1883
09:54:41 [IWT-5-3] WARN  com.iteaj.iot.client.mqtt.MqttClient - 客户端(MQTT<默认>) 断线重连 - 等待重连时间：15(s) - 远程主机 127.0.0.1:1883 - 客户端标识：mqtt_gateway_env_led
09:54:56 [IWT-5-4] INFO  com.iteaj.iot.client.mqtt.MqttClient - 客户端(MQTT<默认>) 连接服务器成功 - 远程主机 127.0.0.1:1883 - 客户端标识：mqtt_gateway_env_led
09:54:56 [IWT-5-4] WARN  com.iteaj.iot.client.mqtt.MqttClient - mqtt(MQTT<默认>) CONNACK - 远程主机：127.0.0.1:mqtt_gateway_env_led - 状态: CONNECTION_REFUSED_IDENTIFIER_REJECTED
09:54:56 [IWT-5-4] WARN  com.iteaj.iot.client.handle.ClientServiceHandler - 客户端关闭(MQTT<默认>) 未知原因 - 客户端: mqtt_gateway_env_led - 远程地址: /127.0.0.1:1883
09:54:56 [IWT-5-4] WARN  com.iteaj.iot.client.mqtt.MqttClient - 客户端(MQTT<默认>) 断线重连 - 等待重连时间：15(s) - 远程主机 127.0.0.1:1883 - 客户端标识：mqtt_gateway_env_led
09:55:11 [IWT-5-5] INFO  com.iteaj.iot.client.mqtt.MqttClient - 客户端(MQTT<默认>) 连接服务器成功 - 远程主机 127.0.0.1:1883 - 客户端标识：mqtt_gateway_env_led
09:55:12 [IWT-5-5] WARN  com.iteaj.iot.client.mqtt.MqttClient - mqtt(MQTT<默认>) CONNACK - 远程主机：127.0.0.1:mqtt_gateway_env_led - 状态: CONNECTION_REFUSED_IDENTIFIER_REJECTED
09:55:12 [IWT-5-5] WARN  com.iteaj.iot.client.handle.ClientServiceHandler - 客户端关闭(MQTT<默认>) 未知原因 - 客户端: mqtt_gateway_env_led - 远程地址: /127.0.0.1:1883
09:55:12 [IWT-5-5] WARN  com.iteaj.iot.client.mqtt.MqttClient - 客户端(MQTT<默认>) 断线重连 - 等待重连时间：15(s) - 远程主机 127.0.0.1:1883 - 客户端标识：mqtt_gateway_env_led
09:55:27 [IWT-5-6] INFO  com.iteaj.iot.client.mqtt.MqttClient - 客户端(MQTT<默认>) 连接服务器成功 - 远程主机 127.0.0.1:1883 - 客户端标识：mqtt_gateway_env_led
09:55:27 [IWT-5-6] WARN  com.iteaj.iot.client.mqtt.MqttClient - mqtt(MQTT<默认>) CONNACK - 远程主机：127.0.0.1:mqtt_gateway_env_led - 状态: CONNECTION_REFUSED_IDENTIFIER_REJECTED
09:55:27 [IWT-5-6] WARN  com.iteaj.iot.client.handle.ClientServiceHandler - 客户端关闭(MQTT<默认>) 未知原因 - 客户端: mqtt_gateway_env_led - 远程地址: /127.0.0.1:1883
09:55:27 [IWT-5-6] WARN  com.iteaj.iot.client.mqtt.MqttClient - 客户端(MQTT<默认>) 断线重连 - 等待重连时间：15(s) - 远程主机 127.0.0.1:1883 - 客户端标识：mqtt_gateway_env_led
09:55:42 [IWT-5-7] INFO  com.iteaj.iot.client.mqtt.MqttClient - 客户端(MQTT<默认>) 连接服务器成功 - 远程主机 127.0.0.1:1883 - 客户端标识：mqtt_gateway_env_led
09:55:43 [IWT-5-7] WARN  com.iteaj.iot.client.mqtt.MqttClient - mqtt(MQTT<默认>) CONNACK - 远程主机：127.0.0.1:mqtt_gateway_env_led - 状态: CONNECTION_REFUSED_IDENTIFIER_REJECTED
09:55:43 [IWT-5-7] WARN  com.iteaj.iot.client.handle.ClientServiceHandler - 客户端关闭(MQTT<默认>) 未知原因 - 客户端: mqtt_gateway_env_led - 远程地址: /127.0.0.1:1883
09:55:43 [IWT-5-7] WARN  com.iteaj.iot.client.mqtt.MqttClient - 客户端(MQTT<默认>) 断线重连 - 等待重连时间：15(s) - 远程主机 127.0.0.1:1883 - 客户端标识：mqtt_gateway_env_led
09:56:00 [IWT-5-8] ERROR com.iteaj.iot.client.mqtt.MqttClient - 客户端(MQTT<默认>) 连接服务器失败 - 远程主机 127.0.0.1:1883 - 客户端标识：mqtt_gateway_env_led
io.netty.channel.AbstractChannel$AnnotatedConnectException: Connection refused: no further information: /127.0.0.1:1883
Caused by: java.net.ConnectException: Connection refused: no further information
	at sun.nio.ch.SocketChannelImpl.checkConnect(Native Method)
	at sun.nio.ch.SocketChannelImpl.finishConnect(SocketChannelImpl.java:716)
	at io.netty.channel.socket.nio.NioSocketChannel.doFinishConnect(NioSocketChannel.java:337)
	at io.netty.channel.nio.AbstractNioChannel$AbstractNioUnsafe.finishConnect(AbstractNioChannel.java:334)
	at io.netty.channel.nio.NioEventLoop.processSelectedKey(NioEventLoop.java:710)
	at io.netty.channel.nio.NioEventLoop.processSelectedKeysOptimized(NioEventLoop.java:658)
	at io.netty.channel.nio.NioEventLoop.processSelectedKeys(NioEventLoop.java:584)
	at io.netty.channel.nio.NioEventLoop.run(NioEventLoop.java:496)
	at io.netty.util.concurrent.SingleThreadEventExecutor$4.run(SingleThreadEventExecutor.java:997)
	at io.netty.util.internal.ThreadExecutorMap$2.run(ThreadExecutorMap.java:74)
	at io.netty.util.concurrent.FastThreadLocalRunnable.run(FastThreadLocalRunnable.java:30)
	at java.lang.Thread.run(Thread.java:750)
09:56:01 [IWT-5-8] WARN  com.iteaj.iot.client.mqtt.MqttClient - 客户端(MQTT<默认>) 断线重连 - 等待重连时间：15(s) - 远程主机 127.0.0.1:1883 - 客户端标识：mqtt_gateway_env_led
09:56:18 [IWT-5-9] ERROR com.iteaj.iot.client.mqtt.MqttClient - 客户端(MQTT<默认>) 连接服务器失败 - 远程主机 127.0.0.1:1883 - 客户端标识：mqtt_gateway_env_led
io.netty.channel.AbstractChannel$AnnotatedConnectException: Connection refused: no further information: /127.0.0.1:1883
Caused by: java.net.ConnectException: Connection refused: no further information
	at sun.nio.ch.SocketChannelImpl.checkConnect(Native Method)
	at sun.nio.ch.SocketChannelImpl.finishConnect(SocketChannelImpl.java:716)
	at io.netty.channel.socket.nio.NioSocketChannel.doFinishConnect(NioSocketChannel.java:337)
	at io.netty.channel.nio.AbstractNioChannel$AbstractNioUnsafe.finishConnect(AbstractNioChannel.java:334)
	at io.netty.channel.nio.NioEventLoop.processSelectedKey(NioEventLoop.java:710)
	at io.netty.channel.nio.NioEventLoop.processSelectedKeysOptimized(NioEventLoop.java:658)
	at io.netty.channel.nio.NioEventLoop.processSelectedKeys(NioEventLoop.java:584)
	at io.netty.channel.nio.NioEventLoop.run(NioEventLoop.java:496)
	at io.netty.util.concurrent.SingleThreadEventExecutor$4.run(SingleThreadEventExecutor.java:997)
	at io.netty.util.internal.ThreadExecutorMap$2.run(ThreadExecutorMap.java:74)
	at io.netty.util.concurrent.FastThreadLocalRunnable.run(FastThreadLocalRunnable.java:30)
	at java.lang.Thread.run(Thread.java:750)
09:56:18 [IWT-5-9] WARN  com.iteaj.iot.client.mqtt.MqttClient - 客户端(MQTT<默认>) 断线重连 - 等待重连时间：15(s) - 远程主机 127.0.0.1:1883 - 客户端标识：mqtt_gateway_env_led
09:56:35 [IWT-5-10] ERROR com.iteaj.iot.client.mqtt.MqttClient - 客户端(MQTT<默认>) 连接服务器失败 - 远程主机 127.0.0.1:1883 - 客户端标识：mqtt_gateway_env_led
io.netty.channel.AbstractChannel$AnnotatedConnectException: Connection refused: no further information: /127.0.0.1:1883
Caused by: java.net.ConnectException: Connection refused: no further information
	at sun.nio.ch.SocketChannelImpl.checkConnect(Native Method)
	at sun.nio.ch.SocketChannelImpl.finishConnect(SocketChannelImpl.java:716)
	at io.netty.channel.socket.nio.NioSocketChannel.doFinishConnect(NioSocketChannel.java:337)
	at io.netty.channel.nio.AbstractNioChannel$AbstractNioUnsafe.finishConnect(AbstractNioChannel.java:334)
	at io.netty.channel.nio.NioEventLoop.processSelectedKey(NioEventLoop.java:710)
	at io.netty.channel.nio.NioEventLoop.processSelectedKeysOptimized(NioEventLoop.java:658)
	at io.netty.channel.nio.NioEventLoop.processSelectedKeys(NioEventLoop.java:584)
	at io.netty.channel.nio.NioEventLoop.run(NioEventLoop.java:496)
	at io.netty.util.concurrent.SingleThreadEventExecutor$4.run(SingleThreadEventExecutor.java:997)
	at io.netty.util.internal.ThreadExecutorMap$2.run(ThreadExecutorMap.java:74)
	at io.netty.util.concurrent.FastThreadLocalRunnable.run(FastThreadLocalRunnable.java:30)
	at java.lang.Thread.run(Thread.java:750)
09:56:35 [IWT-5-10] WARN  com.iteaj.iot.client.mqtt.MqttClient - 客户端(MQTT<默认>) 断线重连 - 等待重连时间：15(s) - 远程主机 127.0.0.1:1883 - 客户端标识：mqtt_gateway_env_led
09:56:52 [IWT-5-11] ERROR com.iteaj.iot.client.mqtt.MqttClient - 客户端(MQTT<默认>) 连接服务器失败 - 远程主机 127.0.0.1:1883 - 客户端标识：mqtt_gateway_env_led
io.netty.channel.AbstractChannel$AnnotatedConnectException: Connection refused: no further information: /127.0.0.1:1883
Caused by: java.net.ConnectException: Connection refused: no further information
	at sun.nio.ch.SocketChannelImpl.checkConnect(Native Method)
	at sun.nio.ch.SocketChannelImpl.finishConnect(SocketChannelImpl.java:716)
	at io.netty.channel.socket.nio.NioSocketChannel.doFinishConnect(NioSocketChannel.java:337)
	at io.netty.channel.nio.AbstractNioChannel$AbstractNioUnsafe.finishConnect(AbstractNioChannel.java:334)
	at io.netty.channel.nio.NioEventLoop.processSelectedKey(NioEventLoop.java:710)
	at io.netty.channel.nio.NioEventLoop.processSelectedKeysOptimized(NioEventLoop.java:658)
	at io.netty.channel.nio.NioEventLoop.processSelectedKeys(NioEventLoop.java:584)
	at io.netty.channel.nio.NioEventLoop.run(NioEventLoop.java:496)
	at io.netty.util.concurrent.SingleThreadEventExecutor$4.run(SingleThreadEventExecutor.java:997)
	at io.netty.util.internal.ThreadExecutorMap$2.run(ThreadExecutorMap.java:74)
	at io.netty.util.concurrent.FastThreadLocalRunnable.run(FastThreadLocalRunnable.java:30)
	at java.lang.Thread.run(Thread.java:750)
09:56:52 [IWT-5-11] WARN  com.iteaj.iot.client.mqtt.MqttClient - 客户端(MQTT<默认>) 断线重连 - 等待重连时间：15(s) - 远程主机 127.0.0.1:1883 - 客户端标识：mqtt_gateway_env_led
09:57:09 [IWT-5-12] ERROR com.iteaj.iot.client.mqtt.MqttClient - 客户端(MQTT<默认>) 连接服务器失败 - 远程主机 127.0.0.1:1883 - 客户端标识：mqtt_gateway_env_led
io.netty.channel.AbstractChannel$AnnotatedConnectException: Connection refused: no further information: /127.0.0.1:1883
Caused by: java.net.ConnectException: Connection refused: no further information
	at sun.nio.ch.SocketChannelImpl.checkConnect(Native Method)
	at sun.nio.ch.SocketChannelImpl.finishConnect(SocketChannelImpl.java:716)
	at io.netty.channel.socket.nio.NioSocketChannel.doFinishConnect(NioSocketChannel.java:337)
	at io.netty.channel.nio.AbstractNioChannel$AbstractNioUnsafe.finishConnect(AbstractNioChannel.java:334)
	at io.netty.channel.nio.NioEventLoop.processSelectedKey(NioEventLoop.java:710)
	at io.netty.channel.nio.NioEventLoop.processSelectedKeysOptimized(NioEventLoop.java:658)
	at io.netty.channel.nio.NioEventLoop.processSelectedKeys(NioEventLoop.java:584)
	at io.netty.channel.nio.NioEventLoop.run(NioEventLoop.java:496)
	at io.netty.util.concurrent.SingleThreadEventExecutor$4.run(SingleThreadEventExecutor.java:997)
	at io.netty.util.internal.ThreadExecutorMap$2.run(ThreadExecutorMap.java:74)
	at io.netty.util.concurrent.FastThreadLocalRunnable.run(FastThreadLocalRunnable.java:30)
	at java.lang.Thread.run(Thread.java:750)
09:57:09 [IWT-5-12] WARN  com.iteaj.iot.client.mqtt.MqttClient - 客户端(MQTT<默认>) 断线重连 - 等待重连时间：15(s) - 远程主机 127.0.0.1:1883 - 客户端标识：mqtt_gateway_env_led
09:57:26 [IWT-5-13] ERROR com.iteaj.iot.client.mqtt.MqttClient - 客户端(MQTT<默认>) 连接服务器失败 - 远程主机 127.0.0.1:1883 - 客户端标识：mqtt_gateway_env_led
io.netty.channel.AbstractChannel$AnnotatedConnectException: Connection refused: no further information: /127.0.0.1:1883
Caused by: java.net.ConnectException: Connection refused: no further information
	at sun.nio.ch.SocketChannelImpl.checkConnect(Native Method)
	at sun.nio.ch.SocketChannelImpl.finishConnect(SocketChannelImpl.java:716)
	at io.netty.channel.socket.nio.NioSocketChannel.doFinishConnect(NioSocketChannel.java:337)
	at io.netty.channel.nio.AbstractNioChannel$AbstractNioUnsafe.finishConnect(AbstractNioChannel.java:334)
	at io.netty.channel.nio.NioEventLoop.processSelectedKey(NioEventLoop.java:710)
	at io.netty.channel.nio.NioEventLoop.processSelectedKeysOptimized(NioEventLoop.java:658)
	at io.netty.channel.nio.NioEventLoop.processSelectedKeys(NioEventLoop.java:584)
	at io.netty.channel.nio.NioEventLoop.run(NioEventLoop.java:496)
	at io.netty.util.concurrent.SingleThreadEventExecutor$4.run(SingleThreadEventExecutor.java:997)
	at io.netty.util.internal.ThreadExecutorMap$2.run(ThreadExecutorMap.java:74)
	at io.netty.util.concurrent.FastThreadLocalRunnable.run(FastThreadLocalRunnable.java:30)
	at java.lang.Thread.run(Thread.java:750)
09:57:26 [IWT-5-13] WARN  com.iteaj.iot.client.mqtt.MqttClient - 客户端(MQTT<默认>) 断线重连 - 等待重连时间：15(s) - 远程主机 127.0.0.1:1883 - 客户端标识：mqtt_gateway_env_led
09:57:41 [IWT-5-14] INFO  com.iteaj.iot.client.mqtt.MqttClient - 客户端(MQTT<默认>) 连接服务器成功 - 远程主机 127.0.0.1:1883 - 客户端标识：mqtt_gateway_env_led
09:57:49 [IWT-5-14] WARN  com.iteaj.iot.client.mqtt.MqttClient - mqtt(MQTT<默认>) CONNACK - 远程主机：127.0.0.1:mqtt_gateway_env_led - 状态: CONNECTION_REFUSED_IDENTIFIER_REJECTED
09:57:49 [IWT-5-14] WARN  com.iteaj.iot.client.handle.ClientServiceHandler - 客户端关闭(MQTT<默认>) 未知原因 - 客户端: mqtt_gateway_env_led - 远程地址: /127.0.0.1:1883
09:57:49 [IWT-5-14] WARN  com.iteaj.iot.client.mqtt.MqttClient - 客户端(MQTT<默认>) 断线重连 - 等待重连时间：15(s) - 远程主机 127.0.0.1:1883 - 客户端标识：mqtt_gateway_env_led
09:58:04 [IWT-5-15] INFO  com.iteaj.iot.client.mqtt.MqttClient - 客户端(MQTT<默认>) 连接服务器成功 - 远程主机 127.0.0.1:1883 - 客户端标识：mqtt_gateway_env_led
09:58:04 [IWT-5-15] WARN  com.iteaj.iot.client.mqtt.MqttClient - mqtt(MQTT<默认>) CONNACK - 远程主机：127.0.0.1:mqtt_gateway_env_led - 状态: CONNECTION_REFUSED_IDENTIFIER_REJECTED
09:58:04 [IWT-5-15] WARN  com.iteaj.iot.client.handle.ClientServiceHandler - 客户端关闭(MQTT<默认>) 未知原因 - 客户端: mqtt_gateway_env_led - 远程地址: /127.0.0.1:1883
09:58:04 [IWT-5-15] WARN  com.iteaj.iot.client.mqtt.MqttClient - 客户端(MQTT<默认>) 断线重连 - 等待重连时间：15(s) - 远程主机 127.0.0.1:1883 - 客户端标识：mqtt_gateway_env_led
09:58:19 [IWT-5-16] INFO  com.iteaj.iot.client.mqtt.MqttClient - 客户端(MQTT<默认>) 连接服务器成功 - 远程主机 127.0.0.1:1883 - 客户端标识：mqtt_gateway_env_led
09:58:19 [IWT-5-16] WARN  com.iteaj.iot.client.mqtt.MqttClient - mqtt(MQTT<默认>) CONNACK - 远程主机：127.0.0.1:mqtt_gateway_env_led - 状态: CONNECTION_REFUSED_IDENTIFIER_REJECTED
09:58:19 [IWT-5-16] WARN  com.iteaj.iot.client.handle.ClientServiceHandler - 客户端关闭(MQTT<默认>) 未知原因 - 客户端: mqtt_gateway_env_led - 远程地址: /127.0.0.1:1883
09:58:19 [IWT-5-16] WARN  com.iteaj.iot.client.mqtt.MqttClient - 客户端(MQTT<默认>) 断线重连 - 等待重连时间：15(s) - 远程主机 127.0.0.1:1883 - 客户端标识：mqtt_gateway_env_led
09:58:34 [IWT-5-1] INFO  com.iteaj.iot.client.mqtt.MqttClient - 客户端(MQTT<默认>) 连接服务器成功 - 远程主机 127.0.0.1:1883 - 客户端标识：mqtt_gateway_env_led
09:58:34 [IWT-5-1] WARN  com.iteaj.iot.client.mqtt.MqttClient - mqtt(MQTT<默认>) CONNACK - 远程主机：127.0.0.1:mqtt_gateway_env_led - 状态: CONNECTION_REFUSED_IDENTIFIER_REJECTED
09:58:34 [IWT-5-1] WARN  com.iteaj.iot.client.handle.ClientServiceHandler - 客户端关闭(MQTT<默认>) 未知原因 - 客户端: mqtt_gateway_env_led - 远程地址: /127.0.0.1:1883
09:58:34 [IWT-5-1] WARN  com.iteaj.iot.client.mqtt.MqttClient - 客户端(MQTT<默认>) 断线重连 - 等待重连时间：15(s) - 远程主机 127.0.0.1:1883 - 客户端标识：mqtt_gateway_env_led
09:58:49 [IWT-5-2] INFO  com.iteaj.iot.client.mqtt.MqttClient - 客户端(MQTT<默认>) 连接服务器成功 - 远程主机 127.0.0.1:1883 - 客户端标识：mqtt_gateway_env_led
09:58:49 [IWT-5-2] WARN  com.iteaj.iot.client.mqtt.MqttClient - mqtt(MQTT<默认>) CONNACK - 远程主机：127.0.0.1:mqtt_gateway_env_led - 状态: CONNECTION_REFUSED_IDENTIFIER_REJECTED
09:58:49 [IWT-5-2] WARN  com.iteaj.iot.client.handle.ClientServiceHandler - 客户端关闭(MQTT<默认>) 未知原因 - 客户端: mqtt_gateway_env_led - 远程地址: /127.0.0.1:1883
09:58:49 [IWT-5-2] WARN  com.iteaj.iot.client.mqtt.MqttClient - 客户端(MQTT<默认>) 断线重连 - 等待重连时间：15(s) - 远程主机 127.0.0.1:1883 - 客户端标识：mqtt_gateway_env_led
09:59:04 [IWT-5-3] INFO  com.iteaj.iot.client.mqtt.MqttClient - 客户端(MQTT<默认>) 连接服务器成功 - 远程主机 127.0.0.1:1883 - 客户端标识：mqtt_gateway_env_led
09:59:04 [IWT-5-3] WARN  com.iteaj.iot.client.mqtt.MqttClient - mqtt(MQTT<默认>) CONNACK - 远程主机：127.0.0.1:mqtt_gateway_env_led - 状态: CONNECTION_REFUSED_IDENTIFIER_REJECTED
09:59:04 [IWT-5-3] WARN  com.iteaj.iot.client.handle.ClientServiceHandler - 客户端关闭(MQTT<默认>) 未知原因 - 客户端: mqtt_gateway_env_led - 远程地址: /127.0.0.1:1883
09:59:04 [IWT-5-3] WARN  com.iteaj.iot.client.mqtt.MqttClient - 客户端(MQTT<默认>) 断线重连 - 等待重连时间：15(s) - 远程主机 127.0.0.1:1883 - 客户端标识：mqtt_gateway_env_led
09:59:19 [IWT-5-4] INFO  com.iteaj.iot.client.mqtt.MqttClient - 客户端(MQTT<默认>) 连接服务器成功 - 远程主机 127.0.0.1:1883 - 客户端标识：mqtt_gateway_env_led
09:59:19 [IWT-5-4] WARN  com.iteaj.iot.client.mqtt.MqttClient - mqtt(MQTT<默认>) CONNACK - 远程主机：127.0.0.1:mqtt_gateway_env_led - 状态: CONNECTION_REFUSED_IDENTIFIER_REJECTED
09:59:19 [IWT-5-4] WARN  com.iteaj.iot.client.handle.ClientServiceHandler - 客户端关闭(MQTT<默认>) 未知原因 - 客户端: mqtt_gateway_env_led - 远程地址: /127.0.0.1:1883
09:59:19 [IWT-5-4] WARN  com.iteaj.iot.client.mqtt.MqttClient - 客户端(MQTT<默认>) 断线重连 - 等待重连时间：15(s) - 远程主机 127.0.0.1:1883 - 客户端标识：mqtt_gateway_env_led
09:59:34 [IWT-5-5] INFO  com.iteaj.iot.client.mqtt.MqttClient - 客户端(MQTT<默认>) 连接服务器成功 - 远程主机 127.0.0.1:1883 - 客户端标识：mqtt_gateway_env_led
09:59:34 [IWT-5-5] WARN  com.iteaj.iot.client.mqtt.MqttClient - mqtt(MQTT<默认>) CONNACK - 远程主机：127.0.0.1:mqtt_gateway_env_led - 状态: CONNECTION_REFUSED_IDENTIFIER_REJECTED
09:59:34 [IWT-5-5] WARN  com.iteaj.iot.client.handle.ClientServiceHandler - 客户端关闭(MQTT<默认>) 未知原因 - 客户端: mqtt_gateway_env_led - 远程地址: /127.0.0.1:1883
09:59:34 [IWT-5-5] WARN  com.iteaj.iot.client.mqtt.MqttClient - 客户端(MQTT<默认>) 断线重连 - 等待重连时间：15(s) - 远程主机 127.0.0.1:1883 - 客户端标识：mqtt_gateway_env_led
09:59:49 [IWT-5-6] INFO  com.iteaj.iot.client.mqtt.MqttClient - 客户端(MQTT<默认>) 连接服务器成功 - 远程主机 127.0.0.1:1883 - 客户端标识：mqtt_gateway_env_led
09:59:50 [IWT-5-6] WARN  com.iteaj.iot.client.mqtt.MqttClient - mqtt(MQTT<默认>) CONNACK - 远程主机：127.0.0.1:mqtt_gateway_env_led - 状态: CONNECTION_REFUSED_IDENTIFIER_REJECTED
09:59:50 [IWT-5-6] WARN  com.iteaj.iot.client.handle.ClientServiceHandler - 客户端关闭(MQTT<默认>) 未知原因 - 客户端: mqtt_gateway_env_led - 远程地址: /127.0.0.1:1883
09:59:50 [IWT-5-6] WARN  com.iteaj.iot.client.mqtt.MqttClient - 客户端(MQTT<默认>) 断线重连 - 等待重连时间：15(s) - 远程主机 127.0.0.1:1883 - 客户端标识：mqtt_gateway_env_led
10:00:05 [IWT-5-7] INFO  com.iteaj.iot.client.mqtt.MqttClient - 客户端(MQTT<默认>) 连接服务器成功 - 远程主机 127.0.0.1:1883 - 客户端标识：mqtt_gateway_env_led
10:00:05 [IWT-5-7] WARN  com.iteaj.iot.client.mqtt.MqttClient - mqtt(MQTT<默认>) CONNACK - 远程主机：127.0.0.1:mqtt_gateway_env_led - 状态: CONNECTION_REFUSED_IDENTIFIER_REJECTED
10:00:05 [IWT-5-7] WARN  com.iteaj.iot.client.handle.ClientServiceHandler - 客户端关闭(MQTT<默认>) 未知原因 - 客户端: mqtt_gateway_env_led - 远程地址: /127.0.0.1:1883
10:00:05 [IWT-5-7] WARN  com.iteaj.iot.client.mqtt.MqttClient - 客户端(MQTT<默认>) 断线重连 - 等待重连时间：15(s) - 远程主机 127.0.0.1:1883 - 客户端标识：mqtt_gateway_env_led
10:00:20 [IWT-5-8] INFO  com.iteaj.iot.client.mqtt.MqttClient - 客户端(MQTT<默认>) 连接服务器成功 - 远程主机 127.0.0.1:1883 - 客户端标识：mqtt_gateway_env_led
10:00:20 [IWT-5-8] WARN  com.iteaj.iot.client.mqtt.MqttClient - mqtt(MQTT<默认>) CONNACK - 远程主机：127.0.0.1:mqtt_gateway_env_led - 状态: CONNECTION_REFUSED_IDENTIFIER_REJECTED
10:00:20 [IWT-5-8] WARN  com.iteaj.iot.client.handle.ClientServiceHandler - 客户端关闭(MQTT<默认>) 未知原因 - 客户端: mqtt_gateway_env_led - 远程地址: /127.0.0.1:1883
10:00:20 [IWT-5-8] WARN  com.iteaj.iot.client.mqtt.MqttClient - 客户端(MQTT<默认>) 断线重连 - 等待重连时间：15(s) - 远程主机 127.0.0.1:1883 - 客户端标识：mqtt_gateway_env_led
10:00:35 [IWT-5-9] INFO  com.iteaj.iot.client.mqtt.MqttClient - 客户端(MQTT<默认>) 连接服务器成功 - 远程主机 127.0.0.1:1883 - 客户端标识：mqtt_gateway_env_led
10:00:35 [IWT-5-9] WARN  com.iteaj.iot.client.mqtt.MqttClient - mqtt(MQTT<默认>) CONNACK - 远程主机：127.0.0.1:mqtt_gateway_env_led - 状态: CONNECTION_REFUSED_IDENTIFIER_REJECTED
10:00:35 [IWT-5-9] WARN  com.iteaj.iot.client.handle.ClientServiceHandler - 客户端关闭(MQTT<默认>) 未知原因 - 客户端: mqtt_gateway_env_led - 远程地址: /127.0.0.1:1883
10:00:35 [IWT-5-9] WARN  com.iteaj.iot.client.mqtt.MqttClient - 客户端(MQTT<默认>) 断线重连 - 等待重连时间：15(s) - 远程主机 127.0.0.1:1883 - 客户端标识：mqtt_gateway_env_led
10:00:50 [IWT-5-10] INFO  com.iteaj.iot.client.mqtt.MqttClient - 客户端(MQTT<默认>) 连接服务器成功 - 远程主机 127.0.0.1:1883 - 客户端标识：mqtt_gateway_env_led
10:00:50 [IWT-5-10] WARN  com.iteaj.iot.client.mqtt.MqttClient - mqtt(MQTT<默认>) CONNACK - 远程主机：127.0.0.1:mqtt_gateway_env_led - 状态: CONNECTION_REFUSED_IDENTIFIER_REJECTED
10:00:50 [IWT-5-10] WARN  com.iteaj.iot.client.handle.ClientServiceHandler - 客户端关闭(MQTT<默认>) 未知原因 - 客户端: mqtt_gateway_env_led - 远程地址: /127.0.0.1:1883
10:00:50 [IWT-5-10] WARN  com.iteaj.iot.client.mqtt.MqttClient - 客户端(MQTT<默认>) 断线重连 - 等待重连时间：15(s) - 远程主机 127.0.0.1:1883 - 客户端标识：mqtt_gateway_env_led
10:01:05 [IWT-5-11] INFO  com.iteaj.iot.client.mqtt.MqttClient - 客户端(MQTT<默认>) 连接服务器成功 - 远程主机 127.0.0.1:1883 - 客户端标识：mqtt_gateway_env_led
10:01:05 [IWT-5-11] WARN  com.iteaj.iot.client.mqtt.MqttClient - mqtt(MQTT<默认>) CONNACK - 远程主机：127.0.0.1:mqtt_gateway_env_led - 状态: CONNECTION_REFUSED_IDENTIFIER_REJECTED
10:01:05 [IWT-5-11] WARN  com.iteaj.iot.client.handle.ClientServiceHandler - 客户端关闭(MQTT<默认>) 未知原因 - 客户端: mqtt_gateway_env_led - 远程地址: /127.0.0.1:1883
10:01:05 [IWT-5-11] WARN  com.iteaj.iot.client.mqtt.MqttClient - 客户端(MQTT<默认>) 断线重连 - 等待重连时间：15(s) - 远程主机 127.0.0.1:1883 - 客户端标识：mqtt_gateway_env_led
10:01:20 [IWT-5-12] INFO  com.iteaj.iot.client.mqtt.MqttClient - 客户端(MQTT<默认>) 连接服务器成功 - 远程主机 127.0.0.1:1883 - 客户端标识：mqtt_gateway_env_led
10:01:20 [IWT-5-12] WARN  com.iteaj.iot.client.mqtt.MqttClient - mqtt(MQTT<默认>) CONNACK - 远程主机：127.0.0.1:mqtt_gateway_env_led - 状态: CONNECTION_REFUSED_IDENTIFIER_REJECTED
10:01:20 [IWT-5-12] WARN  com.iteaj.iot.client.handle.ClientServiceHandler - 客户端关闭(MQTT<默认>) 未知原因 - 客户端: mqtt_gateway_env_led - 远程地址: /127.0.0.1:1883
10:01:20 [IWT-5-12] WARN  com.iteaj.iot.client.mqtt.MqttClient - 客户端(MQTT<默认>) 断线重连 - 等待重连时间：15(s) - 远程主机 127.0.0.1:1883 - 客户端标识：mqtt_gateway_env_led
10:01:36 [IWT-5-13] INFO  com.iteaj.iot.client.mqtt.MqttClient - 客户端(MQTT<默认>) 连接服务器成功 - 远程主机 127.0.0.1:1883 - 客户端标识：mqtt_gateway_env_led
10:01:36 [IWT-5-13] WARN  com.iteaj.iot.client.mqtt.MqttClient - mqtt(MQTT<默认>) CONNACK - 远程主机：127.0.0.1:mqtt_gateway_env_led - 状态: CONNECTION_REFUSED_IDENTIFIER_REJECTED
10:01:36 [IWT-5-13] WARN  com.iteaj.iot.client.handle.ClientServiceHandler - 客户端关闭(MQTT<默认>) 未知原因 - 客户端: mqtt_gateway_env_led - 远程地址: /127.0.0.1:1883
10:01:36 [IWT-5-13] WARN  com.iteaj.iot.client.mqtt.MqttClient - 客户端(MQTT<默认>) 断线重连 - 等待重连时间：15(s) - 远程主机 127.0.0.1:1883 - 客户端标识：mqtt_gateway_env_led
10:01:51 [IWT-5-14] INFO  com.iteaj.iot.client.mqtt.MqttClient - 客户端(MQTT<默认>) 连接服务器成功 - 远程主机 127.0.0.1:1883 - 客户端标识：mqtt_gateway_env_led
10:01:51 [IWT-5-14] WARN  com.iteaj.iot.client.mqtt.MqttClient - mqtt(MQTT<默认>) CONNACK - 远程主机：127.0.0.1:mqtt_gateway_env_led - 状态: CONNECTION_REFUSED_IDENTIFIER_REJECTED
10:01:51 [IWT-5-14] WARN  com.iteaj.iot.client.handle.ClientServiceHandler - 客户端关闭(MQTT<默认>) 未知原因 - 客户端: mqtt_gateway_env_led - 远程地址: /127.0.0.1:1883
10:01:51 [IWT-5-14] WARN  com.iteaj.iot.client.mqtt.MqttClient - 客户端(MQTT<默认>) 断线重连 - 等待重连时间：15(s) - 远程主机 127.0.0.1:1883 - 客户端标识：mqtt_gateway_env_led
10:02:06 [IWT-5-15] INFO  com.iteaj.iot.client.mqtt.MqttClient - 客户端(MQTT<默认>) 连接服务器成功 - 远程主机 127.0.0.1:1883 - 客户端标识：mqtt_gateway_env_led
10:02:06 [IWT-5-15] WARN  com.iteaj.iot.client.mqtt.MqttClient - mqtt(MQTT<默认>) CONNACK - 远程主机：127.0.0.1:mqtt_gateway_env_led - 状态: CONNECTION_REFUSED_IDENTIFIER_REJECTED
10:02:06 [IWT-5-15] WARN  com.iteaj.iot.client.handle.ClientServiceHandler - 客户端关闭(MQTT<默认>) 未知原因 - 客户端: mqtt_gateway_env_led - 远程地址: /127.0.0.1:1883
10:02:06 [IWT-5-15] WARN  com.iteaj.iot.client.mqtt.MqttClient - 客户端(MQTT<默认>) 断线重连 - 等待重连时间：15(s) - 远程主机 127.0.0.1:1883 - 客户端标识：mqtt_gateway_env_led
10:02:21 [IWT-5-16] INFO  com.iteaj.iot.client.mqtt.MqttClient - 客户端(MQTT<默认>) 连接服务器成功 - 远程主机 127.0.0.1:1883 - 客户端标识：mqtt_gateway_env_led
10:02:21 [IWT-5-16] WARN  com.iteaj.iot.client.mqtt.MqttClient - mqtt(MQTT<默认>) CONNACK - 远程主机：127.0.0.1:mqtt_gateway_env_led - 状态: CONNECTION_REFUSED_IDENTIFIER_REJECTED
10:02:21 [IWT-5-16] WARN  com.iteaj.iot.client.handle.ClientServiceHandler - 客户端关闭(MQTT<默认>) 未知原因 - 客户端: mqtt_gateway_env_led - 远程地址: /127.0.0.1:1883
10:02:21 [IWT-5-16] WARN  com.iteaj.iot.client.mqtt.MqttClient - 客户端(MQTT<默认>) 断线重连 - 等待重连时间：15(s) - 远程主机 127.0.0.1:1883 - 客户端标识：mqtt_gateway_env_led
10:02:36 [IWT-5-1] INFO  com.iteaj.iot.client.mqtt.MqttClient - 客户端(MQTT<默认>) 连接服务器成功 - 远程主机 127.0.0.1:1883 - 客户端标识：mqtt_gateway_env_led
10:02:36 [IWT-5-1] WARN  com.iteaj.iot.client.mqtt.MqttClient - mqtt(MQTT<默认>) CONNACK - 远程主机：127.0.0.1:mqtt_gateway_env_led - 状态: CONNECTION_REFUSED_IDENTIFIER_REJECTED
10:02:36 [IWT-5-1] WARN  com.iteaj.iot.client.handle.ClientServiceHandler - 客户端关闭(MQTT<默认>) 未知原因 - 客户端: mqtt_gateway_env_led - 远程地址: /127.0.0.1:1883
10:02:36 [IWT-5-1] WARN  com.iteaj.iot.client.mqtt.MqttClient - 客户端(MQTT<默认>) 断线重连 - 等待重连时间：15(s) - 远程主机 127.0.0.1:1883 - 客户端标识：mqtt_gateway_env_led
10:02:51 [IWT-5-2] INFO  com.iteaj.iot.client.mqtt.MqttClient - 客户端(MQTT<默认>) 连接服务器成功 - 远程主机 127.0.0.1:1883 - 客户端标识：mqtt_gateway_env_led
10:02:51 [IWT-5-2] WARN  com.iteaj.iot.client.mqtt.MqttClient - mqtt(MQTT<默认>) CONNACK - 远程主机：127.0.0.1:mqtt_gateway_env_led - 状态: CONNECTION_REFUSED_IDENTIFIER_REJECTED
10:02:51 [IWT-5-2] WARN  com.iteaj.iot.client.handle.ClientServiceHandler - 客户端关闭(MQTT<默认>) 未知原因 - 客户端: mqtt_gateway_env_led - 远程地址: /127.0.0.1:1883
10:02:51 [IWT-5-2] WARN  com.iteaj.iot.client.mqtt.MqttClient - 客户端(MQTT<默认>) 断线重连 - 等待重连时间：15(s) - 远程主机 127.0.0.1:1883 - 客户端标识：mqtt_gateway_env_led
10:03:06 [IWT-5-3] INFO  com.iteaj.iot.client.mqtt.MqttClient - 客户端(MQTT<默认>) 连接服务器成功 - 远程主机 127.0.0.1:1883 - 客户端标识：mqtt_gateway_env_led
10:03:06 [IWT-5-3] WARN  com.iteaj.iot.client.mqtt.MqttClient - mqtt(MQTT<默认>) CONNACK - 远程主机：127.0.0.1:mqtt_gateway_env_led - 状态: CONNECTION_REFUSED_IDENTIFIER_REJECTED
10:03:06 [IWT-5-3] WARN  com.iteaj.iot.client.handle.ClientServiceHandler - 客户端关闭(MQTT<默认>) 未知原因 - 客户端: mqtt_gateway_env_led - 远程地址: /127.0.0.1:1883
10:03:06 [IWT-5-3] WARN  com.iteaj.iot.client.mqtt.MqttClient - 客户端(MQTT<默认>) 断线重连 - 等待重连时间：15(s) - 远程主机 127.0.0.1:1883 - 客户端标识：mqtt_gateway_env_led
10:03:21 [IWT-5-4] INFO  com.iteaj.iot.client.mqtt.MqttClient - 客户端(MQTT<默认>) 连接服务器成功 - 远程主机 127.0.0.1:1883 - 客户端标识：mqtt_gateway_env_led
10:03:21 [IWT-5-4] WARN  com.iteaj.iot.client.mqtt.MqttClient - mqtt(MQTT<默认>) CONNACK - 远程主机：127.0.0.1:mqtt_gateway_env_led - 状态: CONNECTION_REFUSED_IDENTIFIER_REJECTED
10:03:21 [IWT-5-4] WARN  com.iteaj.iot.client.handle.ClientServiceHandler - 客户端关闭(MQTT<默认>) 未知原因 - 客户端: mqtt_gateway_env_led - 远程地址: /127.0.0.1:1883
10:03:21 [IWT-5-4] WARN  com.iteaj.iot.client.mqtt.MqttClient - 客户端(MQTT<默认>) 断线重连 - 等待重连时间：15(s) - 远程主机 127.0.0.1:1883 - 客户端标识：mqtt_gateway_env_led
10:03:36 [IWT-5-5] INFO  com.iteaj.iot.client.mqtt.MqttClient - 客户端(MQTT<默认>) 连接服务器成功 - 远程主机 127.0.0.1:1883 - 客户端标识：mqtt_gateway_env_led
10:03:37 [IWT-5-5] WARN  com.iteaj.iot.client.mqtt.MqttClient - mqtt(MQTT<默认>) CONNACK - 远程主机：127.0.0.1:mqtt_gateway_env_led - 状态: CONNECTION_REFUSED_IDENTIFIER_REJECTED
10:03:37 [IWT-5-5] WARN  com.iteaj.iot.client.handle.ClientServiceHandler - 客户端关闭(MQTT<默认>) 未知原因 - 客户端: mqtt_gateway_env_led - 远程地址: /127.0.0.1:1883
10:03:37 [IWT-5-5] WARN  com.iteaj.iot.client.mqtt.MqttClient - 客户端(MQTT<默认>) 断线重连 - 等待重连时间：15(s) - 远程主机 127.0.0.1:1883 - 客户端标识：mqtt_gateway_env_led
10:03:52 [IWT-5-6] INFO  com.iteaj.iot.client.mqtt.MqttClient - 客户端(MQTT<默认>) 连接服务器成功 - 远程主机 127.0.0.1:1883 - 客户端标识：mqtt_gateway_env_led
10:03:52 [IWT-5-6] WARN  com.iteaj.iot.client.mqtt.MqttClient - mqtt(MQTT<默认>) CONNACK - 远程主机：127.0.0.1:mqtt_gateway_env_led - 状态: CONNECTION_REFUSED_IDENTIFIER_REJECTED
10:03:52 [IWT-5-6] WARN  com.iteaj.iot.client.handle.ClientServiceHandler - 客户端关闭(MQTT<默认>) 未知原因 - 客户端: mqtt_gateway_env_led - 远程地址: /127.0.0.1:1883
10:03:52 [IWT-5-6] WARN  com.iteaj.iot.client.mqtt.MqttClient - 客户端(MQTT<默认>) 断线重连 - 等待重连时间：15(s) - 远程主机 127.0.0.1:1883 - 客户端标识：mqtt_gateway_env_led
10:04:07 [IWT-5-7] INFO  com.iteaj.iot.client.mqtt.MqttClient - 客户端(MQTT<默认>) 连接服务器成功 - 远程主机 127.0.0.1:1883 - 客户端标识：mqtt_gateway_env_led
10:04:07 [IWT-5-7] WARN  com.iteaj.iot.client.mqtt.MqttClient - mqtt(MQTT<默认>) CONNACK - 远程主机：127.0.0.1:mqtt_gateway_env_led - 状态: CONNECTION_REFUSED_IDENTIFIER_REJECTED
10:04:07 [IWT-5-7] WARN  com.iteaj.iot.client.handle.ClientServiceHandler - 客户端关闭(MQTT<默认>) 未知原因 - 客户端: mqtt_gateway_env_led - 远程地址: /127.0.0.1:1883
10:04:07 [IWT-5-7] WARN  com.iteaj.iot.client.mqtt.MqttClient - 客户端(MQTT<默认>) 断线重连 - 等待重连时间：15(s) - 远程主机 127.0.0.1:1883 - 客户端标识：mqtt_gateway_env_led
10:04:22 [IWT-5-8] INFO  com.iteaj.iot.client.mqtt.MqttClient - 客户端(MQTT<默认>) 连接服务器成功 - 远程主机 127.0.0.1:1883 - 客户端标识：mqtt_gateway_env_led
10:04:22 [IWT-5-8] WARN  com.iteaj.iot.client.mqtt.MqttClient - mqtt(MQTT<默认>) CONNACK - 远程主机：127.0.0.1:mqtt_gateway_env_led - 状态: CONNECTION_REFUSED_IDENTIFIER_REJECTED
10:04:22 [IWT-5-8] WARN  com.iteaj.iot.client.handle.ClientServiceHandler - 客户端关闭(MQTT<默认>) 未知原因 - 客户端: mqtt_gateway_env_led - 远程地址: /127.0.0.1:1883
10:04:22 [IWT-5-8] WARN  com.iteaj.iot.client.mqtt.MqttClient - 客户端(MQTT<默认>) 断线重连 - 等待重连时间：15(s) - 远程主机 127.0.0.1:1883 - 客户端标识：mqtt_gateway_env_led
10:04:37 [IWT-5-9] INFO  com.iteaj.iot.client.mqtt.MqttClient - 客户端(MQTT<默认>) 连接服务器成功 - 远程主机 127.0.0.1:1883 - 客户端标识：mqtt_gateway_env_led
10:04:37 [IWT-5-9] WARN  com.iteaj.iot.client.mqtt.MqttClient - mqtt(MQTT<默认>) CONNACK - 远程主机：127.0.0.1:mqtt_gateway_env_led - 状态: CONNECTION_REFUSED_IDENTIFIER_REJECTED
10:04:37 [IWT-5-9] WARN  com.iteaj.iot.client.handle.ClientServiceHandler - 客户端关闭(MQTT<默认>) 未知原因 - 客户端: mqtt_gateway_env_led - 远程地址: /127.0.0.1:1883
10:04:37 [IWT-5-9] WARN  com.iteaj.iot.client.mqtt.MqttClient - 客户端(MQTT<默认>) 断线重连 - 等待重连时间：15(s) - 远程主机 127.0.0.1:1883 - 客户端标识：mqtt_gateway_env_led
10:04:52 [IWT-5-10] INFO  com.iteaj.iot.client.mqtt.MqttClient - 客户端(MQTT<默认>) 连接服务器成功 - 远程主机 127.0.0.1:1883 - 客户端标识：mqtt_gateway_env_led
10:04:52 [IWT-5-10] WARN  com.iteaj.iot.client.mqtt.MqttClient - mqtt(MQTT<默认>) CONNACK - 远程主机：127.0.0.1:mqtt_gateway_env_led - 状态: CONNECTION_REFUSED_IDENTIFIER_REJECTED
10:04:52 [IWT-5-10] WARN  com.iteaj.iot.client.handle.ClientServiceHandler - 客户端关闭(MQTT<默认>) 未知原因 - 客户端: mqtt_gateway_env_led - 远程地址: /127.0.0.1:1883
10:04:52 [IWT-5-10] WARN  com.iteaj.iot.client.mqtt.MqttClient - 客户端(MQTT<默认>) 断线重连 - 等待重连时间：15(s) - 远程主机 127.0.0.1:1883 - 客户端标识：mqtt_gateway_env_led
10:05:07 [IWT-5-11] INFO  com.iteaj.iot.client.mqtt.MqttClient - 客户端(MQTT<默认>) 连接服务器成功 - 远程主机 127.0.0.1:1883 - 客户端标识：mqtt_gateway_env_led
10:05:07 [IWT-5-11] WARN  com.iteaj.iot.client.mqtt.MqttClient - mqtt(MQTT<默认>) CONNACK - 远程主机：127.0.0.1:mqtt_gateway_env_led - 状态: CONNECTION_REFUSED_IDENTIFIER_REJECTED
10:05:07 [IWT-5-11] WARN  com.iteaj.iot.client.handle.ClientServiceHandler - 客户端关闭(MQTT<默认>) 未知原因 - 客户端: mqtt_gateway_env_led - 远程地址: /127.0.0.1:1883
10:05:07 [IWT-5-11] WARN  com.iteaj.iot.client.mqtt.MqttClient - 客户端(MQTT<默认>) 断线重连 - 等待重连时间：15(s) - 远程主机 127.0.0.1:1883 - 客户端标识：mqtt_gateway_env_led
10:05:22 [IWT-5-12] INFO  com.iteaj.iot.client.mqtt.MqttClient - 客户端(MQTT<默认>) 连接服务器成功 - 远程主机 127.0.0.1:1883 - 客户端标识：mqtt_gateway_env_led
10:05:22 [IWT-5-12] WARN  com.iteaj.iot.client.mqtt.MqttClient - mqtt(MQTT<默认>) CONNACK - 远程主机：127.0.0.1:mqtt_gateway_env_led - 状态: CONNECTION_REFUSED_IDENTIFIER_REJECTED
10:05:22 [IWT-5-12] WARN  com.iteaj.iot.client.handle.ClientServiceHandler - 客户端关闭(MQTT<默认>) 未知原因 - 客户端: mqtt_gateway_env_led - 远程地址: /127.0.0.1:1883
10:05:22 [IWT-5-12] WARN  com.iteaj.iot.client.mqtt.MqttClient - 客户端(MQTT<默认>) 断线重连 - 等待重连时间：15(s) - 远程主机 127.0.0.1:1883 - 客户端标识：mqtt_gateway_env_led
10:05:37 [IWT-5-13] INFO  com.iteaj.iot.client.mqtt.MqttClient - 客户端(MQTT<默认>) 连接服务器成功 - 远程主机 127.0.0.1:1883 - 客户端标识：mqtt_gateway_env_led
10:05:37 [IWT-5-13] WARN  com.iteaj.iot.client.mqtt.MqttClient - mqtt(MQTT<默认>) CONNACK - 远程主机：127.0.0.1:mqtt_gateway_env_led - 状态: CONNECTION_REFUSED_IDENTIFIER_REJECTED
10:05:37 [IWT-5-13] WARN  com.iteaj.iot.client.handle.ClientServiceHandler - 客户端关闭(MQTT<默认>) 未知原因 - 客户端: mqtt_gateway_env_led - 远程地址: /127.0.0.1:1883
10:05:37 [IWT-5-13] WARN  com.iteaj.iot.client.mqtt.MqttClient - 客户端(MQTT<默认>) 断线重连 - 等待重连时间：15(s) - 远程主机 127.0.0.1:1883 - 客户端标识：mqtt_gateway_env_led
10:05:52 [IWT-5-14] INFO  com.iteaj.iot.client.mqtt.MqttClient - 客户端(MQTT<默认>) 连接服务器成功 - 远程主机 127.0.0.1:1883 - 客户端标识：mqtt_gateway_env_led
10:05:52 [IWT-5-14] WARN  com.iteaj.iot.client.mqtt.MqttClient - mqtt(MQTT<默认>) CONNACK - 远程主机：127.0.0.1:mqtt_gateway_env_led - 状态: CONNECTION_REFUSED_IDENTIFIER_REJECTED
10:05:52 [IWT-5-14] WARN  com.iteaj.iot.client.handle.ClientServiceHandler - 客户端关闭(MQTT<默认>) 未知原因 - 客户端: mqtt_gateway_env_led - 远程地址: /127.0.0.1:1883
10:05:52 [IWT-5-14] WARN  com.iteaj.iot.client.mqtt.MqttClient - 客户端(MQTT<默认>) 断线重连 - 等待重连时间：15(s) - 远程主机 127.0.0.1:1883 - 客户端标识：mqtt_gateway_env_led
10:06:07 [IWT-5-15] INFO  com.iteaj.iot.client.mqtt.MqttClient - 客户端(MQTT<默认>) 连接服务器成功 - 远程主机 127.0.0.1:1883 - 客户端标识：mqtt_gateway_env_led
10:06:07 [IWT-5-15] WARN  com.iteaj.iot.client.mqtt.MqttClient - mqtt(MQTT<默认>) CONNACK - 远程主机：127.0.0.1:mqtt_gateway_env_led - 状态: CONNECTION_REFUSED_IDENTIFIER_REJECTED
10:06:07 [IWT-5-15] WARN  com.iteaj.iot.client.handle.ClientServiceHandler - 客户端关闭(MQTT<默认>) 未知原因 - 客户端: mqtt_gateway_env_led - 远程地址: /127.0.0.1:1883
10:06:07 [IWT-5-15] WARN  com.iteaj.iot.client.mqtt.MqttClient - 客户端(MQTT<默认>) 断线重连 - 等待重连时间：15(s) - 远程主机 127.0.0.1:1883 - 客户端标识：mqtt_gateway_env_led
10:06:22 [IWT-5-16] INFO  com.iteaj.iot.client.mqtt.MqttClient - 客户端(MQTT<默认>) 连接服务器成功 - 远程主机 127.0.0.1:1883 - 客户端标识：mqtt_gateway_env_led
10:06:22 [IWT-5-16] WARN  com.iteaj.iot.client.mqtt.MqttClient - mqtt(MQTT<默认>) CONNACK - 远程主机：127.0.0.1:mqtt_gateway_env_led - 状态: CONNECTION_REFUSED_IDENTIFIER_REJECTED
10:06:22 [IWT-5-16] WARN  com.iteaj.iot.client.handle.ClientServiceHandler - 客户端关闭(MQTT<默认>) 未知原因 - 客户端: mqtt_gateway_env_led - 远程地址: /127.0.0.1:1883
10:06:22 [IWT-5-16] WARN  com.iteaj.iot.client.mqtt.MqttClient - 客户端(MQTT<默认>) 断线重连 - 等待重连时间：15(s) - 远程主机 127.0.0.1:1883 - 客户端标识：mqtt_gateway_env_led
10:06:37 [IWT-5-1] INFO  com.iteaj.iot.client.mqtt.MqttClient - 客户端(MQTT<默认>) 连接服务器成功 - 远程主机 127.0.0.1:1883 - 客户端标识：mqtt_gateway_env_led
10:06:37 [IWT-5-1] WARN  com.iteaj.iot.client.mqtt.MqttClient - mqtt(MQTT<默认>) CONNACK - 远程主机：127.0.0.1:mqtt_gateway_env_led - 状态: CONNECTION_REFUSED_IDENTIFIER_REJECTED
10:06:37 [IWT-5-1] WARN  com.iteaj.iot.client.handle.ClientServiceHandler - 客户端关闭(MQTT<默认>) 未知原因 - 客户端: mqtt_gateway_env_led - 远程地址: /127.0.0.1:1883
10:06:37 [IWT-5-1] WARN  com.iteaj.iot.client.mqtt.MqttClient - 客户端(MQTT<默认>) 断线重连 - 等待重连时间：15(s) - 远程主机 127.0.0.1:1883 - 客户端标识：mqtt_gateway_env_led
10:06:52 [IWT-5-2] INFO  com.iteaj.iot.client.mqtt.MqttClient - 客户端(MQTT<默认>) 连接服务器成功 - 远程主机 127.0.0.1:1883 - 客户端标识：mqtt_gateway_env_led
10:06:52 [IWT-5-2] WARN  com.iteaj.iot.client.mqtt.MqttClient - mqtt(MQTT<默认>) CONNACK - 远程主机：127.0.0.1:mqtt_gateway_env_led - 状态: CONNECTION_REFUSED_IDENTIFIER_REJECTED
10:06:52 [IWT-5-2] WARN  com.iteaj.iot.client.handle.ClientServiceHandler - 客户端关闭(MQTT<默认>) 未知原因 - 客户端: mqtt_gateway_env_led - 远程地址: /127.0.0.1:1883
10:06:52 [IWT-5-2] WARN  com.iteaj.iot.client.mqtt.MqttClient - 客户端(MQTT<默认>) 断线重连 - 等待重连时间：15(s) - 远程主机 127.0.0.1:1883 - 客户端标识：mqtt_gateway_env_led
10:07:07 [IWT-5-3] INFO  com.iteaj.iot.client.mqtt.MqttClient - 客户端(MQTT<默认>) 连接服务器成功 - 远程主机 127.0.0.1:1883 - 客户端标识：mqtt_gateway_env_led
10:07:07 [IWT-5-3] WARN  com.iteaj.iot.client.mqtt.MqttClient - mqtt(MQTT<默认>) CONNACK - 远程主机：127.0.0.1:mqtt_gateway_env_led - 状态: CONNECTION_REFUSED_IDENTIFIER_REJECTED
10:07:07 [IWT-5-3] WARN  com.iteaj.iot.client.handle.ClientServiceHandler - 客户端关闭(MQTT<默认>) 未知原因 - 客户端: mqtt_gateway_env_led - 远程地址: /127.0.0.1:1883
10:07:07 [IWT-5-3] WARN  com.iteaj.iot.client.mqtt.MqttClient - 客户端(MQTT<默认>) 断线重连 - 等待重连时间：15(s) - 远程主机 127.0.0.1:1883 - 客户端标识：mqtt_gateway_env_led
10:07:22 [IWT-5-4] INFO  com.iteaj.iot.client.mqtt.MqttClient - 客户端(MQTT<默认>) 连接服务器成功 - 远程主机 127.0.0.1:1883 - 客户端标识：mqtt_gateway_env_led
10:07:22 [IWT-5-4] WARN  com.iteaj.iot.client.mqtt.MqttClient - mqtt(MQTT<默认>) CONNACK - 远程主机：127.0.0.1:mqtt_gateway_env_led - 状态: CONNECTION_REFUSED_IDENTIFIER_REJECTED
10:07:23 [IWT-5-4] WARN  com.iteaj.iot.client.handle.ClientServiceHandler - 客户端关闭(MQTT<默认>) 未知原因 - 客户端: mqtt_gateway_env_led - 远程地址: /127.0.0.1:1883
10:07:23 [IWT-5-4] WARN  com.iteaj.iot.client.mqtt.MqttClient - 客户端(MQTT<默认>) 断线重连 - 等待重连时间：15(s) - 远程主机 127.0.0.1:1883 - 客户端标识：mqtt_gateway_env_led
10:07:38 [IWT-5-5] INFO  com.iteaj.iot.client.mqtt.MqttClient - 客户端(MQTT<默认>) 连接服务器成功 - 远程主机 127.0.0.1:1883 - 客户端标识：mqtt_gateway_env_led
10:07:38 [IWT-5-5] WARN  com.iteaj.iot.client.mqtt.MqttClient - mqtt(MQTT<默认>) CONNACK - 远程主机：127.0.0.1:mqtt_gateway_env_led - 状态: CONNECTION_REFUSED_IDENTIFIER_REJECTED
10:07:38 [IWT-5-5] WARN  com.iteaj.iot.client.handle.ClientServiceHandler - 客户端关闭(MQTT<默认>) 未知原因 - 客户端: mqtt_gateway_env_led - 远程地址: /127.0.0.1:1883
10:07:38 [IWT-5-5] WARN  com.iteaj.iot.client.mqtt.MqttClient - 客户端(MQTT<默认>) 断线重连 - 等待重连时间：15(s) - 远程主机 127.0.0.1:1883 - 客户端标识：mqtt_gateway_env_led
10:07:53 [IWT-5-6] INFO  com.iteaj.iot.client.mqtt.MqttClient - 客户端(MQTT<默认>) 连接服务器成功 - 远程主机 127.0.0.1:1883 - 客户端标识：mqtt_gateway_env_led
10:07:53 [IWT-5-6] WARN  com.iteaj.iot.client.mqtt.MqttClient - mqtt(MQTT<默认>) CONNACK - 远程主机：127.0.0.1:mqtt_gateway_env_led - 状态: CONNECTION_REFUSED_IDENTIFIER_REJECTED
10:07:53 [IWT-5-6] WARN  com.iteaj.iot.client.handle.ClientServiceHandler - 客户端关闭(MQTT<默认>) 未知原因 - 客户端: mqtt_gateway_env_led - 远程地址: /127.0.0.1:1883
10:07:53 [IWT-5-6] WARN  com.iteaj.iot.client.mqtt.MqttClient - 客户端(MQTT<默认>) 断线重连 - 等待重连时间：15(s) - 远程主机 127.0.0.1:1883 - 客户端标识：mqtt_gateway_env_led
10:08:08 [IWT-5-7] INFO  com.iteaj.iot.client.mqtt.MqttClient - 客户端(MQTT<默认>) 连接服务器成功 - 远程主机 127.0.0.1:1883 - 客户端标识：mqtt_gateway_env_led
10:08:09 [IWT-5-7] WARN  com.iteaj.iot.client.mqtt.MqttClient - mqtt(MQTT<默认>) CONNACK - 远程主机：127.0.0.1:mqtt_gateway_env_led - 状态: CONNECTION_REFUSED_IDENTIFIER_REJECTED
10:08:10 [IWT-5-7] WARN  com.iteaj.iot.client.handle.ClientServiceHandler - 客户端关闭(MQTT<默认>) 未知原因 - 客户端: mqtt_gateway_env_led - 远程地址: /127.0.0.1:1883
10:08:10 [IWT-5-7] WARN  com.iteaj.iot.client.mqtt.MqttClient - 客户端(MQTT<默认>) 断线重连 - 等待重连时间：15(s) - 远程主机 127.0.0.1:1883 - 客户端标识：mqtt_gateway_env_led
10:08:25 [IWT-5-8] INFO  com.iteaj.iot.client.mqtt.MqttClient - 客户端(MQTT<默认>) 连接服务器成功 - 远程主机 127.0.0.1:1883 - 客户端标识：mqtt_gateway_env_led
10:08:25 [IWT-5-8] WARN  com.iteaj.iot.client.mqtt.MqttClient - mqtt(MQTT<默认>) CONNACK - 远程主机：127.0.0.1:mqtt_gateway_env_led - 状态: CONNECTION_REFUSED_IDENTIFIER_REJECTED
10:08:25 [IWT-5-8] WARN  com.iteaj.iot.client.handle.ClientServiceHandler - 客户端关闭(MQTT<默认>) 未知原因 - 客户端: mqtt_gateway_env_led - 远程地址: /127.0.0.1:1883
10:08:25 [IWT-5-8] WARN  com.iteaj.iot.client.mqtt.MqttClient - 客户端(MQTT<默认>) 断线重连 - 等待重连时间：15(s) - 远程主机 127.0.0.1:1883 - 客户端标识：mqtt_gateway_env_led
10:08:41 [IWT-5-9] INFO  com.iteaj.iot.client.mqtt.MqttClient - 客户端(MQTT<默认>) 连接服务器成功 - 远程主机 127.0.0.1:1883 - 客户端标识：mqtt_gateway_env_led
10:08:41 [IWT-5-9] WARN  com.iteaj.iot.client.mqtt.MqttClient - mqtt(MQTT<默认>) CONNACK - 远程主机：127.0.0.1:mqtt_gateway_env_led - 状态: CONNECTION_REFUSED_IDENTIFIER_REJECTED
10:08:41 [IWT-5-9] WARN  com.iteaj.iot.client.handle.ClientServiceHandler - 客户端关闭(MQTT<默认>) 未知原因 - 客户端: mqtt_gateway_env_led - 远程地址: /127.0.0.1:1883
10:08:41 [IWT-5-9] WARN  com.iteaj.iot.client.mqtt.MqttClient - 客户端(MQTT<默认>) 断线重连 - 等待重连时间：15(s) - 远程主机 127.0.0.1:1883 - 客户端标识：mqtt_gateway_env_led
10:08:58 [IWT-5-10] INFO  com.iteaj.iot.client.mqtt.MqttClient - 客户端(MQTT<默认>) 连接服务器成功 - 远程主机 127.0.0.1:1883 - 客户端标识：mqtt_gateway_env_led
10:08:58 [IWT-5-10] WARN  com.iteaj.iot.client.mqtt.MqttClient - mqtt(MQTT<默认>) CONNACK - 远程主机：127.0.0.1:mqtt_gateway_env_led - 状态: CONNECTION_REFUSED_IDENTIFIER_REJECTED
10:08:58 [IWT-5-10] WARN  com.iteaj.iot.client.handle.ClientServiceHandler - 客户端关闭(MQTT<默认>) 未知原因 - 客户端: mqtt_gateway_env_led - 远程地址: /127.0.0.1:1883
10:08:58 [IWT-5-10] WARN  com.iteaj.iot.client.mqtt.MqttClient - 客户端(MQTT<默认>) 断线重连 - 等待重连时间：15(s) - 远程主机 127.0.0.1:1883 - 客户端标识：mqtt_gateway_env_led
10:09:13 [IWT-5-11] INFO  com.iteaj.iot.client.mqtt.MqttClient - 客户端(MQTT<默认>) 连接服务器成功 - 远程主机 127.0.0.1:1883 - 客户端标识：mqtt_gateway_env_led
10:09:13 [IWT-5-11] WARN  com.iteaj.iot.client.mqtt.MqttClient - mqtt(MQTT<默认>) CONNACK - 远程主机：127.0.0.1:mqtt_gateway_env_led - 状态: CONNECTION_REFUSED_IDENTIFIER_REJECTED
10:09:13 [IWT-5-11] WARN  com.iteaj.iot.client.handle.ClientServiceHandler - 客户端关闭(MQTT<默认>) 未知原因 - 客户端: mqtt_gateway_env_led - 远程地址: /127.0.0.1:1883
10:09:13 [IWT-5-11] WARN  com.iteaj.iot.client.mqtt.MqttClient - 客户端(MQTT<默认>) 断线重连 - 等待重连时间：15(s) - 远程主机 127.0.0.1:1883 - 客户端标识：mqtt_gateway_env_led
10:28:29 [IWT-5-12] INFO  com.iteaj.iot.client.mqtt.MqttClient - 客户端(MQTT<默认>) 连接服务器成功 - 远程主机 127.0.0.1:1883 - 客户端标识：mqtt_gateway_env_led
10:28:29 [IWT-5-12] WARN  com.iteaj.iot.client.mqtt.MqttClient - mqtt(MQTT<默认>) CONNACK - 远程主机：127.0.0.1:mqtt_gateway_env_led - 状态: CONNECTION_REFUSED_IDENTIFIER_REJECTED
10:28:29 [IWT-5-12] WARN  com.iteaj.iot.client.handle.ClientServiceHandler - 客户端关闭(MQTT<默认>) 未知原因 - 客户端: mqtt_gateway_env_led - 远程地址: /127.0.0.1:1883
10:28:29 [IWT-5-12] WARN  com.iteaj.iot.client.mqtt.MqttClient - 客户端(MQTT<默认>) 断线重连 - 等待重连时间：15(s) - 远程主机 127.0.0.1:1883 - 客户端标识：mqtt_gateway_env_led
10:28:48 [IWT-5-13] INFO  com.iteaj.iot.client.mqtt.MqttClient - 客户端(MQTT<默认>) 连接服务器成功 - 远程主机 127.0.0.1:1883 - 客户端标识：mqtt_gateway_env_led
10:28:48 [IWT-5-13] WARN  com.iteaj.iot.client.mqtt.MqttClient - mqtt(MQTT<默认>) CONNACK - 远程主机：127.0.0.1:mqtt_gateway_env_led - 状态: CONNECTION_REFUSED_IDENTIFIER_REJECTED
10:28:48 [IWT-5-13] WARN  com.iteaj.iot.client.handle.ClientServiceHandler - 客户端关闭(MQTT<默认>) 未知原因 - 客户端: mqtt_gateway_env_led - 远程地址: /127.0.0.1:1883
10:28:48 [IWT-5-13] WARN  com.iteaj.iot.client.mqtt.MqttClient - 客户端(MQTT<默认>) 断线重连 - 等待重连时间：15(s) - 远程主机 127.0.0.1:1883 - 客户端标识：mqtt_gateway_env_led
10:29:03 [IWT-5-14] INFO  com.iteaj.iot.client.mqtt.MqttClient - 客户端(MQTT<默认>) 连接服务器成功 - 远程主机 127.0.0.1:1883 - 客户端标识：mqtt_gateway_env_led
10:29:04 [IWT-5-14] WARN  com.iteaj.iot.client.mqtt.MqttClient - mqtt(MQTT<默认>) CONNACK - 远程主机：127.0.0.1:mqtt_gateway_env_led - 状态: CONNECTION_REFUSED_IDENTIFIER_REJECTED
10:29:04 [IWT-5-14] WARN  com.iteaj.iot.client.handle.ClientServiceHandler - 客户端关闭(MQTT<默认>) 未知原因 - 客户端: mqtt_gateway_env_led - 远程地址: /127.0.0.1:1883
10:29:04 [IWT-5-14] WARN  com.iteaj.iot.client.mqtt.MqttClient - 客户端(MQTT<默认>) 断线重连 - 等待重连时间：15(s) - 远程主机 127.0.0.1:1883 - 客户端标识：mqtt_gateway_env_led
10:29:19 [IWT-5-15] INFO  com.iteaj.iot.client.mqtt.MqttClient - 客户端(MQTT<默认>) 连接服务器成功 - 远程主机 127.0.0.1:1883 - 客户端标识：mqtt_gateway_env_led
10:29:19 [IWT-5-15] WARN  com.iteaj.iot.client.mqtt.MqttClient - mqtt(MQTT<默认>) CONNACK - 远程主机：127.0.0.1:mqtt_gateway_env_led - 状态: CONNECTION_REFUSED_IDENTIFIER_REJECTED
10:29:19 [IWT-5-15] WARN  com.iteaj.iot.client.handle.ClientServiceHandler - 客户端关闭(MQTT<默认>) 未知原因 - 客户端: mqtt_gateway_env_led - 远程地址: /127.0.0.1:1883
10:29:19 [IWT-5-15] WARN  com.iteaj.iot.client.mqtt.MqttClient - 客户端(MQTT<默认>) 断线重连 - 等待重连时间：15(s) - 远程主机 127.0.0.1:1883 - 客户端标识：mqtt_gateway_env_led
10:29:35 [IWT-5-16] INFO  com.iteaj.iot.client.mqtt.MqttClient - 客户端(MQTT<默认>) 连接服务器成功 - 远程主机 127.0.0.1:1883 - 客户端标识：mqtt_gateway_env_led
10:29:35 [IWT-5-16] WARN  com.iteaj.iot.client.mqtt.MqttClient - mqtt(MQTT<默认>) CONNACK - 远程主机：127.0.0.1:mqtt_gateway_env_led - 状态: CONNECTION_REFUSED_IDENTIFIER_REJECTED
10:29:35 [IWT-5-16] WARN  com.iteaj.iot.client.handle.ClientServiceHandler - 客户端关闭(MQTT<默认>) 未知原因 - 客户端: mqtt_gateway_env_led - 远程地址: /127.0.0.1:1883
10:29:35 [IWT-5-16] WARN  com.iteaj.iot.client.mqtt.MqttClient - 客户端(MQTT<默认>) 断线重连 - 等待重连时间：15(s) - 远程主机 127.0.0.1:1883 - 客户端标识：mqtt_gateway_env_led
10:29:50 [IWT-5-1] INFO  com.iteaj.iot.client.mqtt.MqttClient - 客户端(MQTT<默认>) 连接服务器成功 - 远程主机 127.0.0.1:1883 - 客户端标识：mqtt_gateway_env_led
10:29:50 [IWT-5-1] WARN  com.iteaj.iot.client.mqtt.MqttClient - mqtt(MQTT<默认>) CONNACK - 远程主机：127.0.0.1:mqtt_gateway_env_led - 状态: CONNECTION_REFUSED_IDENTIFIER_REJECTED
10:29:50 [IWT-5-1] WARN  com.iteaj.iot.client.handle.ClientServiceHandler - 客户端关闭(MQTT<默认>) 未知原因 - 客户端: mqtt_gateway_env_led - 远程地址: /127.0.0.1:1883
10:29:50 [IWT-5-1] WARN  com.iteaj.iot.client.mqtt.MqttClient - 客户端(MQTT<默认>) 断线重连 - 等待重连时间：15(s) - 远程主机 127.0.0.1:1883 - 客户端标识：mqtt_gateway_env_led
10:30:06 [IWT-5-2] INFO  com.iteaj.iot.client.mqtt.MqttClient - 客户端(MQTT<默认>) 连接服务器成功 - 远程主机 127.0.0.1:1883 - 客户端标识：mqtt_gateway_env_led
10:30:06 [IWT-5-2] WARN  com.iteaj.iot.client.mqtt.MqttClient - mqtt(MQTT<默认>) CONNACK - 远程主机：127.0.0.1:mqtt_gateway_env_led - 状态: CONNECTION_REFUSED_IDENTIFIER_REJECTED
10:30:06 [IWT-5-2] WARN  com.iteaj.iot.client.handle.ClientServiceHandler - 客户端关闭(MQTT<默认>) 未知原因 - 客户端: mqtt_gateway_env_led - 远程地址: /127.0.0.1:1883
10:30:06 [IWT-5-2] WARN  com.iteaj.iot.client.mqtt.MqttClient - 客户端(MQTT<默认>) 断线重连 - 等待重连时间：15(s) - 远程主机 127.0.0.1:1883 - 客户端标识：mqtt_gateway_env_led
10:30:21 [IWT-5-3] INFO  com.iteaj.iot.client.mqtt.MqttClient - 客户端(MQTT<默认>) 连接服务器成功 - 远程主机 127.0.0.1:1883 - 客户端标识：mqtt_gateway_env_led
10:30:21 [IWT-5-3] WARN  com.iteaj.iot.client.mqtt.MqttClient - mqtt(MQTT<默认>) CONNACK - 远程主机：127.0.0.1:mqtt_gateway_env_led - 状态: CONNECTION_REFUSED_IDENTIFIER_REJECTED
10:30:21 [IWT-5-3] WARN  com.iteaj.iot.client.handle.ClientServiceHandler - 客户端关闭(MQTT<默认>) 未知原因 - 客户端: mqtt_gateway_env_led - 远程地址: /127.0.0.1:1883
10:30:21 [IWT-5-3] WARN  com.iteaj.iot.client.mqtt.MqttClient - 客户端(MQTT<默认>) 断线重连 - 等待重连时间：15(s) - 远程主机 127.0.0.1:1883 - 客户端标识：mqtt_gateway_env_led
10:30:36 [IWT-5-4] INFO  com.iteaj.iot.client.mqtt.MqttClient - 客户端(MQTT<默认>) 连接服务器成功 - 远程主机 127.0.0.1:1883 - 客户端标识：mqtt_gateway_env_led
10:30:36 [IWT-5-4] WARN  com.iteaj.iot.client.mqtt.MqttClient - mqtt(MQTT<默认>) CONNACK - 远程主机：127.0.0.1:mqtt_gateway_env_led - 状态: CONNECTION_REFUSED_IDENTIFIER_REJECTED
10:30:36 [IWT-5-4] WARN  com.iteaj.iot.client.handle.ClientServiceHandler - 客户端关闭(MQTT<默认>) 未知原因 - 客户端: mqtt_gateway_env_led - 远程地址: /127.0.0.1:1883
10:30:36 [IWT-5-4] WARN  com.iteaj.iot.client.mqtt.MqttClient - 客户端(MQTT<默认>) 断线重连 - 等待重连时间：15(s) - 远程主机 127.0.0.1:1883 - 客户端标识：mqtt_gateway_env_led
10:30:51 [IWT-5-5] INFO  com.iteaj.iot.client.mqtt.MqttClient - 客户端(MQTT<默认>) 连接服务器成功 - 远程主机 127.0.0.1:1883 - 客户端标识：mqtt_gateway_env_led
10:30:51 [IWT-5-5] WARN  com.iteaj.iot.client.mqtt.MqttClient - mqtt(MQTT<默认>) CONNACK - 远程主机：127.0.0.1:mqtt_gateway_env_led - 状态: CONNECTION_REFUSED_IDENTIFIER_REJECTED
10:30:51 [IWT-5-5] WARN  com.iteaj.iot.client.handle.ClientServiceHandler - 客户端关闭(MQTT<默认>) 未知原因 - 客户端: mqtt_gateway_env_led - 远程地址: /127.0.0.1:1883
10:30:51 [IWT-5-5] WARN  com.iteaj.iot.client.mqtt.MqttClient - 客户端(MQTT<默认>) 断线重连 - 等待重连时间：15(s) - 远程主机 127.0.0.1:1883 - 客户端标识：mqtt_gateway_env_led
10:31:06 [IWT-5-6] INFO  com.iteaj.iot.client.mqtt.MqttClient - 客户端(MQTT<默认>) 连接服务器成功 - 远程主机 127.0.0.1:1883 - 客户端标识：mqtt_gateway_env_led
10:31:07 [IWT-5-6] WARN  com.iteaj.iot.client.mqtt.MqttClient - mqtt(MQTT<默认>) CONNACK - 远程主机：127.0.0.1:mqtt_gateway_env_led - 状态: CONNECTION_REFUSED_IDENTIFIER_REJECTED
10:31:07 [IWT-5-6] WARN  com.iteaj.iot.client.handle.ClientServiceHandler - 客户端关闭(MQTT<默认>) 未知原因 - 客户端: mqtt_gateway_env_led - 远程地址: /127.0.0.1:1883
10:31:07 [IWT-5-6] WARN  com.iteaj.iot.client.mqtt.MqttClient - 客户端(MQTT<默认>) 断线重连 - 等待重连时间：15(s) - 远程主机 127.0.0.1:1883 - 客户端标识：mqtt_gateway_env_led
10:31:22 [IWT-5-7] INFO  com.iteaj.iot.client.mqtt.MqttClient - 客户端(MQTT<默认>) 连接服务器成功 - 远程主机 127.0.0.1:1883 - 客户端标识：mqtt_gateway_env_led
10:31:22 [IWT-5-7] WARN  com.iteaj.iot.client.mqtt.MqttClient - mqtt(MQTT<默认>) CONNACK - 远程主机：127.0.0.1:mqtt_gateway_env_led - 状态: CONNECTION_REFUSED_IDENTIFIER_REJECTED
10:31:22 [IWT-5-7] WARN  com.iteaj.iot.client.handle.ClientServiceHandler - 客户端关闭(MQTT<默认>) 未知原因 - 客户端: mqtt_gateway_env_led - 远程地址: /127.0.0.1:1883
10:31:22 [IWT-5-7] WARN  com.iteaj.iot.client.mqtt.MqttClient - 客户端(MQTT<默认>) 断线重连 - 等待重连时间：15(s) - 远程主机 127.0.0.1:1883 - 客户端标识：mqtt_gateway_env_led
10:31:37 [IWT-5-8] INFO  com.iteaj.iot.client.mqtt.MqttClient - 客户端(MQTT<默认>) 连接服务器成功 - 远程主机 127.0.0.1:1883 - 客户端标识：mqtt_gateway_env_led
10:31:37 [IWT-5-8] WARN  com.iteaj.iot.client.mqtt.MqttClient - mqtt(MQTT<默认>) CONNACK - 远程主机：127.0.0.1:mqtt_gateway_env_led - 状态: CONNECTION_REFUSED_IDENTIFIER_REJECTED
10:31:37 [IWT-5-8] WARN  com.iteaj.iot.client.handle.ClientServiceHandler - 客户端关闭(MQTT<默认>) 未知原因 - 客户端: mqtt_gateway_env_led - 远程地址: /127.0.0.1:1883
10:31:37 [IWT-5-8] WARN  com.iteaj.iot.client.mqtt.MqttClient - 客户端(MQTT<默认>) 断线重连 - 等待重连时间：15(s) - 远程主机 127.0.0.1:1883 - 客户端标识：mqtt_gateway_env_led
10:31:52 [IWT-5-9] INFO  com.iteaj.iot.client.mqtt.MqttClient - 客户端(MQTT<默认>) 连接服务器成功 - 远程主机 127.0.0.1:1883 - 客户端标识：mqtt_gateway_env_led
10:31:52 [IWT-5-9] WARN  com.iteaj.iot.client.mqtt.MqttClient - mqtt(MQTT<默认>) CONNACK - 远程主机：127.0.0.1:mqtt_gateway_env_led - 状态: CONNECTION_REFUSED_IDENTIFIER_REJECTED
10:31:52 [IWT-5-9] WARN  com.iteaj.iot.client.handle.ClientServiceHandler - 客户端关闭(MQTT<默认>) 未知原因 - 客户端: mqtt_gateway_env_led - 远程地址: /127.0.0.1:1883
10:31:52 [IWT-5-9] WARN  com.iteaj.iot.client.mqtt.MqttClient - 客户端(MQTT<默认>) 断线重连 - 等待重连时间：15(s) - 远程主机 127.0.0.1:1883 - 客户端标识：mqtt_gateway_env_led
10:32:08 [IWT-5-10] INFO  com.iteaj.iot.client.mqtt.MqttClient - 客户端(MQTT<默认>) 连接服务器成功 - 远程主机 127.0.0.1:1883 - 客户端标识：mqtt_gateway_env_led
10:32:08 [IWT-5-10] WARN  com.iteaj.iot.client.mqtt.MqttClient - mqtt(MQTT<默认>) CONNACK - 远程主机：127.0.0.1:mqtt_gateway_env_led - 状态: CONNECTION_REFUSED_IDENTIFIER_REJECTED
10:32:08 [IWT-5-10] WARN  com.iteaj.iot.client.handle.ClientServiceHandler - 客户端关闭(MQTT<默认>) 未知原因 - 客户端: mqtt_gateway_env_led - 远程地址: /127.0.0.1:1883
10:32:08 [IWT-5-10] WARN  com.iteaj.iot.client.mqtt.MqttClient - 客户端(MQTT<默认>) 断线重连 - 等待重连时间：15(s) - 远程主机 127.0.0.1:1883 - 客户端标识：mqtt_gateway_env_led
10:32:23 [IWT-5-11] INFO  com.iteaj.iot.client.mqtt.MqttClient - 客户端(MQTT<默认>) 连接服务器成功 - 远程主机 127.0.0.1:1883 - 客户端标识：mqtt_gateway_env_led
10:32:23 [IWT-5-11] WARN  com.iteaj.iot.client.mqtt.MqttClient - mqtt(MQTT<默认>) CONNACK - 远程主机：127.0.0.1:mqtt_gateway_env_led - 状态: CONNECTION_REFUSED_IDENTIFIER_REJECTED
10:32:23 [IWT-5-11] WARN  com.iteaj.iot.client.handle.ClientServiceHandler - 客户端关闭(MQTT<默认>) 未知原因 - 客户端: mqtt_gateway_env_led - 远程地址: /127.0.0.1:1883
10:32:23 [IWT-5-11] WARN  com.iteaj.iot.client.mqtt.MqttClient - 客户端(MQTT<默认>) 断线重连 - 等待重连时间：15(s) - 远程主机 127.0.0.1:1883 - 客户端标识：mqtt_gateway_env_led
10:32:38 [IWT-5-12] INFO  com.iteaj.iot.client.mqtt.MqttClient - 客户端(MQTT<默认>) 连接服务器成功 - 远程主机 127.0.0.1:1883 - 客户端标识：mqtt_gateway_env_led
10:32:39 [IWT-5-12] WARN  com.iteaj.iot.client.mqtt.MqttClient - mqtt(MQTT<默认>) CONNACK - 远程主机：127.0.0.1:mqtt_gateway_env_led - 状态: CONNECTION_REFUSED_IDENTIFIER_REJECTED
10:32:39 [IWT-5-12] WARN  com.iteaj.iot.client.handle.ClientServiceHandler - 客户端关闭(MQTT<默认>) 未知原因 - 客户端: mqtt_gateway_env_led - 远程地址: /127.0.0.1:1883
10:32:39 [IWT-5-12] WARN  com.iteaj.iot.client.mqtt.MqttClient - 客户端(MQTT<默认>) 断线重连 - 等待重连时间：15(s) - 远程主机 127.0.0.1:1883 - 客户端标识：mqtt_gateway_env_led
10:32:54 [IWT-5-13] INFO  com.iteaj.iot.client.mqtt.MqttClient - 客户端(MQTT<默认>) 连接服务器成功 - 远程主机 127.0.0.1:1883 - 客户端标识：mqtt_gateway_env_led
10:32:55 [IWT-5-13] WARN  com.iteaj.iot.client.mqtt.MqttClient - mqtt(MQTT<默认>) CONNACK - 远程主机：127.0.0.1:mqtt_gateway_env_led - 状态: CONNECTION_REFUSED_IDENTIFIER_REJECTED
10:32:55 [IWT-5-13] WARN  com.iteaj.iot.client.handle.ClientServiceHandler - 客户端关闭(MQTT<默认>) 未知原因 - 客户端: mqtt_gateway_env_led - 远程地址: /127.0.0.1:1883
10:32:55 [IWT-5-13] WARN  com.iteaj.iot.client.mqtt.MqttClient - 客户端(MQTT<默认>) 断线重连 - 等待重连时间：15(s) - 远程主机 127.0.0.1:1883 - 客户端标识：mqtt_gateway_env_led
10:33:10 [IWT-5-14] INFO  com.iteaj.iot.client.mqtt.MqttClient - 客户端(MQTT<默认>) 连接服务器成功 - 远程主机 127.0.0.1:1883 - 客户端标识：mqtt_gateway_env_led
10:33:10 [IWT-5-14] WARN  com.iteaj.iot.client.mqtt.MqttClient - mqtt(MQTT<默认>) CONNACK - 远程主机：127.0.0.1:mqtt_gateway_env_led - 状态: CONNECTION_REFUSED_IDENTIFIER_REJECTED
10:33:10 [IWT-5-14] WARN  com.iteaj.iot.client.handle.ClientServiceHandler - 客户端关闭(MQTT<默认>) 未知原因 - 客户端: mqtt_gateway_env_led - 远程地址: /127.0.0.1:1883
10:33:10 [IWT-5-14] WARN  com.iteaj.iot.client.mqtt.MqttClient - 客户端(MQTT<默认>) 断线重连 - 等待重连时间：15(s) - 远程主机 127.0.0.1:1883 - 客户端标识：mqtt_gateway_env_led
10:33:26 [IWT-5-15] INFO  com.iteaj.iot.client.mqtt.MqttClient - 客户端(MQTT<默认>) 连接服务器成功 - 远程主机 127.0.0.1:1883 - 客户端标识：mqtt_gateway_env_led
10:33:26 [IWT-5-15] WARN  com.iteaj.iot.client.mqtt.MqttClient - mqtt(MQTT<默认>) CONNACK - 远程主机：127.0.0.1:mqtt_gateway_env_led - 状态: CONNECTION_REFUSED_IDENTIFIER_REJECTED
10:33:26 [IWT-5-15] WARN  com.iteaj.iot.client.handle.ClientServiceHandler - 客户端关闭(MQTT<默认>) 未知原因 - 客户端: mqtt_gateway_env_led - 远程地址: /127.0.0.1:1883
10:33:26 [IWT-5-15] WARN  com.iteaj.iot.client.mqtt.MqttClient - 客户端(MQTT<默认>) 断线重连 - 等待重连时间：15(s) - 远程主机 127.0.0.1:1883 - 客户端标识：mqtt_gateway_env_led
10:33:41 [IWT-5-16] INFO  com.iteaj.iot.client.mqtt.MqttClient - 客户端(MQTT<默认>) 连接服务器成功 - 远程主机 127.0.0.1:1883 - 客户端标识：mqtt_gateway_env_led
10:33:42 [IWT-5-16] WARN  com.iteaj.iot.client.mqtt.MqttClient - mqtt(MQTT<默认>) CONNACK - 远程主机：127.0.0.1:mqtt_gateway_env_led - 状态: CONNECTION_REFUSED_IDENTIFIER_REJECTED
10:33:42 [IWT-5-16] WARN  com.iteaj.iot.client.handle.ClientServiceHandler - 客户端关闭(MQTT<默认>) 未知原因 - 客户端: mqtt_gateway_env_led - 远程地址: /127.0.0.1:1883
10:33:42 [IWT-5-16] WARN  com.iteaj.iot.client.mqtt.MqttClient - 客户端(MQTT<默认>) 断线重连 - 等待重连时间：15(s) - 远程主机 127.0.0.1:1883 - 客户端标识：mqtt_gateway_env_led
10:33:58 [IWT-5-1] INFO  com.iteaj.iot.client.mqtt.MqttClient - 客户端(MQTT<默认>) 连接服务器成功 - 远程主机 127.0.0.1:1883 - 客户端标识：mqtt_gateway_env_led
10:33:59 [IWT-5-1] WARN  com.iteaj.iot.client.mqtt.MqttClient - mqtt(MQTT<默认>) CONNACK - 远程主机：127.0.0.1:mqtt_gateway_env_led - 状态: CONNECTION_REFUSED_IDENTIFIER_REJECTED
10:33:59 [IWT-5-1] WARN  com.iteaj.iot.client.handle.ClientServiceHandler - 客户端关闭(MQTT<默认>) 未知原因 - 客户端: mqtt_gateway_env_led - 远程地址: /127.0.0.1:1883
10:33:59 [IWT-5-1] WARN  com.iteaj.iot.client.mqtt.MqttClient - 客户端(MQTT<默认>) 断线重连 - 等待重连时间：15(s) - 远程主机 127.0.0.1:1883 - 客户端标识：mqtt_gateway_env_led
10:34:14 [IWT-5-2] INFO  com.iteaj.iot.client.mqtt.MqttClient - 客户端(MQTT<默认>) 连接服务器成功 - 远程主机 127.0.0.1:1883 - 客户端标识：mqtt_gateway_env_led
10:34:14 [IWT-5-2] WARN  com.iteaj.iot.client.mqtt.MqttClient - mqtt(MQTT<默认>) CONNACK - 远程主机：127.0.0.1:mqtt_gateway_env_led - 状态: CONNECTION_REFUSED_IDENTIFIER_REJECTED
10:34:14 [IWT-5-2] WARN  com.iteaj.iot.client.handle.ClientServiceHandler - 客户端关闭(MQTT<默认>) 未知原因 - 客户端: mqtt_gateway_env_led - 远程地址: /127.0.0.1:1883
10:34:14 [IWT-5-2] WARN  com.iteaj.iot.client.mqtt.MqttClient - 客户端(MQTT<默认>) 断线重连 - 等待重连时间：15(s) - 远程主机 127.0.0.1:1883 - 客户端标识：mqtt_gateway_env_led
10:34:29 [IWT-5-3] INFO  com.iteaj.iot.client.mqtt.MqttClient - 客户端(MQTT<默认>) 连接服务器成功 - 远程主机 127.0.0.1:1883 - 客户端标识：mqtt_gateway_env_led
10:34:30 [IWT-5-3] WARN  com.iteaj.iot.client.mqtt.MqttClient - mqtt(MQTT<默认>) CONNACK - 远程主机：127.0.0.1:mqtt_gateway_env_led - 状态: CONNECTION_REFUSED_IDENTIFIER_REJECTED
10:34:30 [IWT-5-3] WARN  com.iteaj.iot.client.handle.ClientServiceHandler - 客户端关闭(MQTT<默认>) 未知原因 - 客户端: mqtt_gateway_env_led - 远程地址: /127.0.0.1:1883
10:34:30 [IWT-5-3] WARN  com.iteaj.iot.client.mqtt.MqttClient - 客户端(MQTT<默认>) 断线重连 - 等待重连时间：15(s) - 远程主机 127.0.0.1:1883 - 客户端标识：mqtt_gateway_env_led
10:34:45 [IWT-5-4] INFO  com.iteaj.iot.client.mqtt.MqttClient - 客户端(MQTT<默认>) 连接服务器成功 - 远程主机 127.0.0.1:1883 - 客户端标识：mqtt_gateway_env_led
10:34:50 [IWT-5-4] WARN  com.iteaj.iot.client.mqtt.MqttClient - mqtt(MQTT<默认>) CONNACK - 远程主机：127.0.0.1:mqtt_gateway_env_led - 状态: CONNECTION_REFUSED_IDENTIFIER_REJECTED
10:34:50 [IWT-5-4] WARN  com.iteaj.iot.client.handle.ClientServiceHandler - 客户端关闭(MQTT<默认>) 未知原因 - 客户端: mqtt_gateway_env_led - 远程地址: /127.0.0.1:1883
10:34:50 [IWT-5-4] WARN  com.iteaj.iot.client.mqtt.MqttClient - 客户端(MQTT<默认>) 断线重连 - 等待重连时间：15(s) - 远程主机 127.0.0.1:1883 - 客户端标识：mqtt_gateway_env_led
10:35:08 [IWT-5-5] INFO  com.iteaj.iot.client.mqtt.MqttClient - 客户端(MQTT<默认>) 连接服务器成功 - 远程主机 127.0.0.1:1883 - 客户端标识：mqtt_gateway_env_led
10:35:08 [IWT-5-5] WARN  com.iteaj.iot.client.mqtt.MqttClient - mqtt(MQTT<默认>) CONNACK - 远程主机：127.0.0.1:mqtt_gateway_env_led - 状态: CONNECTION_REFUSED_IDENTIFIER_REJECTED
10:35:08 [IWT-5-5] WARN  com.iteaj.iot.client.handle.ClientServiceHandler - 客户端关闭(MQTT<默认>) 未知原因 - 客户端: mqtt_gateway_env_led - 远程地址: /127.0.0.1:1883
10:35:08 [IWT-5-5] WARN  com.iteaj.iot.client.mqtt.MqttClient - 客户端(MQTT<默认>) 断线重连 - 等待重连时间：15(s) - 远程主机 127.0.0.1:1883 - 客户端标识：mqtt_gateway_env_led
10:35:23 [IWT-5-6] INFO  com.iteaj.iot.client.mqtt.MqttClient - 客户端(MQTT<默认>) 连接服务器成功 - 远程主机 127.0.0.1:1883 - 客户端标识：mqtt_gateway_env_led
10:35:24 [IWT-5-6] WARN  com.iteaj.iot.client.mqtt.MqttClient - mqtt(MQTT<默认>) CONNACK - 远程主机：127.0.0.1:mqtt_gateway_env_led - 状态: CONNECTION_REFUSED_IDENTIFIER_REJECTED
10:35:24 [IWT-5-6] WARN  com.iteaj.iot.client.handle.ClientServiceHandler - 客户端关闭(MQTT<默认>) 未知原因 - 客户端: mqtt_gateway_env_led - 远程地址: /127.0.0.1:1883
10:35:24 [IWT-5-6] WARN  com.iteaj.iot.client.mqtt.MqttClient - 客户端(MQTT<默认>) 断线重连 - 等待重连时间：15(s) - 远程主机 127.0.0.1:1883 - 客户端标识：mqtt_gateway_env_led
10:35:39 [IWT-5-7] INFO  com.iteaj.iot.client.mqtt.MqttClient - 客户端(MQTT<默认>) 连接服务器成功 - 远程主机 127.0.0.1:1883 - 客户端标识：mqtt_gateway_env_led
10:35:39 [IWT-5-7] WARN  com.iteaj.iot.client.mqtt.MqttClient - mqtt(MQTT<默认>) CONNACK - 远程主机：127.0.0.1:mqtt_gateway_env_led - 状态: CONNECTION_REFUSED_IDENTIFIER_REJECTED
10:35:39 [IWT-5-7] WARN  com.iteaj.iot.client.handle.ClientServiceHandler - 客户端关闭(MQTT<默认>) 未知原因 - 客户端: mqtt_gateway_env_led - 远程地址: /127.0.0.1:1883
10:35:39 [IWT-5-7] WARN  com.iteaj.iot.client.mqtt.MqttClient - 客户端(MQTT<默认>) 断线重连 - 等待重连时间：15(s) - 远程主机 127.0.0.1:1883 - 客户端标识：mqtt_gateway_env_led
10:35:54 [IWT-5-8] INFO  com.iteaj.iot.client.mqtt.MqttClient - 客户端(MQTT<默认>) 连接服务器成功 - 远程主机 127.0.0.1:1883 - 客户端标识：mqtt_gateway_env_led
10:35:54 [IWT-5-8] WARN  com.iteaj.iot.client.mqtt.MqttClient - mqtt(MQTT<默认>) CONNACK - 远程主机：127.0.0.1:mqtt_gateway_env_led - 状态: CONNECTION_REFUSED_IDENTIFIER_REJECTED
10:35:54 [IWT-5-8] WARN  com.iteaj.iot.client.handle.ClientServiceHandler - 客户端关闭(MQTT<默认>) 未知原因 - 客户端: mqtt_gateway_env_led - 远程地址: /127.0.0.1:1883
10:35:54 [IWT-5-8] WARN  com.iteaj.iot.client.mqtt.MqttClient - 客户端(MQTT<默认>) 断线重连 - 等待重连时间：15(s) - 远程主机 127.0.0.1:1883 - 客户端标识：mqtt_gateway_env_led
10:36:09 [IWT-5-9] INFO  com.iteaj.iot.client.mqtt.MqttClient - 客户端(MQTT<默认>) 连接服务器成功 - 远程主机 127.0.0.1:1883 - 客户端标识：mqtt_gateway_env_led
10:36:09 [IWT-5-9] WARN  com.iteaj.iot.client.mqtt.MqttClient - mqtt(MQTT<默认>) CONNACK - 远程主机：127.0.0.1:mqtt_gateway_env_led - 状态: CONNECTION_REFUSED_IDENTIFIER_REJECTED
10:36:09 [IWT-5-9] WARN  com.iteaj.iot.client.handle.ClientServiceHandler - 客户端关闭(MQTT<默认>) 未知原因 - 客户端: mqtt_gateway_env_led - 远程地址: /127.0.0.1:1883
10:36:09 [IWT-5-9] WARN  com.iteaj.iot.client.mqtt.MqttClient - 客户端(MQTT<默认>) 断线重连 - 等待重连时间：15(s) - 远程主机 127.0.0.1:1883 - 客户端标识：mqtt_gateway_env_led
10:36:24 [IWT-5-10] INFO  com.iteaj.iot.client.mqtt.MqttClient - 客户端(MQTT<默认>) 连接服务器成功 - 远程主机 127.0.0.1:1883 - 客户端标识：mqtt_gateway_env_led
10:36:25 [IWT-5-10] WARN  com.iteaj.iot.client.mqtt.MqttClient - mqtt(MQTT<默认>) CONNACK - 远程主机：127.0.0.1:mqtt_gateway_env_led - 状态: CONNECTION_REFUSED_IDENTIFIER_REJECTED
10:36:25 [IWT-5-10] WARN  com.iteaj.iot.client.handle.ClientServiceHandler - 客户端关闭(MQTT<默认>) 未知原因 - 客户端: mqtt_gateway_env_led - 远程地址: /127.0.0.1:1883
10:36:25 [IWT-5-10] WARN  com.iteaj.iot.client.mqtt.MqttClient - 客户端(MQTT<默认>) 断线重连 - 等待重连时间：15(s) - 远程主机 127.0.0.1:1883 - 客户端标识：mqtt_gateway_env_led
10:36:40 [IWT-5-11] INFO  com.iteaj.iot.client.mqtt.MqttClient - 客户端(MQTT<默认>) 连接服务器成功 - 远程主机 127.0.0.1:1883 - 客户端标识：mqtt_gateway_env_led
10:36:40 [IWT-5-11] WARN  com.iteaj.iot.client.mqtt.MqttClient - mqtt(MQTT<默认>) CONNACK - 远程主机：127.0.0.1:mqtt_gateway_env_led - 状态: CONNECTION_REFUSED_IDENTIFIER_REJECTED
10:36:41 [IWT-5-11] WARN  com.iteaj.iot.client.handle.ClientServiceHandler - 客户端关闭(MQTT<默认>) 未知原因 - 客户端: mqtt_gateway_env_led - 远程地址: /127.0.0.1:1883
10:36:41 [IWT-5-11] WARN  com.iteaj.iot.client.mqtt.MqttClient - 客户端(MQTT<默认>) 断线重连 - 等待重连时间：15(s) - 远程主机 127.0.0.1:1883 - 客户端标识：mqtt_gateway_env_led
10:36:56 [IWT-5-12] INFO  com.iteaj.iot.client.mqtt.MqttClient - 客户端(MQTT<默认>) 连接服务器成功 - 远程主机 127.0.0.1:1883 - 客户端标识：mqtt_gateway_env_led
10:36:56 [IWT-5-12] WARN  com.iteaj.iot.client.mqtt.MqttClient - mqtt(MQTT<默认>) CONNACK - 远程主机：127.0.0.1:mqtt_gateway_env_led - 状态: CONNECTION_REFUSED_IDENTIFIER_REJECTED
10:36:56 [IWT-5-12] WARN  com.iteaj.iot.client.handle.ClientServiceHandler - 客户端关闭(MQTT<默认>) 未知原因 - 客户端: mqtt_gateway_env_led - 远程地址: /127.0.0.1:1883
10:36:56 [IWT-5-12] WARN  com.iteaj.iot.client.mqtt.MqttClient - 客户端(MQTT<默认>) 断线重连 - 等待重连时间：15(s) - 远程主机 127.0.0.1:1883 - 客户端标识：mqtt_gateway_env_led
10:37:11 [IWT-5-13] INFO  com.iteaj.iot.client.mqtt.MqttClient - 客户端(MQTT<默认>) 连接服务器成功 - 远程主机 127.0.0.1:1883 - 客户端标识：mqtt_gateway_env_led
10:37:11 [IWT-5-13] WARN  com.iteaj.iot.client.mqtt.MqttClient - mqtt(MQTT<默认>) CONNACK - 远程主机：127.0.0.1:mqtt_gateway_env_led - 状态: CONNECTION_REFUSED_IDENTIFIER_REJECTED
10:37:11 [IWT-5-13] WARN  com.iteaj.iot.client.handle.ClientServiceHandler - 客户端关闭(MQTT<默认>) 未知原因 - 客户端: mqtt_gateway_env_led - 远程地址: /127.0.0.1:1883
10:37:11 [IWT-5-13] WARN  com.iteaj.iot.client.mqtt.MqttClient - 客户端(MQTT<默认>) 断线重连 - 等待重连时间：15(s) - 远程主机 127.0.0.1:1883 - 客户端标识：mqtt_gateway_env_led
10:37:26 [IWT-5-14] INFO  com.iteaj.iot.client.mqtt.MqttClient - 客户端(MQTT<默认>) 连接服务器成功 - 远程主机 127.0.0.1:1883 - 客户端标识：mqtt_gateway_env_led
10:37:26 [IWT-5-14] WARN  com.iteaj.iot.client.mqtt.MqttClient - mqtt(MQTT<默认>) CONNACK - 远程主机：127.0.0.1:mqtt_gateway_env_led - 状态: CONNECTION_REFUSED_IDENTIFIER_REJECTED
10:37:26 [IWT-5-14] WARN  com.iteaj.iot.client.handle.ClientServiceHandler - 客户端关闭(MQTT<默认>) 未知原因 - 客户端: mqtt_gateway_env_led - 远程地址: /127.0.0.1:1883
10:37:26 [IWT-5-14] WARN  com.iteaj.iot.client.mqtt.MqttClient - 客户端(MQTT<默认>) 断线重连 - 等待重连时间：15(s) - 远程主机 127.0.0.1:1883 - 客户端标识：mqtt_gateway_env_led
10:37:41 [IWT-5-15] INFO  com.iteaj.iot.client.mqtt.MqttClient - 客户端(MQTT<默认>) 连接服务器成功 - 远程主机 127.0.0.1:1883 - 客户端标识：mqtt_gateway_env_led
10:37:41 [IWT-5-15] WARN  com.iteaj.iot.client.mqtt.MqttClient - mqtt(MQTT<默认>) CONNACK - 远程主机：127.0.0.1:mqtt_gateway_env_led - 状态: CONNECTION_REFUSED_IDENTIFIER_REJECTED
10:37:41 [IWT-5-15] WARN  com.iteaj.iot.client.handle.ClientServiceHandler - 客户端关闭(MQTT<默认>) 未知原因 - 客户端: mqtt_gateway_env_led - 远程地址: /127.0.0.1:1883
10:37:41 [IWT-5-15] WARN  com.iteaj.iot.client.mqtt.MqttClient - 客户端(MQTT<默认>) 断线重连 - 等待重连时间：15(s) - 远程主机 127.0.0.1:1883 - 客户端标识：mqtt_gateway_env_led
10:37:56 [IWT-5-16] INFO  com.iteaj.iot.client.mqtt.MqttClient - 客户端(MQTT<默认>) 连接服务器成功 - 远程主机 127.0.0.1:1883 - 客户端标识：mqtt_gateway_env_led
10:37:56 [IWT-5-16] WARN  com.iteaj.iot.client.mqtt.MqttClient - mqtt(MQTT<默认>) CONNACK - 远程主机：127.0.0.1:mqtt_gateway_env_led - 状态: CONNECTION_REFUSED_IDENTIFIER_REJECTED
10:37:56 [IWT-5-16] WARN  com.iteaj.iot.client.handle.ClientServiceHandler - 客户端关闭(MQTT<默认>) 未知原因 - 客户端: mqtt_gateway_env_led - 远程地址: /127.0.0.1:1883
10:37:56 [IWT-5-16] WARN  com.iteaj.iot.client.mqtt.MqttClient - 客户端(MQTT<默认>) 断线重连 - 等待重连时间：15(s) - 远程主机 127.0.0.1:1883 - 客户端标识：mqtt_gateway_env_led
10:38:11 [IWT-5-1] INFO  com.iteaj.iot.client.mqtt.MqttClient - 客户端(MQTT<默认>) 连接服务器成功 - 远程主机 127.0.0.1:1883 - 客户端标识：mqtt_gateway_env_led
10:38:11 [IWT-5-1] WARN  com.iteaj.iot.client.mqtt.MqttClient - mqtt(MQTT<默认>) CONNACK - 远程主机：127.0.0.1:mqtt_gateway_env_led - 状态: CONNECTION_REFUSED_IDENTIFIER_REJECTED
10:38:11 [IWT-5-1] WARN  com.iteaj.iot.client.handle.ClientServiceHandler - 客户端关闭(MQTT<默认>) 未知原因 - 客户端: mqtt_gateway_env_led - 远程地址: /127.0.0.1:1883
10:38:11 [IWT-5-1] WARN  com.iteaj.iot.client.mqtt.MqttClient - 客户端(MQTT<默认>) 断线重连 - 等待重连时间：15(s) - 远程主机 127.0.0.1:1883 - 客户端标识：mqtt_gateway_env_led
10:38:26 [IWT-5-2] INFO  com.iteaj.iot.client.mqtt.MqttClient - 客户端(MQTT<默认>) 连接服务器成功 - 远程主机 127.0.0.1:1883 - 客户端标识：mqtt_gateway_env_led
10:38:26 [IWT-5-2] WARN  com.iteaj.iot.client.mqtt.MqttClient - mqtt(MQTT<默认>) CONNACK - 远程主机：127.0.0.1:mqtt_gateway_env_led - 状态: CONNECTION_REFUSED_IDENTIFIER_REJECTED
10:38:26 [IWT-5-2] WARN  com.iteaj.iot.client.handle.ClientServiceHandler - 客户端关闭(MQTT<默认>) 未知原因 - 客户端: mqtt_gateway_env_led - 远程地址: /127.0.0.1:1883
10:38:26 [IWT-5-2] WARN  com.iteaj.iot.client.mqtt.MqttClient - 客户端(MQTT<默认>) 断线重连 - 等待重连时间：15(s) - 远程主机 127.0.0.1:1883 - 客户端标识：mqtt_gateway_env_led
10:38:41 [IWT-5-3] INFO  com.iteaj.iot.client.mqtt.MqttClient - 客户端(MQTT<默认>) 连接服务器成功 - 远程主机 127.0.0.1:1883 - 客户端标识：mqtt_gateway_env_led
10:38:41 [IWT-5-3] WARN  com.iteaj.iot.client.mqtt.MqttClient - mqtt(MQTT<默认>) CONNACK - 远程主机：127.0.0.1:mqtt_gateway_env_led - 状态: CONNECTION_REFUSED_IDENTIFIER_REJECTED
10:38:41 [IWT-5-3] WARN  com.iteaj.iot.client.handle.ClientServiceHandler - 客户端关闭(MQTT<默认>) 未知原因 - 客户端: mqtt_gateway_env_led - 远程地址: /127.0.0.1:1883
10:38:41 [IWT-5-3] WARN  com.iteaj.iot.client.mqtt.MqttClient - 客户端(MQTT<默认>) 断线重连 - 等待重连时间：15(s) - 远程主机 127.0.0.1:1883 - 客户端标识：mqtt_gateway_env_led
10:38:56 [IWT-5-4] INFO  com.iteaj.iot.client.mqtt.MqttClient - 客户端(MQTT<默认>) 连接服务器成功 - 远程主机 127.0.0.1:1883 - 客户端标识：mqtt_gateway_env_led
10:38:56 [IWT-5-4] WARN  com.iteaj.iot.client.mqtt.MqttClient - mqtt(MQTT<默认>) CONNACK - 远程主机：127.0.0.1:mqtt_gateway_env_led - 状态: CONNECTION_REFUSED_IDENTIFIER_REJECTED
10:38:56 [IWT-5-4] WARN  com.iteaj.iot.client.handle.ClientServiceHandler - 客户端关闭(MQTT<默认>) 未知原因 - 客户端: mqtt_gateway_env_led - 远程地址: /127.0.0.1:1883
10:38:56 [IWT-5-4] WARN  com.iteaj.iot.client.mqtt.MqttClient - 客户端(MQTT<默认>) 断线重连 - 等待重连时间：15(s) - 远程主机 127.0.0.1:1883 - 客户端标识：mqtt_gateway_env_led
10:39:11 [IWT-5-5] INFO  com.iteaj.iot.client.mqtt.MqttClient - 客户端(MQTT<默认>) 连接服务器成功 - 远程主机 127.0.0.1:1883 - 客户端标识：mqtt_gateway_env_led
10:39:11 [IWT-5-5] WARN  com.iteaj.iot.client.mqtt.MqttClient - mqtt(MQTT<默认>) CONNACK - 远程主机：127.0.0.1:mqtt_gateway_env_led - 状态: CONNECTION_REFUSED_IDENTIFIER_REJECTED
10:39:11 [IWT-5-5] WARN  com.iteaj.iot.client.handle.ClientServiceHandler - 客户端关闭(MQTT<默认>) 未知原因 - 客户端: mqtt_gateway_env_led - 远程地址: /127.0.0.1:1883
10:39:11 [IWT-5-5] WARN  com.iteaj.iot.client.mqtt.MqttClient - 客户端(MQTT<默认>) 断线重连 - 等待重连时间：15(s) - 远程主机 127.0.0.1:1883 - 客户端标识：mqtt_gateway_env_led
10:39:26 [IWT-5-6] INFO  com.iteaj.iot.client.mqtt.MqttClient - 客户端(MQTT<默认>) 连接服务器成功 - 远程主机 127.0.0.1:1883 - 客户端标识：mqtt_gateway_env_led
10:39:26 [IWT-5-6] WARN  com.iteaj.iot.client.mqtt.MqttClient - mqtt(MQTT<默认>) CONNACK - 远程主机：127.0.0.1:mqtt_gateway_env_led - 状态: CONNECTION_REFUSED_IDENTIFIER_REJECTED
10:39:26 [IWT-5-6] WARN  com.iteaj.iot.client.handle.ClientServiceHandler - 客户端关闭(MQTT<默认>) 未知原因 - 客户端: mqtt_gateway_env_led - 远程地址: /127.0.0.1:1883
10:39:26 [IWT-5-6] WARN  com.iteaj.iot.client.mqtt.MqttClient - 客户端(MQTT<默认>) 断线重连 - 等待重连时间：15(s) - 远程主机 127.0.0.1:1883 - 客户端标识：mqtt_gateway_env_led
10:39:43 [IWT-5-7] INFO  com.iteaj.iot.client.mqtt.MqttClient - 客户端(MQTT<默认>) 连接服务器成功 - 远程主机 127.0.0.1:1883 - 客户端标识：mqtt_gateway_env_led
10:39:43 [IWT-5-7] WARN  com.iteaj.iot.client.mqtt.MqttClient - mqtt(MQTT<默认>) CONNACK - 远程主机：127.0.0.1:mqtt_gateway_env_led - 状态: CONNECTION_REFUSED_IDENTIFIER_REJECTED
10:39:43 [IWT-5-7] WARN  com.iteaj.iot.client.handle.ClientServiceHandler - 客户端关闭(MQTT<默认>) 未知原因 - 客户端: mqtt_gateway_env_led - 远程地址: /127.0.0.1:1883
10:39:43 [IWT-5-7] WARN  com.iteaj.iot.client.mqtt.MqttClient - 客户端(MQTT<默认>) 断线重连 - 等待重连时间：15(s) - 远程主机 127.0.0.1:1883 - 客户端标识：mqtt_gateway_env_led
10:39:58 [IWT-5-8] INFO  com.iteaj.iot.client.mqtt.MqttClient - 客户端(MQTT<默认>) 连接服务器成功 - 远程主机 127.0.0.1:1883 - 客户端标识：mqtt_gateway_env_led
10:39:58 [IWT-5-8] WARN  com.iteaj.iot.client.mqtt.MqttClient - mqtt(MQTT<默认>) CONNACK - 远程主机：127.0.0.1:mqtt_gateway_env_led - 状态: CONNECTION_REFUSED_IDENTIFIER_REJECTED
10:39:58 [IWT-5-8] WARN  com.iteaj.iot.client.handle.ClientServiceHandler - 客户端关闭(MQTT<默认>) 未知原因 - 客户端: mqtt_gateway_env_led - 远程地址: /127.0.0.1:1883
10:39:58 [IWT-5-8] WARN  com.iteaj.iot.client.mqtt.MqttClient - 客户端(MQTT<默认>) 断线重连 - 等待重连时间：15(s) - 远程主机 127.0.0.1:1883 - 客户端标识：mqtt_gateway_env_led
10:40:13 [IWT-5-9] INFO  com.iteaj.iot.client.mqtt.MqttClient - 客户端(MQTT<默认>) 连接服务器成功 - 远程主机 127.0.0.1:1883 - 客户端标识：mqtt_gateway_env_led
10:40:13 [IWT-5-9] WARN  com.iteaj.iot.client.mqtt.MqttClient - mqtt(MQTT<默认>) CONNACK - 远程主机：127.0.0.1:mqtt_gateway_env_led - 状态: CONNECTION_REFUSED_IDENTIFIER_REJECTED
10:40:13 [IWT-5-9] WARN  com.iteaj.iot.client.handle.ClientServiceHandler - 客户端关闭(MQTT<默认>) 未知原因 - 客户端: mqtt_gateway_env_led - 远程地址: /127.0.0.1:1883
10:40:13 [IWT-5-9] WARN  com.iteaj.iot.client.mqtt.MqttClient - 客户端(MQTT<默认>) 断线重连 - 等待重连时间：15(s) - 远程主机 127.0.0.1:1883 - 客户端标识：mqtt_gateway_env_led
10:40:28 [IWT-5-10] INFO  com.iteaj.iot.client.mqtt.MqttClient - 客户端(MQTT<默认>) 连接服务器成功 - 远程主机 127.0.0.1:1883 - 客户端标识：mqtt_gateway_env_led
10:40:28 [IWT-5-10] WARN  com.iteaj.iot.client.mqtt.MqttClient - mqtt(MQTT<默认>) CONNACK - 远程主机：127.0.0.1:mqtt_gateway_env_led - 状态: CONNECTION_REFUSED_IDENTIFIER_REJECTED
10:40:28 [IWT-5-10] WARN  com.iteaj.iot.client.handle.ClientServiceHandler - 客户端关闭(MQTT<默认>) 未知原因 - 客户端: mqtt_gateway_env_led - 远程地址: /127.0.0.1:1883
10:40:28 [IWT-5-10] WARN  com.iteaj.iot.client.mqtt.MqttClient - 客户端(MQTT<默认>) 断线重连 - 等待重连时间：15(s) - 远程主机 127.0.0.1:1883 - 客户端标识：mqtt_gateway_env_led
10:40:43 [IWT-5-11] INFO  com.iteaj.iot.client.mqtt.MqttClient - 客户端(MQTT<默认>) 连接服务器成功 - 远程主机 127.0.0.1:1883 - 客户端标识：mqtt_gateway_env_led
10:40:43 [IWT-5-11] WARN  com.iteaj.iot.client.mqtt.MqttClient - mqtt(MQTT<默认>) CONNACK - 远程主机：127.0.0.1:mqtt_gateway_env_led - 状态: CONNECTION_REFUSED_IDENTIFIER_REJECTED
10:40:43 [IWT-5-11] WARN  com.iteaj.iot.client.handle.ClientServiceHandler - 客户端关闭(MQTT<默认>) 未知原因 - 客户端: mqtt_gateway_env_led - 远程地址: /127.0.0.1:1883
10:40:43 [IWT-5-11] WARN  com.iteaj.iot.client.mqtt.MqttClient - 客户端(MQTT<默认>) 断线重连 - 等待重连时间：15(s) - 远程主机 127.0.0.1:1883 - 客户端标识：mqtt_gateway_env_led
10:40:58 [IWT-5-12] INFO  com.iteaj.iot.client.mqtt.MqttClient - 客户端(MQTT<默认>) 连接服务器成功 - 远程主机 127.0.0.1:1883 - 客户端标识：mqtt_gateway_env_led
10:40:58 [IWT-5-12] WARN  com.iteaj.iot.client.mqtt.MqttClient - mqtt(MQTT<默认>) CONNACK - 远程主机：127.0.0.1:mqtt_gateway_env_led - 状态: CONNECTION_REFUSED_IDENTIFIER_REJECTED
10:40:58 [IWT-5-12] WARN  com.iteaj.iot.client.handle.ClientServiceHandler - 客户端关闭(MQTT<默认>) 未知原因 - 客户端: mqtt_gateway_env_led - 远程地址: /127.0.0.1:1883
10:40:58 [IWT-5-12] WARN  com.iteaj.iot.client.mqtt.MqttClient - 客户端(MQTT<默认>) 断线重连 - 等待重连时间：15(s) - 远程主机 127.0.0.1:1883 - 客户端标识：mqtt_gateway_env_led
10:41:14 [IWT-5-13] INFO  com.iteaj.iot.client.mqtt.MqttClient - 客户端(MQTT<默认>) 连接服务器成功 - 远程主机 127.0.0.1:1883 - 客户端标识：mqtt_gateway_env_led
10:41:14 [IWT-5-13] WARN  com.iteaj.iot.client.mqtt.MqttClient - mqtt(MQTT<默认>) CONNACK - 远程主机：127.0.0.1:mqtt_gateway_env_led - 状态: CONNECTION_REFUSED_IDENTIFIER_REJECTED
10:41:14 [IWT-5-13] WARN  com.iteaj.iot.client.handle.ClientServiceHandler - 客户端关闭(MQTT<默认>) 未知原因 - 客户端: mqtt_gateway_env_led - 远程地址: /127.0.0.1:1883
10:41:14 [IWT-5-13] WARN  com.iteaj.iot.client.mqtt.MqttClient - 客户端(MQTT<默认>) 断线重连 - 等待重连时间：15(s) - 远程主机 127.0.0.1:1883 - 客户端标识：mqtt_gateway_env_led
10:41:29 [IWT-5-14] INFO  com.iteaj.iot.client.mqtt.MqttClient - 客户端(MQTT<默认>) 连接服务器成功 - 远程主机 127.0.0.1:1883 - 客户端标识：mqtt_gateway_env_led
10:41:29 [IWT-5-14] WARN  com.iteaj.iot.client.mqtt.MqttClient - mqtt(MQTT<默认>) CONNACK - 远程主机：127.0.0.1:mqtt_gateway_env_led - 状态: CONNECTION_REFUSED_IDENTIFIER_REJECTED
10:41:29 [IWT-5-14] WARN  com.iteaj.iot.client.handle.ClientServiceHandler - 客户端关闭(MQTT<默认>) 未知原因 - 客户端: mqtt_gateway_env_led - 远程地址: /127.0.0.1:1883
10:41:29 [IWT-5-14] WARN  com.iteaj.iot.client.mqtt.MqttClient - 客户端(MQTT<默认>) 断线重连 - 等待重连时间：15(s) - 远程主机 127.0.0.1:1883 - 客户端标识：mqtt_gateway_env_led
10:41:44 [IWT-5-15] INFO  com.iteaj.iot.client.mqtt.MqttClient - 客户端(MQTT<默认>) 连接服务器成功 - 远程主机 127.0.0.1:1883 - 客户端标识：mqtt_gateway_env_led
10:41:44 [IWT-5-15] WARN  com.iteaj.iot.client.mqtt.MqttClient - mqtt(MQTT<默认>) CONNACK - 远程主机：127.0.0.1:mqtt_gateway_env_led - 状态: CONNECTION_REFUSED_IDENTIFIER_REJECTED
10:41:44 [IWT-5-15] WARN  com.iteaj.iot.client.handle.ClientServiceHandler - 客户端关闭(MQTT<默认>) 未知原因 - 客户端: mqtt_gateway_env_led - 远程地址: /127.0.0.1:1883
10:41:44 [IWT-5-15] WARN  com.iteaj.iot.client.mqtt.MqttClient - 客户端(MQTT<默认>) 断线重连 - 等待重连时间：15(s) - 远程主机 127.0.0.1:1883 - 客户端标识：mqtt_gateway_env_led
10:41:59 [IWT-5-16] INFO  com.iteaj.iot.client.mqtt.MqttClient - 客户端(MQTT<默认>) 连接服务器成功 - 远程主机 127.0.0.1:1883 - 客户端标识：mqtt_gateway_env_led
10:41:59 [IWT-5-16] WARN  com.iteaj.iot.client.mqtt.MqttClient - mqtt(MQTT<默认>) CONNACK - 远程主机：127.0.0.1:mqtt_gateway_env_led - 状态: CONNECTION_REFUSED_IDENTIFIER_REJECTED
10:41:59 [IWT-5-16] WARN  com.iteaj.iot.client.handle.ClientServiceHandler - 客户端关闭(MQTT<默认>) 未知原因 - 客户端: mqtt_gateway_env_led - 远程地址: /127.0.0.1:1883
10:41:59 [IWT-5-16] WARN  com.iteaj.iot.client.mqtt.MqttClient - 客户端(MQTT<默认>) 断线重连 - 等待重连时间：15(s) - 远程主机 127.0.0.1:1883 - 客户端标识：mqtt_gateway_env_led
10:42:14 [IWT-5-1] INFO  com.iteaj.iot.client.mqtt.MqttClient - 客户端(MQTT<默认>) 连接服务器成功 - 远程主机 127.0.0.1:1883 - 客户端标识：mqtt_gateway_env_led
10:42:14 [IWT-5-1] WARN  com.iteaj.iot.client.mqtt.MqttClient - mqtt(MQTT<默认>) CONNACK - 远程主机：127.0.0.1:mqtt_gateway_env_led - 状态: CONNECTION_REFUSED_IDENTIFIER_REJECTED
10:42:14 [IWT-5-1] WARN  com.iteaj.iot.client.handle.ClientServiceHandler - 客户端关闭(MQTT<默认>) 未知原因 - 客户端: mqtt_gateway_env_led - 远程地址: /127.0.0.1:1883
10:42:14 [IWT-5-1] WARN  com.iteaj.iot.client.mqtt.MqttClient - 客户端(MQTT<默认>) 断线重连 - 等待重连时间：15(s) - 远程主机 127.0.0.1:1883 - 客户端标识：mqtt_gateway_env_led
10:42:29 [IWT-5-2] INFO  com.iteaj.iot.client.mqtt.MqttClient - 客户端(MQTT<默认>) 连接服务器成功 - 远程主机 127.0.0.1:1883 - 客户端标识：mqtt_gateway_env_led
10:42:29 [IWT-5-2] WARN  com.iteaj.iot.client.mqtt.MqttClient - mqtt(MQTT<默认>) CONNACK - 远程主机：127.0.0.1:mqtt_gateway_env_led - 状态: CONNECTION_REFUSED_IDENTIFIER_REJECTED
10:42:29 [IWT-5-2] WARN  com.iteaj.iot.client.handle.ClientServiceHandler - 客户端关闭(MQTT<默认>) 未知原因 - 客户端: mqtt_gateway_env_led - 远程地址: /127.0.0.1:1883
10:42:29 [IWT-5-2] WARN  com.iteaj.iot.client.mqtt.MqttClient - 客户端(MQTT<默认>) 断线重连 - 等待重连时间：15(s) - 远程主机 127.0.0.1:1883 - 客户端标识：mqtt_gateway_env_led
10:42:44 [IWT-5-3] INFO  com.iteaj.iot.client.mqtt.MqttClient - 客户端(MQTT<默认>) 连接服务器成功 - 远程主机 127.0.0.1:1883 - 客户端标识：mqtt_gateway_env_led
10:42:44 [IWT-5-3] WARN  com.iteaj.iot.client.mqtt.MqttClient - mqtt(MQTT<默认>) CONNACK - 远程主机：127.0.0.1:mqtt_gateway_env_led - 状态: CONNECTION_REFUSED_IDENTIFIER_REJECTED
10:42:44 [IWT-5-3] WARN  com.iteaj.iot.client.handle.ClientServiceHandler - 客户端关闭(MQTT<默认>) 未知原因 - 客户端: mqtt_gateway_env_led - 远程地址: /127.0.0.1:1883
10:42:44 [IWT-5-3] WARN  com.iteaj.iot.client.mqtt.MqttClient - 客户端(MQTT<默认>) 断线重连 - 等待重连时间：15(s) - 远程主机 127.0.0.1:1883 - 客户端标识：mqtt_gateway_env_led
10:43:00 [IWT-5-4] INFO  com.iteaj.iot.client.mqtt.MqttClient - 客户端(MQTT<默认>) 连接服务器成功 - 远程主机 127.0.0.1:1883 - 客户端标识：mqtt_gateway_env_led
10:43:00 [IWT-5-4] WARN  com.iteaj.iot.client.mqtt.MqttClient - mqtt(MQTT<默认>) CONNACK - 远程主机：127.0.0.1:mqtt_gateway_env_led - 状态: CONNECTION_REFUSED_IDENTIFIER_REJECTED
10:43:00 [IWT-5-4] WARN  com.iteaj.iot.client.handle.ClientServiceHandler - 客户端关闭(MQTT<默认>) 未知原因 - 客户端: mqtt_gateway_env_led - 远程地址: /127.0.0.1:1883
10:43:00 [IWT-5-4] WARN  com.iteaj.iot.client.mqtt.MqttClient - 客户端(MQTT<默认>) 断线重连 - 等待重连时间：15(s) - 远程主机 127.0.0.1:1883 - 客户端标识：mqtt_gateway_env_led
10:43:15 [IWT-5-5] INFO  com.iteaj.iot.client.mqtt.MqttClient - 客户端(MQTT<默认>) 连接服务器成功 - 远程主机 127.0.0.1:1883 - 客户端标识：mqtt_gateway_env_led
10:43:15 [IWT-5-5] WARN  com.iteaj.iot.client.mqtt.MqttClient - mqtt(MQTT<默认>) CONNACK - 远程主机：127.0.0.1:mqtt_gateway_env_led - 状态: CONNECTION_REFUSED_IDENTIFIER_REJECTED
10:43:15 [IWT-5-5] WARN  com.iteaj.iot.client.handle.ClientServiceHandler - 客户端关闭(MQTT<默认>) 未知原因 - 客户端: mqtt_gateway_env_led - 远程地址: /127.0.0.1:1883
10:43:15 [IWT-5-5] WARN  com.iteaj.iot.client.mqtt.MqttClient - 客户端(MQTT<默认>) 断线重连 - 等待重连时间：15(s) - 远程主机 127.0.0.1:1883 - 客户端标识：mqtt_gateway_env_led
10:43:31 [IWT-5-6] INFO  com.iteaj.iot.client.mqtt.MqttClient - 客户端(MQTT<默认>) 连接服务器成功 - 远程主机 127.0.0.1:1883 - 客户端标识：mqtt_gateway_env_led
10:43:31 [IWT-5-6] WARN  com.iteaj.iot.client.mqtt.MqttClient - mqtt(MQTT<默认>) CONNACK - 远程主机：127.0.0.1:mqtt_gateway_env_led - 状态: CONNECTION_REFUSED_IDENTIFIER_REJECTED
10:43:31 [IWT-5-6] WARN  com.iteaj.iot.client.handle.ClientServiceHandler - 客户端关闭(MQTT<默认>) 未知原因 - 客户端: mqtt_gateway_env_led - 远程地址: /127.0.0.1:1883
10:43:31 [IWT-5-6] WARN  com.iteaj.iot.client.mqtt.MqttClient - 客户端(MQTT<默认>) 断线重连 - 等待重连时间：15(s) - 远程主机 127.0.0.1:1883 - 客户端标识：mqtt_gateway_env_led
10:43:46 [IWT-5-7] INFO  com.iteaj.iot.client.mqtt.MqttClient - 客户端(MQTT<默认>) 连接服务器成功 - 远程主机 127.0.0.1:1883 - 客户端标识：mqtt_gateway_env_led
10:43:46 [IWT-5-7] WARN  com.iteaj.iot.client.mqtt.MqttClient - mqtt(MQTT<默认>) CONNACK - 远程主机：127.0.0.1:mqtt_gateway_env_led - 状态: CONNECTION_REFUSED_IDENTIFIER_REJECTED
10:43:46 [IWT-5-7] WARN  com.iteaj.iot.client.handle.ClientServiceHandler - 客户端关闭(MQTT<默认>) 未知原因 - 客户端: mqtt_gateway_env_led - 远程地址: /127.0.0.1:1883
10:43:46 [IWT-5-7] WARN  com.iteaj.iot.client.mqtt.MqttClient - 客户端(MQTT<默认>) 断线重连 - 等待重连时间：15(s) - 远程主机 127.0.0.1:1883 - 客户端标识：mqtt_gateway_env_led
10:44:01 [IWT-5-8] INFO  com.iteaj.iot.client.mqtt.MqttClient - 客户端(MQTT<默认>) 连接服务器成功 - 远程主机 127.0.0.1:1883 - 客户端标识：mqtt_gateway_env_led
10:44:01 [IWT-5-8] WARN  com.iteaj.iot.client.mqtt.MqttClient - mqtt(MQTT<默认>) CONNACK - 远程主机：127.0.0.1:mqtt_gateway_env_led - 状态: CONNECTION_REFUSED_IDENTIFIER_REJECTED
10:44:01 [IWT-5-8] WARN  com.iteaj.iot.client.handle.ClientServiceHandler - 客户端关闭(MQTT<默认>) 未知原因 - 客户端: mqtt_gateway_env_led - 远程地址: /127.0.0.1:1883
10:44:01 [IWT-5-8] WARN  com.iteaj.iot.client.mqtt.MqttClient - 客户端(MQTT<默认>) 断线重连 - 等待重连时间：15(s) - 远程主机 127.0.0.1:1883 - 客户端标识：mqtt_gateway_env_led
10:44:16 [IWT-5-9] INFO  com.iteaj.iot.client.mqtt.MqttClient - 客户端(MQTT<默认>) 连接服务器成功 - 远程主机 127.0.0.1:1883 - 客户端标识：mqtt_gateway_env_led
10:44:16 [IWT-5-9] WARN  com.iteaj.iot.client.mqtt.MqttClient - mqtt(MQTT<默认>) CONNACK - 远程主机：127.0.0.1:mqtt_gateway_env_led - 状态: CONNECTION_REFUSED_IDENTIFIER_REJECTED
10:44:16 [IWT-5-9] WARN  com.iteaj.iot.client.handle.ClientServiceHandler - 客户端关闭(MQTT<默认>) 未知原因 - 客户端: mqtt_gateway_env_led - 远程地址: /127.0.0.1:1883
10:44:16 [IWT-5-9] WARN  com.iteaj.iot.client.mqtt.MqttClient - 客户端(MQTT<默认>) 断线重连 - 等待重连时间：15(s) - 远程主机 127.0.0.1:1883 - 客户端标识：mqtt_gateway_env_led
10:44:31 [IWT-5-10] INFO  com.iteaj.iot.client.mqtt.MqttClient - 客户端(MQTT<默认>) 连接服务器成功 - 远程主机 127.0.0.1:1883 - 客户端标识：mqtt_gateway_env_led
10:44:31 [IWT-5-10] WARN  com.iteaj.iot.client.mqtt.MqttClient - mqtt(MQTT<默认>) CONNACK - 远程主机：127.0.0.1:mqtt_gateway_env_led - 状态: CONNECTION_REFUSED_IDENTIFIER_REJECTED
10:44:31 [IWT-5-10] WARN  com.iteaj.iot.client.handle.ClientServiceHandler - 客户端关闭(MQTT<默认>) 未知原因 - 客户端: mqtt_gateway_env_led - 远程地址: /127.0.0.1:1883
10:44:31 [IWT-5-10] WARN  com.iteaj.iot.client.mqtt.MqttClient - 客户端(MQTT<默认>) 断线重连 - 等待重连时间：15(s) - 远程主机 127.0.0.1:1883 - 客户端标识：mqtt_gateway_env_led
10:44:46 [IWT-5-11] INFO  com.iteaj.iot.client.mqtt.MqttClient - 客户端(MQTT<默认>) 连接服务器成功 - 远程主机 127.0.0.1:1883 - 客户端标识：mqtt_gateway_env_led
10:44:46 [IWT-5-11] WARN  com.iteaj.iot.client.mqtt.MqttClient - mqtt(MQTT<默认>) CONNACK - 远程主机：127.0.0.1:mqtt_gateway_env_led - 状态: CONNECTION_REFUSED_IDENTIFIER_REJECTED
10:44:46 [IWT-5-11] WARN  com.iteaj.iot.client.handle.ClientServiceHandler - 客户端关闭(MQTT<默认>) 未知原因 - 客户端: mqtt_gateway_env_led - 远程地址: /127.0.0.1:1883
10:44:46 [IWT-5-11] WARN  com.iteaj.iot.client.mqtt.MqttClient - 客户端(MQTT<默认>) 断线重连 - 等待重连时间：15(s) - 远程主机 127.0.0.1:1883 - 客户端标识：mqtt_gateway_env_led
10:45:01 [IWT-5-12] INFO  com.iteaj.iot.client.mqtt.MqttClient - 客户端(MQTT<默认>) 连接服务器成功 - 远程主机 127.0.0.1:1883 - 客户端标识：mqtt_gateway_env_led
10:45:01 [IWT-5-12] WARN  com.iteaj.iot.client.mqtt.MqttClient - mqtt(MQTT<默认>) CONNACK - 远程主机：127.0.0.1:mqtt_gateway_env_led - 状态: CONNECTION_REFUSED_IDENTIFIER_REJECTED
10:45:01 [IWT-5-12] WARN  com.iteaj.iot.client.handle.ClientServiceHandler - 客户端关闭(MQTT<默认>) 未知原因 - 客户端: mqtt_gateway_env_led - 远程地址: /127.0.0.1:1883
10:45:01 [IWT-5-12] WARN  com.iteaj.iot.client.mqtt.MqttClient - 客户端(MQTT<默认>) 断线重连 - 等待重连时间：15(s) - 远程主机 127.0.0.1:1883 - 客户端标识：mqtt_gateway_env_led
10:45:16 [IWT-5-13] INFO  com.iteaj.iot.client.mqtt.MqttClient - 客户端(MQTT<默认>) 连接服务器成功 - 远程主机 127.0.0.1:1883 - 客户端标识：mqtt_gateway_env_led
10:45:16 [IWT-5-13] WARN  com.iteaj.iot.client.mqtt.MqttClient - mqtt(MQTT<默认>) CONNACK - 远程主机：127.0.0.1:mqtt_gateway_env_led - 状态: CONNECTION_REFUSED_IDENTIFIER_REJECTED
10:45:16 [IWT-5-13] WARN  com.iteaj.iot.client.handle.ClientServiceHandler - 客户端关闭(MQTT<默认>) 未知原因 - 客户端: mqtt_gateway_env_led - 远程地址: /127.0.0.1:1883
10:45:16 [IWT-5-13] WARN  com.iteaj.iot.client.mqtt.MqttClient - 客户端(MQTT<默认>) 断线重连 - 等待重连时间：15(s) - 远程主机 127.0.0.1:1883 - 客户端标识：mqtt_gateway_env_led
10:45:32 [IWT-5-14] INFO  com.iteaj.iot.client.mqtt.MqttClient - 客户端(MQTT<默认>) 连接服务器成功 - 远程主机 127.0.0.1:1883 - 客户端标识：mqtt_gateway_env_led
10:45:32 [IWT-5-14] WARN  com.iteaj.iot.client.mqtt.MqttClient - mqtt(MQTT<默认>) CONNACK - 远程主机：127.0.0.1:mqtt_gateway_env_led - 状态: CONNECTION_REFUSED_IDENTIFIER_REJECTED
10:45:32 [IWT-5-14] WARN  com.iteaj.iot.client.handle.ClientServiceHandler - 客户端关闭(MQTT<默认>) 未知原因 - 客户端: mqtt_gateway_env_led - 远程地址: /127.0.0.1:1883
10:45:32 [IWT-5-14] WARN  com.iteaj.iot.client.mqtt.MqttClient - 客户端(MQTT<默认>) 断线重连 - 等待重连时间：15(s) - 远程主机 127.0.0.1:1883 - 客户端标识：mqtt_gateway_env_led
10:45:47 [IWT-5-15] INFO  com.iteaj.iot.client.mqtt.MqttClient - 客户端(MQTT<默认>) 连接服务器成功 - 远程主机 127.0.0.1:1883 - 客户端标识：mqtt_gateway_env_led
10:45:47 [IWT-5-15] WARN  com.iteaj.iot.client.mqtt.MqttClient - mqtt(MQTT<默认>) CONNACK - 远程主机：127.0.0.1:mqtt_gateway_env_led - 状态: CONNECTION_REFUSED_IDENTIFIER_REJECTED
10:45:47 [IWT-5-15] WARN  com.iteaj.iot.client.handle.ClientServiceHandler - 客户端关闭(MQTT<默认>) 未知原因 - 客户端: mqtt_gateway_env_led - 远程地址: /127.0.0.1:1883
10:45:47 [IWT-5-15] WARN  com.iteaj.iot.client.mqtt.MqttClient - 客户端(MQTT<默认>) 断线重连 - 等待重连时间：15(s) - 远程主机 127.0.0.1:1883 - 客户端标识：mqtt_gateway_env_led
10:46:02 [IWT-5-16] INFO  com.iteaj.iot.client.mqtt.MqttClient - 客户端(MQTT<默认>) 连接服务器成功 - 远程主机 127.0.0.1:1883 - 客户端标识：mqtt_gateway_env_led
10:46:02 [IWT-5-16] WARN  com.iteaj.iot.client.mqtt.MqttClient - mqtt(MQTT<默认>) CONNACK - 远程主机：127.0.0.1:mqtt_gateway_env_led - 状态: CONNECTION_REFUSED_IDENTIFIER_REJECTED
10:46:02 [IWT-5-16] WARN  com.iteaj.iot.client.handle.ClientServiceHandler - 客户端关闭(MQTT<默认>) 未知原因 - 客户端: mqtt_gateway_env_led - 远程地址: /127.0.0.1:1883
10:46:02 [IWT-5-16] WARN  com.iteaj.iot.client.mqtt.MqttClient - 客户端(MQTT<默认>) 断线重连 - 等待重连时间：15(s) - 远程主机 127.0.0.1:1883 - 客户端标识：mqtt_gateway_env_led
10:46:18 [IWT-5-1] INFO  com.iteaj.iot.client.mqtt.MqttClient - 客户端(MQTT<默认>) 连接服务器成功 - 远程主机 127.0.0.1:1883 - 客户端标识：mqtt_gateway_env_led
10:46:18 [IWT-5-1] WARN  com.iteaj.iot.client.mqtt.MqttClient - mqtt(MQTT<默认>) CONNACK - 远程主机：127.0.0.1:mqtt_gateway_env_led - 状态: CONNECTION_REFUSED_IDENTIFIER_REJECTED
10:46:18 [IWT-5-1] WARN  com.iteaj.iot.client.handle.ClientServiceHandler - 客户端关闭(MQTT<默认>) 未知原因 - 客户端: mqtt_gateway_env_led - 远程地址: /127.0.0.1:1883
10:46:18 [IWT-5-1] WARN  com.iteaj.iot.client.mqtt.MqttClient - 客户端(MQTT<默认>) 断线重连 - 等待重连时间：15(s) - 远程主机 127.0.0.1:1883 - 客户端标识：mqtt_gateway_env_led
10:46:33 [IWT-5-2] INFO  com.iteaj.iot.client.mqtt.MqttClient - 客户端(MQTT<默认>) 连接服务器成功 - 远程主机 127.0.0.1:1883 - 客户端标识：mqtt_gateway_env_led
10:46:33 [IWT-5-2] WARN  com.iteaj.iot.client.mqtt.MqttClient - mqtt(MQTT<默认>) CONNACK - 远程主机：127.0.0.1:mqtt_gateway_env_led - 状态: CONNECTION_REFUSED_IDENTIFIER_REJECTED
10:46:33 [IWT-5-2] WARN  com.iteaj.iot.client.handle.ClientServiceHandler - 客户端关闭(MQTT<默认>) 未知原因 - 客户端: mqtt_gateway_env_led - 远程地址: /127.0.0.1:1883
10:46:33 [IWT-5-2] WARN  com.iteaj.iot.client.mqtt.MqttClient - 客户端(MQTT<默认>) 断线重连 - 等待重连时间：15(s) - 远程主机 127.0.0.1:1883 - 客户端标识：mqtt_gateway_env_led
10:46:48 [IWT-5-3] INFO  com.iteaj.iot.client.mqtt.MqttClient - 客户端(MQTT<默认>) 连接服务器成功 - 远程主机 127.0.0.1:1883 - 客户端标识：mqtt_gateway_env_led
10:46:50 [IWT-5-3] WARN  com.iteaj.iot.client.mqtt.MqttClient - mqtt(MQTT<默认>) CONNACK - 远程主机：127.0.0.1:mqtt_gateway_env_led - 状态: CONNECTION_REFUSED_IDENTIFIER_REJECTED
10:46:50 [IWT-5-3] WARN  com.iteaj.iot.client.handle.ClientServiceHandler - 客户端关闭(MQTT<默认>) 未知原因 - 客户端: mqtt_gateway_env_led - 远程地址: /127.0.0.1:1883
10:46:50 [IWT-5-3] WARN  com.iteaj.iot.client.mqtt.MqttClient - 客户端(MQTT<默认>) 断线重连 - 等待重连时间：15(s) - 远程主机 127.0.0.1:1883 - 客户端标识：mqtt_gateway_env_led
10:47:08 [IWT-5-4] INFO  com.iteaj.iot.client.mqtt.MqttClient - 客户端(MQTT<默认>) 连接服务器成功 - 远程主机 127.0.0.1:1883 - 客户端标识：mqtt_gateway_env_led
10:47:08 [IWT-5-4] WARN  com.iteaj.iot.client.mqtt.MqttClient - mqtt(MQTT<默认>) CONNACK - 远程主机：127.0.0.1:mqtt_gateway_env_led - 状态: CONNECTION_REFUSED_IDENTIFIER_REJECTED
10:47:08 [IWT-5-4] WARN  com.iteaj.iot.client.handle.ClientServiceHandler - 客户端关闭(MQTT<默认>) 未知原因 - 客户端: mqtt_gateway_env_led - 远程地址: /127.0.0.1:1883
10:47:08 [IWT-5-4] WARN  com.iteaj.iot.client.mqtt.MqttClient - 客户端(MQTT<默认>) 断线重连 - 等待重连时间：15(s) - 远程主机 127.0.0.1:1883 - 客户端标识：mqtt_gateway_env_led
10:47:26 [IWT-5-5] INFO  com.iteaj.iot.client.mqtt.MqttClient - 客户端(MQTT<默认>) 连接服务器成功 - 远程主机 127.0.0.1:1883 - 客户端标识：mqtt_gateway_env_led
10:47:26 [IWT-5-5] WARN  com.iteaj.iot.client.mqtt.MqttClient - mqtt(MQTT<默认>) CONNACK - 远程主机：127.0.0.1:mqtt_gateway_env_led - 状态: CONNECTION_REFUSED_IDENTIFIER_REJECTED
10:47:26 [IWT-5-5] WARN  com.iteaj.iot.client.handle.ClientServiceHandler - 客户端关闭(MQTT<默认>) 未知原因 - 客户端: mqtt_gateway_env_led - 远程地址: /127.0.0.1:1883
10:47:26 [IWT-5-5] WARN  com.iteaj.iot.client.mqtt.MqttClient - 客户端(MQTT<默认>) 断线重连 - 等待重连时间：15(s) - 远程主机 127.0.0.1:1883 - 客户端标识：mqtt_gateway_env_led
10:47:41 [IWT-5-6] INFO  com.iteaj.iot.client.mqtt.MqttClient - 客户端(MQTT<默认>) 连接服务器成功 - 远程主机 127.0.0.1:1883 - 客户端标识：mqtt_gateway_env_led
10:47:41 [IWT-5-6] WARN  com.iteaj.iot.client.mqtt.MqttClient - mqtt(MQTT<默认>) CONNACK - 远程主机：127.0.0.1:mqtt_gateway_env_led - 状态: CONNECTION_REFUSED_IDENTIFIER_REJECTED
10:47:41 [IWT-5-6] WARN  com.iteaj.iot.client.handle.ClientServiceHandler - 客户端关闭(MQTT<默认>) 未知原因 - 客户端: mqtt_gateway_env_led - 远程地址: /127.0.0.1:1883
10:47:41 [IWT-5-6] WARN  com.iteaj.iot.client.mqtt.MqttClient - 客户端(MQTT<默认>) 断线重连 - 等待重连时间：15(s) - 远程主机 127.0.0.1:1883 - 客户端标识：mqtt_gateway_env_led
10:47:56 [IWT-5-7] INFO  com.iteaj.iot.client.mqtt.MqttClient - 客户端(MQTT<默认>) 连接服务器成功 - 远程主机 127.0.0.1:1883 - 客户端标识：mqtt_gateway_env_led
10:47:56 [IWT-5-7] WARN  com.iteaj.iot.client.mqtt.MqttClient - mqtt(MQTT<默认>) CONNACK - 远程主机：127.0.0.1:mqtt_gateway_env_led - 状态: CONNECTION_REFUSED_IDENTIFIER_REJECTED
10:47:56 [IWT-5-7] WARN  com.iteaj.iot.client.handle.ClientServiceHandler - 客户端关闭(MQTT<默认>) 未知原因 - 客户端: mqtt_gateway_env_led - 远程地址: /127.0.0.1:1883
10:47:56 [IWT-5-7] WARN  com.iteaj.iot.client.mqtt.MqttClient - 客户端(MQTT<默认>) 断线重连 - 等待重连时间：15(s) - 远程主机 127.0.0.1:1883 - 客户端标识：mqtt_gateway_env_led
10:48:11 [IWT-5-8] INFO  com.iteaj.iot.client.mqtt.MqttClient - 客户端(MQTT<默认>) 连接服务器成功 - 远程主机 127.0.0.1:1883 - 客户端标识：mqtt_gateway_env_led
10:48:11 [IWT-5-8] WARN  com.iteaj.iot.client.mqtt.MqttClient - mqtt(MQTT<默认>) CONNACK - 远程主机：127.0.0.1:mqtt_gateway_env_led - 状态: CONNECTION_REFUSED_IDENTIFIER_REJECTED
10:48:11 [IWT-5-8] WARN  com.iteaj.iot.client.handle.ClientServiceHandler - 客户端关闭(MQTT<默认>) 未知原因 - 客户端: mqtt_gateway_env_led - 远程地址: /127.0.0.1:1883
10:48:11 [IWT-5-8] WARN  com.iteaj.iot.client.mqtt.MqttClient - 客户端(MQTT<默认>) 断线重连 - 等待重连时间：15(s) - 远程主机 127.0.0.1:1883 - 客户端标识：mqtt_gateway_env_led
10:48:26 [IWT-5-9] INFO  com.iteaj.iot.client.mqtt.MqttClient - 客户端(MQTT<默认>) 连接服务器成功 - 远程主机 127.0.0.1:1883 - 客户端标识：mqtt_gateway_env_led
10:48:26 [IWT-5-9] WARN  com.iteaj.iot.client.mqtt.MqttClient - mqtt(MQTT<默认>) CONNACK - 远程主机：127.0.0.1:mqtt_gateway_env_led - 状态: CONNECTION_REFUSED_IDENTIFIER_REJECTED
10:48:26 [IWT-5-9] WARN  com.iteaj.iot.client.handle.ClientServiceHandler - 客户端关闭(MQTT<默认>) 未知原因 - 客户端: mqtt_gateway_env_led - 远程地址: /127.0.0.1:1883
10:48:26 [IWT-5-9] WARN  com.iteaj.iot.client.mqtt.MqttClient - 客户端(MQTT<默认>) 断线重连 - 等待重连时间：15(s) - 远程主机 127.0.0.1:1883 - 客户端标识：mqtt_gateway_env_led
10:48:41 [IWT-5-10] INFO  com.iteaj.iot.client.mqtt.MqttClient - 客户端(MQTT<默认>) 连接服务器成功 - 远程主机 127.0.0.1:1883 - 客户端标识：mqtt_gateway_env_led
10:48:41 [IWT-5-10] WARN  com.iteaj.iot.client.mqtt.MqttClient - mqtt(MQTT<默认>) CONNACK - 远程主机：127.0.0.1:mqtt_gateway_env_led - 状态: CONNECTION_REFUSED_IDENTIFIER_REJECTED
10:48:41 [IWT-5-10] WARN  com.iteaj.iot.client.handle.ClientServiceHandler - 客户端关闭(MQTT<默认>) 未知原因 - 客户端: mqtt_gateway_env_led - 远程地址: /127.0.0.1:1883
10:48:41 [IWT-5-10] WARN  com.iteaj.iot.client.mqtt.MqttClient - 客户端(MQTT<默认>) 断线重连 - 等待重连时间：15(s) - 远程主机 127.0.0.1:1883 - 客户端标识：mqtt_gateway_env_led
10:48:56 [IWT-5-11] INFO  com.iteaj.iot.client.mqtt.MqttClient - 客户端(MQTT<默认>) 连接服务器成功 - 远程主机 127.0.0.1:1883 - 客户端标识：mqtt_gateway_env_led
10:48:56 [IWT-5-11] WARN  com.iteaj.iot.client.mqtt.MqttClient - mqtt(MQTT<默认>) CONNACK - 远程主机：127.0.0.1:mqtt_gateway_env_led - 状态: CONNECTION_REFUSED_IDENTIFIER_REJECTED
10:48:56 [IWT-5-11] WARN  com.iteaj.iot.client.handle.ClientServiceHandler - 客户端关闭(MQTT<默认>) 未知原因 - 客户端: mqtt_gateway_env_led - 远程地址: /127.0.0.1:1883
10:48:56 [IWT-5-11] WARN  com.iteaj.iot.client.mqtt.MqttClient - 客户端(MQTT<默认>) 断线重连 - 等待重连时间：15(s) - 远程主机 127.0.0.1:1883 - 客户端标识：mqtt_gateway_env_led
10:49:11 [IWT-5-12] INFO  com.iteaj.iot.client.mqtt.MqttClient - 客户端(MQTT<默认>) 连接服务器成功 - 远程主机 127.0.0.1:1883 - 客户端标识：mqtt_gateway_env_led
10:49:11 [IWT-5-12] WARN  com.iteaj.iot.client.mqtt.MqttClient - mqtt(MQTT<默认>) CONNACK - 远程主机：127.0.0.1:mqtt_gateway_env_led - 状态: CONNECTION_REFUSED_IDENTIFIER_REJECTED
10:49:11 [IWT-5-12] WARN  com.iteaj.iot.client.handle.ClientServiceHandler - 客户端关闭(MQTT<默认>) 未知原因 - 客户端: mqtt_gateway_env_led - 远程地址: /127.0.0.1:1883
10:49:11 [IWT-5-12] WARN  com.iteaj.iot.client.mqtt.MqttClient - 客户端(MQTT<默认>) 断线重连 - 等待重连时间：15(s) - 远程主机 127.0.0.1:1883 - 客户端标识：mqtt_gateway_env_led
10:49:27 [IWT-5-13] INFO  com.iteaj.iot.client.mqtt.MqttClient - 客户端(MQTT<默认>) 连接服务器成功 - 远程主机 127.0.0.1:1883 - 客户端标识：mqtt_gateway_env_led
10:49:27 [IWT-5-13] WARN  com.iteaj.iot.client.mqtt.MqttClient - mqtt(MQTT<默认>) CONNACK - 远程主机：127.0.0.1:mqtt_gateway_env_led - 状态: CONNECTION_REFUSED_IDENTIFIER_REJECTED
10:49:27 [IWT-5-13] WARN  com.iteaj.iot.client.handle.ClientServiceHandler - 客户端关闭(MQTT<默认>) 未知原因 - 客户端: mqtt_gateway_env_led - 远程地址: /127.0.0.1:1883
10:49:27 [IWT-5-13] WARN  com.iteaj.iot.client.mqtt.MqttClient - 客户端(MQTT<默认>) 断线重连 - 等待重连时间：15(s) - 远程主机 127.0.0.1:1883 - 客户端标识：mqtt_gateway_env_led
10:49:42 [IWT-5-14] INFO  com.iteaj.iot.client.mqtt.MqttClient - 客户端(MQTT<默认>) 连接服务器成功 - 远程主机 127.0.0.1:1883 - 客户端标识：mqtt_gateway_env_led
10:49:42 [IWT-5-14] WARN  com.iteaj.iot.client.mqtt.MqttClient - mqtt(MQTT<默认>) CONNACK - 远程主机：127.0.0.1:mqtt_gateway_env_led - 状态: CONNECTION_REFUSED_IDENTIFIER_REJECTED
10:49:42 [IWT-5-14] WARN  com.iteaj.iot.client.handle.ClientServiceHandler - 客户端关闭(MQTT<默认>) 未知原因 - 客户端: mqtt_gateway_env_led - 远程地址: /127.0.0.1:1883
10:49:42 [IWT-5-14] WARN  com.iteaj.iot.client.mqtt.MqttClient - 客户端(MQTT<默认>) 断线重连 - 等待重连时间：15(s) - 远程主机 127.0.0.1:1883 - 客户端标识：mqtt_gateway_env_led
10:50:41 [IWT-5-15] INFO  com.iteaj.iot.client.mqtt.MqttClient - 客户端(MQTT<默认>) 连接服务器成功 - 远程主机 127.0.0.1:1883 - 客户端标识：mqtt_gateway_env_led
10:50:42 [IWT-5-15] WARN  com.iteaj.iot.client.mqtt.MqttClient - mqtt(MQTT<默认>) CONNACK - 远程主机：127.0.0.1:mqtt_gateway_env_led - 状态: CONNECTION_REFUSED_IDENTIFIER_REJECTED
10:50:42 [IWT-5-15] WARN  com.iteaj.iot.client.handle.ClientServiceHandler - 客户端关闭(MQTT<默认>) 未知原因 - 客户端: mqtt_gateway_env_led - 远程地址: /127.0.0.1:1883
10:50:42 [IWT-5-15] WARN  com.iteaj.iot.client.mqtt.MqttClient - 客户端(MQTT<默认>) 断线重连 - 等待重连时间：15(s) - 远程主机 127.0.0.1:1883 - 客户端标识：mqtt_gateway_env_led
10:50:57 [IWT-5-16] INFO  com.iteaj.iot.client.mqtt.MqttClient - 客户端(MQTT<默认>) 连接服务器成功 - 远程主机 127.0.0.1:1883 - 客户端标识：mqtt_gateway_env_led
10:50:57 [IWT-5-16] WARN  com.iteaj.iot.client.mqtt.MqttClient - mqtt(MQTT<默认>) CONNACK - 远程主机：127.0.0.1:mqtt_gateway_env_led - 状态: CONNECTION_REFUSED_IDENTIFIER_REJECTED
10:50:57 [IWT-5-16] WARN  com.iteaj.iot.client.handle.ClientServiceHandler - 客户端关闭(MQTT<默认>) 未知原因 - 客户端: mqtt_gateway_env_led - 远程地址: /127.0.0.1:1883
10:50:57 [IWT-5-16] WARN  com.iteaj.iot.client.mqtt.MqttClient - 客户端(MQTT<默认>) 断线重连 - 等待重连时间：15(s) - 远程主机 127.0.0.1:1883 - 客户端标识：mqtt_gateway_env_led
10:51:13 [IWT-5-1] INFO  com.iteaj.iot.client.mqtt.MqttClient - 客户端(MQTT<默认>) 连接服务器成功 - 远程主机 127.0.0.1:1883 - 客户端标识：mqtt_gateway_env_led
10:51:13 [IWT-5-1] WARN  com.iteaj.iot.client.mqtt.MqttClient - mqtt(MQTT<默认>) CONNACK - 远程主机：127.0.0.1:mqtt_gateway_env_led - 状态: CONNECTION_REFUSED_IDENTIFIER_REJECTED
10:51:13 [IWT-5-1] WARN  com.iteaj.iot.client.handle.ClientServiceHandler - 客户端关闭(MQTT<默认>) 未知原因 - 客户端: mqtt_gateway_env_led - 远程地址: /127.0.0.1:1883
10:51:13 [IWT-5-1] WARN  com.iteaj.iot.client.mqtt.MqttClient - 客户端(MQTT<默认>) 断线重连 - 等待重连时间：15(s) - 远程主机 127.0.0.1:1883 - 客户端标识：mqtt_gateway_env_led
10:51:35 [IWT-5-2] INFO  com.iteaj.iot.client.mqtt.MqttClient - 客户端(MQTT<默认>) 连接服务器成功 - 远程主机 127.0.0.1:1883 - 客户端标识：mqtt_gateway_env_led
10:51:35 [IWT-5-2] WARN  com.iteaj.iot.client.mqtt.MqttClient - mqtt(MQTT<默认>) CONNACK - 远程主机：127.0.0.1:mqtt_gateway_env_led - 状态: CONNECTION_REFUSED_IDENTIFIER_REJECTED
10:51:35 [IWT-5-2] WARN  com.iteaj.iot.client.handle.ClientServiceHandler - 客户端关闭(MQTT<默认>) 未知原因 - 客户端: mqtt_gateway_env_led - 远程地址: /127.0.0.1:1883
10:51:35 [IWT-5-2] WARN  com.iteaj.iot.client.mqtt.MqttClient - 客户端(MQTT<默认>) 断线重连 - 等待重连时间：15(s) - 远程主机 127.0.0.1:1883 - 客户端标识：mqtt_gateway_env_led
10:51:50 [IWT-5-3] INFO  com.iteaj.iot.client.mqtt.MqttClient - 客户端(MQTT<默认>) 连接服务器成功 - 远程主机 127.0.0.1:1883 - 客户端标识：mqtt_gateway_env_led
10:52:46 [IWT-5-3] WARN  com.iteaj.iot.client.mqtt.MqttClient - mqtt(MQTT<默认>) CONNACK - 远程主机：127.0.0.1:mqtt_gateway_env_led - 状态: CONNECTION_REFUSED_IDENTIFIER_REJECTED
10:52:46 [IWT-5-3] WARN  com.iteaj.iot.client.handle.ClientServiceHandler - 客户端关闭(MQTT<默认>) 未知原因 - 客户端: mqtt_gateway_env_led - 远程地址: /127.0.0.1:1883
10:52:46 [IWT-5-3] WARN  com.iteaj.iot.client.mqtt.MqttClient - 客户端(MQTT<默认>) 断线重连 - 等待重连时间：15(s) - 远程主机 127.0.0.1:1883 - 客户端标识：mqtt_gateway_env_led
10:53:01 [IWT-5-4] INFO  com.iteaj.iot.client.mqtt.MqttClient - 客户端(MQTT<默认>) 连接服务器成功 - 远程主机 127.0.0.1:1883 - 客户端标识：mqtt_gateway_env_led
10:53:01 [IWT-5-4] WARN  com.iteaj.iot.client.mqtt.MqttClient - mqtt(MQTT<默认>) CONNACK - 远程主机：127.0.0.1:mqtt_gateway_env_led - 状态: CONNECTION_REFUSED_IDENTIFIER_REJECTED
10:53:02 [IWT-5-4] WARN  com.iteaj.iot.client.handle.ClientServiceHandler - 客户端关闭(MQTT<默认>) 未知原因 - 客户端: mqtt_gateway_env_led - 远程地址: /127.0.0.1:1883
10:53:02 [IWT-5-4] WARN  com.iteaj.iot.client.mqtt.MqttClient - 客户端(MQTT<默认>) 断线重连 - 等待重连时间：15(s) - 远程主机 127.0.0.1:1883 - 客户端标识：mqtt_gateway_env_led
10:53:17 [IWT-5-5] INFO  com.iteaj.iot.client.mqtt.MqttClient - 客户端(MQTT<默认>) 连接服务器成功 - 远程主机 127.0.0.1:1883 - 客户端标识：mqtt_gateway_env_led
10:53:17 [IWT-5-5] WARN  com.iteaj.iot.client.mqtt.MqttClient - mqtt(MQTT<默认>) CONNACK - 远程主机：127.0.0.1:mqtt_gateway_env_led - 状态: CONNECTION_REFUSED_IDENTIFIER_REJECTED
10:53:17 [IWT-5-5] WARN  com.iteaj.iot.client.handle.ClientServiceHandler - 客户端关闭(MQTT<默认>) 未知原因 - 客户端: mqtt_gateway_env_led - 远程地址: /127.0.0.1:1883
10:53:17 [IWT-5-5] WARN  com.iteaj.iot.client.mqtt.MqttClient - 客户端(MQTT<默认>) 断线重连 - 等待重连时间：15(s) - 远程主机 127.0.0.1:1883 - 客户端标识：mqtt_gateway_env_led
10:53:32 [IWT-5-6] INFO  com.iteaj.iot.client.mqtt.MqttClient - 客户端(MQTT<默认>) 连接服务器成功 - 远程主机 127.0.0.1:1883 - 客户端标识：mqtt_gateway_env_led
10:53:32 [IWT-5-6] WARN  com.iteaj.iot.client.mqtt.MqttClient - mqtt(MQTT<默认>) CONNACK - 远程主机：127.0.0.1:mqtt_gateway_env_led - 状态: CONNECTION_REFUSED_IDENTIFIER_REJECTED
10:53:32 [IWT-5-6] WARN  com.iteaj.iot.client.handle.ClientServiceHandler - 客户端关闭(MQTT<默认>) 未知原因 - 客户端: mqtt_gateway_env_led - 远程地址: /127.0.0.1:1883
10:53:32 [IWT-5-6] WARN  com.iteaj.iot.client.mqtt.MqttClient - 客户端(MQTT<默认>) 断线重连 - 等待重连时间：15(s) - 远程主机 127.0.0.1:1883 - 客户端标识：mqtt_gateway_env_led
10:53:47 [IWT-5-7] INFO  com.iteaj.iot.client.mqtt.MqttClient - 客户端(MQTT<默认>) 连接服务器成功 - 远程主机 127.0.0.1:1883 - 客户端标识：mqtt_gateway_env_led
10:53:47 [IWT-5-7] WARN  com.iteaj.iot.client.mqtt.MqttClient - mqtt(MQTT<默认>) CONNACK - 远程主机：127.0.0.1:mqtt_gateway_env_led - 状态: CONNECTION_REFUSED_IDENTIFIER_REJECTED
10:53:47 [IWT-5-7] WARN  com.iteaj.iot.client.handle.ClientServiceHandler - 客户端关闭(MQTT<默认>) 未知原因 - 客户端: mqtt_gateway_env_led - 远程地址: /127.0.0.1:1883
10:53:47 [IWT-5-7] WARN  com.iteaj.iot.client.mqtt.MqttClient - 客户端(MQTT<默认>) 断线重连 - 等待重连时间：15(s) - 远程主机 127.0.0.1:1883 - 客户端标识：mqtt_gateway_env_led
10:54:02 [IWT-5-8] INFO  com.iteaj.iot.client.mqtt.MqttClient - 客户端(MQTT<默认>) 连接服务器成功 - 远程主机 127.0.0.1:1883 - 客户端标识：mqtt_gateway_env_led
10:54:03 [IWT-5-8] WARN  com.iteaj.iot.client.mqtt.MqttClient - mqtt(MQTT<默认>) CONNACK - 远程主机：127.0.0.1:mqtt_gateway_env_led - 状态: CONNECTION_REFUSED_IDENTIFIER_REJECTED
10:54:03 [IWT-5-8] WARN  com.iteaj.iot.client.handle.ClientServiceHandler - 客户端关闭(MQTT<默认>) 未知原因 - 客户端: mqtt_gateway_env_led - 远程地址: /127.0.0.1:1883
10:54:03 [IWT-5-8] WARN  com.iteaj.iot.client.mqtt.MqttClient - 客户端(MQTT<默认>) 断线重连 - 等待重连时间：15(s) - 远程主机 127.0.0.1:1883 - 客户端标识：mqtt_gateway_env_led
10:54:18 [IWT-5-9] INFO  com.iteaj.iot.client.mqtt.MqttClient - 客户端(MQTT<默认>) 连接服务器成功 - 远程主机 127.0.0.1:1883 - 客户端标识：mqtt_gateway_env_led
10:54:18 [IWT-5-9] WARN  com.iteaj.iot.client.mqtt.MqttClient - mqtt(MQTT<默认>) CONNACK - 远程主机：127.0.0.1:mqtt_gateway_env_led - 状态: CONNECTION_REFUSED_IDENTIFIER_REJECTED
10:54:18 [IWT-5-9] WARN  com.iteaj.iot.client.handle.ClientServiceHandler - 客户端关闭(MQTT<默认>) 未知原因 - 客户端: mqtt_gateway_env_led - 远程地址: /127.0.0.1:1883
10:54:18 [IWT-5-9] WARN  com.iteaj.iot.client.mqtt.MqttClient - 客户端(MQTT<默认>) 断线重连 - 等待重连时间：15(s) - 远程主机 127.0.0.1:1883 - 客户端标识：mqtt_gateway_env_led
10:54:33 [IWT-5-10] INFO  com.iteaj.iot.client.mqtt.MqttClient - 客户端(MQTT<默认>) 连接服务器成功 - 远程主机 127.0.0.1:1883 - 客户端标识：mqtt_gateway_env_led
10:54:33 [IWT-5-10] WARN  com.iteaj.iot.client.mqtt.MqttClient - mqtt(MQTT<默认>) CONNACK - 远程主机：127.0.0.1:mqtt_gateway_env_led - 状态: CONNECTION_REFUSED_IDENTIFIER_REJECTED
10:54:33 [IWT-5-10] WARN  com.iteaj.iot.client.handle.ClientServiceHandler - 客户端关闭(MQTT<默认>) 未知原因 - 客户端: mqtt_gateway_env_led - 远程地址: /127.0.0.1:1883
10:54:33 [IWT-5-10] WARN  com.iteaj.iot.client.mqtt.MqttClient - 客户端(MQTT<默认>) 断线重连 - 等待重连时间：15(s) - 远程主机 127.0.0.1:1883 - 客户端标识：mqtt_gateway_env_led
10:54:48 [IWT-5-11] INFO  com.iteaj.iot.client.mqtt.MqttClient - 客户端(MQTT<默认>) 连接服务器成功 - 远程主机 127.0.0.1:1883 - 客户端标识：mqtt_gateway_env_led
10:54:48 [IWT-5-11] WARN  com.iteaj.iot.client.mqtt.MqttClient - mqtt(MQTT<默认>) CONNACK - 远程主机：127.0.0.1:mqtt_gateway_env_led - 状态: CONNECTION_REFUSED_IDENTIFIER_REJECTED
10:54:48 [IWT-5-11] WARN  com.iteaj.iot.client.handle.ClientServiceHandler - 客户端关闭(MQTT<默认>) 未知原因 - 客户端: mqtt_gateway_env_led - 远程地址: /127.0.0.1:1883
10:54:48 [IWT-5-11] WARN  com.iteaj.iot.client.mqtt.MqttClient - 客户端(MQTT<默认>) 断线重连 - 等待重连时间：15(s) - 远程主机 127.0.0.1:1883 - 客户端标识：mqtt_gateway_env_led
10:55:03 [IWT-5-12] INFO  com.iteaj.iot.client.mqtt.MqttClient - 客户端(MQTT<默认>) 连接服务器成功 - 远程主机 127.0.0.1:1883 - 客户端标识：mqtt_gateway_env_led
10:55:03 [IWT-5-12] WARN  com.iteaj.iot.client.mqtt.MqttClient - mqtt(MQTT<默认>) CONNACK - 远程主机：127.0.0.1:mqtt_gateway_env_led - 状态: CONNECTION_REFUSED_IDENTIFIER_REJECTED
10:55:04 [IWT-5-12] WARN  com.iteaj.iot.client.handle.ClientServiceHandler - 客户端关闭(MQTT<默认>) 未知原因 - 客户端: mqtt_gateway_env_led - 远程地址: /127.0.0.1:1883
10:55:04 [IWT-5-12] WARN  com.iteaj.iot.client.mqtt.MqttClient - 客户端(MQTT<默认>) 断线重连 - 等待重连时间：15(s) - 远程主机 127.0.0.1:1883 - 客户端标识：mqtt_gateway_env_led
10:55:19 [IWT-5-13] INFO  com.iteaj.iot.client.mqtt.MqttClient - 客户端(MQTT<默认>) 连接服务器成功 - 远程主机 127.0.0.1:1883 - 客户端标识：mqtt_gateway_env_led
10:55:19 [IWT-5-13] WARN  com.iteaj.iot.client.mqtt.MqttClient - mqtt(MQTT<默认>) CONNACK - 远程主机：127.0.0.1:mqtt_gateway_env_led - 状态: CONNECTION_REFUSED_IDENTIFIER_REJECTED
10:55:19 [IWT-5-13] WARN  com.iteaj.iot.client.handle.ClientServiceHandler - 客户端关闭(MQTT<默认>) 未知原因 - 客户端: mqtt_gateway_env_led - 远程地址: /127.0.0.1:1883
10:55:19 [IWT-5-13] WARN  com.iteaj.iot.client.mqtt.MqttClient - 客户端(MQTT<默认>) 断线重连 - 等待重连时间：15(s) - 远程主机 127.0.0.1:1883 - 客户端标识：mqtt_gateway_env_led
10:55:34 [IWT-5-14] INFO  com.iteaj.iot.client.mqtt.MqttClient - 客户端(MQTT<默认>) 连接服务器成功 - 远程主机 127.0.0.1:1883 - 客户端标识：mqtt_gateway_env_led
10:55:34 [IWT-5-14] WARN  com.iteaj.iot.client.mqtt.MqttClient - mqtt(MQTT<默认>) CONNACK - 远程主机：127.0.0.1:mqtt_gateway_env_led - 状态: CONNECTION_REFUSED_IDENTIFIER_REJECTED
10:55:34 [IWT-5-14] WARN  com.iteaj.iot.client.handle.ClientServiceHandler - 客户端关闭(MQTT<默认>) 未知原因 - 客户端: mqtt_gateway_env_led - 远程地址: /127.0.0.1:1883
10:55:34 [IWT-5-14] WARN  com.iteaj.iot.client.mqtt.MqttClient - 客户端(MQTT<默认>) 断线重连 - 等待重连时间：15(s) - 远程主机 127.0.0.1:1883 - 客户端标识：mqtt_gateway_env_led
10:55:50 [IWT-5-15] INFO  com.iteaj.iot.client.mqtt.MqttClient - 客户端(MQTT<默认>) 连接服务器成功 - 远程主机 127.0.0.1:1883 - 客户端标识：mqtt_gateway_env_led
10:55:51 [IWT-5-15] WARN  com.iteaj.iot.client.mqtt.MqttClient - mqtt(MQTT<默认>) CONNACK - 远程主机：127.0.0.1:mqtt_gateway_env_led - 状态: CONNECTION_REFUSED_IDENTIFIER_REJECTED
10:55:51 [IWT-5-15] WARN  com.iteaj.iot.client.handle.ClientServiceHandler - 客户端关闭(MQTT<默认>) 未知原因 - 客户端: mqtt_gateway_env_led - 远程地址: /127.0.0.1:1883
10:55:51 [IWT-5-15] WARN  com.iteaj.iot.client.mqtt.MqttClient - 客户端(MQTT<默认>) 断线重连 - 等待重连时间：15(s) - 远程主机 127.0.0.1:1883 - 客户端标识：mqtt_gateway_env_led
10:56:06 [IWT-5-16] INFO  com.iteaj.iot.client.mqtt.MqttClient - 客户端(MQTT<默认>) 连接服务器成功 - 远程主机 127.0.0.1:1883 - 客户端标识：mqtt_gateway_env_led
10:56:06 [IWT-5-16] WARN  com.iteaj.iot.client.mqtt.MqttClient - mqtt(MQTT<默认>) CONNACK - 远程主机：127.0.0.1:mqtt_gateway_env_led - 状态: CONNECTION_REFUSED_IDENTIFIER_REJECTED
10:56:06 [IWT-5-16] WARN  com.iteaj.iot.client.handle.ClientServiceHandler - 客户端关闭(MQTT<默认>) 未知原因 - 客户端: mqtt_gateway_env_led - 远程地址: /127.0.0.1:1883
10:56:06 [IWT-5-16] WARN  com.iteaj.iot.client.mqtt.MqttClient - 客户端(MQTT<默认>) 断线重连 - 等待重连时间：15(s) - 远程主机 127.0.0.1:1883 - 客户端标识：mqtt_gateway_env_led
10:56:21 [IWT-5-1] INFO  com.iteaj.iot.client.mqtt.MqttClient - 客户端(MQTT<默认>) 连接服务器成功 - 远程主机 127.0.0.1:1883 - 客户端标识：mqtt_gateway_env_led
10:56:21 [IWT-5-1] WARN  com.iteaj.iot.client.mqtt.MqttClient - mqtt(MQTT<默认>) CONNACK - 远程主机：127.0.0.1:mqtt_gateway_env_led - 状态: CONNECTION_REFUSED_IDENTIFIER_REJECTED
10:56:21 [IWT-5-1] WARN  com.iteaj.iot.client.handle.ClientServiceHandler - 客户端关闭(MQTT<默认>) 未知原因 - 客户端: mqtt_gateway_env_led - 远程地址: /127.0.0.1:1883
10:56:21 [IWT-5-1] WARN  com.iteaj.iot.client.mqtt.MqttClient - 客户端(MQTT<默认>) 断线重连 - 等待重连时间：15(s) - 远程主机 127.0.0.1:1883 - 客户端标识：mqtt_gateway_env_led
10:56:36 [IWT-5-2] INFO  com.iteaj.iot.client.mqtt.MqttClient - 客户端(MQTT<默认>) 连接服务器成功 - 远程主机 127.0.0.1:1883 - 客户端标识：mqtt_gateway_env_led
10:56:36 [IWT-5-2] WARN  com.iteaj.iot.client.mqtt.MqttClient - mqtt(MQTT<默认>) CONNACK - 远程主机：127.0.0.1:mqtt_gateway_env_led - 状态: CONNECTION_REFUSED_IDENTIFIER_REJECTED
10:56:36 [IWT-5-2] WARN  com.iteaj.iot.client.handle.ClientServiceHandler - 客户端关闭(MQTT<默认>) 未知原因 - 客户端: mqtt_gateway_env_led - 远程地址: /127.0.0.1:1883
10:56:36 [IWT-5-2] WARN  com.iteaj.iot.client.mqtt.MqttClient - 客户端(MQTT<默认>) 断线重连 - 等待重连时间：15(s) - 远程主机 127.0.0.1:1883 - 客户端标识：mqtt_gateway_env_led
10:56:51 [IWT-5-3] INFO  com.iteaj.iot.client.mqtt.MqttClient - 客户端(MQTT<默认>) 连接服务器成功 - 远程主机 127.0.0.1:1883 - 客户端标识：mqtt_gateway_env_led
10:56:51 [IWT-5-3] WARN  com.iteaj.iot.client.mqtt.MqttClient - mqtt(MQTT<默认>) CONNACK - 远程主机：127.0.0.1:mqtt_gateway_env_led - 状态: CONNECTION_REFUSED_IDENTIFIER_REJECTED
10:56:51 [IWT-5-3] WARN  com.iteaj.iot.client.handle.ClientServiceHandler - 客户端关闭(MQTT<默认>) 未知原因 - 客户端: mqtt_gateway_env_led - 远程地址: /127.0.0.1:1883
10:56:51 [IWT-5-3] WARN  com.iteaj.iot.client.mqtt.MqttClient - 客户端(MQTT<默认>) 断线重连 - 等待重连时间：15(s) - 远程主机 127.0.0.1:1883 - 客户端标识：mqtt_gateway_env_led
10:57:06 [IWT-5-4] INFO  com.iteaj.iot.client.mqtt.MqttClient - 客户端(MQTT<默认>) 连接服务器成功 - 远程主机 127.0.0.1:1883 - 客户端标识：mqtt_gateway_env_led
10:57:06 [IWT-5-4] WARN  com.iteaj.iot.client.mqtt.MqttClient - mqtt(MQTT<默认>) CONNACK - 远程主机：127.0.0.1:mqtt_gateway_env_led - 状态: CONNECTION_REFUSED_IDENTIFIER_REJECTED
10:57:06 [IWT-5-4] WARN  com.iteaj.iot.client.handle.ClientServiceHandler - 客户端关闭(MQTT<默认>) 未知原因 - 客户端: mqtt_gateway_env_led - 远程地址: /127.0.0.1:1883
10:57:06 [IWT-5-4] WARN  com.iteaj.iot.client.mqtt.MqttClient - 客户端(MQTT<默认>) 断线重连 - 等待重连时间：15(s) - 远程主机 127.0.0.1:1883 - 客户端标识：mqtt_gateway_env_led
10:57:21 [IWT-5-5] INFO  com.iteaj.iot.client.mqtt.MqttClient - 客户端(MQTT<默认>) 连接服务器成功 - 远程主机 127.0.0.1:1883 - 客户端标识：mqtt_gateway_env_led
10:57:21 [IWT-5-5] WARN  com.iteaj.iot.client.mqtt.MqttClient - mqtt(MQTT<默认>) CONNACK - 远程主机：127.0.0.1:mqtt_gateway_env_led - 状态: CONNECTION_REFUSED_IDENTIFIER_REJECTED
10:57:21 [IWT-5-5] WARN  com.iteaj.iot.client.handle.ClientServiceHandler - 客户端关闭(MQTT<默认>) 未知原因 - 客户端: mqtt_gateway_env_led - 远程地址: /127.0.0.1:1883
10:57:21 [IWT-5-5] WARN  com.iteaj.iot.client.mqtt.MqttClient - 客户端(MQTT<默认>) 断线重连 - 等待重连时间：15(s) - 远程主机 127.0.0.1:1883 - 客户端标识：mqtt_gateway_env_led
10:57:36 [IWT-5-6] INFO  com.iteaj.iot.client.mqtt.MqttClient - 客户端(MQTT<默认>) 连接服务器成功 - 远程主机 127.0.0.1:1883 - 客户端标识：mqtt_gateway_env_led
10:57:36 [IWT-5-6] WARN  com.iteaj.iot.client.mqtt.MqttClient - mqtt(MQTT<默认>) CONNACK - 远程主机：127.0.0.1:mqtt_gateway_env_led - 状态: CONNECTION_REFUSED_IDENTIFIER_REJECTED
10:57:36 [IWT-5-6] WARN  com.iteaj.iot.client.handle.ClientServiceHandler - 客户端关闭(MQTT<默认>) 未知原因 - 客户端: mqtt_gateway_env_led - 远程地址: /127.0.0.1:1883
10:57:36 [IWT-5-6] WARN  com.iteaj.iot.client.mqtt.MqttClient - 客户端(MQTT<默认>) 断线重连 - 等待重连时间：15(s) - 远程主机 127.0.0.1:1883 - 客户端标识：mqtt_gateway_env_led
10:57:51 [IWT-5-7] INFO  com.iteaj.iot.client.mqtt.MqttClient - 客户端(MQTT<默认>) 连接服务器成功 - 远程主机 127.0.0.1:1883 - 客户端标识：mqtt_gateway_env_led
10:57:51 [IWT-5-7] WARN  com.iteaj.iot.client.mqtt.MqttClient - mqtt(MQTT<默认>) CONNACK - 远程主机：127.0.0.1:mqtt_gateway_env_led - 状态: CONNECTION_REFUSED_IDENTIFIER_REJECTED
10:57:51 [IWT-5-7] WARN  com.iteaj.iot.client.handle.ClientServiceHandler - 客户端关闭(MQTT<默认>) 未知原因 - 客户端: mqtt_gateway_env_led - 远程地址: /127.0.0.1:1883
10:57:51 [IWT-5-7] WARN  com.iteaj.iot.client.mqtt.MqttClient - 客户端(MQTT<默认>) 断线重连 - 等待重连时间：15(s) - 远程主机 127.0.0.1:1883 - 客户端标识：mqtt_gateway_env_led
10:58:07 [IWT-5-8] INFO  com.iteaj.iot.client.mqtt.MqttClient - 客户端(MQTT<默认>) 连接服务器成功 - 远程主机 127.0.0.1:1883 - 客户端标识：mqtt_gateway_env_led
10:58:09 [IWT-5-8] WARN  com.iteaj.iot.client.mqtt.MqttClient - mqtt(MQTT<默认>) CONNACK - 远程主机：127.0.0.1:mqtt_gateway_env_led - 状态: CONNECTION_REFUSED_IDENTIFIER_REJECTED
10:58:09 [IWT-5-8] WARN  com.iteaj.iot.client.handle.ClientServiceHandler - 客户端关闭(MQTT<默认>) 未知原因 - 客户端: mqtt_gateway_env_led - 远程地址: /127.0.0.1:1883
10:58:09 [IWT-5-8] WARN  com.iteaj.iot.client.mqtt.MqttClient - 客户端(MQTT<默认>) 断线重连 - 等待重连时间：15(s) - 远程主机 127.0.0.1:1883 - 客户端标识：mqtt_gateway_env_led
10:58:24 [IWT-5-9] INFO  com.iteaj.iot.client.mqtt.MqttClient - 客户端(MQTT<默认>) 连接服务器成功 - 远程主机 127.0.0.1:1883 - 客户端标识：mqtt_gateway_env_led
10:58:24 [IWT-5-9] WARN  com.iteaj.iot.client.mqtt.MqttClient - mqtt(MQTT<默认>) CONNACK - 远程主机：127.0.0.1:mqtt_gateway_env_led - 状态: CONNECTION_REFUSED_IDENTIFIER_REJECTED
10:58:24 [IWT-5-9] WARN  com.iteaj.iot.client.handle.ClientServiceHandler - 客户端关闭(MQTT<默认>) 未知原因 - 客户端: mqtt_gateway_env_led - 远程地址: /127.0.0.1:1883
10:58:24 [IWT-5-9] WARN  com.iteaj.iot.client.mqtt.MqttClient - 客户端(MQTT<默认>) 断线重连 - 等待重连时间：15(s) - 远程主机 127.0.0.1:1883 - 客户端标识：mqtt_gateway_env_led
10:58:39 [IWT-5-10] INFO  com.iteaj.iot.client.mqtt.MqttClient - 客户端(MQTT<默认>) 连接服务器成功 - 远程主机 127.0.0.1:1883 - 客户端标识：mqtt_gateway_env_led
10:58:39 [IWT-5-10] WARN  com.iteaj.iot.client.mqtt.MqttClient - mqtt(MQTT<默认>) CONNACK - 远程主机：127.0.0.1:mqtt_gateway_env_led - 状态: CONNECTION_REFUSED_IDENTIFIER_REJECTED
10:58:39 [IWT-5-10] WARN  com.iteaj.iot.client.handle.ClientServiceHandler - 客户端关闭(MQTT<默认>) 未知原因 - 客户端: mqtt_gateway_env_led - 远程地址: /127.0.0.1:1883
10:58:39 [IWT-5-10] WARN  com.iteaj.iot.client.mqtt.MqttClient - 客户端(MQTT<默认>) 断线重连 - 等待重连时间：15(s) - 远程主机 127.0.0.1:1883 - 客户端标识：mqtt_gateway_env_led
10:58:55 [IWT-5-11] INFO  com.iteaj.iot.client.mqtt.MqttClient - 客户端(MQTT<默认>) 连接服务器成功 - 远程主机 127.0.0.1:1883 - 客户端标识：mqtt_gateway_env_led
10:58:55 [IWT-5-11] WARN  com.iteaj.iot.client.mqtt.MqttClient - mqtt(MQTT<默认>) CONNACK - 远程主机：127.0.0.1:mqtt_gateway_env_led - 状态: CONNECTION_REFUSED_IDENTIFIER_REJECTED
10:58:55 [IWT-5-11] WARN  com.iteaj.iot.client.handle.ClientServiceHandler - 客户端关闭(MQTT<默认>) 未知原因 - 客户端: mqtt_gateway_env_led - 远程地址: /127.0.0.1:1883
10:58:55 [IWT-5-11] WARN  com.iteaj.iot.client.mqtt.MqttClient - 客户端(MQTT<默认>) 断线重连 - 等待重连时间：15(s) - 远程主机 127.0.0.1:1883 - 客户端标识：mqtt_gateway_env_led
10:59:10 [IWT-5-12] INFO  com.iteaj.iot.client.mqtt.MqttClient - 客户端(MQTT<默认>) 连接服务器成功 - 远程主机 127.0.0.1:1883 - 客户端标识：mqtt_gateway_env_led
10:59:10 [IWT-5-12] WARN  com.iteaj.iot.client.mqtt.MqttClient - mqtt(MQTT<默认>) CONNACK - 远程主机：127.0.0.1:mqtt_gateway_env_led - 状态: CONNECTION_REFUSED_IDENTIFIER_REJECTED
10:59:10 [IWT-5-12] WARN  com.iteaj.iot.client.handle.ClientServiceHandler - 客户端关闭(MQTT<默认>) 未知原因 - 客户端: mqtt_gateway_env_led - 远程地址: /127.0.0.1:1883
10:59:10 [IWT-5-12] WARN  com.iteaj.iot.client.mqtt.MqttClient - 客户端(MQTT<默认>) 断线重连 - 等待重连时间：15(s) - 远程主机 127.0.0.1:1883 - 客户端标识：mqtt_gateway_env_led
10:59:25 [IWT-5-13] INFO  com.iteaj.iot.client.mqtt.MqttClient - 客户端(MQTT<默认>) 连接服务器成功 - 远程主机 127.0.0.1:1883 - 客户端标识：mqtt_gateway_env_led
10:59:25 [IWT-5-13] WARN  com.iteaj.iot.client.mqtt.MqttClient - mqtt(MQTT<默认>) CONNACK - 远程主机：127.0.0.1:mqtt_gateway_env_led - 状态: CONNECTION_REFUSED_IDENTIFIER_REJECTED
10:59:25 [IWT-5-13] WARN  com.iteaj.iot.client.handle.ClientServiceHandler - 客户端关闭(MQTT<默认>) 未知原因 - 客户端: mqtt_gateway_env_led - 远程地址: /127.0.0.1:1883
10:59:25 [IWT-5-13] WARN  com.iteaj.iot.client.mqtt.MqttClient - 客户端(MQTT<默认>) 断线重连 - 等待重连时间：15(s) - 远程主机 127.0.0.1:1883 - 客户端标识：mqtt_gateway_env_led
10:59:40 [IWT-5-14] INFO  com.iteaj.iot.client.mqtt.MqttClient - 客户端(MQTT<默认>) 连接服务器成功 - 远程主机 127.0.0.1:1883 - 客户端标识：mqtt_gateway_env_led
10:59:40 [IWT-5-14] WARN  com.iteaj.iot.client.mqtt.MqttClient - mqtt(MQTT<默认>) CONNACK - 远程主机：127.0.0.1:mqtt_gateway_env_led - 状态: CONNECTION_REFUSED_IDENTIFIER_REJECTED
10:59:40 [IWT-5-14] WARN  com.iteaj.iot.client.handle.ClientServiceHandler - 客户端关闭(MQTT<默认>) 未知原因 - 客户端: mqtt_gateway_env_led - 远程地址: /127.0.0.1:1883
10:59:40 [IWT-5-14] WARN  com.iteaj.iot.client.mqtt.MqttClient - 客户端(MQTT<默认>) 断线重连 - 等待重连时间：15(s) - 远程主机 127.0.0.1:1883 - 客户端标识：mqtt_gateway_env_led
10:59:55 [IWT-5-15] INFO  com.iteaj.iot.client.mqtt.MqttClient - 客户端(MQTT<默认>) 连接服务器成功 - 远程主机 127.0.0.1:1883 - 客户端标识：mqtt_gateway_env_led
10:59:55 [IWT-5-15] WARN  com.iteaj.iot.client.mqtt.MqttClient - mqtt(MQTT<默认>) CONNACK - 远程主机：127.0.0.1:mqtt_gateway_env_led - 状态: CONNECTION_REFUSED_IDENTIFIER_REJECTED
10:59:55 [IWT-5-15] WARN  com.iteaj.iot.client.handle.ClientServiceHandler - 客户端关闭(MQTT<默认>) 未知原因 - 客户端: mqtt_gateway_env_led - 远程地址: /127.0.0.1:1883
10:59:55 [IWT-5-15] WARN  com.iteaj.iot.client.mqtt.MqttClient - 客户端(MQTT<默认>) 断线重连 - 等待重连时间：15(s) - 远程主机 127.0.0.1:1883 - 客户端标识：mqtt_gateway_env_led
11:00:11 [IWT-5-16] INFO  com.iteaj.iot.client.mqtt.MqttClient - 客户端(MQTT<默认>) 连接服务器成功 - 远程主机 127.0.0.1:1883 - 客户端标识：mqtt_gateway_env_led
11:00:11 [IWT-5-16] WARN  com.iteaj.iot.client.mqtt.MqttClient - mqtt(MQTT<默认>) CONNACK - 远程主机：127.0.0.1:mqtt_gateway_env_led - 状态: CONNECTION_REFUSED_IDENTIFIER_REJECTED
11:00:11 [IWT-5-16] WARN  com.iteaj.iot.client.handle.ClientServiceHandler - 客户端关闭(MQTT<默认>) 未知原因 - 客户端: mqtt_gateway_env_led - 远程地址: /127.0.0.1:1883
11:00:11 [IWT-5-16] WARN  com.iteaj.iot.client.mqtt.MqttClient - 客户端(MQTT<默认>) 断线重连 - 等待重连时间：15(s) - 远程主机 127.0.0.1:1883 - 客户端标识：mqtt_gateway_env_led
11:00:26 [IWT-5-1] INFO  com.iteaj.iot.client.mqtt.MqttClient - 客户端(MQTT<默认>) 连接服务器成功 - 远程主机 127.0.0.1:1883 - 客户端标识：mqtt_gateway_env_led
11:00:26 [IWT-5-1] WARN  com.iteaj.iot.client.mqtt.MqttClient - mqtt(MQTT<默认>) CONNACK - 远程主机：127.0.0.1:mqtt_gateway_env_led - 状态: CONNECTION_REFUSED_IDENTIFIER_REJECTED
11:00:26 [IWT-5-1] WARN  com.iteaj.iot.client.handle.ClientServiceHandler - 客户端关闭(MQTT<默认>) 未知原因 - 客户端: mqtt_gateway_env_led - 远程地址: /127.0.0.1:1883
11:00:26 [IWT-5-1] WARN  com.iteaj.iot.client.mqtt.MqttClient - 客户端(MQTT<默认>) 断线重连 - 等待重连时间：15(s) - 远程主机 127.0.0.1:1883 - 客户端标识：mqtt_gateway_env_led
11:00:41 [IWT-5-2] INFO  com.iteaj.iot.client.mqtt.MqttClient - 客户端(MQTT<默认>) 连接服务器成功 - 远程主机 127.0.0.1:1883 - 客户端标识：mqtt_gateway_env_led
11:00:41 [IWT-5-2] WARN  com.iteaj.iot.client.mqtt.MqttClient - mqtt(MQTT<默认>) CONNACK - 远程主机：127.0.0.1:mqtt_gateway_env_led - 状态: CONNECTION_REFUSED_IDENTIFIER_REJECTED
11:00:41 [IWT-5-2] WARN  com.iteaj.iot.client.handle.ClientServiceHandler - 客户端关闭(MQTT<默认>) 未知原因 - 客户端: mqtt_gateway_env_led - 远程地址: /127.0.0.1:1883
11:00:41 [IWT-5-2] WARN  com.iteaj.iot.client.mqtt.MqttClient - 客户端(MQTT<默认>) 断线重连 - 等待重连时间：15(s) - 远程主机 127.0.0.1:1883 - 客户端标识：mqtt_gateway_env_led
11:00:56 [IWT-5-3] INFO  com.iteaj.iot.client.mqtt.MqttClient - 客户端(MQTT<默认>) 连接服务器成功 - 远程主机 127.0.0.1:1883 - 客户端标识：mqtt_gateway_env_led
11:00:56 [IWT-5-3] WARN  com.iteaj.iot.client.mqtt.MqttClient - mqtt(MQTT<默认>) CONNACK - 远程主机：127.0.0.1:mqtt_gateway_env_led - 状态: CONNECTION_REFUSED_IDENTIFIER_REJECTED
11:00:56 [IWT-5-3] WARN  com.iteaj.iot.client.handle.ClientServiceHandler - 客户端关闭(MQTT<默认>) 未知原因 - 客户端: mqtt_gateway_env_led - 远程地址: /127.0.0.1:1883
11:00:56 [IWT-5-3] WARN  com.iteaj.iot.client.mqtt.MqttClient - 客户端(MQTT<默认>) 断线重连 - 等待重连时间：15(s) - 远程主机 127.0.0.1:1883 - 客户端标识：mqtt_gateway_env_led
11:01:11 [IWT-5-4] INFO  com.iteaj.iot.client.mqtt.MqttClient - 客户端(MQTT<默认>) 连接服务器成功 - 远程主机 127.0.0.1:1883 - 客户端标识：mqtt_gateway_env_led
11:01:11 [IWT-5-4] WARN  com.iteaj.iot.client.mqtt.MqttClient - mqtt(MQTT<默认>) CONNACK - 远程主机：127.0.0.1:mqtt_gateway_env_led - 状态: CONNECTION_REFUSED_IDENTIFIER_REJECTED
11:01:11 [IWT-5-4] WARN  com.iteaj.iot.client.handle.ClientServiceHandler - 客户端关闭(MQTT<默认>) 未知原因 - 客户端: mqtt_gateway_env_led - 远程地址: /127.0.0.1:1883
11:01:11 [IWT-5-4] WARN  com.iteaj.iot.client.mqtt.MqttClient - 客户端(MQTT<默认>) 断线重连 - 等待重连时间：15(s) - 远程主机 127.0.0.1:1883 - 客户端标识：mqtt_gateway_env_led
11:01:26 [IWT-5-5] INFO  com.iteaj.iot.client.mqtt.MqttClient - 客户端(MQTT<默认>) 连接服务器成功 - 远程主机 127.0.0.1:1883 - 客户端标识：mqtt_gateway_env_led
11:01:26 [IWT-5-5] WARN  com.iteaj.iot.client.mqtt.MqttClient - mqtt(MQTT<默认>) CONNACK - 远程主机：127.0.0.1:mqtt_gateway_env_led - 状态: CONNECTION_REFUSED_IDENTIFIER_REJECTED
11:01:26 [IWT-5-5] WARN  com.iteaj.iot.client.handle.ClientServiceHandler - 客户端关闭(MQTT<默认>) 未知原因 - 客户端: mqtt_gateway_env_led - 远程地址: /127.0.0.1:1883
11:01:26 [IWT-5-5] WARN  com.iteaj.iot.client.mqtt.MqttClient - 客户端(MQTT<默认>) 断线重连 - 等待重连时间：15(s) - 远程主机 127.0.0.1:1883 - 客户端标识：mqtt_gateway_env_led
11:01:41 [IWT-5-6] INFO  com.iteaj.iot.client.mqtt.MqttClient - 客户端(MQTT<默认>) 连接服务器成功 - 远程主机 127.0.0.1:1883 - 客户端标识：mqtt_gateway_env_led
11:01:41 [IWT-5-6] WARN  com.iteaj.iot.client.mqtt.MqttClient - mqtt(MQTT<默认>) CONNACK - 远程主机：127.0.0.1:mqtt_gateway_env_led - 状态: CONNECTION_REFUSED_IDENTIFIER_REJECTED
11:01:41 [IWT-5-6] WARN  com.iteaj.iot.client.handle.ClientServiceHandler - 客户端关闭(MQTT<默认>) 未知原因 - 客户端: mqtt_gateway_env_led - 远程地址: /127.0.0.1:1883
11:01:41 [IWT-5-6] WARN  com.iteaj.iot.client.mqtt.MqttClient - 客户端(MQTT<默认>) 断线重连 - 等待重连时间：15(s) - 远程主机 127.0.0.1:1883 - 客户端标识：mqtt_gateway_env_led
11:01:56 [IWT-5-7] INFO  com.iteaj.iot.client.mqtt.MqttClient - 客户端(MQTT<默认>) 连接服务器成功 - 远程主机 127.0.0.1:1883 - 客户端标识：mqtt_gateway_env_led
11:01:56 [IWT-5-7] WARN  com.iteaj.iot.client.mqtt.MqttClient - mqtt(MQTT<默认>) CONNACK - 远程主机：127.0.0.1:mqtt_gateway_env_led - 状态: CONNECTION_REFUSED_IDENTIFIER_REJECTED
11:01:56 [IWT-5-7] WARN  com.iteaj.iot.client.handle.ClientServiceHandler - 客户端关闭(MQTT<默认>) 未知原因 - 客户端: mqtt_gateway_env_led - 远程地址: /127.0.0.1:1883
11:01:56 [IWT-5-7] WARN  com.iteaj.iot.client.mqtt.MqttClient - 客户端(MQTT<默认>) 断线重连 - 等待重连时间：15(s) - 远程主机 127.0.0.1:1883 - 客户端标识：mqtt_gateway_env_led
11:02:11 [IWT-5-8] INFO  com.iteaj.iot.client.mqtt.MqttClient - 客户端(MQTT<默认>) 连接服务器成功 - 远程主机 127.0.0.1:1883 - 客户端标识：mqtt_gateway_env_led
11:02:11 [IWT-5-8] WARN  com.iteaj.iot.client.mqtt.MqttClient - mqtt(MQTT<默认>) CONNACK - 远程主机：127.0.0.1:mqtt_gateway_env_led - 状态: CONNECTION_REFUSED_IDENTIFIER_REJECTED
11:02:11 [IWT-5-8] WARN  com.iteaj.iot.client.handle.ClientServiceHandler - 客户端关闭(MQTT<默认>) 未知原因 - 客户端: mqtt_gateway_env_led - 远程地址: /127.0.0.1:1883
11:02:11 [IWT-5-8] WARN  com.iteaj.iot.client.mqtt.MqttClient - 客户端(MQTT<默认>) 断线重连 - 等待重连时间：15(s) - 远程主机 127.0.0.1:1883 - 客户端标识：mqtt_gateway_env_led
11:02:26 [IWT-5-9] INFO  com.iteaj.iot.client.mqtt.MqttClient - 客户端(MQTT<默认>) 连接服务器成功 - 远程主机 127.0.0.1:1883 - 客户端标识：mqtt_gateway_env_led
11:02:26 [IWT-5-9] WARN  com.iteaj.iot.client.mqtt.MqttClient - mqtt(MQTT<默认>) CONNACK - 远程主机：127.0.0.1:mqtt_gateway_env_led - 状态: CONNECTION_REFUSED_IDENTIFIER_REJECTED
11:02:26 [IWT-5-9] WARN  com.iteaj.iot.client.handle.ClientServiceHandler - 客户端关闭(MQTT<默认>) 未知原因 - 客户端: mqtt_gateway_env_led - 远程地址: /127.0.0.1:1883
11:02:26 [IWT-5-9] WARN  com.iteaj.iot.client.mqtt.MqttClient - 客户端(MQTT<默认>) 断线重连 - 等待重连时间：15(s) - 远程主机 127.0.0.1:1883 - 客户端标识：mqtt_gateway_env_led
11:02:41 [IWT-5-10] INFO  com.iteaj.iot.client.mqtt.MqttClient - 客户端(MQTT<默认>) 连接服务器成功 - 远程主机 127.0.0.1:1883 - 客户端标识：mqtt_gateway_env_led
11:02:42 [IWT-5-10] WARN  com.iteaj.iot.client.mqtt.MqttClient - mqtt(MQTT<默认>) CONNACK - 远程主机：127.0.0.1:mqtt_gateway_env_led - 状态: CONNECTION_REFUSED_IDENTIFIER_REJECTED
11:02:42 [IWT-5-10] WARN  com.iteaj.iot.client.handle.ClientServiceHandler - 客户端关闭(MQTT<默认>) 未知原因 - 客户端: mqtt_gateway_env_led - 远程地址: /127.0.0.1:1883
11:02:42 [IWT-5-10] WARN  com.iteaj.iot.client.mqtt.MqttClient - 客户端(MQTT<默认>) 断线重连 - 等待重连时间：15(s) - 远程主机 127.0.0.1:1883 - 客户端标识：mqtt_gateway_env_led
11:03:01 [IWT-5-11] INFO  com.iteaj.iot.client.mqtt.MqttClient - 客户端(MQTT<默认>) 连接服务器成功 - 远程主机 127.0.0.1:1883 - 客户端标识：mqtt_gateway_env_led
11:03:01 [IWT-5-11] WARN  com.iteaj.iot.client.mqtt.MqttClient - mqtt(MQTT<默认>) CONNACK - 远程主机：127.0.0.1:mqtt_gateway_env_led - 状态: CONNECTION_REFUSED_IDENTIFIER_REJECTED
11:03:01 [IWT-5-11] WARN  com.iteaj.iot.client.handle.ClientServiceHandler - 客户端关闭(MQTT<默认>) 未知原因 - 客户端: mqtt_gateway_env_led - 远程地址: /127.0.0.1:1883
11:03:01 [IWT-5-11] WARN  com.iteaj.iot.client.mqtt.MqttClient - 客户端(MQTT<默认>) 断线重连 - 等待重连时间：15(s) - 远程主机 127.0.0.1:1883 - 客户端标识：mqtt_gateway_env_led
11:03:16 [IWT-5-12] INFO  com.iteaj.iot.client.mqtt.MqttClient - 客户端(MQTT<默认>) 连接服务器成功 - 远程主机 127.0.0.1:1883 - 客户端标识：mqtt_gateway_env_led
11:03:16 [IWT-5-12] WARN  com.iteaj.iot.client.mqtt.MqttClient - mqtt(MQTT<默认>) CONNACK - 远程主机：127.0.0.1:mqtt_gateway_env_led - 状态: CONNECTION_REFUSED_IDENTIFIER_REJECTED
11:03:16 [IWT-5-12] WARN  com.iteaj.iot.client.handle.ClientServiceHandler - 客户端关闭(MQTT<默认>) 未知原因 - 客户端: mqtt_gateway_env_led - 远程地址: /127.0.0.1:1883
11:03:16 [IWT-5-12] WARN  com.iteaj.iot.client.mqtt.MqttClient - 客户端(MQTT<默认>) 断线重连 - 等待重连时间：15(s) - 远程主机 127.0.0.1:1883 - 客户端标识：mqtt_gateway_env_led
11:03:31 [IWT-5-13] INFO  com.iteaj.iot.client.mqtt.MqttClient - 客户端(MQTT<默认>) 连接服务器成功 - 远程主机 127.0.0.1:1883 - 客户端标识：mqtt_gateway_env_led
11:03:31 [IWT-5-13] WARN  com.iteaj.iot.client.mqtt.MqttClient - mqtt(MQTT<默认>) CONNACK - 远程主机：127.0.0.1:mqtt_gateway_env_led - 状态: CONNECTION_REFUSED_IDENTIFIER_REJECTED
11:03:31 [IWT-5-13] WARN  com.iteaj.iot.client.handle.ClientServiceHandler - 客户端关闭(MQTT<默认>) 未知原因 - 客户端: mqtt_gateway_env_led - 远程地址: /127.0.0.1:1883
11:03:31 [IWT-5-13] WARN  com.iteaj.iot.client.mqtt.MqttClient - 客户端(MQTT<默认>) 断线重连 - 等待重连时间：15(s) - 远程主机 127.0.0.1:1883 - 客户端标识：mqtt_gateway_env_led
11:03:47 [IWT-5-14] INFO  com.iteaj.iot.client.mqtt.MqttClient - 客户端(MQTT<默认>) 连接服务器成功 - 远程主机 127.0.0.1:1883 - 客户端标识：mqtt_gateway_env_led
11:03:47 [IWT-5-14] WARN  com.iteaj.iot.client.mqtt.MqttClient - mqtt(MQTT<默认>) CONNACK - 远程主机：127.0.0.1:mqtt_gateway_env_led - 状态: CONNECTION_REFUSED_IDENTIFIER_REJECTED
11:03:47 [IWT-5-14] WARN  com.iteaj.iot.client.handle.ClientServiceHandler - 客户端关闭(MQTT<默认>) 未知原因 - 客户端: mqtt_gateway_env_led - 远程地址: /127.0.0.1:1883
11:03:47 [IWT-5-14] WARN  com.iteaj.iot.client.mqtt.MqttClient - 客户端(MQTT<默认>) 断线重连 - 等待重连时间：15(s) - 远程主机 127.0.0.1:1883 - 客户端标识：mqtt_gateway_env_led
11:04:02 [IWT-5-15] INFO  com.iteaj.iot.client.mqtt.MqttClient - 客户端(MQTT<默认>) 连接服务器成功 - 远程主机 127.0.0.1:1883 - 客户端标识：mqtt_gateway_env_led
11:04:02 [IWT-5-15] WARN  com.iteaj.iot.client.mqtt.MqttClient - mqtt(MQTT<默认>) CONNACK - 远程主机：127.0.0.1:mqtt_gateway_env_led - 状态: CONNECTION_REFUSED_IDENTIFIER_REJECTED
11:04:02 [IWT-5-15] WARN  com.iteaj.iot.client.handle.ClientServiceHandler - 客户端关闭(MQTT<默认>) 未知原因 - 客户端: mqtt_gateway_env_led - 远程地址: /127.0.0.1:1883
11:04:02 [IWT-5-15] WARN  com.iteaj.iot.client.mqtt.MqttClient - 客户端(MQTT<默认>) 断线重连 - 等待重连时间：15(s) - 远程主机 127.0.0.1:1883 - 客户端标识：mqtt_gateway_env_led
11:04:20 [IWT-5-16] INFO  com.iteaj.iot.client.mqtt.MqttClient - 客户端(MQTT<默认>) 连接服务器成功 - 远程主机 127.0.0.1:1883 - 客户端标识：mqtt_gateway_env_led
11:04:20 [IWT-5-16] WARN  com.iteaj.iot.client.mqtt.MqttClient - mqtt(MQTT<默认>) CONNACK - 远程主机：127.0.0.1:mqtt_gateway_env_led - 状态: CONNECTION_REFUSED_IDENTIFIER_REJECTED
11:04:20 [IWT-5-16] WARN  com.iteaj.iot.client.handle.ClientServiceHandler - 客户端关闭(MQTT<默认>) 未知原因 - 客户端: mqtt_gateway_env_led - 远程地址: /127.0.0.1:1883
11:04:20 [IWT-5-16] WARN  com.iteaj.iot.client.mqtt.MqttClient - 客户端(MQTT<默认>) 断线重连 - 等待重连时间：15(s) - 远程主机 127.0.0.1:1883 - 客户端标识：mqtt_gateway_env_led
11:04:35 [IWT-5-1] INFO  com.iteaj.iot.client.mqtt.MqttClient - 客户端(MQTT<默认>) 连接服务器成功 - 远程主机 127.0.0.1:1883 - 客户端标识：mqtt_gateway_env_led
11:04:35 [IWT-5-1] WARN  com.iteaj.iot.client.mqtt.MqttClient - mqtt(MQTT<默认>) CONNACK - 远程主机：127.0.0.1:mqtt_gateway_env_led - 状态: CONNECTION_REFUSED_IDENTIFIER_REJECTED
11:04:35 [IWT-5-1] WARN  com.iteaj.iot.client.handle.ClientServiceHandler - 客户端关闭(MQTT<默认>) 未知原因 - 客户端: mqtt_gateway_env_led - 远程地址: /127.0.0.1:1883
11:04:35 [IWT-5-1] WARN  com.iteaj.iot.client.mqtt.MqttClient - 客户端(MQTT<默认>) 断线重连 - 等待重连时间：15(s) - 远程主机 127.0.0.1:1883 - 客户端标识：mqtt_gateway_env_led
11:04:51 [IWT-5-2] INFO  com.iteaj.iot.client.mqtt.MqttClient - 客户端(MQTT<默认>) 连接服务器成功 - 远程主机 127.0.0.1:1883 - 客户端标识：mqtt_gateway_env_led
11:04:51 [IWT-5-2] WARN  com.iteaj.iot.client.mqtt.MqttClient - mqtt(MQTT<默认>) CONNACK - 远程主机：127.0.0.1:mqtt_gateway_env_led - 状态: CONNECTION_REFUSED_IDENTIFIER_REJECTED
11:04:51 [IWT-5-2] WARN  com.iteaj.iot.client.handle.ClientServiceHandler - 客户端关闭(MQTT<默认>) 未知原因 - 客户端: mqtt_gateway_env_led - 远程地址: /127.0.0.1:1883
11:04:51 [IWT-5-2] WARN  com.iteaj.iot.client.mqtt.MqttClient - 客户端(MQTT<默认>) 断线重连 - 等待重连时间：15(s) - 远程主机 127.0.0.1:1883 - 客户端标识：mqtt_gateway_env_led
11:05:06 [IWT-5-3] INFO  com.iteaj.iot.client.mqtt.MqttClient - 客户端(MQTT<默认>) 连接服务器成功 - 远程主机 127.0.0.1:1883 - 客户端标识：mqtt_gateway_env_led
11:05:06 [IWT-5-3] WARN  com.iteaj.iot.client.mqtt.MqttClient - mqtt(MQTT<默认>) CONNACK - 远程主机：127.0.0.1:mqtt_gateway_env_led - 状态: CONNECTION_REFUSED_IDENTIFIER_REJECTED
11:05:06 [IWT-5-3] WARN  com.iteaj.iot.client.handle.ClientServiceHandler - 客户端关闭(MQTT<默认>) 未知原因 - 客户端: mqtt_gateway_env_led - 远程地址: /127.0.0.1:1883
11:05:06 [IWT-5-3] WARN  com.iteaj.iot.client.mqtt.MqttClient - 客户端(MQTT<默认>) 断线重连 - 等待重连时间：15(s) - 远程主机 127.0.0.1:1883 - 客户端标识：mqtt_gateway_env_led
11:05:21 [IWT-5-4] INFO  com.iteaj.iot.client.mqtt.MqttClient - 客户端(MQTT<默认>) 连接服务器成功 - 远程主机 127.0.0.1:1883 - 客户端标识：mqtt_gateway_env_led
11:05:40 [IWT-5-4] WARN  com.iteaj.iot.client.mqtt.MqttClient - mqtt(MQTT<默认>) CONNACK - 远程主机：127.0.0.1:mqtt_gateway_env_led - 状态: CONNECTION_REFUSED_IDENTIFIER_REJECTED
11:05:40 [IWT-5-4] WARN  com.iteaj.iot.client.handle.ClientServiceHandler - 客户端关闭(MQTT<默认>) 未知原因 - 客户端: mqtt_gateway_env_led - 远程地址: /127.0.0.1:1883
11:05:40 [IWT-5-4] WARN  com.iteaj.iot.client.mqtt.MqttClient - 客户端(MQTT<默认>) 断线重连 - 等待重连时间：15(s) - 远程主机 127.0.0.1:1883 - 客户端标识：mqtt_gateway_env_led
11:05:55 [IWT-5-5] INFO  com.iteaj.iot.client.mqtt.MqttClient - 客户端(MQTT<默认>) 连接服务器成功 - 远程主机 127.0.0.1:1883 - 客户端标识：mqtt_gateway_env_led
11:05:55 [IWT-5-5] WARN  com.iteaj.iot.client.mqtt.MqttClient - mqtt(MQTT<默认>) CONNACK - 远程主机：127.0.0.1:mqtt_gateway_env_led - 状态: CONNECTION_REFUSED_IDENTIFIER_REJECTED
11:05:55 [IWT-5-5] WARN  com.iteaj.iot.client.handle.ClientServiceHandler - 客户端关闭(MQTT<默认>) 未知原因 - 客户端: mqtt_gateway_env_led - 远程地址: /127.0.0.1:1883
11:05:55 [IWT-5-5] WARN  com.iteaj.iot.client.mqtt.MqttClient - 客户端(MQTT<默认>) 断线重连 - 等待重连时间：15(s) - 远程主机 127.0.0.1:1883 - 客户端标识：mqtt_gateway_env_led
11:06:10 [IWT-5-6] INFO  com.iteaj.iot.client.mqtt.MqttClient - 客户端(MQTT<默认>) 连接服务器成功 - 远程主机 127.0.0.1:1883 - 客户端标识：mqtt_gateway_env_led
11:06:10 [IWT-5-6] WARN  com.iteaj.iot.client.mqtt.MqttClient - mqtt(MQTT<默认>) CONNACK - 远程主机：127.0.0.1:mqtt_gateway_env_led - 状态: CONNECTION_REFUSED_IDENTIFIER_REJECTED
11:06:10 [IWT-5-6] WARN  com.iteaj.iot.client.handle.ClientServiceHandler - 客户端关闭(MQTT<默认>) 未知原因 - 客户端: mqtt_gateway_env_led - 远程地址: /127.0.0.1:1883
11:06:10 [IWT-5-6] WARN  com.iteaj.iot.client.mqtt.MqttClient - 客户端(MQTT<默认>) 断线重连 - 等待重连时间：15(s) - 远程主机 127.0.0.1:1883 - 客户端标识：mqtt_gateway_env_led
11:06:25 [IWT-5-7] INFO  com.iteaj.iot.client.mqtt.MqttClient - 客户端(MQTT<默认>) 连接服务器成功 - 远程主机 127.0.0.1:1883 - 客户端标识：mqtt_gateway_env_led
11:06:25 [IWT-5-7] WARN  com.iteaj.iot.client.mqtt.MqttClient - mqtt(MQTT<默认>) CONNACK - 远程主机：127.0.0.1:mqtt_gateway_env_led - 状态: CONNECTION_REFUSED_IDENTIFIER_REJECTED
11:06:25 [IWT-5-7] WARN  com.iteaj.iot.client.handle.ClientServiceHandler - 客户端关闭(MQTT<默认>) 未知原因 - 客户端: mqtt_gateway_env_led - 远程地址: /127.0.0.1:1883
11:06:25 [IWT-5-7] WARN  com.iteaj.iot.client.mqtt.MqttClient - 客户端(MQTT<默认>) 断线重连 - 等待重连时间：15(s) - 远程主机 127.0.0.1:1883 - 客户端标识：mqtt_gateway_env_led
11:06:40 [IWT-5-8] INFO  com.iteaj.iot.client.mqtt.MqttClient - 客户端(MQTT<默认>) 连接服务器成功 - 远程主机 127.0.0.1:1883 - 客户端标识：mqtt_gateway_env_led
11:06:40 [IWT-5-8] WARN  com.iteaj.iot.client.mqtt.MqttClient - mqtt(MQTT<默认>) CONNACK - 远程主机：127.0.0.1:mqtt_gateway_env_led - 状态: CONNECTION_REFUSED_IDENTIFIER_REJECTED
11:06:40 [IWT-5-8] WARN  com.iteaj.iot.client.handle.ClientServiceHandler - 客户端关闭(MQTT<默认>) 未知原因 - 客户端: mqtt_gateway_env_led - 远程地址: /127.0.0.1:1883
11:06:40 [IWT-5-8] WARN  com.iteaj.iot.client.mqtt.MqttClient - 客户端(MQTT<默认>) 断线重连 - 等待重连时间：15(s) - 远程主机 127.0.0.1:1883 - 客户端标识：mqtt_gateway_env_led
11:06:55 [IWT-5-9] INFO  com.iteaj.iot.client.mqtt.MqttClient - 客户端(MQTT<默认>) 连接服务器成功 - 远程主机 127.0.0.1:1883 - 客户端标识：mqtt_gateway_env_led
11:06:55 [IWT-5-9] WARN  com.iteaj.iot.client.mqtt.MqttClient - mqtt(MQTT<默认>) CONNACK - 远程主机：127.0.0.1:mqtt_gateway_env_led - 状态: CONNECTION_REFUSED_IDENTIFIER_REJECTED
11:06:55 [IWT-5-9] WARN  com.iteaj.iot.client.handle.ClientServiceHandler - 客户端关闭(MQTT<默认>) 未知原因 - 客户端: mqtt_gateway_env_led - 远程地址: /127.0.0.1:1883
11:06:55 [IWT-5-9] WARN  com.iteaj.iot.client.mqtt.MqttClient - 客户端(MQTT<默认>) 断线重连 - 等待重连时间：15(s) - 远程主机 127.0.0.1:1883 - 客户端标识：mqtt_gateway_env_led
11:07:10 [IWT-5-10] INFO  com.iteaj.iot.client.mqtt.MqttClient - 客户端(MQTT<默认>) 连接服务器成功 - 远程主机 127.0.0.1:1883 - 客户端标识：mqtt_gateway_env_led
11:07:10 [IWT-5-10] WARN  com.iteaj.iot.client.mqtt.MqttClient - mqtt(MQTT<默认>) CONNACK - 远程主机：127.0.0.1:mqtt_gateway_env_led - 状态: CONNECTION_REFUSED_IDENTIFIER_REJECTED
11:07:10 [IWT-5-10] WARN  com.iteaj.iot.client.handle.ClientServiceHandler - 客户端关闭(MQTT<默认>) 未知原因 - 客户端: mqtt_gateway_env_led - 远程地址: /127.0.0.1:1883
11:07:10 [IWT-5-10] WARN  com.iteaj.iot.client.mqtt.MqttClient - 客户端(MQTT<默认>) 断线重连 - 等待重连时间：15(s) - 远程主机 127.0.0.1:1883 - 客户端标识：mqtt_gateway_env_led
11:07:26 [IWT-5-11] INFO  com.iteaj.iot.client.mqtt.MqttClient - 客户端(MQTT<默认>) 连接服务器成功 - 远程主机 127.0.0.1:1883 - 客户端标识：mqtt_gateway_env_led
11:07:26 [IWT-5-11] WARN  com.iteaj.iot.client.mqtt.MqttClient - mqtt(MQTT<默认>) CONNACK - 远程主机：127.0.0.1:mqtt_gateway_env_led - 状态: CONNECTION_REFUSED_IDENTIFIER_REJECTED
11:07:26 [IWT-5-11] WARN  com.iteaj.iot.client.handle.ClientServiceHandler - 客户端关闭(MQTT<默认>) 未知原因 - 客户端: mqtt_gateway_env_led - 远程地址: /127.0.0.1:1883
11:07:26 [IWT-5-11] WARN  com.iteaj.iot.client.mqtt.MqttClient - 客户端(MQTT<默认>) 断线重连 - 等待重连时间：15(s) - 远程主机 127.0.0.1:1883 - 客户端标识：mqtt_gateway_env_led
11:07:41 [IWT-5-12] INFO  com.iteaj.iot.client.mqtt.MqttClient - 客户端(MQTT<默认>) 连接服务器成功 - 远程主机 127.0.0.1:1883 - 客户端标识：mqtt_gateway_env_led
11:07:43 [IWT-5-12] WARN  com.iteaj.iot.client.mqtt.MqttClient - mqtt(MQTT<默认>) CONNACK - 远程主机：127.0.0.1:mqtt_gateway_env_led - 状态: CONNECTION_REFUSED_IDENTIFIER_REJECTED
11:07:43 [IWT-5-12] WARN  com.iteaj.iot.client.handle.ClientServiceHandler - 客户端关闭(MQTT<默认>) 未知原因 - 客户端: mqtt_gateway_env_led - 远程地址: /127.0.0.1:1883
11:07:43 [IWT-5-12] WARN  com.iteaj.iot.client.mqtt.MqttClient - 客户端(MQTT<默认>) 断线重连 - 等待重连时间：15(s) - 远程主机 127.0.0.1:1883 - 客户端标识：mqtt_gateway_env_led
11:07:58 [IWT-5-13] INFO  com.iteaj.iot.client.mqtt.MqttClient - 客户端(MQTT<默认>) 连接服务器成功 - 远程主机 127.0.0.1:1883 - 客户端标识：mqtt_gateway_env_led
11:07:59 [IWT-5-13] WARN  com.iteaj.iot.client.mqtt.MqttClient - mqtt(MQTT<默认>) CONNACK - 远程主机：127.0.0.1:mqtt_gateway_env_led - 状态: CONNECTION_REFUSED_IDENTIFIER_REJECTED
11:07:59 [IWT-5-13] WARN  com.iteaj.iot.client.handle.ClientServiceHandler - 客户端关闭(MQTT<默认>) 未知原因 - 客户端: mqtt_gateway_env_led - 远程地址: /127.0.0.1:1883
11:07:59 [IWT-5-13] WARN  com.iteaj.iot.client.mqtt.MqttClient - 客户端(MQTT<默认>) 断线重连 - 等待重连时间：15(s) - 远程主机 127.0.0.1:1883 - 客户端标识：mqtt_gateway_env_led
11:08:14 [IWT-5-14] INFO  com.iteaj.iot.client.mqtt.MqttClient - 客户端(MQTT<默认>) 连接服务器成功 - 远程主机 127.0.0.1:1883 - 客户端标识：mqtt_gateway_env_led
11:08:14 [IWT-5-14] WARN  com.iteaj.iot.client.mqtt.MqttClient - mqtt(MQTT<默认>) CONNACK - 远程主机：127.0.0.1:mqtt_gateway_env_led - 状态: CONNECTION_REFUSED_IDENTIFIER_REJECTED
11:08:14 [IWT-5-14] WARN  com.iteaj.iot.client.handle.ClientServiceHandler - 客户端关闭(MQTT<默认>) 未知原因 - 客户端: mqtt_gateway_env_led - 远程地址: /127.0.0.1:1883
11:08:14 [IWT-5-14] WARN  com.iteaj.iot.client.mqtt.MqttClient - 客户端(MQTT<默认>) 断线重连 - 等待重连时间：15(s) - 远程主机 127.0.0.1:1883 - 客户端标识：mqtt_gateway_env_led
11:08:29 [IWT-5-15] INFO  com.iteaj.iot.client.mqtt.MqttClient - 客户端(MQTT<默认>) 连接服务器成功 - 远程主机 127.0.0.1:1883 - 客户端标识：mqtt_gateway_env_led
11:08:29 [IWT-5-15] WARN  com.iteaj.iot.client.mqtt.MqttClient - mqtt(MQTT<默认>) CONNACK - 远程主机：127.0.0.1:mqtt_gateway_env_led - 状态: CONNECTION_REFUSED_IDENTIFIER_REJECTED
11:08:29 [IWT-5-15] WARN  com.iteaj.iot.client.handle.ClientServiceHandler - 客户端关闭(MQTT<默认>) 未知原因 - 客户端: mqtt_gateway_env_led - 远程地址: /127.0.0.1:1883
11:08:29 [IWT-5-15] WARN  com.iteaj.iot.client.mqtt.MqttClient - 客户端(MQTT<默认>) 断线重连 - 等待重连时间：15(s) - 远程主机 127.0.0.1:1883 - 客户端标识：mqtt_gateway_env_led
11:08:44 [IWT-5-16] INFO  com.iteaj.iot.client.mqtt.MqttClient - 客户端(MQTT<默认>) 连接服务器成功 - 远程主机 127.0.0.1:1883 - 客户端标识：mqtt_gateway_env_led
11:08:45 [IWT-5-16] WARN  com.iteaj.iot.client.mqtt.MqttClient - mqtt(MQTT<默认>) CONNACK - 远程主机：127.0.0.1:mqtt_gateway_env_led - 状态: CONNECTION_REFUSED_IDENTIFIER_REJECTED
11:08:45 [IWT-5-16] WARN  com.iteaj.iot.client.handle.ClientServiceHandler - 客户端关闭(MQTT<默认>) 未知原因 - 客户端: mqtt_gateway_env_led - 远程地址: /127.0.0.1:1883
11:08:45 [IWT-5-16] WARN  com.iteaj.iot.client.mqtt.MqttClient - 客户端(MQTT<默认>) 断线重连 - 等待重连时间：15(s) - 远程主机 127.0.0.1:1883 - 客户端标识：mqtt_gateway_env_led
11:09:00 [IWT-5-1] INFO  com.iteaj.iot.client.mqtt.MqttClient - 客户端(MQTT<默认>) 连接服务器成功 - 远程主机 127.0.0.1:1883 - 客户端标识：mqtt_gateway_env_led
11:09:01 [IWT-5-1] WARN  com.iteaj.iot.client.mqtt.MqttClient - mqtt(MQTT<默认>) CONNACK - 远程主机：127.0.0.1:mqtt_gateway_env_led - 状态: CONNECTION_REFUSED_IDENTIFIER_REJECTED
11:09:01 [IWT-5-1] WARN  com.iteaj.iot.client.handle.ClientServiceHandler - 客户端关闭(MQTT<默认>) 未知原因 - 客户端: mqtt_gateway_env_led - 远程地址: /127.0.0.1:1883
11:09:01 [IWT-5-1] WARN  com.iteaj.iot.client.mqtt.MqttClient - 客户端(MQTT<默认>) 断线重连 - 等待重连时间：15(s) - 远程主机 127.0.0.1:1883 - 客户端标识：mqtt_gateway_env_led
11:09:16 [IWT-5-2] INFO  com.iteaj.iot.client.mqtt.MqttClient - 客户端(MQTT<默认>) 连接服务器成功 - 远程主机 127.0.0.1:1883 - 客户端标识：mqtt_gateway_env_led
11:09:16 [IWT-5-2] WARN  com.iteaj.iot.client.mqtt.MqttClient - mqtt(MQTT<默认>) CONNACK - 远程主机：127.0.0.1:mqtt_gateway_env_led - 状态: CONNECTION_REFUSED_IDENTIFIER_REJECTED
11:09:16 [IWT-5-2] WARN  com.iteaj.iot.client.handle.ClientServiceHandler - 客户端关闭(MQTT<默认>) 未知原因 - 客户端: mqtt_gateway_env_led - 远程地址: /127.0.0.1:1883
11:09:16 [IWT-5-2] WARN  com.iteaj.iot.client.mqtt.MqttClient - 客户端(MQTT<默认>) 断线重连 - 等待重连时间：15(s) - 远程主机 127.0.0.1:1883 - 客户端标识：mqtt_gateway_env_led
11:09:31 [IWT-5-3] INFO  com.iteaj.iot.client.mqtt.MqttClient - 客户端(MQTT<默认>) 连接服务器成功 - 远程主机 127.0.0.1:1883 - 客户端标识：mqtt_gateway_env_led
11:09:31 [IWT-5-3] WARN  com.iteaj.iot.client.mqtt.MqttClient - mqtt(MQTT<默认>) CONNACK - 远程主机：127.0.0.1:mqtt_gateway_env_led - 状态: CONNECTION_REFUSED_IDENTIFIER_REJECTED
11:09:31 [IWT-5-3] WARN  com.iteaj.iot.client.handle.ClientServiceHandler - 客户端关闭(MQTT<默认>) 未知原因 - 客户端: mqtt_gateway_env_led - 远程地址: /127.0.0.1:1883
11:09:31 [IWT-5-3] WARN  com.iteaj.iot.client.mqtt.MqttClient - 客户端(MQTT<默认>) 断线重连 - 等待重连时间：15(s) - 远程主机 127.0.0.1:1883 - 客户端标识：mqtt_gateway_env_led
11:09:46 [IWT-5-4] INFO  com.iteaj.iot.client.mqtt.MqttClient - 客户端(MQTT<默认>) 连接服务器成功 - 远程主机 127.0.0.1:1883 - 客户端标识：mqtt_gateway_env_led
11:09:48 [IWT-5-4] WARN  com.iteaj.iot.client.mqtt.MqttClient - mqtt(MQTT<默认>) CONNACK - 远程主机：127.0.0.1:mqtt_gateway_env_led - 状态: CONNECTION_REFUSED_IDENTIFIER_REJECTED
11:09:48 [IWT-5-4] WARN  com.iteaj.iot.client.handle.ClientServiceHandler - 客户端关闭(MQTT<默认>) 未知原因 - 客户端: mqtt_gateway_env_led - 远程地址: /127.0.0.1:1883
11:09:48 [IWT-5-4] WARN  com.iteaj.iot.client.mqtt.MqttClient - 客户端(MQTT<默认>) 断线重连 - 等待重连时间：15(s) - 远程主机 127.0.0.1:1883 - 客户端标识：mqtt_gateway_env_led
11:10:06 [IWT-5-5] INFO  com.iteaj.iot.client.mqtt.MqttClient - 客户端(MQTT<默认>) 连接服务器成功 - 远程主机 127.0.0.1:1883 - 客户端标识：mqtt_gateway_env_led
11:10:06 [IWT-5-5] WARN  com.iteaj.iot.client.mqtt.MqttClient - mqtt(MQTT<默认>) CONNACK - 远程主机：127.0.0.1:mqtt_gateway_env_led - 状态: CONNECTION_REFUSED_IDENTIFIER_REJECTED
11:10:06 [IWT-5-5] WARN  com.iteaj.iot.client.handle.ClientServiceHandler - 客户端关闭(MQTT<默认>) 未知原因 - 客户端: mqtt_gateway_env_led - 远程地址: /127.0.0.1:1883
11:10:07 [IWT-5-5] WARN  com.iteaj.iot.client.mqtt.MqttClient - 客户端(MQTT<默认>) 断线重连 - 等待重连时间：15(s) - 远程主机 127.0.0.1:1883 - 客户端标识：mqtt_gateway_env_led
11:10:22 [IWT-5-6] INFO  com.iteaj.iot.client.mqtt.MqttClient - 客户端(MQTT<默认>) 连接服务器成功 - 远程主机 127.0.0.1:1883 - 客户端标识：mqtt_gateway_env_led
11:10:22 [IWT-5-6] WARN  com.iteaj.iot.client.mqtt.MqttClient - mqtt(MQTT<默认>) CONNACK - 远程主机：127.0.0.1:mqtt_gateway_env_led - 状态: CONNECTION_REFUSED_IDENTIFIER_REJECTED
11:10:22 [IWT-5-6] WARN  com.iteaj.iot.client.handle.ClientServiceHandler - 客户端关闭(MQTT<默认>) 未知原因 - 客户端: mqtt_gateway_env_led - 远程地址: /127.0.0.1:1883
11:10:22 [IWT-5-6] WARN  com.iteaj.iot.client.mqtt.MqttClient - 客户端(MQTT<默认>) 断线重连 - 等待重连时间：15(s) - 远程主机 127.0.0.1:1883 - 客户端标识：mqtt_gateway_env_led
11:10:39 [IWT-5-7] INFO  com.iteaj.iot.client.mqtt.MqttClient - 客户端(MQTT<默认>) 连接服务器成功 - 远程主机 127.0.0.1:1883 - 客户端标识：mqtt_gateway_env_led
11:10:39 [IWT-5-7] WARN  com.iteaj.iot.client.mqtt.MqttClient - mqtt(MQTT<默认>) CONNACK - 远程主机：127.0.0.1:mqtt_gateway_env_led - 状态: CONNECTION_REFUSED_IDENTIFIER_REJECTED
11:10:39 [IWT-5-7] WARN  com.iteaj.iot.client.handle.ClientServiceHandler - 客户端关闭(MQTT<默认>) 未知原因 - 客户端: mqtt_gateway_env_led - 远程地址: /127.0.0.1:1883
11:10:39 [IWT-5-7] WARN  com.iteaj.iot.client.mqtt.MqttClient - 客户端(MQTT<默认>) 断线重连 - 等待重连时间：15(s) - 远程主机 127.0.0.1:1883 - 客户端标识：mqtt_gateway_env_led
11:10:54 [IWT-5-8] INFO  com.iteaj.iot.client.mqtt.MqttClient - 客户端(MQTT<默认>) 连接服务器成功 - 远程主机 127.0.0.1:1883 - 客户端标识：mqtt_gateway_env_led
11:11:14 [IWT-5-8] WARN  com.iteaj.iot.client.mqtt.MqttClient - mqtt(MQTT<默认>) CONNACK - 远程主机：127.0.0.1:mqtt_gateway_env_led - 状态: CONNECTION_REFUSED_IDENTIFIER_REJECTED
11:11:14 [IWT-5-8] WARN  com.iteaj.iot.client.handle.ClientServiceHandler - 客户端关闭(MQTT<默认>) 未知原因 - 客户端: mqtt_gateway_env_led - 远程地址: /127.0.0.1:1883
11:11:14 [IWT-5-8] WARN  com.iteaj.iot.client.mqtt.MqttClient - 客户端(MQTT<默认>) 断线重连 - 等待重连时间：15(s) - 远程主机 127.0.0.1:1883 - 客户端标识：mqtt_gateway_env_led
11:11:29 [IWT-5-9] INFO  com.iteaj.iot.client.mqtt.MqttClient - 客户端(MQTT<默认>) 连接服务器成功 - 远程主机 127.0.0.1:1883 - 客户端标识：mqtt_gateway_env_led
11:11:29 [IWT-5-9] WARN  com.iteaj.iot.client.mqtt.MqttClient - mqtt(MQTT<默认>) CONNACK - 远程主机：127.0.0.1:mqtt_gateway_env_led - 状态: CONNECTION_REFUSED_IDENTIFIER_REJECTED
11:11:29 [IWT-5-9] WARN  com.iteaj.iot.client.handle.ClientServiceHandler - 客户端关闭(MQTT<默认>) 未知原因 - 客户端: mqtt_gateway_env_led - 远程地址: /127.0.0.1:1883
11:11:29 [IWT-5-9] WARN  com.iteaj.iot.client.mqtt.MqttClient - 客户端(MQTT<默认>) 断线重连 - 等待重连时间：15(s) - 远程主机 127.0.0.1:1883 - 客户端标识：mqtt_gateway_env_led
11:11:45 [IWT-5-10] INFO  com.iteaj.iot.client.mqtt.MqttClient - 客户端(MQTT<默认>) 连接服务器成功 - 远程主机 127.0.0.1:1883 - 客户端标识：mqtt_gateway_env_led
11:11:45 [IWT-5-10] WARN  com.iteaj.iot.client.mqtt.MqttClient - mqtt(MQTT<默认>) CONNACK - 远程主机：127.0.0.1:mqtt_gateway_env_led - 状态: CONNECTION_REFUSED_IDENTIFIER_REJECTED
11:11:45 [IWT-5-10] WARN  com.iteaj.iot.client.handle.ClientServiceHandler - 客户端关闭(MQTT<默认>) 未知原因 - 客户端: mqtt_gateway_env_led - 远程地址: /127.0.0.1:1883
11:11:45 [IWT-5-10] WARN  com.iteaj.iot.client.mqtt.MqttClient - 客户端(MQTT<默认>) 断线重连 - 等待重连时间：15(s) - 远程主机 127.0.0.1:1883 - 客户端标识：mqtt_gateway_env_led
11:12:00 [IWT-5-11] INFO  com.iteaj.iot.client.mqtt.MqttClient - 客户端(MQTT<默认>) 连接服务器成功 - 远程主机 127.0.0.1:1883 - 客户端标识：mqtt_gateway_env_led
11:12:00 [IWT-5-11] WARN  com.iteaj.iot.client.mqtt.MqttClient - mqtt(MQTT<默认>) CONNACK - 远程主机：127.0.0.1:mqtt_gateway_env_led - 状态: CONNECTION_REFUSED_IDENTIFIER_REJECTED
11:12:00 [IWT-5-11] WARN  com.iteaj.iot.client.handle.ClientServiceHandler - 客户端关闭(MQTT<默认>) 未知原因 - 客户端: mqtt_gateway_env_led - 远程地址: /127.0.0.1:1883
11:12:00 [IWT-5-11] WARN  com.iteaj.iot.client.mqtt.MqttClient - 客户端(MQTT<默认>) 断线重连 - 等待重连时间：15(s) - 远程主机 127.0.0.1:1883 - 客户端标识：mqtt_gateway_env_led
11:12:15 [IWT-5-12] INFO  com.iteaj.iot.client.mqtt.MqttClient - 客户端(MQTT<默认>) 连接服务器成功 - 远程主机 127.0.0.1:1883 - 客户端标识：mqtt_gateway_env_led
11:12:15 [IWT-5-12] WARN  com.iteaj.iot.client.mqtt.MqttClient - mqtt(MQTT<默认>) CONNACK - 远程主机：127.0.0.1:mqtt_gateway_env_led - 状态: CONNECTION_REFUSED_IDENTIFIER_REJECTED
11:12:15 [IWT-5-12] WARN  com.iteaj.iot.client.handle.ClientServiceHandler - 客户端关闭(MQTT<默认>) 未知原因 - 客户端: mqtt_gateway_env_led - 远程地址: /127.0.0.1:1883
11:12:15 [IWT-5-12] WARN  com.iteaj.iot.client.mqtt.MqttClient - 客户端(MQTT<默认>) 断线重连 - 等待重连时间：15(s) - 远程主机 127.0.0.1:1883 - 客户端标识：mqtt_gateway_env_led
11:12:30 [IWT-5-13] INFO  com.iteaj.iot.client.mqtt.MqttClient - 客户端(MQTT<默认>) 连接服务器成功 - 远程主机 127.0.0.1:1883 - 客户端标识：mqtt_gateway_env_led
11:12:31 [IWT-5-13] WARN  com.iteaj.iot.client.mqtt.MqttClient - mqtt(MQTT<默认>) CONNACK - 远程主机：127.0.0.1:mqtt_gateway_env_led - 状态: CONNECTION_REFUSED_IDENTIFIER_REJECTED
11:12:31 [IWT-5-13] WARN  com.iteaj.iot.client.handle.ClientServiceHandler - 客户端关闭(MQTT<默认>) 未知原因 - 客户端: mqtt_gateway_env_led - 远程地址: /127.0.0.1:1883
11:12:31 [IWT-5-13] WARN  com.iteaj.iot.client.mqtt.MqttClient - 客户端(MQTT<默认>) 断线重连 - 等待重连时间：15(s) - 远程主机 127.0.0.1:1883 - 客户端标识：mqtt_gateway_env_led
11:12:46 [IWT-5-14] INFO  com.iteaj.iot.client.mqtt.MqttClient - 客户端(MQTT<默认>) 连接服务器成功 - 远程主机 127.0.0.1:1883 - 客户端标识：mqtt_gateway_env_led
11:12:46 [IWT-5-14] WARN  com.iteaj.iot.client.mqtt.MqttClient - mqtt(MQTT<默认>) CONNACK - 远程主机：127.0.0.1:mqtt_gateway_env_led - 状态: CONNECTION_REFUSED_IDENTIFIER_REJECTED
11:12:46 [IWT-5-14] WARN  com.iteaj.iot.client.handle.ClientServiceHandler - 客户端关闭(MQTT<默认>) 未知原因 - 客户端: mqtt_gateway_env_led - 远程地址: /127.0.0.1:1883
11:12:46 [IWT-5-14] WARN  com.iteaj.iot.client.mqtt.MqttClient - 客户端(MQTT<默认>) 断线重连 - 等待重连时间：15(s) - 远程主机 127.0.0.1:1883 - 客户端标识：mqtt_gateway_env_led
11:13:01 [IWT-5-15] INFO  com.iteaj.iot.client.mqtt.MqttClient - 客户端(MQTT<默认>) 连接服务器成功 - 远程主机 127.0.0.1:1883 - 客户端标识：mqtt_gateway_env_led
11:13:01 [IWT-5-15] WARN  com.iteaj.iot.client.mqtt.MqttClient - mqtt(MQTT<默认>) CONNACK - 远程主机：127.0.0.1:mqtt_gateway_env_led - 状态: CONNECTION_REFUSED_IDENTIFIER_REJECTED
11:13:01 [IWT-5-15] WARN  com.iteaj.iot.client.handle.ClientServiceHandler - 客户端关闭(MQTT<默认>) 未知原因 - 客户端: mqtt_gateway_env_led - 远程地址: /127.0.0.1:1883
11:13:01 [IWT-5-15] WARN  com.iteaj.iot.client.mqtt.MqttClient - 客户端(MQTT<默认>) 断线重连 - 等待重连时间：15(s) - 远程主机 127.0.0.1:1883 - 客户端标识：mqtt_gateway_env_led
11:13:16 [IWT-5-16] INFO  com.iteaj.iot.client.mqtt.MqttClient - 客户端(MQTT<默认>) 连接服务器成功 - 远程主机 127.0.0.1:1883 - 客户端标识：mqtt_gateway_env_led
11:13:16 [IWT-5-16] WARN  com.iteaj.iot.client.mqtt.MqttClient - mqtt(MQTT<默认>) CONNACK - 远程主机：127.0.0.1:mqtt_gateway_env_led - 状态: CONNECTION_REFUSED_IDENTIFIER_REJECTED
11:13:16 [IWT-5-16] WARN  com.iteaj.iot.client.handle.ClientServiceHandler - 客户端关闭(MQTT<默认>) 未知原因 - 客户端: mqtt_gateway_env_led - 远程地址: /127.0.0.1:1883
11:13:16 [IWT-5-16] WARN  com.iteaj.iot.client.mqtt.MqttClient - 客户端(MQTT<默认>) 断线重连 - 等待重连时间：15(s) - 远程主机 127.0.0.1:1883 - 客户端标识：mqtt_gateway_env_led
11:13:33 [IWT-5-1] INFO  com.iteaj.iot.client.mqtt.MqttClient - 客户端(MQTT<默认>) 连接服务器成功 - 远程主机 127.0.0.1:1883 - 客户端标识：mqtt_gateway_env_led
11:13:33 [IWT-5-1] WARN  com.iteaj.iot.client.mqtt.MqttClient - mqtt(MQTT<默认>) CONNACK - 远程主机：127.0.0.1:mqtt_gateway_env_led - 状态: CONNECTION_REFUSED_IDENTIFIER_REJECTED
11:13:33 [IWT-5-1] WARN  com.iteaj.iot.client.handle.ClientServiceHandler - 客户端关闭(MQTT<默认>) 未知原因 - 客户端: mqtt_gateway_env_led - 远程地址: /127.0.0.1:1883
11:13:33 [IWT-5-1] WARN  com.iteaj.iot.client.mqtt.MqttClient - 客户端(MQTT<默认>) 断线重连 - 等待重连时间：15(s) - 远程主机 127.0.0.1:1883 - 客户端标识：mqtt_gateway_env_led
11:13:53 [IWT-5-2] INFO  com.iteaj.iot.client.mqtt.MqttClient - 客户端(MQTT<默认>) 连接服务器成功 - 远程主机 127.0.0.1:1883 - 客户端标识：mqtt_gateway_env_led
11:13:54 [IWT-5-2] WARN  com.iteaj.iot.client.mqtt.MqttClient - mqtt(MQTT<默认>) CONNACK - 远程主机：127.0.0.1:mqtt_gateway_env_led - 状态: CONNECTION_REFUSED_IDENTIFIER_REJECTED
11:13:54 [IWT-5-2] WARN  com.iteaj.iot.client.handle.ClientServiceHandler - 客户端关闭(MQTT<默认>) 未知原因 - 客户端: mqtt_gateway_env_led - 远程地址: /127.0.0.1:1883
11:13:54 [IWT-5-2] WARN  com.iteaj.iot.client.mqtt.MqttClient - 客户端(MQTT<默认>) 断线重连 - 等待重连时间：15(s) - 远程主机 127.0.0.1:1883 - 客户端标识：mqtt_gateway_env_led
11:14:09 [IWT-5-3] INFO  com.iteaj.iot.client.mqtt.MqttClient - 客户端(MQTT<默认>) 连接服务器成功 - 远程主机 127.0.0.1:1883 - 客户端标识：mqtt_gateway_env_led
11:14:09 [IWT-5-3] WARN  com.iteaj.iot.client.mqtt.MqttClient - mqtt(MQTT<默认>) CONNACK - 远程主机：127.0.0.1:mqtt_gateway_env_led - 状态: CONNECTION_REFUSED_IDENTIFIER_REJECTED
11:14:09 [IWT-5-3] WARN  com.iteaj.iot.client.handle.ClientServiceHandler - 客户端关闭(MQTT<默认>) 未知原因 - 客户端: mqtt_gateway_env_led - 远程地址: /127.0.0.1:1883
11:14:09 [IWT-5-3] WARN  com.iteaj.iot.client.mqtt.MqttClient - 客户端(MQTT<默认>) 断线重连 - 等待重连时间：15(s) - 远程主机 127.0.0.1:1883 - 客户端标识：mqtt_gateway_env_led
11:14:24 [IWT-5-4] INFO  com.iteaj.iot.client.mqtt.MqttClient - 客户端(MQTT<默认>) 连接服务器成功 - 远程主机 127.0.0.1:1883 - 客户端标识：mqtt_gateway_env_led
11:14:24 [IWT-5-4] WARN  com.iteaj.iot.client.mqtt.MqttClient - mqtt(MQTT<默认>) CONNACK - 远程主机：127.0.0.1:mqtt_gateway_env_led - 状态: CONNECTION_REFUSED_IDENTIFIER_REJECTED
11:14:24 [IWT-5-4] WARN  com.iteaj.iot.client.handle.ClientServiceHandler - 客户端关闭(MQTT<默认>) 未知原因 - 客户端: mqtt_gateway_env_led - 远程地址: /127.0.0.1:1883
11:14:24 [IWT-5-4] WARN  com.iteaj.iot.client.mqtt.MqttClient - 客户端(MQTT<默认>) 断线重连 - 等待重连时间：15(s) - 远程主机 127.0.0.1:1883 - 客户端标识：mqtt_gateway_env_led
11:14:39 [IWT-5-5] INFO  com.iteaj.iot.client.mqtt.MqttClient - 客户端(MQTT<默认>) 连接服务器成功 - 远程主机 127.0.0.1:1883 - 客户端标识：mqtt_gateway_env_led
11:14:39 [IWT-5-5] WARN  com.iteaj.iot.client.mqtt.MqttClient - mqtt(MQTT<默认>) CONNACK - 远程主机：127.0.0.1:mqtt_gateway_env_led - 状态: CONNECTION_REFUSED_IDENTIFIER_REJECTED
11:14:39 [IWT-5-5] WARN  com.iteaj.iot.client.handle.ClientServiceHandler - 客户端关闭(MQTT<默认>) 未知原因 - 客户端: mqtt_gateway_env_led - 远程地址: /127.0.0.1:1883
11:14:39 [IWT-5-5] WARN  com.iteaj.iot.client.mqtt.MqttClient - 客户端(MQTT<默认>) 断线重连 - 等待重连时间：15(s) - 远程主机 127.0.0.1:1883 - 客户端标识：mqtt_gateway_env_led
11:14:54 [IWT-5-6] INFO  com.iteaj.iot.client.mqtt.MqttClient - 客户端(MQTT<默认>) 连接服务器成功 - 远程主机 127.0.0.1:1883 - 客户端标识：mqtt_gateway_env_led
11:14:54 [IWT-5-6] WARN  com.iteaj.iot.client.mqtt.MqttClient - mqtt(MQTT<默认>) CONNACK - 远程主机：127.0.0.1:mqtt_gateway_env_led - 状态: CONNECTION_REFUSED_IDENTIFIER_REJECTED
11:14:54 [IWT-5-6] WARN  com.iteaj.iot.client.handle.ClientServiceHandler - 客户端关闭(MQTT<默认>) 未知原因 - 客户端: mqtt_gateway_env_led - 远程地址: /127.0.0.1:1883
11:14:54 [IWT-5-6] WARN  com.iteaj.iot.client.mqtt.MqttClient - 客户端(MQTT<默认>) 断线重连 - 等待重连时间：15(s) - 远程主机 127.0.0.1:1883 - 客户端标识：mqtt_gateway_env_led
11:15:10 [IWT-5-7] INFO  com.iteaj.iot.client.mqtt.MqttClient - 客户端(MQTT<默认>) 连接服务器成功 - 远程主机 127.0.0.1:1883 - 客户端标识：mqtt_gateway_env_led
11:15:10 [IWT-5-7] WARN  com.iteaj.iot.client.mqtt.MqttClient - mqtt(MQTT<默认>) CONNACK - 远程主机：127.0.0.1:mqtt_gateway_env_led - 状态: CONNECTION_REFUSED_IDENTIFIER_REJECTED
11:15:10 [IWT-5-7] WARN  com.iteaj.iot.client.handle.ClientServiceHandler - 客户端关闭(MQTT<默认>) 未知原因 - 客户端: mqtt_gateway_env_led - 远程地址: /127.0.0.1:1883
11:15:10 [IWT-5-7] WARN  com.iteaj.iot.client.mqtt.MqttClient - 客户端(MQTT<默认>) 断线重连 - 等待重连时间：15(s) - 远程主机 127.0.0.1:1883 - 客户端标识：mqtt_gateway_env_led
11:15:26 [IWT-5-8] INFO  com.iteaj.iot.client.mqtt.MqttClient - 客户端(MQTT<默认>) 连接服务器成功 - 远程主机 127.0.0.1:1883 - 客户端标识：mqtt_gateway_env_led
11:15:26 [IWT-5-8] WARN  com.iteaj.iot.client.mqtt.MqttClient - mqtt(MQTT<默认>) CONNACK - 远程主机：127.0.0.1:mqtt_gateway_env_led - 状态: CONNECTION_REFUSED_IDENTIFIER_REJECTED
11:15:26 [IWT-5-8] WARN  com.iteaj.iot.client.handle.ClientServiceHandler - 客户端关闭(MQTT<默认>) 未知原因 - 客户端: mqtt_gateway_env_led - 远程地址: /127.0.0.1:1883
11:15:26 [IWT-5-8] WARN  com.iteaj.iot.client.mqtt.MqttClient - 客户端(MQTT<默认>) 断线重连 - 等待重连时间：15(s) - 远程主机 127.0.0.1:1883 - 客户端标识：mqtt_gateway_env_led
11:15:41 [IWT-5-9] INFO  com.iteaj.iot.client.mqtt.MqttClient - 客户端(MQTT<默认>) 连接服务器成功 - 远程主机 127.0.0.1:1883 - 客户端标识：mqtt_gateway_env_led
11:15:41 [IWT-5-9] WARN  com.iteaj.iot.client.mqtt.MqttClient - mqtt(MQTT<默认>) CONNACK - 远程主机：127.0.0.1:mqtt_gateway_env_led - 状态: CONNECTION_REFUSED_IDENTIFIER_REJECTED
11:15:41 [IWT-5-9] WARN  com.iteaj.iot.client.handle.ClientServiceHandler - 客户端关闭(MQTT<默认>) 未知原因 - 客户端: mqtt_gateway_env_led - 远程地址: /127.0.0.1:1883
11:15:42 [IWT-5-9] WARN  com.iteaj.iot.client.mqtt.MqttClient - 客户端(MQTT<默认>) 断线重连 - 等待重连时间：15(s) - 远程主机 127.0.0.1:1883 - 客户端标识：mqtt_gateway_env_led
11:15:57 [IWT-5-10] INFO  com.iteaj.iot.client.mqtt.MqttClient - 客户端(MQTT<默认>) 连接服务器成功 - 远程主机 127.0.0.1:1883 - 客户端标识：mqtt_gateway_env_led
11:15:57 [IWT-5-10] WARN  com.iteaj.iot.client.mqtt.MqttClient - mqtt(MQTT<默认>) CONNACK - 远程主机：127.0.0.1:mqtt_gateway_env_led - 状态: CONNECTION_REFUSED_IDENTIFIER_REJECTED
11:15:57 [IWT-5-10] WARN  com.iteaj.iot.client.handle.ClientServiceHandler - 客户端关闭(MQTT<默认>) 未知原因 - 客户端: mqtt_gateway_env_led - 远程地址: /127.0.0.1:1883
11:15:57 [IWT-5-10] WARN  com.iteaj.iot.client.mqtt.MqttClient - 客户端(MQTT<默认>) 断线重连 - 等待重连时间：15(s) - 远程主机 127.0.0.1:1883 - 客户端标识：mqtt_gateway_env_led
11:16:12 [IWT-5-11] INFO  com.iteaj.iot.client.mqtt.MqttClient - 客户端(MQTT<默认>) 连接服务器成功 - 远程主机 127.0.0.1:1883 - 客户端标识：mqtt_gateway_env_led
11:16:12 [IWT-5-11] WARN  com.iteaj.iot.client.mqtt.MqttClient - mqtt(MQTT<默认>) CONNACK - 远程主机：127.0.0.1:mqtt_gateway_env_led - 状态: CONNECTION_REFUSED_IDENTIFIER_REJECTED
11:16:12 [IWT-5-11] WARN  com.iteaj.iot.client.handle.ClientServiceHandler - 客户端关闭(MQTT<默认>) 未知原因 - 客户端: mqtt_gateway_env_led - 远程地址: /127.0.0.1:1883
11:16:12 [IWT-5-11] WARN  com.iteaj.iot.client.mqtt.MqttClient - 客户端(MQTT<默认>) 断线重连 - 等待重连时间：15(s) - 远程主机 127.0.0.1:1883 - 客户端标识：mqtt_gateway_env_led
11:16:27 [IWT-5-12] INFO  com.iteaj.iot.client.mqtt.MqttClient - 客户端(MQTT<默认>) 连接服务器成功 - 远程主机 127.0.0.1:1883 - 客户端标识：mqtt_gateway_env_led
11:16:27 [IWT-5-12] WARN  com.iteaj.iot.client.mqtt.MqttClient - mqtt(MQTT<默认>) CONNACK - 远程主机：127.0.0.1:mqtt_gateway_env_led - 状态: CONNECTION_REFUSED_IDENTIFIER_REJECTED
11:16:27 [IWT-5-12] WARN  com.iteaj.iot.client.handle.ClientServiceHandler - 客户端关闭(MQTT<默认>) 未知原因 - 客户端: mqtt_gateway_env_led - 远程地址: /127.0.0.1:1883
11:16:27 [IWT-5-12] WARN  com.iteaj.iot.client.mqtt.MqttClient - 客户端(MQTT<默认>) 断线重连 - 等待重连时间：15(s) - 远程主机 127.0.0.1:1883 - 客户端标识：mqtt_gateway_env_led
11:16:43 [IWT-5-13] INFO  com.iteaj.iot.client.mqtt.MqttClient - 客户端(MQTT<默认>) 连接服务器成功 - 远程主机 127.0.0.1:1883 - 客户端标识：mqtt_gateway_env_led
11:16:44 [IWT-5-13] WARN  com.iteaj.iot.client.mqtt.MqttClient - mqtt(MQTT<默认>) CONNACK - 远程主机：127.0.0.1:mqtt_gateway_env_led - 状态: CONNECTION_REFUSED_IDENTIFIER_REJECTED
11:16:44 [IWT-5-13] WARN  com.iteaj.iot.client.handle.ClientServiceHandler - 客户端关闭(MQTT<默认>) 未知原因 - 客户端: mqtt_gateway_env_led - 远程地址: /127.0.0.1:1883
11:16:44 [IWT-5-13] WARN  com.iteaj.iot.client.mqtt.MqttClient - 客户端(MQTT<默认>) 断线重连 - 等待重连时间：15(s) - 远程主机 127.0.0.1:1883 - 客户端标识：mqtt_gateway_env_led
11:16:59 [IWT-5-14] INFO  com.iteaj.iot.client.mqtt.MqttClient - 客户端(MQTT<默认>) 连接服务器成功 - 远程主机 127.0.0.1:1883 - 客户端标识：mqtt_gateway_env_led
11:16:59 [IWT-5-14] WARN  com.iteaj.iot.client.mqtt.MqttClient - mqtt(MQTT<默认>) CONNACK - 远程主机：127.0.0.1:mqtt_gateway_env_led - 状态: CONNECTION_REFUSED_IDENTIFIER_REJECTED
11:16:59 [IWT-5-14] WARN  com.iteaj.iot.client.handle.ClientServiceHandler - 客户端关闭(MQTT<默认>) 未知原因 - 客户端: mqtt_gateway_env_led - 远程地址: /127.0.0.1:1883
11:16:59 [IWT-5-14] WARN  com.iteaj.iot.client.mqtt.MqttClient - 客户端(MQTT<默认>) 断线重连 - 等待重连时间：15(s) - 远程主机 127.0.0.1:1883 - 客户端标识：mqtt_gateway_env_led
11:17:14 [IWT-5-15] INFO  com.iteaj.iot.client.mqtt.MqttClient - 客户端(MQTT<默认>) 连接服务器成功 - 远程主机 127.0.0.1:1883 - 客户端标识：mqtt_gateway_env_led
11:17:15 [IWT-5-15] WARN  com.iteaj.iot.client.mqtt.MqttClient - mqtt(MQTT<默认>) CONNACK - 远程主机：127.0.0.1:mqtt_gateway_env_led - 状态: CONNECTION_REFUSED_IDENTIFIER_REJECTED
11:17:15 [IWT-5-15] WARN  com.iteaj.iot.client.handle.ClientServiceHandler - 客户端关闭(MQTT<默认>) 未知原因 - 客户端: mqtt_gateway_env_led - 远程地址: /127.0.0.1:1883
11:17:15 [IWT-5-15] WARN  com.iteaj.iot.client.mqtt.MqttClient - 客户端(MQTT<默认>) 断线重连 - 等待重连时间：15(s) - 远程主机 127.0.0.1:1883 - 客户端标识：mqtt_gateway_env_led
11:17:30 [IWT-5-16] INFO  com.iteaj.iot.client.mqtt.MqttClient - 客户端(MQTT<默认>) 连接服务器成功 - 远程主机 127.0.0.1:1883 - 客户端标识：mqtt_gateway_env_led
11:17:30 [IWT-5-16] WARN  com.iteaj.iot.client.mqtt.MqttClient - mqtt(MQTT<默认>) CONNACK - 远程主机：127.0.0.1:mqtt_gateway_env_led - 状态: CONNECTION_REFUSED_IDENTIFIER_REJECTED
11:17:30 [IWT-5-16] WARN  com.iteaj.iot.client.handle.ClientServiceHandler - 客户端关闭(MQTT<默认>) 未知原因 - 客户端: mqtt_gateway_env_led - 远程地址: /127.0.0.1:1883
11:17:30 [IWT-5-16] WARN  com.iteaj.iot.client.mqtt.MqttClient - 客户端(MQTT<默认>) 断线重连 - 等待重连时间：15(s) - 远程主机 127.0.0.1:1883 - 客户端标识：mqtt_gateway_env_led
11:17:45 [IWT-5-1] INFO  com.iteaj.iot.client.mqtt.MqttClient - 客户端(MQTT<默认>) 连接服务器成功 - 远程主机 127.0.0.1:1883 - 客户端标识：mqtt_gateway_env_led
11:17:47 [IWT-5-1] WARN  com.iteaj.iot.client.mqtt.MqttClient - mqtt(MQTT<默认>) CONNACK - 远程主机：127.0.0.1:mqtt_gateway_env_led - 状态: CONNECTION_REFUSED_IDENTIFIER_REJECTED
11:17:47 [IWT-5-1] WARN  com.iteaj.iot.client.handle.ClientServiceHandler - 客户端关闭(MQTT<默认>) 未知原因 - 客户端: mqtt_gateway_env_led - 远程地址: /127.0.0.1:1883
11:17:47 [IWT-5-1] WARN  com.iteaj.iot.client.mqtt.MqttClient - 客户端(MQTT<默认>) 断线重连 - 等待重连时间：15(s) - 远程主机 127.0.0.1:1883 - 客户端标识：mqtt_gateway_env_led
11:18:02 [IWT-5-2] INFO  com.iteaj.iot.client.mqtt.MqttClient - 客户端(MQTT<默认>) 连接服务器成功 - 远程主机 127.0.0.1:1883 - 客户端标识：mqtt_gateway_env_led
11:18:02 [IWT-5-2] WARN  com.iteaj.iot.client.mqtt.MqttClient - mqtt(MQTT<默认>) CONNACK - 远程主机：127.0.0.1:mqtt_gateway_env_led - 状态: CONNECTION_REFUSED_IDENTIFIER_REJECTED
11:18:02 [IWT-5-2] WARN  com.iteaj.iot.client.handle.ClientServiceHandler - 客户端关闭(MQTT<默认>) 未知原因 - 客户端: mqtt_gateway_env_led - 远程地址: /127.0.0.1:1883
11:18:02 [IWT-5-2] WARN  com.iteaj.iot.client.mqtt.MqttClient - 客户端(MQTT<默认>) 断线重连 - 等待重连时间：15(s) - 远程主机 127.0.0.1:1883 - 客户端标识：mqtt_gateway_env_led
11:18:19 [IWT-5-3] INFO  com.iteaj.iot.client.mqtt.MqttClient - 客户端(MQTT<默认>) 连接服务器成功 - 远程主机 127.0.0.1:1883 - 客户端标识：mqtt_gateway_env_led
11:18:19 [IWT-5-3] WARN  com.iteaj.iot.client.mqtt.MqttClient - mqtt(MQTT<默认>) CONNACK - 远程主机：127.0.0.1:mqtt_gateway_env_led - 状态: CONNECTION_REFUSED_IDENTIFIER_REJECTED
11:18:19 [IWT-5-3] WARN  com.iteaj.iot.client.handle.ClientServiceHandler - 客户端关闭(MQTT<默认>) 未知原因 - 客户端: mqtt_gateway_env_led - 远程地址: /127.0.0.1:1883
11:18:19 [IWT-5-3] WARN  com.iteaj.iot.client.mqtt.MqttClient - 客户端(MQTT<默认>) 断线重连 - 等待重连时间：15(s) - 远程主机 127.0.0.1:1883 - 客户端标识：mqtt_gateway_env_led
11:18:35 [IWT-5-4] INFO  com.iteaj.iot.client.mqtt.MqttClient - 客户端(MQTT<默认>) 连接服务器成功 - 远程主机 127.0.0.1:1883 - 客户端标识：mqtt_gateway_env_led
11:18:36 [IWT-5-4] WARN  com.iteaj.iot.client.mqtt.MqttClient - mqtt(MQTT<默认>) CONNACK - 远程主机：127.0.0.1:mqtt_gateway_env_led - 状态: CONNECTION_REFUSED_IDENTIFIER_REJECTED
11:18:36 [IWT-5-4] WARN  com.iteaj.iot.client.handle.ClientServiceHandler - 客户端关闭(MQTT<默认>) 未知原因 - 客户端: mqtt_gateway_env_led - 远程地址: /127.0.0.1:1883
11:18:36 [IWT-5-4] WARN  com.iteaj.iot.client.mqtt.MqttClient - 客户端(MQTT<默认>) 断线重连 - 等待重连时间：15(s) - 远程主机 127.0.0.1:1883 - 客户端标识：mqtt_gateway_env_led
11:18:52 [IWT-5-5] INFO  com.iteaj.iot.client.mqtt.MqttClient - 客户端(MQTT<默认>) 连接服务器成功 - 远程主机 127.0.0.1:1883 - 客户端标识：mqtt_gateway_env_led
11:18:52 [IWT-5-5] WARN  com.iteaj.iot.client.mqtt.MqttClient - mqtt(MQTT<默认>) CONNACK - 远程主机：127.0.0.1:mqtt_gateway_env_led - 状态: CONNECTION_REFUSED_IDENTIFIER_REJECTED
11:18:52 [IWT-5-5] WARN  com.iteaj.iot.client.handle.ClientServiceHandler - 客户端关闭(MQTT<默认>) 未知原因 - 客户端: mqtt_gateway_env_led - 远程地址: /127.0.0.1:1883
11:18:52 [IWT-5-5] WARN  com.iteaj.iot.client.mqtt.MqttClient - 客户端(MQTT<默认>) 断线重连 - 等待重连时间：15(s) - 远程主机 127.0.0.1:1883 - 客户端标识：mqtt_gateway_env_led
11:19:10 [IWT-5-6] INFO  com.iteaj.iot.client.mqtt.MqttClient - 客户端(MQTT<默认>) 连接服务器成功 - 远程主机 127.0.0.1:1883 - 客户端标识：mqtt_gateway_env_led
11:19:10 [IWT-5-6] WARN  com.iteaj.iot.client.mqtt.MqttClient - mqtt(MQTT<默认>) CONNACK - 远程主机：127.0.0.1:mqtt_gateway_env_led - 状态: CONNECTION_REFUSED_IDENTIFIER_REJECTED
11:19:10 [IWT-5-6] WARN  com.iteaj.iot.client.handle.ClientServiceHandler - 客户端关闭(MQTT<默认>) 未知原因 - 客户端: mqtt_gateway_env_led - 远程地址: /127.0.0.1:1883
11:19:10 [IWT-5-6] WARN  com.iteaj.iot.client.mqtt.MqttClient - 客户端(MQTT<默认>) 断线重连 - 等待重连时间：15(s) - 远程主机 127.0.0.1:1883 - 客户端标识：mqtt_gateway_env_led
11:19:28 [IWT-5-7] INFO  com.iteaj.iot.client.mqtt.MqttClient - 客户端(MQTT<默认>) 连接服务器成功 - 远程主机 127.0.0.1:1883 - 客户端标识：mqtt_gateway_env_led
11:19:29 [IWT-5-7] WARN  com.iteaj.iot.client.mqtt.MqttClient - mqtt(MQTT<默认>) CONNACK - 远程主机：127.0.0.1:mqtt_gateway_env_led - 状态: CONNECTION_REFUSED_IDENTIFIER_REJECTED
11:19:29 [IWT-5-7] WARN  com.iteaj.iot.client.handle.ClientServiceHandler - 客户端关闭(MQTT<默认>) 未知原因 - 客户端: mqtt_gateway_env_led - 远程地址: /127.0.0.1:1883
11:19:29 [IWT-5-7] WARN  com.iteaj.iot.client.mqtt.MqttClient - 客户端(MQTT<默认>) 断线重连 - 等待重连时间：15(s) - 远程主机 127.0.0.1:1883 - 客户端标识：mqtt_gateway_env_led
11:19:45 [IWT-5-8] INFO  com.iteaj.iot.client.mqtt.MqttClient - 客户端(MQTT<默认>) 连接服务器成功 - 远程主机 127.0.0.1:1883 - 客户端标识：mqtt_gateway_env_led
11:19:46 [IWT-5-8] WARN  com.iteaj.iot.client.mqtt.MqttClient - mqtt(MQTT<默认>) CONNACK - 远程主机：127.0.0.1:mqtt_gateway_env_led - 状态: CONNECTION_REFUSED_IDENTIFIER_REJECTED
11:19:46 [IWT-5-8] WARN  com.iteaj.iot.client.handle.ClientServiceHandler - 客户端关闭(MQTT<默认>) 未知原因 - 客户端: mqtt_gateway_env_led - 远程地址: /127.0.0.1:1883
11:19:46 [IWT-5-8] WARN  com.iteaj.iot.client.mqtt.MqttClient - 客户端(MQTT<默认>) 断线重连 - 等待重连时间：15(s) - 远程主机 127.0.0.1:1883 - 客户端标识：mqtt_gateway_env_led
11:20:01 [IWT-5-9] INFO  com.iteaj.iot.client.mqtt.MqttClient - 客户端(MQTT<默认>) 连接服务器成功 - 远程主机 127.0.0.1:1883 - 客户端标识：mqtt_gateway_env_led
11:20:02 [IWT-5-9] WARN  com.iteaj.iot.client.mqtt.MqttClient - mqtt(MQTT<默认>) CONNACK - 远程主机：127.0.0.1:mqtt_gateway_env_led - 状态: CONNECTION_REFUSED_IDENTIFIER_REJECTED
11:20:02 [IWT-5-9] WARN  com.iteaj.iot.client.handle.ClientServiceHandler - 客户端关闭(MQTT<默认>) 未知原因 - 客户端: mqtt_gateway_env_led - 远程地址: /127.0.0.1:1883
11:20:02 [IWT-5-9] WARN  com.iteaj.iot.client.mqtt.MqttClient - 客户端(MQTT<默认>) 断线重连 - 等待重连时间：15(s) - 远程主机 127.0.0.1:1883 - 客户端标识：mqtt_gateway_env_led
11:20:17 [IWT-5-10] INFO  com.iteaj.iot.client.mqtt.MqttClient - 客户端(MQTT<默认>) 连接服务器成功 - 远程主机 127.0.0.1:1883 - 客户端标识：mqtt_gateway_env_led
11:20:17 [IWT-5-10] WARN  com.iteaj.iot.client.mqtt.MqttClient - mqtt(MQTT<默认>) CONNACK - 远程主机：127.0.0.1:mqtt_gateway_env_led - 状态: CONNECTION_REFUSED_IDENTIFIER_REJECTED
11:20:17 [IWT-5-10] WARN  com.iteaj.iot.client.handle.ClientServiceHandler - 客户端关闭(MQTT<默认>) 未知原因 - 客户端: mqtt_gateway_env_led - 远程地址: /127.0.0.1:1883
11:20:17 [IWT-5-10] WARN  com.iteaj.iot.client.mqtt.MqttClient - 客户端(MQTT<默认>) 断线重连 - 等待重连时间：15(s) - 远程主机 127.0.0.1:1883 - 客户端标识：mqtt_gateway_env_led
11:20:33 [IWT-5-11] INFO  com.iteaj.iot.client.mqtt.MqttClient - 客户端(MQTT<默认>) 连接服务器成功 - 远程主机 127.0.0.1:1883 - 客户端标识：mqtt_gateway_env_led
11:20:34 [IWT-5-11] WARN  com.iteaj.iot.client.mqtt.MqttClient - mqtt(MQTT<默认>) CONNACK - 远程主机：127.0.0.1:mqtt_gateway_env_led - 状态: CONNECTION_REFUSED_IDENTIFIER_REJECTED
11:20:34 [IWT-5-11] WARN  com.iteaj.iot.client.handle.ClientServiceHandler - 客户端关闭(MQTT<默认>) 未知原因 - 客户端: mqtt_gateway_env_led - 远程地址: /127.0.0.1:1883
11:20:34 [IWT-5-11] WARN  com.iteaj.iot.client.mqtt.MqttClient - 客户端(MQTT<默认>) 断线重连 - 等待重连时间：15(s) - 远程主机 127.0.0.1:1883 - 客户端标识：mqtt_gateway_env_led
11:20:50 [IWT-5-12] INFO  com.iteaj.iot.client.mqtt.MqttClient - 客户端(MQTT<默认>) 连接服务器成功 - 远程主机 127.0.0.1:1883 - 客户端标识：mqtt_gateway_env_led
11:20:50 [IWT-5-12] WARN  com.iteaj.iot.client.mqtt.MqttClient - mqtt(MQTT<默认>) CONNACK - 远程主机：127.0.0.1:mqtt_gateway_env_led - 状态: CONNECTION_REFUSED_IDENTIFIER_REJECTED
11:20:50 [IWT-5-12] WARN  com.iteaj.iot.client.handle.ClientServiceHandler - 客户端关闭(MQTT<默认>) 未知原因 - 客户端: mqtt_gateway_env_led - 远程地址: /127.0.0.1:1883
11:20:50 [IWT-5-12] WARN  com.iteaj.iot.client.mqtt.MqttClient - 客户端(MQTT<默认>) 断线重连 - 等待重连时间：15(s) - 远程主机 127.0.0.1:1883 - 客户端标识：mqtt_gateway_env_led
