09:11:16 [main] INFO  com.iteaj.iboot.boot.IBootApplication - Starting IBootApplication v3.0.0 using Java 1.8.0_492 on DESKTOP-6NM70T0 with PID 6376 (D:\Proj\5.29\iboot-jetlinks\bootstrap\target\bootstrap.jar started by DESKTOP-6NM70T0$ in D:\Proj\5.29\iboot-jetlinks\bootstrap\target)
09:11:16 [main] INFO  com.iteaj.iboot.boot.IBootApplication - The following 5 profiles are active: "iot", "framework", "satoken", "knife4j", "prod"
09:11:52 [main] INFO  c.iteaj.framework.spi.iot.ProtocolSupplierManager - <<<注册协议提供成功 MODBUS_RTU - 版本: 1.0.0 - 实现: 系统内置 - 说明: Modbus Rtu协议提供
09:11:52 [main] INFO  c.iteaj.framework.spi.iot.ProtocolSupplierManager - <<<注册协议提供成功 MODBUS_TCP - 版本: 1.0.0 - 实现: 系统内置 - 说明: Modbus Tcp协议提供
09:11:52 [main] INFO  c.iteaj.framework.spi.iot.ProtocolSupplierManager - <<<注册协议提供成功 DTU:MODBUS_TCP - 版本: 1.0.0 - 实现: 系统内置 - 说明: 基于DTU网关的Modbus Tcp协议提供
09:11:52 [main] INFO  c.iteaj.framework.spi.iot.ProtocolSupplierManager - <<<注册协议提供成功 DTU:MODBUS_RTU - 版本: 1.0.0 - 实现: 系统内置 - 说明: 基于DTU网关的Modbus Rtu协议提供
09:11:52 [main] INFO  c.iteaj.framework.spi.iot.ProtocolSupplierManager - <<<注册协议提供成功 MQTT_DEFAULT_IMPL - 版本: 1.0.0 - 实现: 系统内置 - 说明: 默认Mqtt协议
09:11:54 [main] INFO  com.iteaj.iboot.boot.IBootApplication - Started IBootApplication in 41.743 seconds (JVM running for 47.093)
09:11:54 [main] INFO  com.iteaj.framework.plugin.PluginManagerService - 框架已加载完成所有插件[Oauth2、Knife4j]
09:11:54 [main] INFO  com.iteaj.iot.boot.LoggerLifeCyclePostProcessor - 执行组件生命周期[start]前钩子函数[LifeCyclePostProcessor]
09:11:54 [IST-4-1] INFO  com.iteaj.iot.server.IotSocketServer - 监听端口成功(websocket(Server)) 主机：0.0.0.0:8170 - 简介：websocket服务端默认实现
09:11:54 [main] INFO  com.iteaj.iot.boot.LoggerLifeCyclePostProcessor - 执行组件生命周期[start]后钩子函数[LifeCyclePostProcessor]
09:11:55 [IST-4-1] INFO  com.iteaj.iot.server.IotSocketServer - 监听端口成功(ModbusRtuForDtu) 主机：0.0.0.0:5020 - 简介：使用Dtu连网且设备基于标准Modbus Rtu协议的iot服务端实现
09:11:57 [IWT-5-2] ERROR com.iteaj.iot.client.mqtt.MqttClient - 客户端(MQTT<默认>) 连接服务器失败 - 远程主机 127.0.0.1:1883 - 客户端标识：mqtt_gateway_env_led
io.netty.channel.AbstractChannel$AnnotatedConnectException: Connection refused: no further information: /127.0.0.1:1883
Caused by: java.net.ConnectException: Connection refused: no further information
	at sun.nio.ch.SocketChannelImpl.checkConnect(Native Method)
	at sun.nio.ch.SocketChannelImpl.finishConnect(SocketChannelImpl.java:716)
	at io.netty.channel.socket.nio.NioSocketChannel.doFinishConnect(NioSocketChannel.java:337)
	at io.netty.channel.nio.AbstractNioChannel$AbstractNioUnsafe.finishConnect(AbstractNioChannel.java:334)
	at io.netty.channel.nio.NioEventLoop.processSelectedKey(NioEventLoop.java:710)
	at io.netty.channel.nio.NioEventLoop.processSelectedKeysOptimized(NioEventLoop.java:658)
	at io.netty.channel.nio.NioEventLoop.processSelectedKeys(NioEventLoop.java:584)
	at io.netty.channel.nio.NioEventLoop.run(NioEventLoop.java:496)
	at io.netty.util.concurrent.SingleThreadEventExecutor$4.run(SingleThreadEventExecutor.java:997)
	at io.netty.util.internal.ThreadExecutorMap$2.run(ThreadExecutorMap.java:74)
	at io.netty.util.concurrent.FastThreadLocalRunnable.run(FastThreadLocalRunnable.java:30)
	at java.lang.Thread.run(Thread.java:750)
09:11:57 [IWT-5-2] WARN  com.iteaj.iot.client.mqtt.MqttClient - 客户端(MQTT<默认>) 断线重连 - 等待重连时间：15(s) - 远程主机 127.0.0.1:1883 - 客户端标识：mqtt_gateway_env_led
09:12:14 [IWT-5-3] ERROR com.iteaj.iot.client.mqtt.MqttClient - 客户端(MQTT<默认>) 连接服务器失败 - 远程主机 127.0.0.1:1883 - 客户端标识：mqtt_gateway_env_led
io.netty.channel.AbstractChannel$AnnotatedConnectException: Connection refused: no further information: /127.0.0.1:1883
Caused by: java.net.ConnectException: Connection refused: no further information
	at sun.nio.ch.SocketChannelImpl.checkConnect(Native Method)
	at sun.nio.ch.SocketChannelImpl.finishConnect(SocketChannelImpl.java:716)
	at io.netty.channel.socket.nio.NioSocketChannel.doFinishConnect(NioSocketChannel.java:337)
	at io.netty.channel.nio.AbstractNioChannel$AbstractNioUnsafe.finishConnect(AbstractNioChannel.java:334)
	at io.netty.channel.nio.NioEventLoop.processSelectedKey(NioEventLoop.java:710)
	at io.netty.channel.nio.NioEventLoop.processSelectedKeysOptimized(NioEventLoop.java:658)
	at io.netty.channel.nio.NioEventLoop.processSelectedKeys(NioEventLoop.java:584)
	at io.netty.channel.nio.NioEventLoop.run(NioEventLoop.java:496)
	at io.netty.util.concurrent.SingleThreadEventExecutor$4.run(SingleThreadEventExecutor.java:997)
	at io.netty.util.internal.ThreadExecutorMap$2.run(ThreadExecutorMap.java:74)
	at io.netty.util.concurrent.FastThreadLocalRunnable.run(FastThreadLocalRunnable.java:30)
	at java.lang.Thread.run(Thread.java:750)
09:12:14 [IWT-5-3] WARN  com.iteaj.iot.client.mqtt.MqttClient - 客户端(MQTT<默认>) 断线重连 - 等待重连时间：15(s) - 远程主机 127.0.0.1:1883 - 客户端标识：mqtt_gateway_env_led
09:12:31 [IWT-5-4] ERROR com.iteaj.iot.client.mqtt.MqttClient - 客户端(MQTT<默认>) 连接服务器失败 - 远程主机 127.0.0.1:1883 - 客户端标识：mqtt_gateway_env_led
io.netty.channel.AbstractChannel$AnnotatedConnectException: Connection refused: no further information: /127.0.0.1:1883
Caused by: java.net.ConnectException: Connection refused: no further information
	at sun.nio.ch.SocketChannelImpl.checkConnect(Native Method)
	at sun.nio.ch.SocketChannelImpl.finishConnect(SocketChannelImpl.java:716)
	at io.netty.channel.socket.nio.NioSocketChannel.doFinishConnect(NioSocketChannel.java:337)
	at io.netty.channel.nio.AbstractNioChannel$AbstractNioUnsafe.finishConnect(AbstractNioChannel.java:334)
	at io.netty.channel.nio.NioEventLoop.processSelectedKey(NioEventLoop.java:710)
	at io.netty.channel.nio.NioEventLoop.processSelectedKeysOptimized(NioEventLoop.java:658)
	at io.netty.channel.nio.NioEventLoop.processSelectedKeys(NioEventLoop.java:584)
	at io.netty.channel.nio.NioEventLoop.run(NioEventLoop.java:496)
	at io.netty.util.concurrent.SingleThreadEventExecutor$4.run(SingleThreadEventExecutor.java:997)
	at io.netty.util.internal.ThreadExecutorMap$2.run(ThreadExecutorMap.java:74)
	at io.netty.util.concurrent.FastThreadLocalRunnable.run(FastThreadLocalRunnable.java:30)
	at java.lang.Thread.run(Thread.java:750)
09:12:31 [IWT-5-4] WARN  com.iteaj.iot.client.mqtt.MqttClient - 客户端(MQTT<默认>) 断线重连 - 等待重连时间：15(s) - 远程主机 127.0.0.1:1883 - 客户端标识：mqtt_gateway_env_led
09:12:48 [IWT-5-5] ERROR com.iteaj.iot.client.mqtt.MqttClient - 客户端(MQTT<默认>) 连接服务器失败 - 远程主机 127.0.0.1:1883 - 客户端标识：mqtt_gateway_env_led
io.netty.channel.AbstractChannel$AnnotatedConnectException: Connection refused: no further information: /127.0.0.1:1883
Caused by: java.net.ConnectException: Connection refused: no further information
	at sun.nio.ch.SocketChannelImpl.checkConnect(Native Method)
	at sun.nio.ch.SocketChannelImpl.finishConnect(SocketChannelImpl.java:716)
	at io.netty.channel.socket.nio.NioSocketChannel.doFinishConnect(NioSocketChannel.java:337)
	at io.netty.channel.nio.AbstractNioChannel$AbstractNioUnsafe.finishConnect(AbstractNioChannel.java:334)
	at io.netty.channel.nio.NioEventLoop.processSelectedKey(NioEventLoop.java:710)
	at io.netty.channel.nio.NioEventLoop.processSelectedKeysOptimized(NioEventLoop.java:658)
	at io.netty.channel.nio.NioEventLoop.processSelectedKeys(NioEventLoop.java:584)
	at io.netty.channel.nio.NioEventLoop.run(NioEventLoop.java:496)
	at io.netty.util.concurrent.SingleThreadEventExecutor$4.run(SingleThreadEventExecutor.java:997)
	at io.netty.util.internal.ThreadExecutorMap$2.run(ThreadExecutorMap.java:74)
	at io.netty.util.concurrent.FastThreadLocalRunnable.run(FastThreadLocalRunnable.java:30)
	at java.lang.Thread.run(Thread.java:750)
09:12:48 [IWT-5-5] WARN  com.iteaj.iot.client.mqtt.MqttClient - 客户端(MQTT<默认>) 断线重连 - 等待重连时间：15(s) - 远程主机 127.0.0.1:1883 - 客户端标识：mqtt_gateway_env_led
09:13:05 [IWT-5-6] ERROR com.iteaj.iot.client.mqtt.MqttClient - 客户端(MQTT<默认>) 连接服务器失败 - 远程主机 127.0.0.1:1883 - 客户端标识：mqtt_gateway_env_led
io.netty.channel.AbstractChannel$AnnotatedConnectException: Connection refused: no further information: /127.0.0.1:1883
Caused by: java.net.ConnectException: Connection refused: no further information
	at sun.nio.ch.SocketChannelImpl.checkConnect(Native Method)
	at sun.nio.ch.SocketChannelImpl.finishConnect(SocketChannelImpl.java:716)
	at io.netty.channel.socket.nio.NioSocketChannel.doFinishConnect(NioSocketChannel.java:337)
	at io.netty.channel.nio.AbstractNioChannel$AbstractNioUnsafe.finishConnect(AbstractNioChannel.java:334)
	at io.netty.channel.nio.NioEventLoop.processSelectedKey(NioEventLoop.java:710)
	at io.netty.channel.nio.NioEventLoop.processSelectedKeysOptimized(NioEventLoop.java:658)
	at io.netty.channel.nio.NioEventLoop.processSelectedKeys(NioEventLoop.java:584)
	at io.netty.channel.nio.NioEventLoop.run(NioEventLoop.java:496)
	at io.netty.util.concurrent.SingleThreadEventExecutor$4.run(SingleThreadEventExecutor.java:997)
	at io.netty.util.internal.ThreadExecutorMap$2.run(ThreadExecutorMap.java:74)
	at io.netty.util.concurrent.FastThreadLocalRunnable.run(FastThreadLocalRunnable.java:30)
	at java.lang.Thread.run(Thread.java:750)
09:13:05 [IWT-5-6] WARN  com.iteaj.iot.client.mqtt.MqttClient - 客户端(MQTT<默认>) 断线重连 - 等待重连时间：15(s) - 远程主机 127.0.0.1:1883 - 客户端标识：mqtt_gateway_env_led
09:13:22 [IWT-5-7] ERROR com.iteaj.iot.client.mqtt.MqttClient - 客户端(MQTT<默认>) 连接服务器失败 - 远程主机 127.0.0.1:1883 - 客户端标识：mqtt_gateway_env_led
io.netty.channel.AbstractChannel$AnnotatedConnectException: Connection refused: no further information: /127.0.0.1:1883
Caused by: java.net.ConnectException: Connection refused: no further information
	at sun.nio.ch.SocketChannelImpl.checkConnect(Native Method)
	at sun.nio.ch.SocketChannelImpl.finishConnect(SocketChannelImpl.java:716)
	at io.netty.channel.socket.nio.NioSocketChannel.doFinishConnect(NioSocketChannel.java:337)
	at io.netty.channel.nio.AbstractNioChannel$AbstractNioUnsafe.finishConnect(AbstractNioChannel.java:334)
	at io.netty.channel.nio.NioEventLoop.processSelectedKey(NioEventLoop.java:710)
	at io.netty.channel.nio.NioEventLoop.processSelectedKeysOptimized(NioEventLoop.java:658)
	at io.netty.channel.nio.NioEventLoop.processSelectedKeys(NioEventLoop.java:584)
	at io.netty.channel.nio.NioEventLoop.run(NioEventLoop.java:496)
	at io.netty.util.concurrent.SingleThreadEventExecutor$4.run(SingleThreadEventExecutor.java:997)
	at io.netty.util.internal.ThreadExecutorMap$2.run(ThreadExecutorMap.java:74)
	at io.netty.util.concurrent.FastThreadLocalRunnable.run(FastThreadLocalRunnable.java:30)
	at java.lang.Thread.run(Thread.java:750)
09:13:22 [IWT-5-7] WARN  com.iteaj.iot.client.mqtt.MqttClient - 客户端(MQTT<默认>) 断线重连 - 等待重连时间：15(s) - 远程主机 127.0.0.1:1883 - 客户端标识：mqtt_gateway_env_led
09:13:39 [IWT-5-8] ERROR com.iteaj.iot.client.mqtt.MqttClient - 客户端(MQTT<默认>) 连接服务器失败 - 远程主机 127.0.0.1:1883 - 客户端标识：mqtt_gateway_env_led
io.netty.channel.AbstractChannel$AnnotatedConnectException: Connection refused: no further information: /127.0.0.1:1883
Caused by: java.net.ConnectException: Connection refused: no further information
	at sun.nio.ch.SocketChannelImpl.checkConnect(Native Method)
	at sun.nio.ch.SocketChannelImpl.finishConnect(SocketChannelImpl.java:716)
	at io.netty.channel.socket.nio.NioSocketChannel.doFinishConnect(NioSocketChannel.java:337)
	at io.netty.channel.nio.AbstractNioChannel$AbstractNioUnsafe.finishConnect(AbstractNioChannel.java:334)
	at io.netty.channel.nio.NioEventLoop.processSelectedKey(NioEventLoop.java:710)
	at io.netty.channel.nio.NioEventLoop.processSelectedKeysOptimized(NioEventLoop.java:658)
	at io.netty.channel.nio.NioEventLoop.processSelectedKeys(NioEventLoop.java:584)
	at io.netty.channel.nio.NioEventLoop.run(NioEventLoop.java:496)
	at io.netty.util.concurrent.SingleThreadEventExecutor$4.run(SingleThreadEventExecutor.java:997)
	at io.netty.util.internal.ThreadExecutorMap$2.run(ThreadExecutorMap.java:74)
	at io.netty.util.concurrent.FastThreadLocalRunnable.run(FastThreadLocalRunnable.java:30)
	at java.lang.Thread.run(Thread.java:750)
09:13:39 [IWT-5-8] WARN  com.iteaj.iot.client.mqtt.MqttClient - 客户端(MQTT<默认>) 断线重连 - 等待重连时间：15(s) - 远程主机 127.0.0.1:1883 - 客户端标识：mqtt_gateway_env_led
09:13:57 [IWT-5-9] ERROR com.iteaj.iot.client.mqtt.MqttClient - 客户端(MQTT<默认>) 连接服务器失败 - 远程主机 127.0.0.1:1883 - 客户端标识：mqtt_gateway_env_led
io.netty.channel.AbstractChannel$AnnotatedConnectException: Connection refused: no further information: /127.0.0.1:1883
Caused by: java.net.ConnectException: Connection refused: no further information
	at sun.nio.ch.SocketChannelImpl.checkConnect(Native Method)
	at sun.nio.ch.SocketChannelImpl.finishConnect(SocketChannelImpl.java:716)
	at io.netty.channel.socket.nio.NioSocketChannel.doFinishConnect(NioSocketChannel.java:337)
	at io.netty.channel.nio.AbstractNioChannel$AbstractNioUnsafe.finishConnect(AbstractNioChannel.java:334)
	at io.netty.channel.nio.NioEventLoop.processSelectedKey(NioEventLoop.java:710)
	at io.netty.channel.nio.NioEventLoop.processSelectedKeysOptimized(NioEventLoop.java:658)
	at io.netty.channel.nio.NioEventLoop.processSelectedKeys(NioEventLoop.java:584)
	at io.netty.channel.nio.NioEventLoop.run(NioEventLoop.java:496)
	at io.netty.util.concurrent.SingleThreadEventExecutor$4.run(SingleThreadEventExecutor.java:997)
	at io.netty.util.internal.ThreadExecutorMap$2.run(ThreadExecutorMap.java:74)
	at io.netty.util.concurrent.FastThreadLocalRunnable.run(FastThreadLocalRunnable.java:30)
	at java.lang.Thread.run(Thread.java:750)
09:13:57 [IWT-5-9] WARN  com.iteaj.iot.client.mqtt.MqttClient - 客户端(MQTT<默认>) 断线重连 - 等待重连时间：15(s) - 远程主机 127.0.0.1:1883 - 客户端标识：mqtt_gateway_env_led
09:14:14 [IWT-5-10] ERROR com.iteaj.iot.client.mqtt.MqttClient - 客户端(MQTT<默认>) 连接服务器失败 - 远程主机 127.0.0.1:1883 - 客户端标识：mqtt_gateway_env_led
io.netty.channel.AbstractChannel$AnnotatedConnectException: Connection refused: no further information: /127.0.0.1:1883
Caused by: java.net.ConnectException: Connection refused: no further information
	at sun.nio.ch.SocketChannelImpl.checkConnect(Native Method)
	at sun.nio.ch.SocketChannelImpl.finishConnect(SocketChannelImpl.java:716)
	at io.netty.channel.socket.nio.NioSocketChannel.doFinishConnect(NioSocketChannel.java:337)
	at io.netty.channel.nio.AbstractNioChannel$AbstractNioUnsafe.finishConnect(AbstractNioChannel.java:334)
	at io.netty.channel.nio.NioEventLoop.processSelectedKey(NioEventLoop.java:710)
	at io.netty.channel.nio.NioEventLoop.processSelectedKeysOptimized(NioEventLoop.java:658)
	at io.netty.channel.nio.NioEventLoop.processSelectedKeys(NioEventLoop.java:584)
	at io.netty.channel.nio.NioEventLoop.run(NioEventLoop.java:496)
	at io.netty.util.concurrent.SingleThreadEventExecutor$4.run(SingleThreadEventExecutor.java:997)
	at io.netty.util.internal.ThreadExecutorMap$2.run(ThreadExecutorMap.java:74)
	at io.netty.util.concurrent.FastThreadLocalRunnable.run(FastThreadLocalRunnable.java:30)
	at java.lang.Thread.run(Thread.java:750)
09:14:14 [IWT-5-10] WARN  com.iteaj.iot.client.mqtt.MqttClient - 客户端(MQTT<默认>) 断线重连 - 等待重连时间：15(s) - 远程主机 127.0.0.1:1883 - 客户端标识：mqtt_gateway_env_led
09:14:31 [IWT-5-11] ERROR com.iteaj.iot.client.mqtt.MqttClient - 客户端(MQTT<默认>) 连接服务器失败 - 远程主机 127.0.0.1:1883 - 客户端标识：mqtt_gateway_env_led
io.netty.channel.AbstractChannel$AnnotatedConnectException: Connection refused: no further information: /127.0.0.1:1883
Caused by: java.net.ConnectException: Connection refused: no further information
	at sun.nio.ch.SocketChannelImpl.checkConnect(Native Method)
	at sun.nio.ch.SocketChannelImpl.finishConnect(SocketChannelImpl.java:716)
	at io.netty.channel.socket.nio.NioSocketChannel.doFinishConnect(NioSocketChannel.java:337)
	at io.netty.channel.nio.AbstractNioChannel$AbstractNioUnsafe.finishConnect(AbstractNioChannel.java:334)
	at io.netty.channel.nio.NioEventLoop.processSelectedKey(NioEventLoop.java:710)
	at io.netty.channel.nio.NioEventLoop.processSelectedKeysOptimized(NioEventLoop.java:658)
	at io.netty.channel.nio.NioEventLoop.processSelectedKeys(NioEventLoop.java:584)
	at io.netty.channel.nio.NioEventLoop.run(NioEventLoop.java:496)
	at io.netty.util.concurrent.SingleThreadEventExecutor$4.run(SingleThreadEventExecutor.java:997)
	at io.netty.util.internal.ThreadExecutorMap$2.run(ThreadExecutorMap.java:74)
	at io.netty.util.concurrent.FastThreadLocalRunnable.run(FastThreadLocalRunnable.java:30)
	at java.lang.Thread.run(Thread.java:750)
09:14:31 [IWT-5-11] WARN  com.iteaj.iot.client.mqtt.MqttClient - 客户端(MQTT<默认>) 断线重连 - 等待重连时间：15(s) - 远程主机 127.0.0.1:1883 - 客户端标识：mqtt_gateway_env_led
09:14:48 [IWT-5-12] ERROR com.iteaj.iot.client.mqtt.MqttClient - 客户端(MQTT<默认>) 连接服务器失败 - 远程主机 127.0.0.1:1883 - 客户端标识：mqtt_gateway_env_led
io.netty.channel.AbstractChannel$AnnotatedConnectException: Connection refused: no further information: /127.0.0.1:1883
Caused by: java.net.ConnectException: Connection refused: no further information
	at sun.nio.ch.SocketChannelImpl.checkConnect(Native Method)
	at sun.nio.ch.SocketChannelImpl.finishConnect(SocketChannelImpl.java:716)
	at io.netty.channel.socket.nio.NioSocketChannel.doFinishConnect(NioSocketChannel.java:337)
	at io.netty.channel.nio.AbstractNioChannel$AbstractNioUnsafe.finishConnect(AbstractNioChannel.java:334)
	at io.netty.channel.nio.NioEventLoop.processSelectedKey(NioEventLoop.java:710)
	at io.netty.channel.nio.NioEventLoop.processSelectedKeysOptimized(NioEventLoop.java:658)
	at io.netty.channel.nio.NioEventLoop.processSelectedKeys(NioEventLoop.java:584)
	at io.netty.channel.nio.NioEventLoop.run(NioEventLoop.java:496)
	at io.netty.util.concurrent.SingleThreadEventExecutor$4.run(SingleThreadEventExecutor.java:997)
	at io.netty.util.internal.ThreadExecutorMap$2.run(ThreadExecutorMap.java:74)
	at io.netty.util.concurrent.FastThreadLocalRunnable.run(FastThreadLocalRunnable.java:30)
	at java.lang.Thread.run(Thread.java:750)
09:14:48 [IWT-5-12] WARN  com.iteaj.iot.client.mqtt.MqttClient - 客户端(MQTT<默认>) 断线重连 - 等待重连时间：15(s) - 远程主机 127.0.0.1:1883 - 客户端标识：mqtt_gateway_env_led
09:15:05 [IWT-5-13] ERROR com.iteaj.iot.client.mqtt.MqttClient - 客户端(MQTT<默认>) 连接服务器失败 - 远程主机 127.0.0.1:1883 - 客户端标识：mqtt_gateway_env_led
io.netty.channel.AbstractChannel$AnnotatedConnectException: Connection refused: no further information: /127.0.0.1:1883
Caused by: java.net.ConnectException: Connection refused: no further information
	at sun.nio.ch.SocketChannelImpl.checkConnect(Native Method)
	at sun.nio.ch.SocketChannelImpl.finishConnect(SocketChannelImpl.java:716)
	at io.netty.channel.socket.nio.NioSocketChannel.doFinishConnect(NioSocketChannel.java:337)
	at io.netty.channel.nio.AbstractNioChannel$AbstractNioUnsafe.finishConnect(AbstractNioChannel.java:334)
	at io.netty.channel.nio.NioEventLoop.processSelectedKey(NioEventLoop.java:710)
	at io.netty.channel.nio.NioEventLoop.processSelectedKeysOptimized(NioEventLoop.java:658)
	at io.netty.channel.nio.NioEventLoop.processSelectedKeys(NioEventLoop.java:584)
	at io.netty.channel.nio.NioEventLoop.run(NioEventLoop.java:496)
	at io.netty.util.concurrent.SingleThreadEventExecutor$4.run(SingleThreadEventExecutor.java:997)
	at io.netty.util.internal.ThreadExecutorMap$2.run(ThreadExecutorMap.java:74)
	at io.netty.util.concurrent.FastThreadLocalRunnable.run(FastThreadLocalRunnable.java:30)
	at java.lang.Thread.run(Thread.java:750)
09:15:05 [IWT-5-13] WARN  com.iteaj.iot.client.mqtt.MqttClient - 客户端(MQTT<默认>) 断线重连 - 等待重连时间：15(s) - 远程主机 127.0.0.1:1883 - 客户端标识：mqtt_gateway_env_led
09:15:22 [IWT-5-14] ERROR com.iteaj.iot.client.mqtt.MqttClient - 客户端(MQTT<默认>) 连接服务器失败 - 远程主机 127.0.0.1:1883 - 客户端标识：mqtt_gateway_env_led
io.netty.channel.AbstractChannel$AnnotatedConnectException: Connection refused: no further information: /127.0.0.1:1883
Caused by: java.net.ConnectException: Connection refused: no further information
	at sun.nio.ch.SocketChannelImpl.checkConnect(Native Method)
	at sun.nio.ch.SocketChannelImpl.finishConnect(SocketChannelImpl.java:716)
	at io.netty.channel.socket.nio.NioSocketChannel.doFinishConnect(NioSocketChannel.java:337)
	at io.netty.channel.nio.AbstractNioChannel$AbstractNioUnsafe.finishConnect(AbstractNioChannel.java:334)
	at io.netty.channel.nio.NioEventLoop.processSelectedKey(NioEventLoop.java:710)
	at io.netty.channel.nio.NioEventLoop.processSelectedKeysOptimized(NioEventLoop.java:658)
	at io.netty.channel.nio.NioEventLoop.processSelectedKeys(NioEventLoop.java:584)
	at io.netty.channel.nio.NioEventLoop.run(NioEventLoop.java:496)
	at io.netty.util.concurrent.SingleThreadEventExecutor$4.run(SingleThreadEventExecutor.java:997)
	at io.netty.util.internal.ThreadExecutorMap$2.run(ThreadExecutorMap.java:74)
	at io.netty.util.concurrent.FastThreadLocalRunnable.run(FastThreadLocalRunnable.java:30)
	at java.lang.Thread.run(Thread.java:750)
09:15:22 [IWT-5-14] WARN  com.iteaj.iot.client.mqtt.MqttClient - 客户端(MQTT<默认>) 断线重连 - 等待重连时间：15(s) - 远程主机 127.0.0.1:1883 - 客户端标识：mqtt_gateway_env_led
09:15:39 [IWT-5-15] ERROR com.iteaj.iot.client.mqtt.MqttClient - 客户端(MQTT<默认>) 连接服务器失败 - 远程主机 127.0.0.1:1883 - 客户端标识：mqtt_gateway_env_led
io.netty.channel.AbstractChannel$AnnotatedConnectException: Connection refused: no further information: /127.0.0.1:1883
Caused by: java.net.ConnectException: Connection refused: no further information
	at sun.nio.ch.SocketChannelImpl.checkConnect(Native Method)
	at sun.nio.ch.SocketChannelImpl.finishConnect(SocketChannelImpl.java:716)
	at io.netty.channel.socket.nio.NioSocketChannel.doFinishConnect(NioSocketChannel.java:337)
	at io.netty.channel.nio.AbstractNioChannel$AbstractNioUnsafe.finishConnect(AbstractNioChannel.java:334)
	at io.netty.channel.nio.NioEventLoop.processSelectedKey(NioEventLoop.java:710)
	at io.netty.channel.nio.NioEventLoop.processSelectedKeysOptimized(NioEventLoop.java:658)
	at io.netty.channel.nio.NioEventLoop.processSelectedKeys(NioEventLoop.java:584)
	at io.netty.channel.nio.NioEventLoop.run(NioEventLoop.java:496)
	at io.netty.util.concurrent.SingleThreadEventExecutor$4.run(SingleThreadEventExecutor.java:997)
	at io.netty.util.internal.ThreadExecutorMap$2.run(ThreadExecutorMap.java:74)
	at io.netty.util.concurrent.FastThreadLocalRunnable.run(FastThreadLocalRunnable.java:30)
	at java.lang.Thread.run(Thread.java:750)
09:15:39 [IWT-5-15] WARN  com.iteaj.iot.client.mqtt.MqttClient - 客户端(MQTT<默认>) 断线重连 - 等待重连时间：15(s) - 远程主机 127.0.0.1:1883 - 客户端标识：mqtt_gateway_env_led
09:15:56 [IWT-5-16] ERROR com.iteaj.iot.client.mqtt.MqttClient - 客户端(MQTT<默认>) 连接服务器失败 - 远程主机 127.0.0.1:1883 - 客户端标识：mqtt_gateway_env_led
io.netty.channel.AbstractChannel$AnnotatedConnectException: Connection refused: no further information: /127.0.0.1:1883
Caused by: java.net.ConnectException: Connection refused: no further information
	at sun.nio.ch.SocketChannelImpl.checkConnect(Native Method)
	at sun.nio.ch.SocketChannelImpl.finishConnect(SocketChannelImpl.java:716)
	at io.netty.channel.socket.nio.NioSocketChannel.doFinishConnect(NioSocketChannel.java:337)
	at io.netty.channel.nio.AbstractNioChannel$AbstractNioUnsafe.finishConnect(AbstractNioChannel.java:334)
	at io.netty.channel.nio.NioEventLoop.processSelectedKey(NioEventLoop.java:710)
	at io.netty.channel.nio.NioEventLoop.processSelectedKeysOptimized(NioEventLoop.java:658)
	at io.netty.channel.nio.NioEventLoop.processSelectedKeys(NioEventLoop.java:584)
	at io.netty.channel.nio.NioEventLoop.run(NioEventLoop.java:496)
	at io.netty.util.concurrent.SingleThreadEventExecutor$4.run(SingleThreadEventExecutor.java:997)
	at io.netty.util.internal.ThreadExecutorMap$2.run(ThreadExecutorMap.java:74)
	at io.netty.util.concurrent.FastThreadLocalRunnable.run(FastThreadLocalRunnable.java:30)
	at java.lang.Thread.run(Thread.java:750)
09:15:56 [IWT-5-16] WARN  com.iteaj.iot.client.mqtt.MqttClient - 客户端(MQTT<默认>) 断线重连 - 等待重连时间：15(s) - 远程主机 127.0.0.1:1883 - 客户端标识：mqtt_gateway_env_led
09:16:13 [IWT-5-1] ERROR com.iteaj.iot.client.mqtt.MqttClient - 客户端(MQTT<默认>) 连接服务器失败 - 远程主机 127.0.0.1:1883 - 客户端标识：mqtt_gateway_env_led
io.netty.channel.AbstractChannel$AnnotatedConnectException: Connection refused: no further information: /127.0.0.1:1883
Caused by: java.net.ConnectException: Connection refused: no further information
	at sun.nio.ch.SocketChannelImpl.checkConnect(Native Method)
	at sun.nio.ch.SocketChannelImpl.finishConnect(SocketChannelImpl.java:716)
	at io.netty.channel.socket.nio.NioSocketChannel.doFinishConnect(NioSocketChannel.java:337)
	at io.netty.channel.nio.AbstractNioChannel$AbstractNioUnsafe.finishConnect(AbstractNioChannel.java:334)
	at io.netty.channel.nio.NioEventLoop.processSelectedKey(NioEventLoop.java:710)
	at io.netty.channel.nio.NioEventLoop.processSelectedKeysOptimized(NioEventLoop.java:658)
	at io.netty.channel.nio.NioEventLoop.processSelectedKeys(NioEventLoop.java:584)
	at io.netty.channel.nio.NioEventLoop.run(NioEventLoop.java:496)
	at io.netty.util.concurrent.SingleThreadEventExecutor$4.run(SingleThreadEventExecutor.java:997)
	at io.netty.util.internal.ThreadExecutorMap$2.run(ThreadExecutorMap.java:74)
	at io.netty.util.concurrent.FastThreadLocalRunnable.run(FastThreadLocalRunnable.java:30)
	at java.lang.Thread.run(Thread.java:750)
09:16:13 [IWT-5-1] WARN  com.iteaj.iot.client.mqtt.MqttClient - 客户端(MQTT<默认>) 断线重连 - 等待重连时间：15(s) - 远程主机 127.0.0.1:1883 - 客户端标识：mqtt_gateway_env_led
09:16:30 [IWT-5-2] ERROR com.iteaj.iot.client.mqtt.MqttClient - 客户端(MQTT<默认>) 连接服务器失败 - 远程主机 127.0.0.1:1883 - 客户端标识：mqtt_gateway_env_led
io.netty.channel.AbstractChannel$AnnotatedConnectException: Connection refused: no further information: /127.0.0.1:1883
Caused by: java.net.ConnectException: Connection refused: no further information
	at sun.nio.ch.SocketChannelImpl.checkConnect(Native Method)
	at sun.nio.ch.SocketChannelImpl.finishConnect(SocketChannelImpl.java:716)
	at io.netty.channel.socket.nio.NioSocketChannel.doFinishConnect(NioSocketChannel.java:337)
	at io.netty.channel.nio.AbstractNioChannel$AbstractNioUnsafe.finishConnect(AbstractNioChannel.java:334)
	at io.netty.channel.nio.NioEventLoop.processSelectedKey(NioEventLoop.java:710)
	at io.netty.channel.nio.NioEventLoop.processSelectedKeysOptimized(NioEventLoop.java:658)
	at io.netty.channel.nio.NioEventLoop.processSelectedKeys(NioEventLoop.java:584)
	at io.netty.channel.nio.NioEventLoop.run(NioEventLoop.java:496)
	at io.netty.util.concurrent.SingleThreadEventExecutor$4.run(SingleThreadEventExecutor.java:997)
	at io.netty.util.internal.ThreadExecutorMap$2.run(ThreadExecutorMap.java:74)
	at io.netty.util.concurrent.FastThreadLocalRunnable.run(FastThreadLocalRunnable.java:30)
	at java.lang.Thread.run(Thread.java:750)
09:16:30 [IWT-5-2] WARN  com.iteaj.iot.client.mqtt.MqttClient - 客户端(MQTT<默认>) 断线重连 - 等待重连时间：15(s) - 远程主机 127.0.0.1:1883 - 客户端标识：mqtt_gateway_env_led
09:16:47 [IWT-5-3] ERROR com.iteaj.iot.client.mqtt.MqttClient - 客户端(MQTT<默认>) 连接服务器失败 - 远程主机 127.0.0.1:1883 - 客户端标识：mqtt_gateway_env_led
io.netty.channel.AbstractChannel$AnnotatedConnectException: Connection refused: no further information: /127.0.0.1:1883
Caused by: java.net.ConnectException: Connection refused: no further information
	at sun.nio.ch.SocketChannelImpl.checkConnect(Native Method)
	at sun.nio.ch.SocketChannelImpl.finishConnect(SocketChannelImpl.java:716)
	at io.netty.channel.socket.nio.NioSocketChannel.doFinishConnect(NioSocketChannel.java:337)
	at io.netty.channel.nio.AbstractNioChannel$AbstractNioUnsafe.finishConnect(AbstractNioChannel.java:334)
	at io.netty.channel.nio.NioEventLoop.processSelectedKey(NioEventLoop.java:710)
	at io.netty.channel.nio.NioEventLoop.processSelectedKeysOptimized(NioEventLoop.java:658)
	at io.netty.channel.nio.NioEventLoop.processSelectedKeys(NioEventLoop.java:584)
	at io.netty.channel.nio.NioEventLoop.run(NioEventLoop.java:496)
	at io.netty.util.concurrent.SingleThreadEventExecutor$4.run(SingleThreadEventExecutor.java:997)
	at io.netty.util.internal.ThreadExecutorMap$2.run(ThreadExecutorMap.java:74)
	at io.netty.util.concurrent.FastThreadLocalRunnable.run(FastThreadLocalRunnable.java:30)
	at java.lang.Thread.run(Thread.java:750)
09:16:47 [IWT-5-3] WARN  com.iteaj.iot.client.mqtt.MqttClient - 客户端(MQTT<默认>) 断线重连 - 等待重连时间：15(s) - 远程主机 127.0.0.1:1883 - 客户端标识：mqtt_gateway_env_led
09:17:04 [IWT-5-4] ERROR com.iteaj.iot.client.mqtt.MqttClient - 客户端(MQTT<默认>) 连接服务器失败 - 远程主机 127.0.0.1:1883 - 客户端标识：mqtt_gateway_env_led
io.netty.channel.AbstractChannel$AnnotatedConnectException: Connection refused: no further information: /127.0.0.1:1883
Caused by: java.net.ConnectException: Connection refused: no further information
	at sun.nio.ch.SocketChannelImpl.checkConnect(Native Method)
	at sun.nio.ch.SocketChannelImpl.finishConnect(SocketChannelImpl.java:716)
	at io.netty.channel.socket.nio.NioSocketChannel.doFinishConnect(NioSocketChannel.java:337)
	at io.netty.channel.nio.AbstractNioChannel$AbstractNioUnsafe.finishConnect(AbstractNioChannel.java:334)
	at io.netty.channel.nio.NioEventLoop.processSelectedKey(NioEventLoop.java:710)
	at io.netty.channel.nio.NioEventLoop.processSelectedKeysOptimized(NioEventLoop.java:658)
	at io.netty.channel.nio.NioEventLoop.processSelectedKeys(NioEventLoop.java:584)
	at io.netty.channel.nio.NioEventLoop.run(NioEventLoop.java:496)
	at io.netty.util.concurrent.SingleThreadEventExecutor$4.run(SingleThreadEventExecutor.java:997)
	at io.netty.util.internal.ThreadExecutorMap$2.run(ThreadExecutorMap.java:74)
	at io.netty.util.concurrent.FastThreadLocalRunnable.run(FastThreadLocalRunnable.java:30)
	at java.lang.Thread.run(Thread.java:750)
09:17:04 [IWT-5-4] WARN  com.iteaj.iot.client.mqtt.MqttClient - 客户端(MQTT<默认>) 断线重连 - 等待重连时间：15(s) - 远程主机 127.0.0.1:1883 - 客户端标识：mqtt_gateway_env_led
09:17:21 [IWT-5-5] ERROR com.iteaj.iot.client.mqtt.MqttClient - 客户端(MQTT<默认>) 连接服务器失败 - 远程主机 127.0.0.1:1883 - 客户端标识：mqtt_gateway_env_led
io.netty.channel.AbstractChannel$AnnotatedConnectException: Connection refused: no further information: /127.0.0.1:1883
Caused by: java.net.ConnectException: Connection refused: no further information
	at sun.nio.ch.SocketChannelImpl.checkConnect(Native Method)
	at sun.nio.ch.SocketChannelImpl.finishConnect(SocketChannelImpl.java:716)
	at io.netty.channel.socket.nio.NioSocketChannel.doFinishConnect(NioSocketChannel.java:337)
	at io.netty.channel.nio.AbstractNioChannel$AbstractNioUnsafe.finishConnect(AbstractNioChannel.java:334)
	at io.netty.channel.nio.NioEventLoop.processSelectedKey(NioEventLoop.java:710)
	at io.netty.channel.nio.NioEventLoop.processSelectedKeysOptimized(NioEventLoop.java:658)
	at io.netty.channel.nio.NioEventLoop.processSelectedKeys(NioEventLoop.java:584)
	at io.netty.channel.nio.NioEventLoop.run(NioEventLoop.java:496)
	at io.netty.util.concurrent.SingleThreadEventExecutor$4.run(SingleThreadEventExecutor.java:997)
	at io.netty.util.internal.ThreadExecutorMap$2.run(ThreadExecutorMap.java:74)
	at io.netty.util.concurrent.FastThreadLocalRunnable.run(FastThreadLocalRunnable.java:30)
	at java.lang.Thread.run(Thread.java:750)
09:17:21 [IWT-5-5] WARN  com.iteaj.iot.client.mqtt.MqttClient - 客户端(MQTT<默认>) 断线重连 - 等待重连时间：15(s) - 远程主机 127.0.0.1:1883 - 客户端标识：mqtt_gateway_env_led
09:17:38 [IWT-5-6] ERROR com.iteaj.iot.client.mqtt.MqttClient - 客户端(MQTT<默认>) 连接服务器失败 - 远程主机 127.0.0.1:1883 - 客户端标识：mqtt_gateway_env_led
io.netty.channel.AbstractChannel$AnnotatedConnectException: Connection refused: no further information: /127.0.0.1:1883
Caused by: java.net.ConnectException: Connection refused: no further information
	at sun.nio.ch.SocketChannelImpl.checkConnect(Native Method)
	at sun.nio.ch.SocketChannelImpl.finishConnect(SocketChannelImpl.java:716)
	at io.netty.channel.socket.nio.NioSocketChannel.doFinishConnect(NioSocketChannel.java:337)
	at io.netty.channel.nio.AbstractNioChannel$AbstractNioUnsafe.finishConnect(AbstractNioChannel.java:334)
	at io.netty.channel.nio.NioEventLoop.processSelectedKey(NioEventLoop.java:710)
	at io.netty.channel.nio.NioEventLoop.processSelectedKeysOptimized(NioEventLoop.java:658)
	at io.netty.channel.nio.NioEventLoop.processSelectedKeys(NioEventLoop.java:584)
	at io.netty.channel.nio.NioEventLoop.run(NioEventLoop.java:496)
	at io.netty.util.concurrent.SingleThreadEventExecutor$4.run(SingleThreadEventExecutor.java:997)
	at io.netty.util.internal.ThreadExecutorMap$2.run(ThreadExecutorMap.java:74)
	at io.netty.util.concurrent.FastThreadLocalRunnable.run(FastThreadLocalRunnable.java:30)
	at java.lang.Thread.run(Thread.java:750)
09:17:38 [IWT-5-6] WARN  com.iteaj.iot.client.mqtt.MqttClient - 客户端(MQTT<默认>) 断线重连 - 等待重连时间：15(s) - 远程主机 127.0.0.1:1883 - 客户端标识：mqtt_gateway_env_led
09:17:56 [IWT-5-7] ERROR com.iteaj.iot.client.mqtt.MqttClient - 客户端(MQTT<默认>) 连接服务器失败 - 远程主机 127.0.0.1:1883 - 客户端标识：mqtt_gateway_env_led
io.netty.channel.AbstractChannel$AnnotatedConnectException: Connection refused: no further information: /127.0.0.1:1883
Caused by: java.net.ConnectException: Connection refused: no further information
	at sun.nio.ch.SocketChannelImpl.checkConnect(Native Method)
	at sun.nio.ch.SocketChannelImpl.finishConnect(SocketChannelImpl.java:716)
	at io.netty.channel.socket.nio.NioSocketChannel.doFinishConnect(NioSocketChannel.java:337)
	at io.netty.channel.nio.AbstractNioChannel$AbstractNioUnsafe.finishConnect(AbstractNioChannel.java:334)
	at io.netty.channel.nio.NioEventLoop.processSelectedKey(NioEventLoop.java:710)
	at io.netty.channel.nio.NioEventLoop.processSelectedKeysOptimized(NioEventLoop.java:658)
	at io.netty.channel.nio.NioEventLoop.processSelectedKeys(NioEventLoop.java:584)
	at io.netty.channel.nio.NioEventLoop.run(NioEventLoop.java:496)
	at io.netty.util.concurrent.SingleThreadEventExecutor$4.run(SingleThreadEventExecutor.java:997)
	at io.netty.util.internal.ThreadExecutorMap$2.run(ThreadExecutorMap.java:74)
	at io.netty.util.concurrent.FastThreadLocalRunnable.run(FastThreadLocalRunnable.java:30)
	at java.lang.Thread.run(Thread.java:750)
09:17:56 [IWT-5-7] WARN  com.iteaj.iot.client.mqtt.MqttClient - 客户端(MQTT<默认>) 断线重连 - 等待重连时间：15(s) - 远程主机 127.0.0.1:1883 - 客户端标识：mqtt_gateway_env_led
09:18:13 [IWT-5-8] ERROR com.iteaj.iot.client.mqtt.MqttClient - 客户端(MQTT<默认>) 连接服务器失败 - 远程主机 127.0.0.1:1883 - 客户端标识：mqtt_gateway_env_led
io.netty.channel.AbstractChannel$AnnotatedConnectException: Connection refused: no further information: /127.0.0.1:1883
Caused by: java.net.ConnectException: Connection refused: no further information
	at sun.nio.ch.SocketChannelImpl.checkConnect(Native Method)
	at sun.nio.ch.SocketChannelImpl.finishConnect(SocketChannelImpl.java:716)
	at io.netty.channel.socket.nio.NioSocketChannel.doFinishConnect(NioSocketChannel.java:337)
	at io.netty.channel.nio.AbstractNioChannel$AbstractNioUnsafe.finishConnect(AbstractNioChannel.java:334)
	at io.netty.channel.nio.NioEventLoop.processSelectedKey(NioEventLoop.java:710)
	at io.netty.channel.nio.NioEventLoop.processSelectedKeysOptimized(NioEventLoop.java:658)
	at io.netty.channel.nio.NioEventLoop.processSelectedKeys(NioEventLoop.java:584)
	at io.netty.channel.nio.NioEventLoop.run(NioEventLoop.java:496)
	at io.netty.util.concurrent.SingleThreadEventExecutor$4.run(SingleThreadEventExecutor.java:997)
	at io.netty.util.internal.ThreadExecutorMap$2.run(ThreadExecutorMap.java:74)
	at io.netty.util.concurrent.FastThreadLocalRunnable.run(FastThreadLocalRunnable.java:30)
	at java.lang.Thread.run(Thread.java:750)
09:18:13 [IWT-5-8] WARN  com.iteaj.iot.client.mqtt.MqttClient - 客户端(MQTT<默认>) 断线重连 - 等待重连时间：15(s) - 远程主机 127.0.0.1:1883 - 客户端标识：mqtt_gateway_env_led
09:18:30 [IWT-5-9] ERROR com.iteaj.iot.client.mqtt.MqttClient - 客户端(MQTT<默认>) 连接服务器失败 - 远程主机 127.0.0.1:1883 - 客户端标识：mqtt_gateway_env_led
io.netty.channel.AbstractChannel$AnnotatedConnectException: Connection refused: no further information: /127.0.0.1:1883
Caused by: java.net.ConnectException: Connection refused: no further information
	at sun.nio.ch.SocketChannelImpl.checkConnect(Native Method)
	at sun.nio.ch.SocketChannelImpl.finishConnect(SocketChannelImpl.java:716)
	at io.netty.channel.socket.nio.NioSocketChannel.doFinishConnect(NioSocketChannel.java:337)
	at io.netty.channel.nio.AbstractNioChannel$AbstractNioUnsafe.finishConnect(AbstractNioChannel.java:334)
	at io.netty.channel.nio.NioEventLoop.processSelectedKey(NioEventLoop.java:710)
	at io.netty.channel.nio.NioEventLoop.processSelectedKeysOptimized(NioEventLoop.java:658)
	at io.netty.channel.nio.NioEventLoop.processSelectedKeys(NioEventLoop.java:584)
	at io.netty.channel.nio.NioEventLoop.run(NioEventLoop.java:496)
	at io.netty.util.concurrent.SingleThreadEventExecutor$4.run(SingleThreadEventExecutor.java:997)
	at io.netty.util.internal.ThreadExecutorMap$2.run(ThreadExecutorMap.java:74)
	at io.netty.util.concurrent.FastThreadLocalRunnable.run(FastThreadLocalRunnable.java:30)
	at java.lang.Thread.run(Thread.java:750)
09:18:30 [IWT-5-9] WARN  com.iteaj.iot.client.mqtt.MqttClient - 客户端(MQTT<默认>) 断线重连 - 等待重连时间：15(s) - 远程主机 127.0.0.1:1883 - 客户端标识：mqtt_gateway_env_led
09:18:47 [IWT-5-10] ERROR com.iteaj.iot.client.mqtt.MqttClient - 客户端(MQTT<默认>) 连接服务器失败 - 远程主机 127.0.0.1:1883 - 客户端标识：mqtt_gateway_env_led
io.netty.channel.AbstractChannel$AnnotatedConnectException: Connection refused: no further information: /127.0.0.1:1883
Caused by: java.net.ConnectException: Connection refused: no further information
	at sun.nio.ch.SocketChannelImpl.checkConnect(Native Method)
	at sun.nio.ch.SocketChannelImpl.finishConnect(SocketChannelImpl.java:716)
	at io.netty.channel.socket.nio.NioSocketChannel.doFinishConnect(NioSocketChannel.java:337)
	at io.netty.channel.nio.AbstractNioChannel$AbstractNioUnsafe.finishConnect(AbstractNioChannel.java:334)
	at io.netty.channel.nio.NioEventLoop.processSelectedKey(NioEventLoop.java:710)
	at io.netty.channel.nio.NioEventLoop.processSelectedKeysOptimized(NioEventLoop.java:658)
	at io.netty.channel.nio.NioEventLoop.processSelectedKeys(NioEventLoop.java:584)
	at io.netty.channel.nio.NioEventLoop.run(NioEventLoop.java:496)
	at io.netty.util.concurrent.SingleThreadEventExecutor$4.run(SingleThreadEventExecutor.java:997)
	at io.netty.util.internal.ThreadExecutorMap$2.run(ThreadExecutorMap.java:74)
	at io.netty.util.concurrent.FastThreadLocalRunnable.run(FastThreadLocalRunnable.java:30)
	at java.lang.Thread.run(Thread.java:750)
09:18:47 [IWT-5-10] WARN  com.iteaj.iot.client.mqtt.MqttClient - 客户端(MQTT<默认>) 断线重连 - 等待重连时间：15(s) - 远程主机 127.0.0.1:1883 - 客户端标识：mqtt_gateway_env_led
09:19:04 [IWT-5-11] ERROR com.iteaj.iot.client.mqtt.MqttClient - 客户端(MQTT<默认>) 连接服务器失败 - 远程主机 127.0.0.1:1883 - 客户端标识：mqtt_gateway_env_led
io.netty.channel.AbstractChannel$AnnotatedConnectException: Connection refused: no further information: /127.0.0.1:1883
Caused by: java.net.ConnectException: Connection refused: no further information
	at sun.nio.ch.SocketChannelImpl.checkConnect(Native Method)
	at sun.nio.ch.SocketChannelImpl.finishConnect(SocketChannelImpl.java:716)
	at io.netty.channel.socket.nio.NioSocketChannel.doFinishConnect(NioSocketChannel.java:337)
	at io.netty.channel.nio.AbstractNioChannel$AbstractNioUnsafe.finishConnect(AbstractNioChannel.java:334)
	at io.netty.channel.nio.NioEventLoop.processSelectedKey(NioEventLoop.java:710)
	at io.netty.channel.nio.NioEventLoop.processSelectedKeysOptimized(NioEventLoop.java:658)
	at io.netty.channel.nio.NioEventLoop.processSelectedKeys(NioEventLoop.java:584)
	at io.netty.channel.nio.NioEventLoop.run(NioEventLoop.java:496)
	at io.netty.util.concurrent.SingleThreadEventExecutor$4.run(SingleThreadEventExecutor.java:997)
	at io.netty.util.internal.ThreadExecutorMap$2.run(ThreadExecutorMap.java:74)
	at io.netty.util.concurrent.FastThreadLocalRunnable.run(FastThreadLocalRunnable.java:30)
	at java.lang.Thread.run(Thread.java:750)
09:19:04 [IWT-5-11] WARN  com.iteaj.iot.client.mqtt.MqttClient - 客户端(MQTT<默认>) 断线重连 - 等待重连时间：15(s) - 远程主机 127.0.0.1:1883 - 客户端标识：mqtt_gateway_env_led
09:19:21 [IWT-5-12] ERROR com.iteaj.iot.client.mqtt.MqttClient - 客户端(MQTT<默认>) 连接服务器失败 - 远程主机 127.0.0.1:1883 - 客户端标识：mqtt_gateway_env_led
io.netty.channel.AbstractChannel$AnnotatedConnectException: Connection refused: no further information: /127.0.0.1:1883
Caused by: java.net.ConnectException: Connection refused: no further information
	at sun.nio.ch.SocketChannelImpl.checkConnect(Native Method)
	at sun.nio.ch.SocketChannelImpl.finishConnect(SocketChannelImpl.java:716)
	at io.netty.channel.socket.nio.NioSocketChannel.doFinishConnect(NioSocketChannel.java:337)
	at io.netty.channel.nio.AbstractNioChannel$AbstractNioUnsafe.finishConnect(AbstractNioChannel.java:334)
	at io.netty.channel.nio.NioEventLoop.processSelectedKey(NioEventLoop.java:710)
	at io.netty.channel.nio.NioEventLoop.processSelectedKeysOptimized(NioEventLoop.java:658)
	at io.netty.channel.nio.NioEventLoop.processSelectedKeys(NioEventLoop.java:584)
	at io.netty.channel.nio.NioEventLoop.run(NioEventLoop.java:496)
	at io.netty.util.concurrent.SingleThreadEventExecutor$4.run(SingleThreadEventExecutor.java:997)
	at io.netty.util.internal.ThreadExecutorMap$2.run(ThreadExecutorMap.java:74)
	at io.netty.util.concurrent.FastThreadLocalRunnable.run(FastThreadLocalRunnable.java:30)
	at java.lang.Thread.run(Thread.java:750)
09:19:21 [IWT-5-12] WARN  com.iteaj.iot.client.mqtt.MqttClient - 客户端(MQTT<默认>) 断线重连 - 等待重连时间：15(s) - 远程主机 127.0.0.1:1883 - 客户端标识：mqtt_gateway_env_led
09:19:38 [IWT-5-13] ERROR com.iteaj.iot.client.mqtt.MqttClient - 客户端(MQTT<默认>) 连接服务器失败 - 远程主机 127.0.0.1:1883 - 客户端标识：mqtt_gateway_env_led
io.netty.channel.AbstractChannel$AnnotatedConnectException: Connection refused: no further information: /127.0.0.1:1883
Caused by: java.net.ConnectException: Connection refused: no further information
	at sun.nio.ch.SocketChannelImpl.checkConnect(Native Method)
	at sun.nio.ch.SocketChannelImpl.finishConnect(SocketChannelImpl.java:716)
	at io.netty.channel.socket.nio.NioSocketChannel.doFinishConnect(NioSocketChannel.java:337)
	at io.netty.channel.nio.AbstractNioChannel$AbstractNioUnsafe.finishConnect(AbstractNioChannel.java:334)
	at io.netty.channel.nio.NioEventLoop.processSelectedKey(NioEventLoop.java:710)
	at io.netty.channel.nio.NioEventLoop.processSelectedKeysOptimized(NioEventLoop.java:658)
	at io.netty.channel.nio.NioEventLoop.processSelectedKeys(NioEventLoop.java:584)
	at io.netty.channel.nio.NioEventLoop.run(NioEventLoop.java:496)
	at io.netty.util.concurrent.SingleThreadEventExecutor$4.run(SingleThreadEventExecutor.java:997)
	at io.netty.util.internal.ThreadExecutorMap$2.run(ThreadExecutorMap.java:74)
	at io.netty.util.concurrent.FastThreadLocalRunnable.run(FastThreadLocalRunnable.java:30)
	at java.lang.Thread.run(Thread.java:750)
09:19:38 [IWT-5-13] WARN  com.iteaj.iot.client.mqtt.MqttClient - 客户端(MQTT<默认>) 断线重连 - 等待重连时间：15(s) - 远程主机 127.0.0.1:1883 - 客户端标识：mqtt_gateway_env_led
09:19:55 [IWT-5-14] ERROR com.iteaj.iot.client.mqtt.MqttClient - 客户端(MQTT<默认>) 连接服务器失败 - 远程主机 127.0.0.1:1883 - 客户端标识：mqtt_gateway_env_led
io.netty.channel.AbstractChannel$AnnotatedConnectException: Connection refused: no further information: /127.0.0.1:1883
Caused by: java.net.ConnectException: Connection refused: no further information
	at sun.nio.ch.SocketChannelImpl.checkConnect(Native Method)
	at sun.nio.ch.SocketChannelImpl.finishConnect(SocketChannelImpl.java:716)
	at io.netty.channel.socket.nio.NioSocketChannel.doFinishConnect(NioSocketChannel.java:337)
	at io.netty.channel.nio.AbstractNioChannel$AbstractNioUnsafe.finishConnect(AbstractNioChannel.java:334)
	at io.netty.channel.nio.NioEventLoop.processSelectedKey(NioEventLoop.java:710)
	at io.netty.channel.nio.NioEventLoop.processSelectedKeysOptimized(NioEventLoop.java:658)
	at io.netty.channel.nio.NioEventLoop.processSelectedKeys(NioEventLoop.java:584)
	at io.netty.channel.nio.NioEventLoop.run(NioEventLoop.java:496)
	at io.netty.util.concurrent.SingleThreadEventExecutor$4.run(SingleThreadEventExecutor.java:997)
	at io.netty.util.internal.ThreadExecutorMap$2.run(ThreadExecutorMap.java:74)
	at io.netty.util.concurrent.FastThreadLocalRunnable.run(FastThreadLocalRunnable.java:30)
	at java.lang.Thread.run(Thread.java:750)
09:19:55 [IWT-5-14] WARN  com.iteaj.iot.client.mqtt.MqttClient - 客户端(MQTT<默认>) 断线重连 - 等待重连时间：15(s) - 远程主机 127.0.0.1:1883 - 客户端标识：mqtt_gateway_env_led
09:20:12 [IWT-5-15] ERROR com.iteaj.iot.client.mqtt.MqttClient - 客户端(MQTT<默认>) 连接服务器失败 - 远程主机 127.0.0.1:1883 - 客户端标识：mqtt_gateway_env_led
io.netty.channel.AbstractChannel$AnnotatedConnectException: Connection refused: no further information: /127.0.0.1:1883
Caused by: java.net.ConnectException: Connection refused: no further information
	at sun.nio.ch.SocketChannelImpl.checkConnect(Native Method)
	at sun.nio.ch.SocketChannelImpl.finishConnect(SocketChannelImpl.java:716)
	at io.netty.channel.socket.nio.NioSocketChannel.doFinishConnect(NioSocketChannel.java:337)
	at io.netty.channel.nio.AbstractNioChannel$AbstractNioUnsafe.finishConnect(AbstractNioChannel.java:334)
	at io.netty.channel.nio.NioEventLoop.processSelectedKey(NioEventLoop.java:710)
	at io.netty.channel.nio.NioEventLoop.processSelectedKeysOptimized(NioEventLoop.java:658)
	at io.netty.channel.nio.NioEventLoop.processSelectedKeys(NioEventLoop.java:584)
	at io.netty.channel.nio.NioEventLoop.run(NioEventLoop.java:496)
	at io.netty.util.concurrent.SingleThreadEventExecutor$4.run(SingleThreadEventExecutor.java:997)
	at io.netty.util.internal.ThreadExecutorMap$2.run(ThreadExecutorMap.java:74)
	at io.netty.util.concurrent.FastThreadLocalRunnable.run(FastThreadLocalRunnable.java:30)
	at java.lang.Thread.run(Thread.java:750)
09:20:12 [IWT-5-15] WARN  com.iteaj.iot.client.mqtt.MqttClient - 客户端(MQTT<默认>) 断线重连 - 等待重连时间：15(s) - 远程主机 127.0.0.1:1883 - 客户端标识：mqtt_gateway_env_led
09:20:29 [IWT-5-16] ERROR com.iteaj.iot.client.mqtt.MqttClient - 客户端(MQTT<默认>) 连接服务器失败 - 远程主机 127.0.0.1:1883 - 客户端标识：mqtt_gateway_env_led
io.netty.channel.AbstractChannel$AnnotatedConnectException: Connection refused: no further information: /127.0.0.1:1883
Caused by: java.net.ConnectException: Connection refused: no further information
	at sun.nio.ch.SocketChannelImpl.checkConnect(Native Method)
	at sun.nio.ch.SocketChannelImpl.finishConnect(SocketChannelImpl.java:716)
	at io.netty.channel.socket.nio.NioSocketChannel.doFinishConnect(NioSocketChannel.java:337)
	at io.netty.channel.nio.AbstractNioChannel$AbstractNioUnsafe.finishConnect(AbstractNioChannel.java:334)
	at io.netty.channel.nio.NioEventLoop.processSelectedKey(NioEventLoop.java:710)
	at io.netty.channel.nio.NioEventLoop.processSelectedKeysOptimized(NioEventLoop.java:658)
	at io.netty.channel.nio.NioEventLoop.processSelectedKeys(NioEventLoop.java:584)
	at io.netty.channel.nio.NioEventLoop.run(NioEventLoop.java:496)
	at io.netty.util.concurrent.SingleThreadEventExecutor$4.run(SingleThreadEventExecutor.java:997)
	at io.netty.util.internal.ThreadExecutorMap$2.run(ThreadExecutorMap.java:74)
	at io.netty.util.concurrent.FastThreadLocalRunnable.run(FastThreadLocalRunnable.java:30)
	at java.lang.Thread.run(Thread.java:750)
09:20:29 [IWT-5-16] WARN  com.iteaj.iot.client.mqtt.MqttClient - 客户端(MQTT<默认>) 断线重连 - 等待重连时间：15(s) - 远程主机 127.0.0.1:1883 - 客户端标识：mqtt_gateway_env_led
09:20:46 [IWT-5-1] ERROR com.iteaj.iot.client.mqtt.MqttClient - 客户端(MQTT<默认>) 连接服务器失败 - 远程主机 127.0.0.1:1883 - 客户端标识：mqtt_gateway_env_led
io.netty.channel.AbstractChannel$AnnotatedConnectException: Connection refused: no further information: /127.0.0.1:1883
Caused by: java.net.ConnectException: Connection refused: no further information
	at sun.nio.ch.SocketChannelImpl.checkConnect(Native Method)
	at sun.nio.ch.SocketChannelImpl.finishConnect(SocketChannelImpl.java:716)
	at io.netty.channel.socket.nio.NioSocketChannel.doFinishConnect(NioSocketChannel.java:337)
	at io.netty.channel.nio.AbstractNioChannel$AbstractNioUnsafe.finishConnect(AbstractNioChannel.java:334)
	at io.netty.channel.nio.NioEventLoop.processSelectedKey(NioEventLoop.java:710)
	at io.netty.channel.nio.NioEventLoop.processSelectedKeysOptimized(NioEventLoop.java:658)
	at io.netty.channel.nio.NioEventLoop.processSelectedKeys(NioEventLoop.java:584)
	at io.netty.channel.nio.NioEventLoop.run(NioEventLoop.java:496)
	at io.netty.util.concurrent.SingleThreadEventExecutor$4.run(SingleThreadEventExecutor.java:997)
	at io.netty.util.internal.ThreadExecutorMap$2.run(ThreadExecutorMap.java:74)
	at io.netty.util.concurrent.FastThreadLocalRunnable.run(FastThreadLocalRunnable.java:30)
	at java.lang.Thread.run(Thread.java:750)
09:20:46 [IWT-5-1] WARN  com.iteaj.iot.client.mqtt.MqttClient - 客户端(MQTT<默认>) 断线重连 - 等待重连时间：15(s) - 远程主机 127.0.0.1:1883 - 客户端标识：mqtt_gateway_env_led
09:21:04 [IWT-5-2] ERROR com.iteaj.iot.client.mqtt.MqttClient - 客户端(MQTT<默认>) 连接服务器失败 - 远程主机 127.0.0.1:1883 - 客户端标识：mqtt_gateway_env_led
io.netty.channel.AbstractChannel$AnnotatedConnectException: Connection refused: no further information: /127.0.0.1:1883
Caused by: java.net.ConnectException: Connection refused: no further information
	at sun.nio.ch.SocketChannelImpl.checkConnect(Native Method)
	at sun.nio.ch.SocketChannelImpl.finishConnect(SocketChannelImpl.java:716)
	at io.netty.channel.socket.nio.NioSocketChannel.doFinishConnect(NioSocketChannel.java:337)
	at io.netty.channel.nio.AbstractNioChannel$AbstractNioUnsafe.finishConnect(AbstractNioChannel.java:334)
	at io.netty.channel.nio.NioEventLoop.processSelectedKey(NioEventLoop.java:710)
	at io.netty.channel.nio.NioEventLoop.processSelectedKeysOptimized(NioEventLoop.java:658)
	at io.netty.channel.nio.NioEventLoop.processSelectedKeys(NioEventLoop.java:584)
	at io.netty.channel.nio.NioEventLoop.run(NioEventLoop.java:496)
	at io.netty.util.concurrent.SingleThreadEventExecutor$4.run(SingleThreadEventExecutor.java:997)
	at io.netty.util.internal.ThreadExecutorMap$2.run(ThreadExecutorMap.java:74)
	at io.netty.util.concurrent.FastThreadLocalRunnable.run(FastThreadLocalRunnable.java:30)
	at java.lang.Thread.run(Thread.java:750)
09:21:04 [IWT-5-2] WARN  com.iteaj.iot.client.mqtt.MqttClient - 客户端(MQTT<默认>) 断线重连 - 等待重连时间：15(s) - 远程主机 127.0.0.1:1883 - 客户端标识：mqtt_gateway_env_led
09:21:21 [IWT-5-3] ERROR com.iteaj.iot.client.mqtt.MqttClient - 客户端(MQTT<默认>) 连接服务器失败 - 远程主机 127.0.0.1:1883 - 客户端标识：mqtt_gateway_env_led
io.netty.channel.AbstractChannel$AnnotatedConnectException: Connection refused: no further information: /127.0.0.1:1883
Caused by: java.net.ConnectException: Connection refused: no further information
	at sun.nio.ch.SocketChannelImpl.checkConnect(Native Method)
	at sun.nio.ch.SocketChannelImpl.finishConnect(SocketChannelImpl.java:716)
	at io.netty.channel.socket.nio.NioSocketChannel.doFinishConnect(NioSocketChannel.java:337)
	at io.netty.channel.nio.AbstractNioChannel$AbstractNioUnsafe.finishConnect(AbstractNioChannel.java:334)
	at io.netty.channel.nio.NioEventLoop.processSelectedKey(NioEventLoop.java:710)
	at io.netty.channel.nio.NioEventLoop.processSelectedKeysOptimized(NioEventLoop.java:658)
	at io.netty.channel.nio.NioEventLoop.processSelectedKeys(NioEventLoop.java:584)
	at io.netty.channel.nio.NioEventLoop.run(NioEventLoop.java:496)
	at io.netty.util.concurrent.SingleThreadEventExecutor$4.run(SingleThreadEventExecutor.java:997)
	at io.netty.util.internal.ThreadExecutorMap$2.run(ThreadExecutorMap.java:74)
	at io.netty.util.concurrent.FastThreadLocalRunnable.run(FastThreadLocalRunnable.java:30)
	at java.lang.Thread.run(Thread.java:750)
09:21:21 [IWT-5-3] WARN  com.iteaj.iot.client.mqtt.MqttClient - 客户端(MQTT<默认>) 断线重连 - 等待重连时间：15(s) - 远程主机 127.0.0.1:1883 - 客户端标识：mqtt_gateway_env_led
09:21:38 [IWT-5-4] ERROR com.iteaj.iot.client.mqtt.MqttClient - 客户端(MQTT<默认>) 连接服务器失败 - 远程主机 127.0.0.1:1883 - 客户端标识：mqtt_gateway_env_led
io.netty.channel.AbstractChannel$AnnotatedConnectException: Connection refused: no further information: /127.0.0.1:1883
Caused by: java.net.ConnectException: Connection refused: no further information
	at sun.nio.ch.SocketChannelImpl.checkConnect(Native Method)
	at sun.nio.ch.SocketChannelImpl.finishConnect(SocketChannelImpl.java:716)
	at io.netty.channel.socket.nio.NioSocketChannel.doFinishConnect(NioSocketChannel.java:337)
	at io.netty.channel.nio.AbstractNioChannel$AbstractNioUnsafe.finishConnect(AbstractNioChannel.java:334)
	at io.netty.channel.nio.NioEventLoop.processSelectedKey(NioEventLoop.java:710)
	at io.netty.channel.nio.NioEventLoop.processSelectedKeysOptimized(NioEventLoop.java:658)
	at io.netty.channel.nio.NioEventLoop.processSelectedKeys(NioEventLoop.java:584)
	at io.netty.channel.nio.NioEventLoop.run(NioEventLoop.java:496)
	at io.netty.util.concurrent.SingleThreadEventExecutor$4.run(SingleThreadEventExecutor.java:997)
	at io.netty.util.internal.ThreadExecutorMap$2.run(ThreadExecutorMap.java:74)
	at io.netty.util.concurrent.FastThreadLocalRunnable.run(FastThreadLocalRunnable.java:30)
	at java.lang.Thread.run(Thread.java:750)
09:21:38 [IWT-5-4] WARN  com.iteaj.iot.client.mqtt.MqttClient - 客户端(MQTT<默认>) 断线重连 - 等待重连时间：15(s) - 远程主机 127.0.0.1:1883 - 客户端标识：mqtt_gateway_env_led
09:21:55 [IWT-5-5] ERROR com.iteaj.iot.client.mqtt.MqttClient - 客户端(MQTT<默认>) 连接服务器失败 - 远程主机 127.0.0.1:1883 - 客户端标识：mqtt_gateway_env_led
io.netty.channel.AbstractChannel$AnnotatedConnectException: Connection refused: no further information: /127.0.0.1:1883
Caused by: java.net.ConnectException: Connection refused: no further information
	at sun.nio.ch.SocketChannelImpl.checkConnect(Native Method)
	at sun.nio.ch.SocketChannelImpl.finishConnect(SocketChannelImpl.java:716)
	at io.netty.channel.socket.nio.NioSocketChannel.doFinishConnect(NioSocketChannel.java:337)
	at io.netty.channel.nio.AbstractNioChannel$AbstractNioUnsafe.finishConnect(AbstractNioChannel.java:334)
	at io.netty.channel.nio.NioEventLoop.processSelectedKey(NioEventLoop.java:710)
	at io.netty.channel.nio.NioEventLoop.processSelectedKeysOptimized(NioEventLoop.java:658)
	at io.netty.channel.nio.NioEventLoop.processSelectedKeys(NioEventLoop.java:584)
	at io.netty.channel.nio.NioEventLoop.run(NioEventLoop.java:496)
	at io.netty.util.concurrent.SingleThreadEventExecutor$4.run(SingleThreadEventExecutor.java:997)
	at io.netty.util.internal.ThreadExecutorMap$2.run(ThreadExecutorMap.java:74)
	at io.netty.util.concurrent.FastThreadLocalRunnable.run(FastThreadLocalRunnable.java:30)
	at java.lang.Thread.run(Thread.java:750)
09:21:55 [IWT-5-5] WARN  com.iteaj.iot.client.mqtt.MqttClient - 客户端(MQTT<默认>) 断线重连 - 等待重连时间：15(s) - 远程主机 127.0.0.1:1883 - 客户端标识：mqtt_gateway_env_led
09:22:12 [IWT-5-6] ERROR com.iteaj.iot.client.mqtt.MqttClient - 客户端(MQTT<默认>) 连接服务器失败 - 远程主机 127.0.0.1:1883 - 客户端标识：mqtt_gateway_env_led
io.netty.channel.AbstractChannel$AnnotatedConnectException: Connection refused: no further information: /127.0.0.1:1883
Caused by: java.net.ConnectException: Connection refused: no further information
	at sun.nio.ch.SocketChannelImpl.checkConnect(Native Method)
	at sun.nio.ch.SocketChannelImpl.finishConnect(SocketChannelImpl.java:716)
	at io.netty.channel.socket.nio.NioSocketChannel.doFinishConnect(NioSocketChannel.java:337)
	at io.netty.channel.nio.AbstractNioChannel$AbstractNioUnsafe.finishConnect(AbstractNioChannel.java:334)
	at io.netty.channel.nio.NioEventLoop.processSelectedKey(NioEventLoop.java:710)
	at io.netty.channel.nio.NioEventLoop.processSelectedKeysOptimized(NioEventLoop.java:658)
	at io.netty.channel.nio.NioEventLoop.processSelectedKeys(NioEventLoop.java:584)
	at io.netty.channel.nio.NioEventLoop.run(NioEventLoop.java:496)
	at io.netty.util.concurrent.SingleThreadEventExecutor$4.run(SingleThreadEventExecutor.java:997)
	at io.netty.util.internal.ThreadExecutorMap$2.run(ThreadExecutorMap.java:74)
	at io.netty.util.concurrent.FastThreadLocalRunnable.run(FastThreadLocalRunnable.java:30)
	at java.lang.Thread.run(Thread.java:750)
09:22:12 [IWT-5-6] WARN  com.iteaj.iot.client.mqtt.MqttClient - 客户端(MQTT<默认>) 断线重连 - 等待重连时间：15(s) - 远程主机 127.0.0.1:1883 - 客户端标识：mqtt_gateway_env_led
09:22:29 [IWT-5-7] ERROR com.iteaj.iot.client.mqtt.MqttClient - 客户端(MQTT<默认>) 连接服务器失败 - 远程主机 127.0.0.1:1883 - 客户端标识：mqtt_gateway_env_led
io.netty.channel.AbstractChannel$AnnotatedConnectException: Connection refused: no further information: /127.0.0.1:1883
Caused by: java.net.ConnectException: Connection refused: no further information
	at sun.nio.ch.SocketChannelImpl.checkConnect(Native Method)
	at sun.nio.ch.SocketChannelImpl.finishConnect(SocketChannelImpl.java:716)
	at io.netty.channel.socket.nio.NioSocketChannel.doFinishConnect(NioSocketChannel.java:337)
	at io.netty.channel.nio.AbstractNioChannel$AbstractNioUnsafe.finishConnect(AbstractNioChannel.java:334)
	at io.netty.channel.nio.NioEventLoop.processSelectedKey(NioEventLoop.java:710)
	at io.netty.channel.nio.NioEventLoop.processSelectedKeysOptimized(NioEventLoop.java:658)
	at io.netty.channel.nio.NioEventLoop.processSelectedKeys(NioEventLoop.java:584)
	at io.netty.channel.nio.NioEventLoop.run(NioEventLoop.java:496)
	at io.netty.util.concurrent.SingleThreadEventExecutor$4.run(SingleThreadEventExecutor.java:997)
	at io.netty.util.internal.ThreadExecutorMap$2.run(ThreadExecutorMap.java:74)
	at io.netty.util.concurrent.FastThreadLocalRunnable.run(FastThreadLocalRunnable.java:30)
	at java.lang.Thread.run(Thread.java:750)
09:22:29 [IWT-5-7] WARN  com.iteaj.iot.client.mqtt.MqttClient - 客户端(MQTT<默认>) 断线重连 - 等待重连时间：15(s) - 远程主机 127.0.0.1:1883 - 客户端标识：mqtt_gateway_env_led
09:22:46 [IWT-5-8] ERROR com.iteaj.iot.client.mqtt.MqttClient - 客户端(MQTT<默认>) 连接服务器失败 - 远程主机 127.0.0.1:1883 - 客户端标识：mqtt_gateway_env_led
io.netty.channel.AbstractChannel$AnnotatedConnectException: Connection refused: no further information: /127.0.0.1:1883
Caused by: java.net.ConnectException: Connection refused: no further information
	at sun.nio.ch.SocketChannelImpl.checkConnect(Native Method)
	at sun.nio.ch.SocketChannelImpl.finishConnect(SocketChannelImpl.java:716)
	at io.netty.channel.socket.nio.NioSocketChannel.doFinishConnect(NioSocketChannel.java:337)
	at io.netty.channel.nio.AbstractNioChannel$AbstractNioUnsafe.finishConnect(AbstractNioChannel.java:334)
	at io.netty.channel.nio.NioEventLoop.processSelectedKey(NioEventLoop.java:710)
	at io.netty.channel.nio.NioEventLoop.processSelectedKeysOptimized(NioEventLoop.java:658)
	at io.netty.channel.nio.NioEventLoop.processSelectedKeys(NioEventLoop.java:584)
	at io.netty.channel.nio.NioEventLoop.run(NioEventLoop.java:496)
	at io.netty.util.concurrent.SingleThreadEventExecutor$4.run(SingleThreadEventExecutor.java:997)
	at io.netty.util.internal.ThreadExecutorMap$2.run(ThreadExecutorMap.java:74)
	at io.netty.util.concurrent.FastThreadLocalRunnable.run(FastThreadLocalRunnable.java:30)
	at java.lang.Thread.run(Thread.java:750)
09:22:46 [IWT-5-8] WARN  com.iteaj.iot.client.mqtt.MqttClient - 客户端(MQTT<默认>) 断线重连 - 等待重连时间：15(s) - 远程主机 127.0.0.1:1883 - 客户端标识：mqtt_gateway_env_led
09:23:03 [IWT-5-9] ERROR com.iteaj.iot.client.mqtt.MqttClient - 客户端(MQTT<默认>) 连接服务器失败 - 远程主机 127.0.0.1:1883 - 客户端标识：mqtt_gateway_env_led
io.netty.channel.AbstractChannel$AnnotatedConnectException: Connection refused: no further information: /127.0.0.1:1883
Caused by: java.net.ConnectException: Connection refused: no further information
	at sun.nio.ch.SocketChannelImpl.checkConnect(Native Method)
	at sun.nio.ch.SocketChannelImpl.finishConnect(SocketChannelImpl.java:716)
	at io.netty.channel.socket.nio.NioSocketChannel.doFinishConnect(NioSocketChannel.java:337)
	at io.netty.channel.nio.AbstractNioChannel$AbstractNioUnsafe.finishConnect(AbstractNioChannel.java:334)
	at io.netty.channel.nio.NioEventLoop.processSelectedKey(NioEventLoop.java:710)
	at io.netty.channel.nio.NioEventLoop.processSelectedKeysOptimized(NioEventLoop.java:658)
	at io.netty.channel.nio.NioEventLoop.processSelectedKeys(NioEventLoop.java:584)
	at io.netty.channel.nio.NioEventLoop.run(NioEventLoop.java:496)
	at io.netty.util.concurrent.SingleThreadEventExecutor$4.run(SingleThreadEventExecutor.java:997)
	at io.netty.util.internal.ThreadExecutorMap$2.run(ThreadExecutorMap.java:74)
	at io.netty.util.concurrent.FastThreadLocalRunnable.run(FastThreadLocalRunnable.java:30)
	at java.lang.Thread.run(Thread.java:750)
09:23:03 [IWT-5-9] WARN  com.iteaj.iot.client.mqtt.MqttClient - 客户端(MQTT<默认>) 断线重连 - 等待重连时间：15(s) - 远程主机 127.0.0.1:1883 - 客户端标识：mqtt_gateway_env_led
09:23:20 [IWT-5-10] INFO  com.iteaj.iot.client.mqtt.MqttClient - 客户端(MQTT<默认>) 连接服务器成功 - 远程主机 127.0.0.1:1883 - 客户端标识：mqtt_gateway_env_led
09:40:49 [main] INFO  com.iteaj.iboot.boot.IBootApplication - Starting IBootApplication v3.0.0 using Java 1.8.0_492 on DESKTOP-6NM70T0 with PID 21944 (D:\Proj\5.29\iboot-jetlinks\bootstrap\target\bootstrap.jar started by DESKTOP-6NM70T0$ in D:\Proj\5.29\iboot-jetlinks\bootstrap\target)
09:40:49 [main] INFO  com.iteaj.iboot.boot.IBootApplication - The following 5 profiles are active: "iot", "framework", "satoken", "knife4j", "prod"
09:41:19 [main] INFO  c.iteaj.framework.spi.iot.ProtocolSupplierManager - <<<注册协议提供成功 MODBUS_RTU - 版本: 1.0.0 - 实现: 系统内置 - 说明: Modbus Rtu协议提供
09:41:19 [main] INFO  c.iteaj.framework.spi.iot.ProtocolSupplierManager - <<<注册协议提供成功 MODBUS_TCP - 版本: 1.0.0 - 实现: 系统内置 - 说明: Modbus Tcp协议提供
09:41:19 [main] INFO  c.iteaj.framework.spi.iot.ProtocolSupplierManager - <<<注册协议提供成功 DTU:MODBUS_TCP - 版本: 1.0.0 - 实现: 系统内置 - 说明: 基于DTU网关的Modbus Tcp协议提供
09:41:19 [main] INFO  c.iteaj.framework.spi.iot.ProtocolSupplierManager - <<<注册协议提供成功 DTU:MODBUS_RTU - 版本: 1.0.0 - 实现: 系统内置 - 说明: 基于DTU网关的Modbus Rtu协议提供
09:41:19 [main] INFO  c.iteaj.framework.spi.iot.ProtocolSupplierManager - <<<注册协议提供成功 MQTT_DEFAULT_IMPL - 版本: 1.0.0 - 实现: 系统内置 - 说明: 默认Mqtt协议
09:41:22 [main] INFO  com.iteaj.iboot.boot.IBootApplication - Started IBootApplication in 33.043 seconds (JVM running for 33.771)
09:41:22 [main] INFO  com.iteaj.framework.plugin.PluginManagerService - 框架已加载完成所有插件[Oauth2、Knife4j]
09:41:22 [main] INFO  com.iteaj.iot.boot.LoggerLifeCyclePostProcessor - 执行组件生命周期[start]前钩子函数[LifeCyclePostProcessor]
09:41:22 [IST-4-1] INFO  com.iteaj.iot.server.IotSocketServer - 监听端口成功(websocket(Server)) 主机：0.0.0.0:8170 - 简介：websocket服务端默认实现
09:41:22 [main] INFO  com.iteaj.iot.boot.LoggerLifeCyclePostProcessor - 执行组件生命周期[start]后钩子函数[LifeCyclePostProcessor]
09:41:22 [IST-4-1] INFO  com.iteaj.iot.server.IotSocketServer - 监听端口成功(ModbusRtuForDtu) 主机：0.0.0.0:5020 - 简介：使用Dtu连网且设备基于标准Modbus Rtu协议的iot服务端实现
09:41:22 [IWT-5-2] INFO  com.iteaj.iot.client.mqtt.MqttClient - 客户端(MQTT<默认>) 连接服务器成功 - 远程主机 127.0.0.1:1883 - 客户端标识：mqtt_gateway_env_led
09:50:51 [main] INFO  com.iteaj.iboot.boot.IBootApplication - Starting IBootApplication v3.0.0 using Java 1.8.0_492 on DESKTOP-6NM70T0 with PID 7128 (D:\Proj\5.29\iboot-jetlinks\bootstrap\target\bootstrap.jar started by admin in D:\Proj\5.29\iboot-jetlinks\bootstrap\target)
09:50:51 [main] INFO  com.iteaj.iboot.boot.IBootApplication - The following 5 profiles are active: "iot", "framework", "satoken", "knife4j", "prod"
09:51:06 [main] INFO  c.iteaj.framework.spi.iot.ProtocolSupplierManager - <<<注册协议提供成功 MODBUS_RTU - 版本: 1.0.0 - 实现: 系统内置 - 说明: Modbus Rtu协议提供
09:51:06 [main] INFO  c.iteaj.framework.spi.iot.ProtocolSupplierManager - <<<注册协议提供成功 MODBUS_TCP - 版本: 1.0.0 - 实现: 系统内置 - 说明: Modbus Tcp协议提供
09:51:06 [main] INFO  c.iteaj.framework.spi.iot.ProtocolSupplierManager - <<<注册协议提供成功 DTU:MODBUS_TCP - 版本: 1.0.0 - 实现: 系统内置 - 说明: 基于DTU网关的Modbus Tcp协议提供
09:51:06 [main] INFO  c.iteaj.framework.spi.iot.ProtocolSupplierManager - <<<注册协议提供成功 DTU:MODBUS_RTU - 版本: 1.0.0 - 实现: 系统内置 - 说明: 基于DTU网关的Modbus Rtu协议提供
09:51:06 [main] INFO  c.iteaj.framework.spi.iot.ProtocolSupplierManager - <<<注册协议提供成功 MQTT_DEFAULT_IMPL - 版本: 1.0.0 - 实现: 系统内置 - 说明: 默认Mqtt协议
09:51:28 [main] INFO  com.iteaj.iboot.boot.IBootApplication - Starting IBootApplication v3.0.0 using Java 1.8.0_492 on DESKTOP-6NM70T0 with PID 11100 (D:\Proj\5.29\iboot-jetlinks\bootstrap\target\bootstrap.jar started by DESKTOP-6NM70T0$ in D:\Proj\5.29\iboot-jetlinks\bootstrap\target)
09:51:28 [main] INFO  com.iteaj.iboot.boot.IBootApplication - The following 5 profiles are active: "iot", "framework", "satoken", "knife4j", "prod"
09:51:45 [main] INFO  c.iteaj.framework.spi.iot.ProtocolSupplierManager - <<<注册协议提供成功 MODBUS_RTU - 版本: 1.0.0 - 实现: 系统内置 - 说明: Modbus Rtu协议提供
09:51:45 [main] INFO  c.iteaj.framework.spi.iot.ProtocolSupplierManager - <<<注册协议提供成功 MODBUS_TCP - 版本: 1.0.0 - 实现: 系统内置 - 说明: Modbus Tcp协议提供
09:51:45 [main] INFO  c.iteaj.framework.spi.iot.ProtocolSupplierManager - <<<注册协议提供成功 DTU:MODBUS_TCP - 版本: 1.0.0 - 实现: 系统内置 - 说明: 基于DTU网关的Modbus Tcp协议提供
09:51:45 [main] INFO  c.iteaj.framework.spi.iot.ProtocolSupplierManager - <<<注册协议提供成功 DTU:MODBUS_RTU - 版本: 1.0.0 - 实现: 系统内置 - 说明: 基于DTU网关的Modbus Rtu协议提供
09:51:45 [main] INFO  c.iteaj.framework.spi.iot.ProtocolSupplierManager - <<<注册协议提供成功 MQTT_DEFAULT_IMPL - 版本: 1.0.0 - 实现: 系统内置 - 说明: 默认Mqtt协议
09:51:47 [main] INFO  com.iteaj.iboot.boot.IBootApplication - Started IBootApplication in 19.493 seconds (JVM running for 20.264)
09:51:47 [main] INFO  com.iteaj.framework.plugin.PluginManagerService - 框架已加载完成所有插件[Oauth2、Knife4j]
09:51:47 [main] INFO  com.iteaj.iot.boot.LoggerLifeCyclePostProcessor - 执行组件生命周期[start]前钩子函数[LifeCyclePostProcessor]
09:51:47 [IST-4-1] INFO  com.iteaj.iot.server.IotSocketServer - 监听端口成功(websocket(Server)) 主机：0.0.0.0:8170 - 简介：websocket服务端默认实现
09:51:47 [main] INFO  com.iteaj.iot.boot.LoggerLifeCyclePostProcessor - 执行组件生命周期[start]后钩子函数[LifeCyclePostProcessor]
09:51:47 [IST-4-1] INFO  com.iteaj.iot.server.IotSocketServer - 监听端口成功(ModbusRtuForDtu) 主机：0.0.0.0:5020 - 简介：使用Dtu连网且设备基于标准Modbus Rtu协议的iot服务端实现
09:51:47 [IWT-5-2] INFO  com.iteaj.iot.client.mqtt.MqttClient - 客户端(MQTT<默认>) 连接服务器成功 - 远程主机 127.0.0.1:1883 - 客户端标识：mqtt_gateway_env_led
09:52:24 [main] INFO  com.iteaj.iboot.boot.IBootApplication - Starting IBootApplication v3.0.0 using Java 1.8.0_492 on DESKTOP-6NM70T0 with PID 22516 (D:\Proj\5.29\iboot-jetlinks\bootstrap\target\bootstrap.jar started by admin in D:\Proj\5.29\iboot-jetlinks\bootstrap\target)
09:52:24 [main] INFO  com.iteaj.iboot.boot.IBootApplication - The following 5 profiles are active: "iot", "framework", "satoken", "knife4j", "prod"
09:52:38 [main] INFO  c.iteaj.framework.spi.iot.ProtocolSupplierManager - <<<注册协议提供成功 MODBUS_RTU - 版本: 1.0.0 - 实现: 系统内置 - 说明: Modbus Rtu协议提供
09:52:38 [main] INFO  c.iteaj.framework.spi.iot.ProtocolSupplierManager - <<<注册协议提供成功 MODBUS_TCP - 版本: 1.0.0 - 实现: 系统内置 - 说明: Modbus Tcp协议提供
09:52:38 [main] INFO  c.iteaj.framework.spi.iot.ProtocolSupplierManager - <<<注册协议提供成功 DTU:MODBUS_TCP - 版本: 1.0.0 - 实现: 系统内置 - 说明: 基于DTU网关的Modbus Tcp协议提供
09:52:38 [main] INFO  c.iteaj.framework.spi.iot.ProtocolSupplierManager - <<<注册协议提供成功 DTU:MODBUS_RTU - 版本: 1.0.0 - 实现: 系统内置 - 说明: 基于DTU网关的Modbus Rtu协议提供
09:52:38 [main] INFO  c.iteaj.framework.spi.iot.ProtocolSupplierManager - <<<注册协议提供成功 MQTT_DEFAULT_IMPL - 版本: 1.0.0 - 实现: 系统内置 - 说明: 默认Mqtt协议
09:52:48 [main] INFO  com.iteaj.iboot.boot.IBootApplication - Starting IBootApplication v3.0.0 using Java 1.8.0_492 on DESKTOP-6NM70T0 with PID 9044 (D:\Proj\5.29\iboot-jetlinks\bootstrap\target\bootstrap.jar started by DESKTOP-6NM70T0$ in D:\Proj\5.29\iboot-jetlinks\bootstrap\target)
09:52:48 [main] INFO  com.iteaj.iboot.boot.IBootApplication - The following 5 profiles are active: "iot", "framework", "satoken", "knife4j", "prod"
09:52:58 [main] INFO  com.iteaj.iboot.boot.IBootApplication - Starting IBootApplication v3.0.0 using Java 1.8.0_492 on DESKTOP-6NM70T0 with PID 1560 (D:\Proj\5.29\iboot-jetlinks\bootstrap\target\bootstrap.jar started by DESKTOP-6NM70T0$ in D:\Proj\5.29\iboot-jetlinks\bootstrap\target)
09:52:58 [main] INFO  com.iteaj.iboot.boot.IBootApplication - The following 5 profiles are active: "iot", "framework", "satoken", "knife4j", "prod"
09:53:12 [main] INFO  c.iteaj.framework.spi.iot.ProtocolSupplierManager - <<<注册协议提供成功 MODBUS_RTU - 版本: 1.0.0 - 实现: 系统内置 - 说明: Modbus Rtu协议提供
09:53:12 [main] INFO  c.iteaj.framework.spi.iot.ProtocolSupplierManager - <<<注册协议提供成功 MODBUS_TCP - 版本: 1.0.0 - 实现: 系统内置 - 说明: Modbus Tcp协议提供
09:53:12 [main] INFO  c.iteaj.framework.spi.iot.ProtocolSupplierManager - <<<注册协议提供成功 DTU:MODBUS_TCP - 版本: 1.0.0 - 实现: 系统内置 - 说明: 基于DTU网关的Modbus Tcp协议提供
09:53:12 [main] INFO  c.iteaj.framework.spi.iot.ProtocolSupplierManager - <<<注册协议提供成功 DTU:MODBUS_RTU - 版本: 1.0.0 - 实现: 系统内置 - 说明: 基于DTU网关的Modbus Rtu协议提供
09:53:12 [main] INFO  c.iteaj.framework.spi.iot.ProtocolSupplierManager - <<<注册协议提供成功 MQTT_DEFAULT_IMPL - 版本: 1.0.0 - 实现: 系统内置 - 说明: 默认Mqtt协议
09:53:14 [main] INFO  com.iteaj.iboot.boot.IBootApplication - Started IBootApplication in 17.6 seconds (JVM running for 18.347)
09:53:14 [main] INFO  com.iteaj.framework.plugin.PluginManagerService - 框架已加载完成所有插件[Oauth2、Knife4j]
09:53:14 [main] INFO  com.iteaj.iot.boot.LoggerLifeCyclePostProcessor - 执行组件生命周期[start]前钩子函数[LifeCyclePostProcessor]
09:53:14 [IST-4-1] INFO  com.iteaj.iot.server.IotSocketServer - 监听端口成功(websocket(Server)) 主机：0.0.0.0:8170 - 简介：websocket服务端默认实现
09:53:14 [main] INFO  com.iteaj.iot.boot.LoggerLifeCyclePostProcessor - 执行组件生命周期[start]后钩子函数[LifeCyclePostProcessor]
09:53:15 [IST-4-1] INFO  com.iteaj.iot.server.IotSocketServer - 监听端口成功(ModbusRtuForDtu) 主机：0.0.0.0:5020 - 简介：使用Dtu连网且设备基于标准Modbus Rtu协议的iot服务端实现
09:53:15 [IWT-5-2] INFO  com.iteaj.iot.client.mqtt.MqttClient - 客户端(MQTT<默认>) 连接服务器成功 - 远程主机 127.0.0.1:1883 - 客户端标识：mqtt_gateway_env_led
09:54:34 [main] INFO  com.iteaj.iboot.boot.IBootApplication - Starting IBootApplication v3.0.0 using Java 1.8.0_492 on DESKTOP-6NM70T0 with PID 15152 (D:\Proj\5.29\iboot-jetlinks\bootstrap\target\bootstrap.jar started by DESKTOP-6NM70T0$ in D:\Proj\5.29\iboot-jetlinks\bootstrap\target)
09:54:34 [main] INFO  com.iteaj.iboot.boot.IBootApplication - The following 5 profiles are active: "iot", "framework", "satoken", "knife4j", "prod"
09:54:48 [main] INFO  c.iteaj.framework.spi.iot.ProtocolSupplierManager - <<<注册协议提供成功 MODBUS_RTU - 版本: 1.0.0 - 实现: 系统内置 - 说明: Modbus Rtu协议提供
09:54:48 [main] INFO  c.iteaj.framework.spi.iot.ProtocolSupplierManager - <<<注册协议提供成功 MODBUS_TCP - 版本: 1.0.0 - 实现: 系统内置 - 说明: Modbus Tcp协议提供
09:54:48 [main] INFO  c.iteaj.framework.spi.iot.ProtocolSupplierManager - <<<注册协议提供成功 DTU:MODBUS_TCP - 版本: 1.0.0 - 实现: 系统内置 - 说明: 基于DTU网关的Modbus Tcp协议提供
09:54:48 [main] INFO  c.iteaj.framework.spi.iot.ProtocolSupplierManager - <<<注册协议提供成功 DTU:MODBUS_RTU - 版本: 1.0.0 - 实现: 系统内置 - 说明: 基于DTU网关的Modbus Rtu协议提供
09:54:48 [main] INFO  c.iteaj.framework.spi.iot.ProtocolSupplierManager - <<<注册协议提供成功 MQTT_DEFAULT_IMPL - 版本: 1.0.0 - 实现: 系统内置 - 说明: 默认Mqtt协议
09:54:50 [main] INFO  com.iteaj.iboot.boot.IBootApplication - Started IBootApplication in 17.153 seconds (JVM running for 17.874)
09:54:50 [main] INFO  com.iteaj.framework.plugin.PluginManagerService - 框架已加载完成所有插件[Oauth2、Knife4j]
09:54:50 [main] INFO  com.iteaj.iot.boot.LoggerLifeCyclePostProcessor - 执行组件生命周期[start]前钩子函数[LifeCyclePostProcessor]
09:54:50 [IST-4-1] INFO  com.iteaj.iot.server.IotSocketServer - 监听端口成功(websocket(Server)) 主机：0.0.0.0:8170 - 简介：websocket服务端默认实现
09:54:50 [main] INFO  com.iteaj.iot.boot.LoggerLifeCyclePostProcessor - 执行组件生命周期[start]后钩子函数[LifeCyclePostProcessor]
09:54:50 [IST-4-1] INFO  com.iteaj.iot.server.IotSocketServer - 监听端口成功(ModbusRtuForDtu) 主机：0.0.0.0:5020 - 简介：使用Dtu连网且设备基于标准Modbus Rtu协议的iot服务端实现
09:54:51 [IWT-5-2] INFO  com.iteaj.iot.client.mqtt.MqttClient - 客户端(MQTT<默认>) 连接服务器成功 - 远程主机 127.0.0.1:1883 - 客户端标识：mqtt_gateway_env_led
09:56:35 [IWT-5-2] WARN  com.iteaj.iot.client.handle.ClientServiceHandler - 客户端关闭(MQTT<默认>) 未知原因 - 客户端: mqtt_gateway_env_led - 远程地址: /127.0.0.1:1883
09:56:35 [IWT-5-2] WARN  com.iteaj.iot.client.mqtt.MqttClient - 客户端(MQTT<默认>) 断线重连 - 等待重连时间：15(s) - 远程主机 127.0.0.1:1883 - 客户端标识：mqtt_gateway_env_led
09:56:35 [IST-4-1] INFO  c.i.i.s.w.impl.DefaultWebSocketServerComponent - 关闭组件成功(websocket(Server)) 主机: 0.0.0.0:8170 - 简介: websocket服务端默认实现
09:56:35 [IST-4-1] INFO  c.i.i.s.w.impl.DefaultWebSocketServerComponent - 关闭组件成功(websocket(Server)) 主机: 0.0.0.0:8170 - 简介: websocket服务端默认实现
09:56:35 [IST-4-1] INFO  c.i.i.m.server.dtu.ModbusRtuForDtuServerComponent - 关闭组件成功(ModbusRtuForDtu) 主机: 0.0.0.0:5020 - 简介: 使用Dtu连网且设备基于标准Modbus Rtu协议的iot服务端实现
10:02:37 [main] INFO  com.iteaj.iboot.boot.IBootApplication - Starting IBootApplication v3.0.0 using Java 1.8.0_492 on DESKTOP-6NM70T0 with PID 19396 (D:\Proj\5.29\iboot-jetlinks\bootstrap\target\bootstrap.jar started by admin in D:\Proj\5.29\iboot-jetlinks\bootstrap\target)
10:02:37 [main] INFO  com.iteaj.iboot.boot.IBootApplication - The following 5 profiles are active: "iot", "framework", "satoken", "knife4j", "prod"
10:02:49 [main] INFO  c.iteaj.framework.spi.iot.ProtocolSupplierManager - <<<注册协议提供成功 MODBUS_RTU - 版本: 1.0.0 - 实现: 系统内置 - 说明: Modbus Rtu协议提供
10:02:49 [main] INFO  c.iteaj.framework.spi.iot.ProtocolSupplierManager - <<<注册协议提供成功 MODBUS_TCP - 版本: 1.0.0 - 实现: 系统内置 - 说明: Modbus Tcp协议提供
10:02:49 [main] INFO  c.iteaj.framework.spi.iot.ProtocolSupplierManager - <<<注册协议提供成功 DTU:MODBUS_TCP - 版本: 1.0.0 - 实现: 系统内置 - 说明: 基于DTU网关的Modbus Tcp协议提供
10:02:49 [main] INFO  c.iteaj.framework.spi.iot.ProtocolSupplierManager - <<<注册协议提供成功 DTU:MODBUS_RTU - 版本: 1.0.0 - 实现: 系统内置 - 说明: 基于DTU网关的Modbus Rtu协议提供
10:02:49 [main] INFO  c.iteaj.framework.spi.iot.ProtocolSupplierManager - <<<注册协议提供成功 MQTT_DEFAULT_IMPL - 版本: 1.0.0 - 实现: 系统内置 - 说明: 默认Mqtt协议
10:02:51 [main] INFO  com.iteaj.iboot.boot.IBootApplication - Started IBootApplication in 14.622 seconds (JVM running for 15.358)
10:02:51 [main] INFO  com.iteaj.framework.plugin.PluginManagerService - 框架已加载完成所有插件[Oauth2、Knife4j]
10:02:51 [main] INFO  com.iteaj.iot.boot.LoggerLifeCyclePostProcessor - 执行组件生命周期[start]前钩子函数[LifeCyclePostProcessor]
10:02:51 [IST-4-1] INFO  com.iteaj.iot.server.IotSocketServer - 监听端口成功(websocket(Server)) 主机：0.0.0.0:8170 - 简介：websocket服务端默认实现
10:02:51 [main] INFO  com.iteaj.iot.boot.LoggerLifeCyclePostProcessor - 执行组件生命周期[start]后钩子函数[LifeCyclePostProcessor]
10:02:51 [IST-4-1] INFO  com.iteaj.iot.server.IotSocketServer - 监听端口成功(ModbusRtuForDtu) 主机：0.0.0.0:5020 - 简介：使用Dtu连网且设备基于标准Modbus Rtu协议的iot服务端实现
10:02:51 [IWT-5-2] INFO  com.iteaj.iot.client.mqtt.MqttClient - 客户端(MQTT<默认>) 连接服务器成功 - 远程主机 127.0.0.1:1883 - 客户端标识：mqtt_gateway_env_led
10:04:00 [main] INFO  com.iteaj.iboot.boot.IBootApplication - Starting IBootApplication v3.0.0 using Java 1.8.0_492 on DESKTOP-6NM70T0 with PID 12744 (D:\Proj\5.29\iboot-jetlinks\bootstrap\target\bootstrap.jar started by DESKTOP-6NM70T0$ in D:\Proj\5.29\iboot-jetlinks\bootstrap\target)
10:04:00 [main] INFO  com.iteaj.iboot.boot.IBootApplication - The following 5 profiles are active: "iot", "framework", "satoken", "knife4j", "prod"
10:04:15 [main] INFO  c.iteaj.framework.spi.iot.ProtocolSupplierManager - <<<注册协议提供成功 MODBUS_RTU - 版本: 1.0.0 - 实现: 系统内置 - 说明: Modbus Rtu协议提供
10:04:15 [main] INFO  c.iteaj.framework.spi.iot.ProtocolSupplierManager - <<<注册协议提供成功 MODBUS_TCP - 版本: 1.0.0 - 实现: 系统内置 - 说明: Modbus Tcp协议提供
10:04:15 [main] INFO  c.iteaj.framework.spi.iot.ProtocolSupplierManager - <<<注册协议提供成功 DTU:MODBUS_TCP - 版本: 1.0.0 - 实现: 系统内置 - 说明: 基于DTU网关的Modbus Tcp协议提供
10:04:15 [main] INFO  c.iteaj.framework.spi.iot.ProtocolSupplierManager - <<<注册协议提供成功 DTU:MODBUS_RTU - 版本: 1.0.0 - 实现: 系统内置 - 说明: 基于DTU网关的Modbus Rtu协议提供
10:04:15 [main] INFO  c.iteaj.framework.spi.iot.ProtocolSupplierManager - <<<注册协议提供成功 MQTT_DEFAULT_IMPL - 版本: 1.0.0 - 实现: 系统内置 - 说明: 默认Mqtt协议
10:04:21 [main] INFO  com.iteaj.iboot.boot.IBootApplication - Starting IBootApplication v3.0.0 using Java 1.8.0_492 on DESKTOP-6NM70T0 with PID 18072 (D:\Proj\5.29\iboot-jetlinks\bootstrap\target\bootstrap.jar started by DESKTOP-6NM70T0$ in D:\Proj\5.29\iboot-jetlinks\bootstrap\target)
10:04:21 [main] INFO  com.iteaj.iboot.boot.IBootApplication - The following 5 profiles are active: "iot", "framework", "satoken", "knife4j", "prod"
10:04:36 [main] INFO  c.iteaj.framework.spi.iot.ProtocolSupplierManager - <<<注册协议提供成功 MODBUS_RTU - 版本: 1.0.0 - 实现: 系统内置 - 说明: Modbus Rtu协议提供
10:04:36 [main] INFO  c.iteaj.framework.spi.iot.ProtocolSupplierManager - <<<注册协议提供成功 MODBUS_TCP - 版本: 1.0.0 - 实现: 系统内置 - 说明: Modbus Tcp协议提供
10:04:36 [main] INFO  c.iteaj.framework.spi.iot.ProtocolSupplierManager - <<<注册协议提供成功 DTU:MODBUS_TCP - 版本: 1.0.0 - 实现: 系统内置 - 说明: 基于DTU网关的Modbus Tcp协议提供
10:04:36 [main] INFO  c.iteaj.framework.spi.iot.ProtocolSupplierManager - <<<注册协议提供成功 DTU:MODBUS_RTU - 版本: 1.0.0 - 实现: 系统内置 - 说明: 基于DTU网关的Modbus Rtu协议提供
10:04:36 [main] INFO  c.iteaj.framework.spi.iot.ProtocolSupplierManager - <<<注册协议提供成功 MQTT_DEFAULT_IMPL - 版本: 1.0.0 - 实现: 系统内置 - 说明: 默认Mqtt协议
10:04:42 [main] INFO  com.iteaj.iboot.boot.IBootApplication - Starting IBootApplication v3.0.0 using Java 1.8.0_492 on DESKTOP-6NM70T0 with PID 12016 (D:\Proj\5.29\iboot-jetlinks\bootstrap\target\bootstrap.jar started by DESKTOP-6NM70T0$ in D:\Proj\5.29\iboot-jetlinks\bootstrap\target)
10:04:42 [main] INFO  com.iteaj.iboot.boot.IBootApplication - The following 5 profiles are active: "iot", "framework", "satoken", "knife4j", "prod"
10:04:56 [main] INFO  c.iteaj.framework.spi.iot.ProtocolSupplierManager - <<<注册协议提供成功 MODBUS_RTU - 版本: 1.0.0 - 实现: 系统内置 - 说明: Modbus Rtu协议提供
10:04:56 [main] INFO  c.iteaj.framework.spi.iot.ProtocolSupplierManager - <<<注册协议提供成功 MODBUS_TCP - 版本: 1.0.0 - 实现: 系统内置 - 说明: Modbus Tcp协议提供
10:04:56 [main] INFO  c.iteaj.framework.spi.iot.ProtocolSupplierManager - <<<注册协议提供成功 DTU:MODBUS_TCP - 版本: 1.0.0 - 实现: 系统内置 - 说明: 基于DTU网关的Modbus Tcp协议提供
10:04:56 [main] INFO  c.iteaj.framework.spi.iot.ProtocolSupplierManager - <<<注册协议提供成功 DTU:MODBUS_RTU - 版本: 1.0.0 - 实现: 系统内置 - 说明: 基于DTU网关的Modbus Rtu协议提供
10:04:56 [main] INFO  c.iteaj.framework.spi.iot.ProtocolSupplierManager - <<<注册协议提供成功 MQTT_DEFAULT_IMPL - 版本: 1.0.0 - 实现: 系统内置 - 说明: 默认Mqtt协议
10:05:02 [main] INFO  com.iteaj.iboot.boot.IBootApplication - Starting IBootApplication v3.0.0 using Java 1.8.0_492 on DESKTOP-6NM70T0 with PID 2472 (D:\Proj\5.29\iboot-jetlinks\bootstrap\target\bootstrap.jar started by DESKTOP-6NM70T0$ in D:\Proj\5.29\iboot-jetlinks\bootstrap\target)
10:05:02 [main] INFO  com.iteaj.iboot.boot.IBootApplication - The following 5 profiles are active: "iot", "framework", "satoken", "knife4j", "prod"
10:05:16 [main] INFO  c.iteaj.framework.spi.iot.ProtocolSupplierManager - <<<注册协议提供成功 MODBUS_RTU - 版本: 1.0.0 - 实现: 系统内置 - 说明: Modbus Rtu协议提供
10:05:16 [main] INFO  c.iteaj.framework.spi.iot.ProtocolSupplierManager - <<<注册协议提供成功 MODBUS_TCP - 版本: 1.0.0 - 实现: 系统内置 - 说明: Modbus Tcp协议提供
10:05:16 [main] INFO  c.iteaj.framework.spi.iot.ProtocolSupplierManager - <<<注册协议提供成功 DTU:MODBUS_TCP - 版本: 1.0.0 - 实现: 系统内置 - 说明: 基于DTU网关的Modbus Tcp协议提供
10:05:16 [main] INFO  c.iteaj.framework.spi.iot.ProtocolSupplierManager - <<<注册协议提供成功 DTU:MODBUS_RTU - 版本: 1.0.0 - 实现: 系统内置 - 说明: 基于DTU网关的Modbus Rtu协议提供
10:05:16 [main] INFO  c.iteaj.framework.spi.iot.ProtocolSupplierManager - <<<注册协议提供成功 MQTT_DEFAULT_IMPL - 版本: 1.0.0 - 实现: 系统内置 - 说明: 默认Mqtt协议
10:05:23 [main] INFO  com.iteaj.iboot.boot.IBootApplication - Starting IBootApplication v3.0.0 using Java 1.8.0_492 on DESKTOP-6NM70T0 with PID 18288 (D:\Proj\5.29\iboot-jetlinks\bootstrap\target\bootstrap.jar started by DESKTOP-6NM70T0$ in D:\Proj\5.29\iboot-jetlinks\bootstrap\target)
10:05:23 [main] INFO  com.iteaj.iboot.boot.IBootApplication - The following 5 profiles are active: "iot", "framework", "satoken", "knife4j", "prod"
10:05:36 [main] INFO  c.iteaj.framework.spi.iot.ProtocolSupplierManager - <<<注册协议提供成功 MODBUS_RTU - 版本: 1.0.0 - 实现: 系统内置 - 说明: Modbus Rtu协议提供
10:05:36 [main] INFO  c.iteaj.framework.spi.iot.ProtocolSupplierManager - <<<注册协议提供成功 MODBUS_TCP - 版本: 1.0.0 - 实现: 系统内置 - 说明: Modbus Tcp协议提供
10:05:36 [main] INFO  c.iteaj.framework.spi.iot.ProtocolSupplierManager - <<<注册协议提供成功 DTU:MODBUS_TCP - 版本: 1.0.0 - 实现: 系统内置 - 说明: 基于DTU网关的Modbus Tcp协议提供
10:05:36 [main] INFO  c.iteaj.framework.spi.iot.ProtocolSupplierManager - <<<注册协议提供成功 DTU:MODBUS_RTU - 版本: 1.0.0 - 实现: 系统内置 - 说明: 基于DTU网关的Modbus Rtu协议提供
10:05:36 [main] INFO  c.iteaj.framework.spi.iot.ProtocolSupplierManager - <<<注册协议提供成功 MQTT_DEFAULT_IMPL - 版本: 1.0.0 - 实现: 系统内置 - 说明: 默认Mqtt协议
10:05:43 [main] INFO  com.iteaj.iboot.boot.IBootApplication - Starting IBootApplication v3.0.0 using Java 1.8.0_492 on DESKTOP-6NM70T0 with PID 16364 (D:\Proj\5.29\iboot-jetlinks\bootstrap\target\bootstrap.jar started by DESKTOP-6NM70T0$ in D:\Proj\5.29\iboot-jetlinks\bootstrap\target)
10:05:43 [main] INFO  com.iteaj.iboot.boot.IBootApplication - The following 5 profiles are active: "iot", "framework", "satoken", "knife4j", "prod"
10:05:58 [main] INFO  c.iteaj.framework.spi.iot.ProtocolSupplierManager - <<<注册协议提供成功 MODBUS_RTU - 版本: 1.0.0 - 实现: 系统内置 - 说明: Modbus Rtu协议提供
10:05:58 [main] INFO  c.iteaj.framework.spi.iot.ProtocolSupplierManager - <<<注册协议提供成功 MODBUS_TCP - 版本: 1.0.0 - 实现: 系统内置 - 说明: Modbus Tcp协议提供
10:05:58 [main] INFO  c.iteaj.framework.spi.iot.ProtocolSupplierManager - <<<注册协议提供成功 DTU:MODBUS_TCP - 版本: 1.0.0 - 实现: 系统内置 - 说明: 基于DTU网关的Modbus Tcp协议提供
10:05:58 [main] INFO  c.iteaj.framework.spi.iot.ProtocolSupplierManager - <<<注册协议提供成功 DTU:MODBUS_RTU - 版本: 1.0.0 - 实现: 系统内置 - 说明: 基于DTU网关的Modbus Rtu协议提供
10:05:58 [main] INFO  c.iteaj.framework.spi.iot.ProtocolSupplierManager - <<<注册协议提供成功 MQTT_DEFAULT_IMPL - 版本: 1.0.0 - 实现: 系统内置 - 说明: 默认Mqtt协议
10:06:04 [main] INFO  com.iteaj.iboot.boot.IBootApplication - Starting IBootApplication v3.0.0 using Java 1.8.0_492 on DESKTOP-6NM70T0 with PID 7632 (D:\Proj\5.29\iboot-jetlinks\bootstrap\target\bootstrap.jar started by DESKTOP-6NM70T0$ in D:\Proj\5.29\iboot-jetlinks\bootstrap\target)
10:06:04 [main] INFO  com.iteaj.iboot.boot.IBootApplication - The following 5 profiles are active: "iot", "framework", "satoken", "knife4j", "prod"
10:06:19 [main] INFO  c.iteaj.framework.spi.iot.ProtocolSupplierManager - <<<注册协议提供成功 MODBUS_RTU - 版本: 1.0.0 - 实现: 系统内置 - 说明: Modbus Rtu协议提供
10:06:19 [main] INFO  c.iteaj.framework.spi.iot.ProtocolSupplierManager - <<<注册协议提供成功 MODBUS_TCP - 版本: 1.0.0 - 实现: 系统内置 - 说明: Modbus Tcp协议提供
10:06:19 [main] INFO  c.iteaj.framework.spi.iot.ProtocolSupplierManager - <<<注册协议提供成功 DTU:MODBUS_TCP - 版本: 1.0.0 - 实现: 系统内置 - 说明: 基于DTU网关的Modbus Tcp协议提供
10:06:19 [main] INFO  c.iteaj.framework.spi.iot.ProtocolSupplierManager - <<<注册协议提供成功 DTU:MODBUS_RTU - 版本: 1.0.0 - 实现: 系统内置 - 说明: 基于DTU网关的Modbus Rtu协议提供
10:06:19 [main] INFO  c.iteaj.framework.spi.iot.ProtocolSupplierManager - <<<注册协议提供成功 MQTT_DEFAULT_IMPL - 版本: 1.0.0 - 实现: 系统内置 - 说明: 默认Mqtt协议
10:06:25 [main] INFO  com.iteaj.iboot.boot.IBootApplication - Starting IBootApplication v3.0.0 using Java 1.8.0_492 on DESKTOP-6NM70T0 with PID 11348 (D:\Proj\5.29\iboot-jetlinks\bootstrap\target\bootstrap.jar started by DESKTOP-6NM70T0$ in D:\Proj\5.29\iboot-jetlinks\bootstrap\target)
10:06:25 [main] INFO  com.iteaj.iboot.boot.IBootApplication - The following 5 profiles are active: "iot", "framework", "satoken", "knife4j", "prod"
10:06:39 [main] INFO  c.iteaj.framework.spi.iot.ProtocolSupplierManager - <<<注册协议提供成功 MODBUS_RTU - 版本: 1.0.0 - 实现: 系统内置 - 说明: Modbus Rtu协议提供
10:06:39 [main] INFO  c.iteaj.framework.spi.iot.ProtocolSupplierManager - <<<注册协议提供成功 MODBUS_TCP - 版本: 1.0.0 - 实现: 系统内置 - 说明: Modbus Tcp协议提供
10:06:39 [main] INFO  c.iteaj.framework.spi.iot.ProtocolSupplierManager - <<<注册协议提供成功 DTU:MODBUS_TCP - 版本: 1.0.0 - 实现: 系统内置 - 说明: 基于DTU网关的Modbus Tcp协议提供
10:06:39 [main] INFO  c.iteaj.framework.spi.iot.ProtocolSupplierManager - <<<注册协议提供成功 DTU:MODBUS_RTU - 版本: 1.0.0 - 实现: 系统内置 - 说明: 基于DTU网关的Modbus Rtu协议提供
10:06:39 [main] INFO  c.iteaj.framework.spi.iot.ProtocolSupplierManager - <<<注册协议提供成功 MQTT_DEFAULT_IMPL - 版本: 1.0.0 - 实现: 系统内置 - 说明: 默认Mqtt协议
10:06:47 [main] INFO  com.iteaj.iboot.boot.IBootApplication - Starting IBootApplication v3.0.0 using Java 1.8.0_492 on DESKTOP-6NM70T0 with PID 3772 (D:\Proj\5.29\iboot-jetlinks\bootstrap\target\bootstrap.jar started by DESKTOP-6NM70T0$ in D:\Proj\5.29\iboot-jetlinks\bootstrap\target)
10:06:47 [main] INFO  com.iteaj.iboot.boot.IBootApplication - The following 5 profiles are active: "iot", "framework", "satoken", "knife4j", "prod"
10:07:03 [main] INFO  c.iteaj.framework.spi.iot.ProtocolSupplierManager - <<<注册协议提供成功 MODBUS_RTU - 版本: 1.0.0 - 实现: 系统内置 - 说明: Modbus Rtu协议提供
10:07:03 [main] INFO  c.iteaj.framework.spi.iot.ProtocolSupplierManager - <<<注册协议提供成功 MODBUS_TCP - 版本: 1.0.0 - 实现: 系统内置 - 说明: Modbus Tcp协议提供
10:07:03 [main] INFO  c.iteaj.framework.spi.iot.ProtocolSupplierManager - <<<注册协议提供成功 DTU:MODBUS_TCP - 版本: 1.0.0 - 实现: 系统内置 - 说明: 基于DTU网关的Modbus Tcp协议提供
10:07:03 [main] INFO  c.iteaj.framework.spi.iot.ProtocolSupplierManager - <<<注册协议提供成功 DTU:MODBUS_RTU - 版本: 1.0.0 - 实现: 系统内置 - 说明: 基于DTU网关的Modbus Rtu协议提供
10:07:03 [main] INFO  c.iteaj.framework.spi.iot.ProtocolSupplierManager - <<<注册协议提供成功 MQTT_DEFAULT_IMPL - 版本: 1.0.0 - 实现: 系统内置 - 说明: 默认Mqtt协议
10:07:11 [main] INFO  com.iteaj.iboot.boot.IBootApplication - Starting IBootApplication v3.0.0 using Java 1.8.0_492 on DESKTOP-6NM70T0 with PID 16480 (D:\Proj\5.29\iboot-jetlinks\bootstrap\target\bootstrap.jar started by DESKTOP-6NM70T0$ in D:\Proj\5.29\iboot-jetlinks\bootstrap\target)
10:07:11 [main] INFO  com.iteaj.iboot.boot.IBootApplication - The following 5 profiles are active: "iot", "framework", "satoken", "knife4j", "prod"
10:07:28 [main] INFO  c.iteaj.framework.spi.iot.ProtocolSupplierManager - <<<注册协议提供成功 MODBUS_RTU - 版本: 1.0.0 - 实现: 系统内置 - 说明: Modbus Rtu协议提供
10:07:28 [main] INFO  c.iteaj.framework.spi.iot.ProtocolSupplierManager - <<<注册协议提供成功 MODBUS_TCP - 版本: 1.0.0 - 实现: 系统内置 - 说明: Modbus Tcp协议提供
10:07:28 [main] INFO  c.iteaj.framework.spi.iot.ProtocolSupplierManager - <<<注册协议提供成功 DTU:MODBUS_TCP - 版本: 1.0.0 - 实现: 系统内置 - 说明: 基于DTU网关的Modbus Tcp协议提供
10:07:28 [main] INFO  c.iteaj.framework.spi.iot.ProtocolSupplierManager - <<<注册协议提供成功 DTU:MODBUS_RTU - 版本: 1.0.0 - 实现: 系统内置 - 说明: 基于DTU网关的Modbus Rtu协议提供
10:07:28 [main] INFO  c.iteaj.framework.spi.iot.ProtocolSupplierManager - <<<注册协议提供成功 MQTT_DEFAULT_IMPL - 版本: 1.0.0 - 实现: 系统内置 - 说明: 默认Mqtt协议
10:07:34 [main] INFO  com.iteaj.iboot.boot.IBootApplication - Starting IBootApplication v3.0.0 using Java 1.8.0_492 on DESKTOP-6NM70T0 with PID 6388 (D:\Proj\5.29\iboot-jetlinks\bootstrap\target\bootstrap.jar started by DESKTOP-6NM70T0$ in D:\Proj\5.29\iboot-jetlinks\bootstrap\target)
10:07:34 [main] INFO  com.iteaj.iboot.boot.IBootApplication - The following 5 profiles are active: "iot", "framework", "satoken", "knife4j", "prod"
10:07:51 [main] INFO  c.iteaj.framework.spi.iot.ProtocolSupplierManager - <<<注册协议提供成功 MODBUS_RTU - 版本: 1.0.0 - 实现: 系统内置 - 说明: Modbus Rtu协议提供
10:07:51 [main] INFO  c.iteaj.framework.spi.iot.ProtocolSupplierManager - <<<注册协议提供成功 MODBUS_TCP - 版本: 1.0.0 - 实现: 系统内置 - 说明: Modbus Tcp协议提供
10:07:51 [main] INFO  c.iteaj.framework.spi.iot.ProtocolSupplierManager - <<<注册协议提供成功 DTU:MODBUS_TCP - 版本: 1.0.0 - 实现: 系统内置 - 说明: 基于DTU网关的Modbus Tcp协议提供
10:07:51 [main] INFO  c.iteaj.framework.spi.iot.ProtocolSupplierManager - <<<注册协议提供成功 DTU:MODBUS_RTU - 版本: 1.0.0 - 实现: 系统内置 - 说明: 基于DTU网关的Modbus Rtu协议提供
10:07:51 [main] INFO  c.iteaj.framework.spi.iot.ProtocolSupplierManager - <<<注册协议提供成功 MQTT_DEFAULT_IMPL - 版本: 1.0.0 - 实现: 系统内置 - 说明: 默认Mqtt协议
10:07:58 [main] INFO  com.iteaj.iboot.boot.IBootApplication - Starting IBootApplication v3.0.0 using Java 1.8.0_492 on DESKTOP-6NM70T0 with PID 15060 (D:\Proj\5.29\iboot-jetlinks\bootstrap\target\bootstrap.jar started by DESKTOP-6NM70T0$ in D:\Proj\5.29\iboot-jetlinks\bootstrap\target)
10:07:58 [main] INFO  com.iteaj.iboot.boot.IBootApplication - The following 5 profiles are active: "iot", "framework", "satoken", "knife4j", "prod"
10:08:15 [main] INFO  c.iteaj.framework.spi.iot.ProtocolSupplierManager - <<<注册协议提供成功 MODBUS_RTU - 版本: 1.0.0 - 实现: 系统内置 - 说明: Modbus Rtu协议提供
10:08:15 [main] INFO  c.iteaj.framework.spi.iot.ProtocolSupplierManager - <<<注册协议提供成功 MODBUS_TCP - 版本: 1.0.0 - 实现: 系统内置 - 说明: Modbus Tcp协议提供
10:08:15 [main] INFO  c.iteaj.framework.spi.iot.ProtocolSupplierManager - <<<注册协议提供成功 DTU:MODBUS_TCP - 版本: 1.0.0 - 实现: 系统内置 - 说明: 基于DTU网关的Modbus Tcp协议提供
10:08:15 [main] INFO  c.iteaj.framework.spi.iot.ProtocolSupplierManager - <<<注册协议提供成功 DTU:MODBUS_RTU - 版本: 1.0.0 - 实现: 系统内置 - 说明: 基于DTU网关的Modbus Rtu协议提供
10:08:15 [main] INFO  c.iteaj.framework.spi.iot.ProtocolSupplierManager - <<<注册协议提供成功 MQTT_DEFAULT_IMPL - 版本: 1.0.0 - 实现: 系统内置 - 说明: 默认Mqtt协议
10:08:22 [main] INFO  com.iteaj.iboot.boot.IBootApplication - Starting IBootApplication v3.0.0 using Java 1.8.0_492 on DESKTOP-6NM70T0 with PID 17548 (D:\Proj\5.29\iboot-jetlinks\bootstrap\target\bootstrap.jar started by DESKTOP-6NM70T0$ in D:\Proj\5.29\iboot-jetlinks\bootstrap\target)
10:08:22 [main] INFO  com.iteaj.iboot.boot.IBootApplication - The following 5 profiles are active: "iot", "framework", "satoken", "knife4j", "prod"
10:08:38 [main] INFO  c.iteaj.framework.spi.iot.ProtocolSupplierManager - <<<注册协议提供成功 MODBUS_RTU - 版本: 1.0.0 - 实现: 系统内置 - 说明: Modbus Rtu协议提供
10:08:38 [main] INFO  c.iteaj.framework.spi.iot.ProtocolSupplierManager - <<<注册协议提供成功 MODBUS_TCP - 版本: 1.0.0 - 实现: 系统内置 - 说明: Modbus Tcp协议提供
10:08:38 [main] INFO  c.iteaj.framework.spi.iot.ProtocolSupplierManager - <<<注册协议提供成功 DTU:MODBUS_TCP - 版本: 1.0.0 - 实现: 系统内置 - 说明: 基于DTU网关的Modbus Tcp协议提供
10:08:38 [main] INFO  c.iteaj.framework.spi.iot.ProtocolSupplierManager - <<<注册协议提供成功 DTU:MODBUS_RTU - 版本: 1.0.0 - 实现: 系统内置 - 说明: 基于DTU网关的Modbus Rtu协议提供
10:08:38 [main] INFO  c.iteaj.framework.spi.iot.ProtocolSupplierManager - <<<注册协议提供成功 MQTT_DEFAULT_IMPL - 版本: 1.0.0 - 实现: 系统内置 - 说明: 默认Mqtt协议
10:08:45 [main] INFO  com.iteaj.iboot.boot.IBootApplication - Starting IBootApplication v3.0.0 using Java 1.8.0_492 on DESKTOP-6NM70T0 with PID 20508 (D:\Proj\5.29\iboot-jetlinks\bootstrap\target\bootstrap.jar started by DESKTOP-6NM70T0$ in D:\Proj\5.29\iboot-jetlinks\bootstrap\target)
10:08:45 [main] INFO  com.iteaj.iboot.boot.IBootApplication - The following 5 profiles are active: "iot", "framework", "satoken", "knife4j", "prod"
10:09:02 [main] INFO  c.iteaj.framework.spi.iot.ProtocolSupplierManager - <<<注册协议提供成功 MODBUS_RTU - 版本: 1.0.0 - 实现: 系统内置 - 说明: Modbus Rtu协议提供
10:09:02 [main] INFO  c.iteaj.framework.spi.iot.ProtocolSupplierManager - <<<注册协议提供成功 MODBUS_TCP - 版本: 1.0.0 - 实现: 系统内置 - 说明: Modbus Tcp协议提供
10:09:02 [main] INFO  c.iteaj.framework.spi.iot.ProtocolSupplierManager - <<<注册协议提供成功 DTU:MODBUS_TCP - 版本: 1.0.0 - 实现: 系统内置 - 说明: 基于DTU网关的Modbus Tcp协议提供
10:09:02 [main] INFO  c.iteaj.framework.spi.iot.ProtocolSupplierManager - <<<注册协议提供成功 DTU:MODBUS_RTU - 版本: 1.0.0 - 实现: 系统内置 - 说明: 基于DTU网关的Modbus Rtu协议提供
10:09:02 [main] INFO  c.iteaj.framework.spi.iot.ProtocolSupplierManager - <<<注册协议提供成功 MQTT_DEFAULT_IMPL - 版本: 1.0.0 - 实现: 系统内置 - 说明: 默认Mqtt协议
10:09:09 [main] INFO  com.iteaj.iboot.boot.IBootApplication - Starting IBootApplication v3.0.0 using Java 1.8.0_492 on DESKTOP-6NM70T0 with PID 20776 (D:\Proj\5.29\iboot-jetlinks\bootstrap\target\bootstrap.jar started by DESKTOP-6NM70T0$ in D:\Proj\5.29\iboot-jetlinks\bootstrap\target)
10:09:09 [main] INFO  com.iteaj.iboot.boot.IBootApplication - The following 5 profiles are active: "iot", "framework", "satoken", "knife4j", "prod"
10:09:27 [main] INFO  c.iteaj.framework.spi.iot.ProtocolSupplierManager - <<<注册协议提供成功 MODBUS_RTU - 版本: 1.0.0 - 实现: 系统内置 - 说明: Modbus Rtu协议提供
10:09:27 [main] INFO  c.iteaj.framework.spi.iot.ProtocolSupplierManager - <<<注册协议提供成功 MODBUS_TCP - 版本: 1.0.0 - 实现: 系统内置 - 说明: Modbus Tcp协议提供
10:09:27 [main] INFO  c.iteaj.framework.spi.iot.ProtocolSupplierManager - <<<注册协议提供成功 DTU:MODBUS_TCP - 版本: 1.0.0 - 实现: 系统内置 - 说明: 基于DTU网关的Modbus Tcp协议提供
10:09:27 [main] INFO  c.iteaj.framework.spi.iot.ProtocolSupplierManager - <<<注册协议提供成功 DTU:MODBUS_RTU - 版本: 1.0.0 - 实现: 系统内置 - 说明: 基于DTU网关的Modbus Rtu协议提供
10:09:27 [main] INFO  c.iteaj.framework.spi.iot.ProtocolSupplierManager - <<<注册协议提供成功 MQTT_DEFAULT_IMPL - 版本: 1.0.0 - 实现: 系统内置 - 说明: 默认Mqtt协议
10:09:33 [main] INFO  com.iteaj.iboot.boot.IBootApplication - Starting IBootApplication v3.0.0 using Java 1.8.0_492 on DESKTOP-6NM70T0 with PID 12732 (D:\Proj\5.29\iboot-jetlinks\bootstrap\target\bootstrap.jar started by DESKTOP-6NM70T0$ in D:\Proj\5.29\iboot-jetlinks\bootstrap\target)
10:09:33 [main] INFO  com.iteaj.iboot.boot.IBootApplication - The following 5 profiles are active: "iot", "framework", "satoken", "knife4j", "prod"
10:09:49 [main] INFO  c.iteaj.framework.spi.iot.ProtocolSupplierManager - <<<注册协议提供成功 MODBUS_RTU - 版本: 1.0.0 - 实现: 系统内置 - 说明: Modbus Rtu协议提供
10:09:49 [main] INFO  c.iteaj.framework.spi.iot.ProtocolSupplierManager - <<<注册协议提供成功 MODBUS_TCP - 版本: 1.0.0 - 实现: 系统内置 - 说明: Modbus Tcp协议提供
10:09:49 [main] INFO  c.iteaj.framework.spi.iot.ProtocolSupplierManager - <<<注册协议提供成功 DTU:MODBUS_TCP - 版本: 1.0.0 - 实现: 系统内置 - 说明: 基于DTU网关的Modbus Tcp协议提供
10:09:49 [main] INFO  c.iteaj.framework.spi.iot.ProtocolSupplierManager - <<<注册协议提供成功 DTU:MODBUS_RTU - 版本: 1.0.0 - 实现: 系统内置 - 说明: 基于DTU网关的Modbus Rtu协议提供
10:09:49 [main] INFO  c.iteaj.framework.spi.iot.ProtocolSupplierManager - <<<注册协议提供成功 MQTT_DEFAULT_IMPL - 版本: 1.0.0 - 实现: 系统内置 - 说明: 默认Mqtt协议
10:09:55 [main] INFO  com.iteaj.iboot.boot.IBootApplication - Starting IBootApplication v3.0.0 using Java 1.8.0_492 on DESKTOP-6NM70T0 with PID 5828 (D:\Proj\5.29\iboot-jetlinks\bootstrap\target\bootstrap.jar started by DESKTOP-6NM70T0$ in D:\Proj\5.29\iboot-jetlinks\bootstrap\target)
10:09:55 [main] INFO  com.iteaj.iboot.boot.IBootApplication - The following 5 profiles are active: "iot", "framework", "satoken", "knife4j", "prod"
10:10:09 [main] INFO  c.iteaj.framework.spi.iot.ProtocolSupplierManager - <<<注册协议提供成功 MODBUS_RTU - 版本: 1.0.0 - 实现: 系统内置 - 说明: Modbus Rtu协议提供
10:10:09 [main] INFO  c.iteaj.framework.spi.iot.ProtocolSupplierManager - <<<注册协议提供成功 MODBUS_TCP - 版本: 1.0.0 - 实现: 系统内置 - 说明: Modbus Tcp协议提供
10:10:09 [main] INFO  c.iteaj.framework.spi.iot.ProtocolSupplierManager - <<<注册协议提供成功 DTU:MODBUS_TCP - 版本: 1.0.0 - 实现: 系统内置 - 说明: 基于DTU网关的Modbus Tcp协议提供
10:10:09 [main] INFO  c.iteaj.framework.spi.iot.ProtocolSupplierManager - <<<注册协议提供成功 DTU:MODBUS_RTU - 版本: 1.0.0 - 实现: 系统内置 - 说明: 基于DTU网关的Modbus Rtu协议提供
10:10:09 [main] INFO  c.iteaj.framework.spi.iot.ProtocolSupplierManager - <<<注册协议提供成功 MQTT_DEFAULT_IMPL - 版本: 1.0.0 - 实现: 系统内置 - 说明: 默认Mqtt协议
10:10:16 [main] INFO  com.iteaj.iboot.boot.IBootApplication - Starting IBootApplication v3.0.0 using Java 1.8.0_492 on DESKTOP-6NM70T0 with PID 18008 (D:\Proj\5.29\iboot-jetlinks\bootstrap\target\bootstrap.jar started by DESKTOP-6NM70T0$ in D:\Proj\5.29\iboot-jetlinks\bootstrap\target)
10:10:16 [main] INFO  com.iteaj.iboot.boot.IBootApplication - The following 5 profiles are active: "iot", "framework", "satoken", "knife4j", "prod"
10:10:30 [main] INFO  c.iteaj.framework.spi.iot.ProtocolSupplierManager - <<<注册协议提供成功 MODBUS_RTU - 版本: 1.0.0 - 实现: 系统内置 - 说明: Modbus Rtu协议提供
10:10:30 [main] INFO  c.iteaj.framework.spi.iot.ProtocolSupplierManager - <<<注册协议提供成功 MODBUS_TCP - 版本: 1.0.0 - 实现: 系统内置 - 说明: Modbus Tcp协议提供
10:10:30 [main] INFO  c.iteaj.framework.spi.iot.ProtocolSupplierManager - <<<注册协议提供成功 DTU:MODBUS_TCP - 版本: 1.0.0 - 实现: 系统内置 - 说明: 基于DTU网关的Modbus Tcp协议提供
10:10:30 [main] INFO  c.iteaj.framework.spi.iot.ProtocolSupplierManager - <<<注册协议提供成功 DTU:MODBUS_RTU - 版本: 1.0.0 - 实现: 系统内置 - 说明: 基于DTU网关的Modbus Rtu协议提供
10:10:30 [main] INFO  c.iteaj.framework.spi.iot.ProtocolSupplierManager - <<<注册协议提供成功 MQTT_DEFAULT_IMPL - 版本: 1.0.0 - 实现: 系统内置 - 说明: 默认Mqtt协议
10:10:36 [main] INFO  com.iteaj.iboot.boot.IBootApplication - Starting IBootApplication v3.0.0 using Java 1.8.0_492 on DESKTOP-6NM70T0 with PID 20264 (D:\Proj\5.29\iboot-jetlinks\bootstrap\target\bootstrap.jar started by DESKTOP-6NM70T0$ in D:\Proj\5.29\iboot-jetlinks\bootstrap\target)
10:10:36 [main] INFO  com.iteaj.iboot.boot.IBootApplication - The following 5 profiles are active: "iot", "framework", "satoken", "knife4j", "prod"
10:10:51 [main] INFO  c.iteaj.framework.spi.iot.ProtocolSupplierManager - <<<注册协议提供成功 MODBUS_RTU - 版本: 1.0.0 - 实现: 系统内置 - 说明: Modbus Rtu协议提供
10:10:51 [main] INFO  c.iteaj.framework.spi.iot.ProtocolSupplierManager - <<<注册协议提供成功 MODBUS_TCP - 版本: 1.0.0 - 实现: 系统内置 - 说明: Modbus Tcp协议提供
10:10:51 [main] INFO  c.iteaj.framework.spi.iot.ProtocolSupplierManager - <<<注册协议提供成功 DTU:MODBUS_TCP - 版本: 1.0.0 - 实现: 系统内置 - 说明: 基于DTU网关的Modbus Tcp协议提供
10:10:51 [main] INFO  c.iteaj.framework.spi.iot.ProtocolSupplierManager - <<<注册协议提供成功 DTU:MODBUS_RTU - 版本: 1.0.0 - 实现: 系统内置 - 说明: 基于DTU网关的Modbus Rtu协议提供
10:10:51 [main] INFO  c.iteaj.framework.spi.iot.ProtocolSupplierManager - <<<注册协议提供成功 MQTT_DEFAULT_IMPL - 版本: 1.0.0 - 实现: 系统内置 - 说明: 默认Mqtt协议
10:10:57 [main] INFO  com.iteaj.iboot.boot.IBootApplication - Starting IBootApplication v3.0.0 using Java 1.8.0_492 on DESKTOP-6NM70T0 with PID 15696 (D:\Proj\5.29\iboot-jetlinks\bootstrap\target\bootstrap.jar started by DESKTOP-6NM70T0$ in D:\Proj\5.29\iboot-jetlinks\bootstrap\target)
10:10:57 [main] INFO  com.iteaj.iboot.boot.IBootApplication - The following 5 profiles are active: "iot", "framework", "satoken", "knife4j", "prod"
10:11:15 [main] INFO  c.iteaj.framework.spi.iot.ProtocolSupplierManager - <<<注册协议提供成功 MODBUS_RTU - 版本: 1.0.0 - 实现: 系统内置 - 说明: Modbus Rtu协议提供
10:11:15 [main] INFO  c.iteaj.framework.spi.iot.ProtocolSupplierManager - <<<注册协议提供成功 MODBUS_TCP - 版本: 1.0.0 - 实现: 系统内置 - 说明: Modbus Tcp协议提供
10:11:15 [main] INFO  c.iteaj.framework.spi.iot.ProtocolSupplierManager - <<<注册协议提供成功 DTU:MODBUS_TCP - 版本: 1.0.0 - 实现: 系统内置 - 说明: 基于DTU网关的Modbus Tcp协议提供
10:11:15 [main] INFO  c.iteaj.framework.spi.iot.ProtocolSupplierManager - <<<注册协议提供成功 DTU:MODBUS_RTU - 版本: 1.0.0 - 实现: 系统内置 - 说明: 基于DTU网关的Modbus Rtu协议提供
10:11:15 [main] INFO  c.iteaj.framework.spi.iot.ProtocolSupplierManager - <<<注册协议提供成功 MQTT_DEFAULT_IMPL - 版本: 1.0.0 - 实现: 系统内置 - 说明: 默认Mqtt协议
10:11:25 [main] INFO  com.iteaj.iboot.boot.IBootApplication - Starting IBootApplication v3.0.0 using Java 1.8.0_492 on DESKTOP-6NM70T0 with PID 15760 (D:\Proj\5.29\iboot-jetlinks\bootstrap\target\bootstrap.jar started by DESKTOP-6NM70T0$ in D:\Proj\5.29\iboot-jetlinks\bootstrap\target)
10:11:25 [main] INFO  com.iteaj.iboot.boot.IBootApplication - The following 5 profiles are active: "iot", "framework", "satoken", "knife4j", "prod"
10:11:42 [main] INFO  c.iteaj.framework.spi.iot.ProtocolSupplierManager - <<<注册协议提供成功 MODBUS_RTU - 版本: 1.0.0 - 实现: 系统内置 - 说明: Modbus Rtu协议提供
10:11:42 [main] INFO  c.iteaj.framework.spi.iot.ProtocolSupplierManager - <<<注册协议提供成功 MODBUS_TCP - 版本: 1.0.0 - 实现: 系统内置 - 说明: Modbus Tcp协议提供
10:11:42 [main] INFO  c.iteaj.framework.spi.iot.ProtocolSupplierManager - <<<注册协议提供成功 DTU:MODBUS_TCP - 版本: 1.0.0 - 实现: 系统内置 - 说明: 基于DTU网关的Modbus Tcp协议提供
10:11:42 [main] INFO  c.iteaj.framework.spi.iot.ProtocolSupplierManager - <<<注册协议提供成功 DTU:MODBUS_RTU - 版本: 1.0.0 - 实现: 系统内置 - 说明: 基于DTU网关的Modbus Rtu协议提供
10:11:42 [main] INFO  c.iteaj.framework.spi.iot.ProtocolSupplierManager - <<<注册协议提供成功 MQTT_DEFAULT_IMPL - 版本: 1.0.0 - 实现: 系统内置 - 说明: 默认Mqtt协议
10:11:48 [main] INFO  com.iteaj.iboot.boot.IBootApplication - Starting IBootApplication v3.0.0 using Java 1.8.0_492 on DESKTOP-6NM70T0 with PID 19052 (D:\Proj\5.29\iboot-jetlinks\bootstrap\target\bootstrap.jar started by DESKTOP-6NM70T0$ in D:\Proj\5.29\iboot-jetlinks\bootstrap\target)
10:11:48 [main] INFO  com.iteaj.iboot.boot.IBootApplication - The following 5 profiles are active: "iot", "framework", "satoken", "knife4j", "prod"
10:12:06 [main] INFO  c.iteaj.framework.spi.iot.ProtocolSupplierManager - <<<注册协议提供成功 MODBUS_RTU - 版本: 1.0.0 - 实现: 系统内置 - 说明: Modbus Rtu协议提供
10:12:06 [main] INFO  c.iteaj.framework.spi.iot.ProtocolSupplierManager - <<<注册协议提供成功 MODBUS_TCP - 版本: 1.0.0 - 实现: 系统内置 - 说明: Modbus Tcp协议提供
10:12:06 [main] INFO  c.iteaj.framework.spi.iot.ProtocolSupplierManager - <<<注册协议提供成功 DTU:MODBUS_TCP - 版本: 1.0.0 - 实现: 系统内置 - 说明: 基于DTU网关的Modbus Tcp协议提供
10:12:06 [main] INFO  c.iteaj.framework.spi.iot.ProtocolSupplierManager - <<<注册协议提供成功 DTU:MODBUS_RTU - 版本: 1.0.0 - 实现: 系统内置 - 说明: 基于DTU网关的Modbus Rtu协议提供
10:12:06 [main] INFO  c.iteaj.framework.spi.iot.ProtocolSupplierManager - <<<注册协议提供成功 MQTT_DEFAULT_IMPL - 版本: 1.0.0 - 实现: 系统内置 - 说明: 默认Mqtt协议
10:12:07 [IWT-5-3] WARN  com.iteaj.iot.server.handle.EventManagerHandler - 客户端断线(websocket(Server)) 连接关闭 - 客户端编号: a86fa31b - 客户端地址: /127.0.0.1:49814
10:12:15 [main] INFO  com.iteaj.iboot.boot.IBootApplication - Starting IBootApplication v3.0.0 using Java 1.8.0_492 on DESKTOP-6NM70T0 with PID 17284 (D:\Proj\5.29\iboot-jetlinks\bootstrap\target\bootstrap.jar started by DESKTOP-6NM70T0$ in D:\Proj\5.29\iboot-jetlinks\bootstrap\target)
10:12:15 [main] INFO  com.iteaj.iboot.boot.IBootApplication - The following 5 profiles are active: "iot", "framework", "satoken", "knife4j", "prod"
10:12:38 [main] INFO  c.iteaj.framework.spi.iot.ProtocolSupplierManager - <<<注册协议提供成功 MODBUS_RTU - 版本: 1.0.0 - 实现: 系统内置 - 说明: Modbus Rtu协议提供
10:12:38 [main] INFO  c.iteaj.framework.spi.iot.ProtocolSupplierManager - <<<注册协议提供成功 MODBUS_TCP - 版本: 1.0.0 - 实现: 系统内置 - 说明: Modbus Tcp协议提供
10:12:38 [main] INFO  c.iteaj.framework.spi.iot.ProtocolSupplierManager - <<<注册协议提供成功 DTU:MODBUS_TCP - 版本: 1.0.0 - 实现: 系统内置 - 说明: 基于DTU网关的Modbus Tcp协议提供
10:12:38 [main] INFO  c.iteaj.framework.spi.iot.ProtocolSupplierManager - <<<注册协议提供成功 DTU:MODBUS_RTU - 版本: 1.0.0 - 实现: 系统内置 - 说明: 基于DTU网关的Modbus Rtu协议提供
10:12:38 [main] INFO  c.iteaj.framework.spi.iot.ProtocolSupplierManager - <<<注册协议提供成功 MQTT_DEFAULT_IMPL - 版本: 1.0.0 - 实现: 系统内置 - 说明: 默认Mqtt协议
10:12:45 [main] INFO  com.iteaj.iboot.boot.IBootApplication - Starting IBootApplication v3.0.0 using Java 1.8.0_492 on DESKTOP-6NM70T0 with PID 16412 (D:\Proj\5.29\iboot-jetlinks\bootstrap\target\bootstrap.jar started by DESKTOP-6NM70T0$ in D:\Proj\5.29\iboot-jetlinks\bootstrap\target)
10:12:45 [main] INFO  com.iteaj.iboot.boot.IBootApplication - The following 5 profiles are active: "iot", "framework", "satoken", "knife4j", "prod"
10:13:00 [main] INFO  c.iteaj.framework.spi.iot.ProtocolSupplierManager - <<<注册协议提供成功 MODBUS_RTU - 版本: 1.0.0 - 实现: 系统内置 - 说明: Modbus Rtu协议提供
10:13:00 [main] INFO  c.iteaj.framework.spi.iot.ProtocolSupplierManager - <<<注册协议提供成功 MODBUS_TCP - 版本: 1.0.0 - 实现: 系统内置 - 说明: Modbus Tcp协议提供
10:13:00 [main] INFO  c.iteaj.framework.spi.iot.ProtocolSupplierManager - <<<注册协议提供成功 DTU:MODBUS_TCP - 版本: 1.0.0 - 实现: 系统内置 - 说明: 基于DTU网关的Modbus Tcp协议提供
10:13:00 [main] INFO  c.iteaj.framework.spi.iot.ProtocolSupplierManager - <<<注册协议提供成功 DTU:MODBUS_RTU - 版本: 1.0.0 - 实现: 系统内置 - 说明: 基于DTU网关的Modbus Rtu协议提供
10:13:00 [main] INFO  c.iteaj.framework.spi.iot.ProtocolSupplierManager - <<<注册协议提供成功 MQTT_DEFAULT_IMPL - 版本: 1.0.0 - 实现: 系统内置 - 说明: 默认Mqtt协议
10:13:06 [main] INFO  com.iteaj.iboot.boot.IBootApplication - Starting IBootApplication v3.0.0 using Java 1.8.0_492 on DESKTOP-6NM70T0 with PID 21020 (D:\Proj\5.29\iboot-jetlinks\bootstrap\target\bootstrap.jar started by DESKTOP-6NM70T0$ in D:\Proj\5.29\iboot-jetlinks\bootstrap\target)
10:13:06 [main] INFO  com.iteaj.iboot.boot.IBootApplication - The following 5 profiles are active: "iot", "framework", "satoken", "knife4j", "prod"
10:13:24 [main] INFO  c.iteaj.framework.spi.iot.ProtocolSupplierManager - <<<注册协议提供成功 MODBUS_RTU - 版本: 1.0.0 - 实现: 系统内置 - 说明: Modbus Rtu协议提供
10:13:24 [main] INFO  c.iteaj.framework.spi.iot.ProtocolSupplierManager - <<<注册协议提供成功 MODBUS_TCP - 版本: 1.0.0 - 实现: 系统内置 - 说明: Modbus Tcp协议提供
10:13:24 [main] INFO  c.iteaj.framework.spi.iot.ProtocolSupplierManager - <<<注册协议提供成功 DTU:MODBUS_TCP - 版本: 1.0.0 - 实现: 系统内置 - 说明: 基于DTU网关的Modbus Tcp协议提供
10:13:24 [main] INFO  c.iteaj.framework.spi.iot.ProtocolSupplierManager - <<<注册协议提供成功 DTU:MODBUS_RTU - 版本: 1.0.0 - 实现: 系统内置 - 说明: 基于DTU网关的Modbus Rtu协议提供
10:13:24 [main] INFO  c.iteaj.framework.spi.iot.ProtocolSupplierManager - <<<注册协议提供成功 MQTT_DEFAULT_IMPL - 版本: 1.0.0 - 实现: 系统内置 - 说明: 默认Mqtt协议
10:13:32 [main] INFO  com.iteaj.iboot.boot.IBootApplication - Starting IBootApplication v3.0.0 using Java 1.8.0_492 on DESKTOP-6NM70T0 with PID 22348 (D:\Proj\5.29\iboot-jetlinks\bootstrap\target\bootstrap.jar started by DESKTOP-6NM70T0$ in D:\Proj\5.29\iboot-jetlinks\bootstrap\target)
10:13:32 [main] INFO  com.iteaj.iboot.boot.IBootApplication - The following 5 profiles are active: "iot", "framework", "satoken", "knife4j", "prod"
10:13:56 [main] INFO  c.iteaj.framework.spi.iot.ProtocolSupplierManager - <<<注册协议提供成功 MODBUS_RTU - 版本: 1.0.0 - 实现: 系统内置 - 说明: Modbus Rtu协议提供
10:13:56 [main] INFO  c.iteaj.framework.spi.iot.ProtocolSupplierManager - <<<注册协议提供成功 MODBUS_TCP - 版本: 1.0.0 - 实现: 系统内置 - 说明: Modbus Tcp协议提供
10:13:56 [main] INFO  c.iteaj.framework.spi.iot.ProtocolSupplierManager - <<<注册协议提供成功 DTU:MODBUS_TCP - 版本: 1.0.0 - 实现: 系统内置 - 说明: 基于DTU网关的Modbus Tcp协议提供
10:13:56 [main] INFO  c.iteaj.framework.spi.iot.ProtocolSupplierManager - <<<注册协议提供成功 DTU:MODBUS_RTU - 版本: 1.0.0 - 实现: 系统内置 - 说明: 基于DTU网关的Modbus Rtu协议提供
10:13:56 [main] INFO  c.iteaj.framework.spi.iot.ProtocolSupplierManager - <<<注册协议提供成功 MQTT_DEFAULT_IMPL - 版本: 1.0.0 - 实现: 系统内置 - 说明: 默认Mqtt协议
10:14:03 [main] INFO  com.iteaj.iboot.boot.IBootApplication - Starting IBootApplication v3.0.0 using Java 1.8.0_492 on DESKTOP-6NM70T0 with PID 2880 (D:\Proj\5.29\iboot-jetlinks\bootstrap\target\bootstrap.jar started by DESKTOP-6NM70T0$ in D:\Proj\5.29\iboot-jetlinks\bootstrap\target)
10:14:03 [main] INFO  com.iteaj.iboot.boot.IBootApplication - The following 5 profiles are active: "iot", "framework", "satoken", "knife4j", "prod"
10:14:21 [main] INFO  c.iteaj.framework.spi.iot.ProtocolSupplierManager - <<<注册协议提供成功 MODBUS_RTU - 版本: 1.0.0 - 实现: 系统内置 - 说明: Modbus Rtu协议提供
10:14:21 [main] INFO  c.iteaj.framework.spi.iot.ProtocolSupplierManager - <<<注册协议提供成功 MODBUS_TCP - 版本: 1.0.0 - 实现: 系统内置 - 说明: Modbus Tcp协议提供
10:14:21 [main] INFO  c.iteaj.framework.spi.iot.ProtocolSupplierManager - <<<注册协议提供成功 DTU:MODBUS_TCP - 版本: 1.0.0 - 实现: 系统内置 - 说明: 基于DTU网关的Modbus Tcp协议提供
10:14:21 [main] INFO  c.iteaj.framework.spi.iot.ProtocolSupplierManager - <<<注册协议提供成功 DTU:MODBUS_RTU - 版本: 1.0.0 - 实现: 系统内置 - 说明: 基于DTU网关的Modbus Rtu协议提供
10:14:21 [main] INFO  c.iteaj.framework.spi.iot.ProtocolSupplierManager - <<<注册协议提供成功 MQTT_DEFAULT_IMPL - 版本: 1.0.0 - 实现: 系统内置 - 说明: 默认Mqtt协议
10:14:29 [main] INFO  com.iteaj.iboot.boot.IBootApplication - Starting IBootApplication v3.0.0 using Java 1.8.0_492 on DESKTOP-6NM70T0 with PID 11400 (D:\Proj\5.29\iboot-jetlinks\bootstrap\target\bootstrap.jar started by DESKTOP-6NM70T0$ in D:\Proj\5.29\iboot-jetlinks\bootstrap\target)
10:14:29 [main] INFO  com.iteaj.iboot.boot.IBootApplication - The following 5 profiles are active: "iot", "framework", "satoken", "knife4j", "prod"
10:14:46 [main] INFO  c.iteaj.framework.spi.iot.ProtocolSupplierManager - <<<注册协议提供成功 MODBUS_RTU - 版本: 1.0.0 - 实现: 系统内置 - 说明: Modbus Rtu协议提供
10:14:46 [main] INFO  c.iteaj.framework.spi.iot.ProtocolSupplierManager - <<<注册协议提供成功 MODBUS_TCP - 版本: 1.0.0 - 实现: 系统内置 - 说明: Modbus Tcp协议提供
10:14:46 [main] INFO  c.iteaj.framework.spi.iot.ProtocolSupplierManager - <<<注册协议提供成功 DTU:MODBUS_TCP - 版本: 1.0.0 - 实现: 系统内置 - 说明: 基于DTU网关的Modbus Tcp协议提供
10:14:46 [main] INFO  c.iteaj.framework.spi.iot.ProtocolSupplierManager - <<<注册协议提供成功 DTU:MODBUS_RTU - 版本: 1.0.0 - 实现: 系统内置 - 说明: 基于DTU网关的Modbus Rtu协议提供
10:14:46 [main] INFO  c.iteaj.framework.spi.iot.ProtocolSupplierManager - <<<注册协议提供成功 MQTT_DEFAULT_IMPL - 版本: 1.0.0 - 实现: 系统内置 - 说明: 默认Mqtt协议
10:14:53 [main] INFO  com.iteaj.iboot.boot.IBootApplication - Starting IBootApplication v3.0.0 using Java 1.8.0_492 on DESKTOP-6NM70T0 with PID 1368 (D:\Proj\5.29\iboot-jetlinks\bootstrap\target\bootstrap.jar started by DESKTOP-6NM70T0$ in D:\Proj\5.29\iboot-jetlinks\bootstrap\target)
10:14:53 [main] INFO  com.iteaj.iboot.boot.IBootApplication - The following 5 profiles are active: "iot", "framework", "satoken", "knife4j", "prod"
10:15:08 [main] INFO  c.iteaj.framework.spi.iot.ProtocolSupplierManager - <<<注册协议提供成功 MODBUS_RTU - 版本: 1.0.0 - 实现: 系统内置 - 说明: Modbus Rtu协议提供
10:15:08 [main] INFO  c.iteaj.framework.spi.iot.ProtocolSupplierManager - <<<注册协议提供成功 MODBUS_TCP - 版本: 1.0.0 - 实现: 系统内置 - 说明: Modbus Tcp协议提供
10:15:08 [main] INFO  c.iteaj.framework.spi.iot.ProtocolSupplierManager - <<<注册协议提供成功 DTU:MODBUS_TCP - 版本: 1.0.0 - 实现: 系统内置 - 说明: 基于DTU网关的Modbus Tcp协议提供
10:15:08 [main] INFO  c.iteaj.framework.spi.iot.ProtocolSupplierManager - <<<注册协议提供成功 DTU:MODBUS_RTU - 版本: 1.0.0 - 实现: 系统内置 - 说明: 基于DTU网关的Modbus Rtu协议提供
10:15:08 [main] INFO  c.iteaj.framework.spi.iot.ProtocolSupplierManager - <<<注册协议提供成功 MQTT_DEFAULT_IMPL - 版本: 1.0.0 - 实现: 系统内置 - 说明: 默认Mqtt协议
10:15:14 [main] INFO  com.iteaj.iboot.boot.IBootApplication - Starting IBootApplication v3.0.0 using Java 1.8.0_492 on DESKTOP-6NM70T0 with PID 9384 (D:\Proj\5.29\iboot-jetlinks\bootstrap\target\bootstrap.jar started by DESKTOP-6NM70T0$ in D:\Proj\5.29\iboot-jetlinks\bootstrap\target)
10:15:14 [main] INFO  com.iteaj.iboot.boot.IBootApplication - The following 5 profiles are active: "iot", "framework", "satoken", "knife4j", "prod"
10:15:28 [main] INFO  c.iteaj.framework.spi.iot.ProtocolSupplierManager - <<<注册协议提供成功 MODBUS_RTU - 版本: 1.0.0 - 实现: 系统内置 - 说明: Modbus Rtu协议提供
10:15:28 [main] INFO  c.iteaj.framework.spi.iot.ProtocolSupplierManager - <<<注册协议提供成功 MODBUS_TCP - 版本: 1.0.0 - 实现: 系统内置 - 说明: Modbus Tcp协议提供
10:15:28 [main] INFO  c.iteaj.framework.spi.iot.ProtocolSupplierManager - <<<注册协议提供成功 DTU:MODBUS_TCP - 版本: 1.0.0 - 实现: 系统内置 - 说明: 基于DTU网关的Modbus Tcp协议提供
10:15:28 [main] INFO  c.iteaj.framework.spi.iot.ProtocolSupplierManager - <<<注册协议提供成功 DTU:MODBUS_RTU - 版本: 1.0.0 - 实现: 系统内置 - 说明: 基于DTU网关的Modbus Rtu协议提供
10:15:28 [main] INFO  c.iteaj.framework.spi.iot.ProtocolSupplierManager - <<<注册协议提供成功 MQTT_DEFAULT_IMPL - 版本: 1.0.0 - 实现: 系统内置 - 说明: 默认Mqtt协议
10:15:35 [main] INFO  com.iteaj.iboot.boot.IBootApplication - Starting IBootApplication v3.0.0 using Java 1.8.0_492 on DESKTOP-6NM70T0 with PID 12872 (D:\Proj\5.29\iboot-jetlinks\bootstrap\target\bootstrap.jar started by DESKTOP-6NM70T0$ in D:\Proj\5.29\iboot-jetlinks\bootstrap\target)
10:15:35 [main] INFO  com.iteaj.iboot.boot.IBootApplication - The following 5 profiles are active: "iot", "framework", "satoken", "knife4j", "prod"
10:15:54 [main] INFO  c.iteaj.framework.spi.iot.ProtocolSupplierManager - <<<注册协议提供成功 MODBUS_RTU - 版本: 1.0.0 - 实现: 系统内置 - 说明: Modbus Rtu协议提供
10:15:54 [main] INFO  c.iteaj.framework.spi.iot.ProtocolSupplierManager - <<<注册协议提供成功 MODBUS_TCP - 版本: 1.0.0 - 实现: 系统内置 - 说明: Modbus Tcp协议提供
10:15:54 [main] INFO  c.iteaj.framework.spi.iot.ProtocolSupplierManager - <<<注册协议提供成功 DTU:MODBUS_TCP - 版本: 1.0.0 - 实现: 系统内置 - 说明: 基于DTU网关的Modbus Tcp协议提供
10:15:54 [main] INFO  c.iteaj.framework.spi.iot.ProtocolSupplierManager - <<<注册协议提供成功 DTU:MODBUS_RTU - 版本: 1.0.0 - 实现: 系统内置 - 说明: 基于DTU网关的Modbus Rtu协议提供
10:15:54 [main] INFO  c.iteaj.framework.spi.iot.ProtocolSupplierManager - <<<注册协议提供成功 MQTT_DEFAULT_IMPL - 版本: 1.0.0 - 实现: 系统内置 - 说明: 默认Mqtt协议
10:16:00 [main] INFO  com.iteaj.iboot.boot.IBootApplication - Starting IBootApplication v3.0.0 using Java 1.8.0_492 on DESKTOP-6NM70T0 with PID 12116 (D:\Proj\5.29\iboot-jetlinks\bootstrap\target\bootstrap.jar started by DESKTOP-6NM70T0$ in D:\Proj\5.29\iboot-jetlinks\bootstrap\target)
10:16:00 [main] INFO  com.iteaj.iboot.boot.IBootApplication - The following 5 profiles are active: "iot", "framework", "satoken", "knife4j", "prod"
10:16:14 [main] INFO  c.iteaj.framework.spi.iot.ProtocolSupplierManager - <<<注册协议提供成功 MODBUS_RTU - 版本: 1.0.0 - 实现: 系统内置 - 说明: Modbus Rtu协议提供
10:16:14 [main] INFO  c.iteaj.framework.spi.iot.ProtocolSupplierManager - <<<注册协议提供成功 MODBUS_TCP - 版本: 1.0.0 - 实现: 系统内置 - 说明: Modbus Tcp协议提供
10:16:14 [main] INFO  c.iteaj.framework.spi.iot.ProtocolSupplierManager - <<<注册协议提供成功 DTU:MODBUS_TCP - 版本: 1.0.0 - 实现: 系统内置 - 说明: 基于DTU网关的Modbus Tcp协议提供
10:16:14 [main] INFO  c.iteaj.framework.spi.iot.ProtocolSupplierManager - <<<注册协议提供成功 DTU:MODBUS_RTU - 版本: 1.0.0 - 实现: 系统内置 - 说明: 基于DTU网关的Modbus Rtu协议提供
10:16:14 [main] INFO  c.iteaj.framework.spi.iot.ProtocolSupplierManager - <<<注册协议提供成功 MQTT_DEFAULT_IMPL - 版本: 1.0.0 - 实现: 系统内置 - 说明: 默认Mqtt协议
10:16:21 [main] INFO  com.iteaj.iboot.boot.IBootApplication - Starting IBootApplication v3.0.0 using Java 1.8.0_492 on DESKTOP-6NM70T0 with PID 15588 (D:\Proj\5.29\iboot-jetlinks\bootstrap\target\bootstrap.jar started by DESKTOP-6NM70T0$ in D:\Proj\5.29\iboot-jetlinks\bootstrap\target)
10:16:21 [main] INFO  com.iteaj.iboot.boot.IBootApplication - The following 5 profiles are active: "iot", "framework", "satoken", "knife4j", "prod"
10:16:38 [main] INFO  c.iteaj.framework.spi.iot.ProtocolSupplierManager - <<<注册协议提供成功 MODBUS_RTU - 版本: 1.0.0 - 实现: 系统内置 - 说明: Modbus Rtu协议提供
10:16:38 [main] INFO  c.iteaj.framework.spi.iot.ProtocolSupplierManager - <<<注册协议提供成功 MODBUS_TCP - 版本: 1.0.0 - 实现: 系统内置 - 说明: Modbus Tcp协议提供
10:16:38 [main] INFO  c.iteaj.framework.spi.iot.ProtocolSupplierManager - <<<注册协议提供成功 DTU:MODBUS_TCP - 版本: 1.0.0 - 实现: 系统内置 - 说明: 基于DTU网关的Modbus Tcp协议提供
10:16:38 [main] INFO  c.iteaj.framework.spi.iot.ProtocolSupplierManager - <<<注册协议提供成功 DTU:MODBUS_RTU - 版本: 1.0.0 - 实现: 系统内置 - 说明: 基于DTU网关的Modbus Rtu协议提供
10:16:38 [main] INFO  c.iteaj.framework.spi.iot.ProtocolSupplierManager - <<<注册协议提供成功 MQTT_DEFAULT_IMPL - 版本: 1.0.0 - 实现: 系统内置 - 说明: 默认Mqtt协议
10:16:45 [main] INFO  com.iteaj.iboot.boot.IBootApplication - Starting IBootApplication v3.0.0 using Java 1.8.0_492 on DESKTOP-6NM70T0 with PID 20120 (D:\Proj\5.29\iboot-jetlinks\bootstrap\target\bootstrap.jar started by DESKTOP-6NM70T0$ in D:\Proj\5.29\iboot-jetlinks\bootstrap\target)
10:16:45 [main] INFO  com.iteaj.iboot.boot.IBootApplication - The following 5 profiles are active: "iot", "framework", "satoken", "knife4j", "prod"
10:17:00 [main] INFO  c.iteaj.framework.spi.iot.ProtocolSupplierManager - <<<注册协议提供成功 MODBUS_RTU - 版本: 1.0.0 - 实现: 系统内置 - 说明: Modbus Rtu协议提供
10:17:00 [main] INFO  c.iteaj.framework.spi.iot.ProtocolSupplierManager - <<<注册协议提供成功 MODBUS_TCP - 版本: 1.0.0 - 实现: 系统内置 - 说明: Modbus Tcp协议提供
10:17:00 [main] INFO  c.iteaj.framework.spi.iot.ProtocolSupplierManager - <<<注册协议提供成功 DTU:MODBUS_TCP - 版本: 1.0.0 - 实现: 系统内置 - 说明: 基于DTU网关的Modbus Tcp协议提供
10:17:00 [main] INFO  c.iteaj.framework.spi.iot.ProtocolSupplierManager - <<<注册协议提供成功 DTU:MODBUS_RTU - 版本: 1.0.0 - 实现: 系统内置 - 说明: 基于DTU网关的Modbus Rtu协议提供
10:17:00 [main] INFO  c.iteaj.framework.spi.iot.ProtocolSupplierManager - <<<注册协议提供成功 MQTT_DEFAULT_IMPL - 版本: 1.0.0 - 实现: 系统内置 - 说明: 默认Mqtt协议
10:17:06 [main] INFO  com.iteaj.iboot.boot.IBootApplication - Starting IBootApplication v3.0.0 using Java 1.8.0_492 on DESKTOP-6NM70T0 with PID 15800 (D:\Proj\5.29\iboot-jetlinks\bootstrap\target\bootstrap.jar started by DESKTOP-6NM70T0$ in D:\Proj\5.29\iboot-jetlinks\bootstrap\target)
10:17:06 [main] INFO  com.iteaj.iboot.boot.IBootApplication - The following 5 profiles are active: "iot", "framework", "satoken", "knife4j", "prod"
10:17:24 [main] INFO  c.iteaj.framework.spi.iot.ProtocolSupplierManager - <<<注册协议提供成功 MODBUS_RTU - 版本: 1.0.0 - 实现: 系统内置 - 说明: Modbus Rtu协议提供
10:17:24 [main] INFO  c.iteaj.framework.spi.iot.ProtocolSupplierManager - <<<注册协议提供成功 MODBUS_TCP - 版本: 1.0.0 - 实现: 系统内置 - 说明: Modbus Tcp协议提供
10:17:24 [main] INFO  c.iteaj.framework.spi.iot.ProtocolSupplierManager - <<<注册协议提供成功 DTU:MODBUS_TCP - 版本: 1.0.0 - 实现: 系统内置 - 说明: 基于DTU网关的Modbus Tcp协议提供
10:17:24 [main] INFO  c.iteaj.framework.spi.iot.ProtocolSupplierManager - <<<注册协议提供成功 DTU:MODBUS_RTU - 版本: 1.0.0 - 实现: 系统内置 - 说明: 基于DTU网关的Modbus Rtu协议提供
10:17:24 [main] INFO  c.iteaj.framework.spi.iot.ProtocolSupplierManager - <<<注册协议提供成功 MQTT_DEFAULT_IMPL - 版本: 1.0.0 - 实现: 系统内置 - 说明: 默认Mqtt协议
10:17:30 [main] INFO  com.iteaj.iboot.boot.IBootApplication - Starting IBootApplication v3.0.0 using Java 1.8.0_492 on DESKTOP-6NM70T0 with PID 7484 (D:\Proj\5.29\iboot-jetlinks\bootstrap\target\bootstrap.jar started by DESKTOP-6NM70T0$ in D:\Proj\5.29\iboot-jetlinks\bootstrap\target)
10:17:31 [main] INFO  com.iteaj.iboot.boot.IBootApplication - The following 5 profiles are active: "iot", "framework", "satoken", "knife4j", "prod"
10:17:45 [main] INFO  c.iteaj.framework.spi.iot.ProtocolSupplierManager - <<<注册协议提供成功 MODBUS_RTU - 版本: 1.0.0 - 实现: 系统内置 - 说明: Modbus Rtu协议提供
10:17:45 [main] INFO  c.iteaj.framework.spi.iot.ProtocolSupplierManager - <<<注册协议提供成功 MODBUS_TCP - 版本: 1.0.0 - 实现: 系统内置 - 说明: Modbus Tcp协议提供
10:17:45 [main] INFO  c.iteaj.framework.spi.iot.ProtocolSupplierManager - <<<注册协议提供成功 DTU:MODBUS_TCP - 版本: 1.0.0 - 实现: 系统内置 - 说明: 基于DTU网关的Modbus Tcp协议提供
10:17:45 [main] INFO  c.iteaj.framework.spi.iot.ProtocolSupplierManager - <<<注册协议提供成功 DTU:MODBUS_RTU - 版本: 1.0.0 - 实现: 系统内置 - 说明: 基于DTU网关的Modbus Rtu协议提供
10:17:45 [main] INFO  c.iteaj.framework.spi.iot.ProtocolSupplierManager - <<<注册协议提供成功 MQTT_DEFAULT_IMPL - 版本: 1.0.0 - 实现: 系统内置 - 说明: 默认Mqtt协议
10:17:51 [main] INFO  com.iteaj.iboot.boot.IBootApplication - Starting IBootApplication v3.0.0 using Java 1.8.0_492 on DESKTOP-6NM70T0 with PID 13600 (D:\Proj\5.29\iboot-jetlinks\bootstrap\target\bootstrap.jar started by DESKTOP-6NM70T0$ in D:\Proj\5.29\iboot-jetlinks\bootstrap\target)
10:17:51 [main] INFO  com.iteaj.iboot.boot.IBootApplication - The following 5 profiles are active: "iot", "framework", "satoken", "knife4j", "prod"
10:18:09 [main] INFO  c.iteaj.framework.spi.iot.ProtocolSupplierManager - <<<注册协议提供成功 MODBUS_RTU - 版本: 1.0.0 - 实现: 系统内置 - 说明: Modbus Rtu协议提供
10:18:09 [main] INFO  c.iteaj.framework.spi.iot.ProtocolSupplierManager - <<<注册协议提供成功 MODBUS_TCP - 版本: 1.0.0 - 实现: 系统内置 - 说明: Modbus Tcp协议提供
10:18:09 [main] INFO  c.iteaj.framework.spi.iot.ProtocolSupplierManager - <<<注册协议提供成功 DTU:MODBUS_TCP - 版本: 1.0.0 - 实现: 系统内置 - 说明: 基于DTU网关的Modbus Tcp协议提供
10:18:09 [main] INFO  c.iteaj.framework.spi.iot.ProtocolSupplierManager - <<<注册协议提供成功 DTU:MODBUS_RTU - 版本: 1.0.0 - 实现: 系统内置 - 说明: 基于DTU网关的Modbus Rtu协议提供
10:18:09 [main] INFO  c.iteaj.framework.spi.iot.ProtocolSupplierManager - <<<注册协议提供成功 MQTT_DEFAULT_IMPL - 版本: 1.0.0 - 实现: 系统内置 - 说明: 默认Mqtt协议
10:18:15 [main] INFO  com.iteaj.iboot.boot.IBootApplication - Starting IBootApplication v3.0.0 using Java 1.8.0_492 on DESKTOP-6NM70T0 with PID 11976 (D:\Proj\5.29\iboot-jetlinks\bootstrap\target\bootstrap.jar started by DESKTOP-6NM70T0$ in D:\Proj\5.29\iboot-jetlinks\bootstrap\target)
10:18:15 [main] INFO  com.iteaj.iboot.boot.IBootApplication - The following 5 profiles are active: "iot", "framework", "satoken", "knife4j", "prod"
10:18:32 [main] INFO  c.iteaj.framework.spi.iot.ProtocolSupplierManager - <<<注册协议提供成功 MODBUS_RTU - 版本: 1.0.0 - 实现: 系统内置 - 说明: Modbus Rtu协议提供
10:18:32 [main] INFO  c.iteaj.framework.spi.iot.ProtocolSupplierManager - <<<注册协议提供成功 MODBUS_TCP - 版本: 1.0.0 - 实现: 系统内置 - 说明: Modbus Tcp协议提供
10:18:32 [main] INFO  c.iteaj.framework.spi.iot.ProtocolSupplierManager - <<<注册协议提供成功 DTU:MODBUS_TCP - 版本: 1.0.0 - 实现: 系统内置 - 说明: 基于DTU网关的Modbus Tcp协议提供
10:18:32 [main] INFO  c.iteaj.framework.spi.iot.ProtocolSupplierManager - <<<注册协议提供成功 DTU:MODBUS_RTU - 版本: 1.0.0 - 实现: 系统内置 - 说明: 基于DTU网关的Modbus Rtu协议提供
10:18:32 [main] INFO  c.iteaj.framework.spi.iot.ProtocolSupplierManager - <<<注册协议提供成功 MQTT_DEFAULT_IMPL - 版本: 1.0.0 - 实现: 系统内置 - 说明: 默认Mqtt协议
10:18:39 [main] INFO  com.iteaj.iboot.boot.IBootApplication - Starting IBootApplication v3.0.0 using Java 1.8.0_492 on DESKTOP-6NM70T0 with PID 19784 (D:\Proj\5.29\iboot-jetlinks\bootstrap\target\bootstrap.jar started by DESKTOP-6NM70T0$ in D:\Proj\5.29\iboot-jetlinks\bootstrap\target)
10:18:39 [main] INFO  com.iteaj.iboot.boot.IBootApplication - The following 5 profiles are active: "iot", "framework", "satoken", "knife4j", "prod"
10:18:53 [main] INFO  c.iteaj.framework.spi.iot.ProtocolSupplierManager - <<<注册协议提供成功 MODBUS_RTU - 版本: 1.0.0 - 实现: 系统内置 - 说明: Modbus Rtu协议提供
10:18:53 [main] INFO  c.iteaj.framework.spi.iot.ProtocolSupplierManager - <<<注册协议提供成功 MODBUS_TCP - 版本: 1.0.0 - 实现: 系统内置 - 说明: Modbus Tcp协议提供
10:18:53 [main] INFO  c.iteaj.framework.spi.iot.ProtocolSupplierManager - <<<注册协议提供成功 DTU:MODBUS_TCP - 版本: 1.0.0 - 实现: 系统内置 - 说明: 基于DTU网关的Modbus Tcp协议提供
10:18:53 [main] INFO  c.iteaj.framework.spi.iot.ProtocolSupplierManager - <<<注册协议提供成功 DTU:MODBUS_RTU - 版本: 1.0.0 - 实现: 系统内置 - 说明: 基于DTU网关的Modbus Rtu协议提供
10:18:53 [main] INFO  c.iteaj.framework.spi.iot.ProtocolSupplierManager - <<<注册协议提供成功 MQTT_DEFAULT_IMPL - 版本: 1.0.0 - 实现: 系统内置 - 说明: 默认Mqtt协议
10:19:00 [main] INFO  com.iteaj.iboot.boot.IBootApplication - Starting IBootApplication v3.0.0 using Java 1.8.0_492 on DESKTOP-6NM70T0 with PID 8732 (D:\Proj\5.29\iboot-jetlinks\bootstrap\target\bootstrap.jar started by DESKTOP-6NM70T0$ in D:\Proj\5.29\iboot-jetlinks\bootstrap\target)
10:19:00 [main] INFO  com.iteaj.iboot.boot.IBootApplication - The following 5 profiles are active: "iot", "framework", "satoken", "knife4j", "prod"
10:19:14 [main] INFO  c.iteaj.framework.spi.iot.ProtocolSupplierManager - <<<注册协议提供成功 MODBUS_RTU - 版本: 1.0.0 - 实现: 系统内置 - 说明: Modbus Rtu协议提供
10:19:14 [main] INFO  c.iteaj.framework.spi.iot.ProtocolSupplierManager - <<<注册协议提供成功 MODBUS_TCP - 版本: 1.0.0 - 实现: 系统内置 - 说明: Modbus Tcp协议提供
10:19:14 [main] INFO  c.iteaj.framework.spi.iot.ProtocolSupplierManager - <<<注册协议提供成功 DTU:MODBUS_TCP - 版本: 1.0.0 - 实现: 系统内置 - 说明: 基于DTU网关的Modbus Tcp协议提供
10:19:14 [main] INFO  c.iteaj.framework.spi.iot.ProtocolSupplierManager - <<<注册协议提供成功 DTU:MODBUS_RTU - 版本: 1.0.0 - 实现: 系统内置 - 说明: 基于DTU网关的Modbus Rtu协议提供
10:19:14 [main] INFO  c.iteaj.framework.spi.iot.ProtocolSupplierManager - <<<注册协议提供成功 MQTT_DEFAULT_IMPL - 版本: 1.0.0 - 实现: 系统内置 - 说明: 默认Mqtt协议
10:19:20 [main] INFO  com.iteaj.iboot.boot.IBootApplication - Starting IBootApplication v3.0.0 using Java 1.8.0_492 on DESKTOP-6NM70T0 with PID 10736 (D:\Proj\5.29\iboot-jetlinks\bootstrap\target\bootstrap.jar started by DESKTOP-6NM70T0$ in D:\Proj\5.29\iboot-jetlinks\bootstrap\target)
10:19:20 [main] INFO  com.iteaj.iboot.boot.IBootApplication - The following 5 profiles are active: "iot", "framework", "satoken", "knife4j", "prod"
10:19:35 [main] INFO  c.iteaj.framework.spi.iot.ProtocolSupplierManager - <<<注册协议提供成功 MODBUS_RTU - 版本: 1.0.0 - 实现: 系统内置 - 说明: Modbus Rtu协议提供
10:19:35 [main] INFO  c.iteaj.framework.spi.iot.ProtocolSupplierManager - <<<注册协议提供成功 MODBUS_TCP - 版本: 1.0.0 - 实现: 系统内置 - 说明: Modbus Tcp协议提供
10:19:35 [main] INFO  c.iteaj.framework.spi.iot.ProtocolSupplierManager - <<<注册协议提供成功 DTU:MODBUS_TCP - 版本: 1.0.0 - 实现: 系统内置 - 说明: 基于DTU网关的Modbus Tcp协议提供
10:19:35 [main] INFO  c.iteaj.framework.spi.iot.ProtocolSupplierManager - <<<注册协议提供成功 DTU:MODBUS_RTU - 版本: 1.0.0 - 实现: 系统内置 - 说明: 基于DTU网关的Modbus Rtu协议提供
10:19:35 [main] INFO  c.iteaj.framework.spi.iot.ProtocolSupplierManager - <<<注册协议提供成功 MQTT_DEFAULT_IMPL - 版本: 1.0.0 - 实现: 系统内置 - 说明: 默认Mqtt协议
10:19:41 [main] INFO  com.iteaj.iboot.boot.IBootApplication - Starting IBootApplication v3.0.0 using Java 1.8.0_492 on DESKTOP-6NM70T0 with PID 18708 (D:\Proj\5.29\iboot-jetlinks\bootstrap\target\bootstrap.jar started by DESKTOP-6NM70T0$ in D:\Proj\5.29\iboot-jetlinks\bootstrap\target)
10:19:41 [main] INFO  com.iteaj.iboot.boot.IBootApplication - The following 5 profiles are active: "iot", "framework", "satoken", "knife4j", "prod"
10:19:57 [main] INFO  c.iteaj.framework.spi.iot.ProtocolSupplierManager - <<<注册协议提供成功 MODBUS_RTU - 版本: 1.0.0 - 实现: 系统内置 - 说明: Modbus Rtu协议提供
10:19:57 [main] INFO  c.iteaj.framework.spi.iot.ProtocolSupplierManager - <<<注册协议提供成功 MODBUS_TCP - 版本: 1.0.0 - 实现: 系统内置 - 说明: Modbus Tcp协议提供
10:19:57 [main] INFO  c.iteaj.framework.spi.iot.ProtocolSupplierManager - <<<注册协议提供成功 DTU:MODBUS_TCP - 版本: 1.0.0 - 实现: 系统内置 - 说明: 基于DTU网关的Modbus Tcp协议提供
10:19:57 [main] INFO  c.iteaj.framework.spi.iot.ProtocolSupplierManager - <<<注册协议提供成功 DTU:MODBUS_RTU - 版本: 1.0.0 - 实现: 系统内置 - 说明: 基于DTU网关的Modbus Rtu协议提供
10:19:57 [main] INFO  c.iteaj.framework.spi.iot.ProtocolSupplierManager - <<<注册协议提供成功 MQTT_DEFAULT_IMPL - 版本: 1.0.0 - 实现: 系统内置 - 说明: 默认Mqtt协议
10:20:03 [main] INFO  com.iteaj.iboot.boot.IBootApplication - Starting IBootApplication v3.0.0 using Java 1.8.0_492 on DESKTOP-6NM70T0 with PID 11740 (D:\Proj\5.29\iboot-jetlinks\bootstrap\target\bootstrap.jar started by DESKTOP-6NM70T0$ in D:\Proj\5.29\iboot-jetlinks\bootstrap\target)
10:20:03 [main] INFO  com.iteaj.iboot.boot.IBootApplication - The following 5 profiles are active: "iot", "framework", "satoken", "knife4j", "prod"
10:20:17 [main] INFO  c.iteaj.framework.spi.iot.ProtocolSupplierManager - <<<注册协议提供成功 MODBUS_RTU - 版本: 1.0.0 - 实现: 系统内置 - 说明: Modbus Rtu协议提供
10:20:17 [main] INFO  c.iteaj.framework.spi.iot.ProtocolSupplierManager - <<<注册协议提供成功 MODBUS_TCP - 版本: 1.0.0 - 实现: 系统内置 - 说明: Modbus Tcp协议提供
10:20:17 [main] INFO  c.iteaj.framework.spi.iot.ProtocolSupplierManager - <<<注册协议提供成功 DTU:MODBUS_TCP - 版本: 1.0.0 - 实现: 系统内置 - 说明: 基于DTU网关的Modbus Tcp协议提供
10:20:17 [main] INFO  c.iteaj.framework.spi.iot.ProtocolSupplierManager - <<<注册协议提供成功 DTU:MODBUS_RTU - 版本: 1.0.0 - 实现: 系统内置 - 说明: 基于DTU网关的Modbus Rtu协议提供
10:20:17 [main] INFO  c.iteaj.framework.spi.iot.ProtocolSupplierManager - <<<注册协议提供成功 MQTT_DEFAULT_IMPL - 版本: 1.0.0 - 实现: 系统内置 - 说明: 默认Mqtt协议
10:20:23 [main] INFO  com.iteaj.iboot.boot.IBootApplication - Starting IBootApplication v3.0.0 using Java 1.8.0_492 on DESKTOP-6NM70T0 with PID 18236 (D:\Proj\5.29\iboot-jetlinks\bootstrap\target\bootstrap.jar started by DESKTOP-6NM70T0$ in D:\Proj\5.29\iboot-jetlinks\bootstrap\target)
10:20:23 [main] INFO  com.iteaj.iboot.boot.IBootApplication - The following 5 profiles are active: "iot", "framework", "satoken", "knife4j", "prod"
10:20:38 [main] INFO  c.iteaj.framework.spi.iot.ProtocolSupplierManager - <<<注册协议提供成功 MODBUS_RTU - 版本: 1.0.0 - 实现: 系统内置 - 说明: Modbus Rtu协议提供
10:20:38 [main] INFO  c.iteaj.framework.spi.iot.ProtocolSupplierManager - <<<注册协议提供成功 MODBUS_TCP - 版本: 1.0.0 - 实现: 系统内置 - 说明: Modbus Tcp协议提供
10:20:38 [main] INFO  c.iteaj.framework.spi.iot.ProtocolSupplierManager - <<<注册协议提供成功 DTU:MODBUS_TCP - 版本: 1.0.0 - 实现: 系统内置 - 说明: 基于DTU网关的Modbus Tcp协议提供
10:20:38 [main] INFO  c.iteaj.framework.spi.iot.ProtocolSupplierManager - <<<注册协议提供成功 DTU:MODBUS_RTU - 版本: 1.0.0 - 实现: 系统内置 - 说明: 基于DTU网关的Modbus Rtu协议提供
10:20:38 [main] INFO  c.iteaj.framework.spi.iot.ProtocolSupplierManager - <<<注册协议提供成功 MQTT_DEFAULT_IMPL - 版本: 1.0.0 - 实现: 系统内置 - 说明: 默认Mqtt协议
10:20:44 [main] INFO  com.iteaj.iboot.boot.IBootApplication - Starting IBootApplication v3.0.0 using Java 1.8.0_492 on DESKTOP-6NM70T0 with PID 18668 (D:\Proj\5.29\iboot-jetlinks\bootstrap\target\bootstrap.jar started by DESKTOP-6NM70T0$ in D:\Proj\5.29\iboot-jetlinks\bootstrap\target)
10:20:44 [main] INFO  com.iteaj.iboot.boot.IBootApplication - The following 5 profiles are active: "iot", "framework", "satoken", "knife4j", "prod"
10:20:59 [main] INFO  c.iteaj.framework.spi.iot.ProtocolSupplierManager - <<<注册协议提供成功 MODBUS_RTU - 版本: 1.0.0 - 实现: 系统内置 - 说明: Modbus Rtu协议提供
10:20:59 [main] INFO  c.iteaj.framework.spi.iot.ProtocolSupplierManager - <<<注册协议提供成功 MODBUS_TCP - 版本: 1.0.0 - 实现: 系统内置 - 说明: Modbus Tcp协议提供
10:20:59 [main] INFO  c.iteaj.framework.spi.iot.ProtocolSupplierManager - <<<注册协议提供成功 DTU:MODBUS_TCP - 版本: 1.0.0 - 实现: 系统内置 - 说明: 基于DTU网关的Modbus Tcp协议提供
10:20:59 [main] INFO  c.iteaj.framework.spi.iot.ProtocolSupplierManager - <<<注册协议提供成功 DTU:MODBUS_RTU - 版本: 1.0.0 - 实现: 系统内置 - 说明: 基于DTU网关的Modbus Rtu协议提供
10:20:59 [main] INFO  c.iteaj.framework.spi.iot.ProtocolSupplierManager - <<<注册协议提供成功 MQTT_DEFAULT_IMPL - 版本: 1.0.0 - 实现: 系统内置 - 说明: 默认Mqtt协议
10:21:05 [http-nio-8085-exec-1] ERROR c.iteaj.framework.exception.IBootControllerAdvice - 业务执行失败
com.iteaj.framework.exception.ServiceException: 此产品[ENV_LED_BOARD]没有指定状态接口
	at com.iteaj.iboot.module.iot.controller.PanelsController.lambda$null$19(PanelsController.java:276)
	at com.iteaj.framework.result.OptionalResult.ifPresent(OptionalResult.java:40)
	at com.iteaj.iboot.module.iot.controller.PanelsController.lambda$switchCtrlStatus$20(PanelsController.java:274)
	at com.iteaj.framework.result.OptionalResult.ifPresent(OptionalResult.java:40)
	at com.iteaj.iboot.module.iot.controller.PanelsController.switchCtrlStatus(PanelsController.java:272)
	at sun.reflect.NativeMethodAccessorImpl.invoke0(Native Method)
	at sun.reflect.NativeMethodAccessorImpl.invoke(NativeMethodAccessorImpl.java:62)
	at sun.reflect.DelegatingMethodAccessorImpl.invoke(DelegatingMethodAccessorImpl.java:43)
	at java.lang.reflect.Method.invoke(Method.java:498)
	at org.springframework.web.method.support.InvocableHandlerMethod.doInvoke(InvocableHandlerMethod.java:205)
	at org.springframework.web.method.support.InvocableHandlerMethod.invokeForRequest(InvocableHandlerMethod.java:150)
	at org.springframework.web.servlet.mvc.method.annotation.ServletInvocableHandlerMethod.invokeAndHandle(ServletInvocableHandlerMethod.java:117)
	at org.springframework.web.servlet.mvc.method.annotation.RequestMappingHandlerAdapter.invokeHandlerMethod(RequestMappingHandlerAdapter.java:895)
	at org.springframework.web.servlet.mvc.method.annotation.RequestMappingHandlerAdapter.handleInternal(RequestMappingHandlerAdapter.java:808)
	at org.springframework.web.servlet.mvc.method.AbstractHandlerMethodAdapter.handle(AbstractHandlerMethodAdapter.java:87)
	at org.springframework.web.servlet.DispatcherServlet.doDispatch(DispatcherServlet.java:1070)
	at org.springframework.web.servlet.DispatcherServlet.doService(DispatcherServlet.java:963)
	at org.springframework.web.servlet.FrameworkServlet.processRequest(FrameworkServlet.java:1006)
	at org.springframework.web.servlet.FrameworkServlet.doPost(FrameworkServlet.java:909)
	at javax.servlet.http.HttpServlet.service(HttpServlet.java:681)
	at org.springframework.web.servlet.FrameworkServlet.service(FrameworkServlet.java:883)
	at javax.servlet.http.HttpServlet.service(HttpServlet.java:764)
	at org.apache.catalina.core.ApplicationFilterChain.internalDoFilter(ApplicationFilterChain.java:227)
	at org.apache.catalina.core.ApplicationFilterChain.doFilter(ApplicationFilterChain.java:162)
	at org.apache.tomcat.websocket.server.WsFilter.doFilter(WsFilter.java:53)
	at org.apache.catalina.core.ApplicationFilterChain.internalDoFilter(ApplicationFilterChain.java:189)
	at org.apache.catalina.core.ApplicationFilterChain.doFilter(ApplicationFilterChain.java:162)
	at com.github.xiaoymin.knife4j.aggre.core.filter.Knife4jRouteProxyFilter.doFilter(Knife4jRouteProxyFilter.java:84)
	at org.apache.catalina.core.ApplicationFilterChain.internalDoFilter(ApplicationFilterChain.java:189)
	at org.apache.catalina.core.ApplicationFilterChain.doFilter(ApplicationFilterChain.java:162)
	at cn.dev33.satoken.filter.SaServletFilter.doFilter(SaServletFilter.java:157)
	at com.iteaj.iboot.plugin.satoken.SaTokenAutoConfiguration$1.doFilter(SaTokenAutoConfiguration.java:96)
	at org.apache.catalina.core.ApplicationFilterChain.internalDoFilter(ApplicationFilterChain.java:189)
	at org.apache.catalina.core.ApplicationFilterChain.doFilter(ApplicationFilterChain.java:162)
	at org.springframework.web.filter.RequestContextFilter.doFilterInternal(RequestContextFilter.java:100)
	at org.springframework.web.filter.OncePerRequestFilter.doFilter(OncePerRequestFilter.java:117)
	at org.apache.catalina.core.ApplicationFilterChain.internalDoFilter(ApplicationFilterChain.java:189)
	at org.apache.catalina.core.ApplicationFilterChain.doFilter(ApplicationFilterChain.java:162)
	at org.springframework.web.filter.FormContentFilter.doFilterInternal(FormContentFilter.java:93)
	at org.springframework.web.filter.OncePerRequestFilter.doFilter(OncePerRequestFilter.java:117)
	at org.apache.catalina.core.ApplicationFilterChain.internalDoFilter(ApplicationFilterChain.java:189)
	at org.apache.catalina.core.ApplicationFilterChain.doFilter(ApplicationFilterChain.java:162)
	at org.springframework.web.filter.CharacterEncodingFilter.doFilterInternal(CharacterEncodingFilter.java:201)
	at org.springframework.web.filter.OncePerRequestFilter.doFilter(OncePerRequestFilter.java:117)
	at org.apache.catalina.core.ApplicationFilterChain.internalDoFilter(ApplicationFilterChain.java:189)
	at org.apache.catalina.core.ApplicationFilterChain.doFilter(ApplicationFilterChain.java:162)
	at org.apache.catalina.core.StandardWrapperValve.invoke(StandardWrapperValve.java:197)
	at org.apache.catalina.core.StandardContextValve.invoke(StandardContextValve.java:97)
	at org.apache.catalina.authenticator.AuthenticatorBase.invoke(AuthenticatorBase.java:541)
	at org.apache.catalina.core.StandardHostValve.invoke(StandardHostValve.java:135)
	at org.apache.catalina.valves.ErrorReportValve.invoke(ErrorReportValve.java:92)
	at org.apache.catalina.core.StandardEngineValve.invoke(StandardEngineValve.java:78)
	at org.apache.catalina.connector.CoyoteAdapter.service(CoyoteAdapter.java:360)
	at org.apache.coyote.http11.Http11Processor.service(Http11Processor.java:399)
	at org.apache.coyote.AbstractProcessorLight.process(AbstractProcessorLight.java:65)
	at org.apache.coyote.AbstractProtocol$ConnectionHandler.process(AbstractProtocol.java:890)
	at org.apache.tomcat.util.net.NioEndpoint$SocketProcessor.doRun(NioEndpoint.java:1789)
	at org.apache.tomcat.util.net.SocketProcessorBase.run(SocketProcessorBase.java:49)
	at org.apache.tomcat.util.threads.ThreadPoolExecutor.runWorker(ThreadPoolExecutor.java:1191)
	at org.apache.tomcat.util.threads.ThreadPoolExecutor$Worker.run(ThreadPoolExecutor.java:659)
	at org.apache.tomcat.util.threads.TaskThread$WrappingRunnable.run(TaskThread.java:61)
	at java.lang.Thread.run(Thread.java:750)
10:21:06 [main] INFO  com.iteaj.iboot.boot.IBootApplication - Starting IBootApplication v3.0.0 using Java 1.8.0_492 on DESKTOP-6NM70T0 with PID 18320 (D:\Proj\5.29\iboot-jetlinks\bootstrap\target\bootstrap.jar started by DESKTOP-6NM70T0$ in D:\Proj\5.29\iboot-jetlinks\bootstrap\target)
10:21:06 [main] INFO  com.iteaj.iboot.boot.IBootApplication - The following 5 profiles are active: "iot", "framework", "satoken", "knife4j", "prod"
10:21:08 [http-nio-8085-exec-6] ERROR c.iteaj.framework.exception.IBootControllerAdvice - 业务执行失败
com.iteaj.framework.exception.ServiceException: 此产品[ENV_LED_BOARD]没有指定状态接口
	at com.iteaj.iboot.module.iot.controller.PanelsController.lambda$null$19(PanelsController.java:276)
	at com.iteaj.framework.result.OptionalResult.ifPresent(OptionalResult.java:40)
	at com.iteaj.iboot.module.iot.controller.PanelsController.lambda$switchCtrlStatus$20(PanelsController.java:274)
	at com.iteaj.framework.result.OptionalResult.ifPresent(OptionalResult.java:40)
	at com.iteaj.iboot.module.iot.controller.PanelsController.switchCtrlStatus(PanelsController.java:272)
	at sun.reflect.NativeMethodAccessorImpl.invoke0(Native Method)
	at sun.reflect.NativeMethodAccessorImpl.invoke(NativeMethodAccessorImpl.java:62)
	at sun.reflect.DelegatingMethodAccessorImpl.invoke(DelegatingMethodAccessorImpl.java:43)
	at java.lang.reflect.Method.invoke(Method.java:498)
	at org.springframework.web.method.support.InvocableHandlerMethod.doInvoke(InvocableHandlerMethod.java:205)
	at org.springframework.web.method.support.InvocableHandlerMethod.invokeForRequest(InvocableHandlerMethod.java:150)
	at org.springframework.web.servlet.mvc.method.annotation.ServletInvocableHandlerMethod.invokeAndHandle(ServletInvocableHandlerMethod.java:117)
	at org.springframework.web.servlet.mvc.method.annotation.RequestMappingHandlerAdapter.invokeHandlerMethod(RequestMappingHandlerAdapter.java:895)
	at org.springframework.web.servlet.mvc.method.annotation.RequestMappingHandlerAdapter.handleInternal(RequestMappingHandlerAdapter.java:808)
	at org.springframework.web.servlet.mvc.method.AbstractHandlerMethodAdapter.handle(AbstractHandlerMethodAdapter.java:87)
	at org.springframework.web.servlet.DispatcherServlet.doDispatch(DispatcherServlet.java:1070)
	at org.springframework.web.servlet.DispatcherServlet.doService(DispatcherServlet.java:963)
	at org.springframework.web.servlet.FrameworkServlet.processRequest(FrameworkServlet.java:1006)
	at org.springframework.web.servlet.FrameworkServlet.doPost(FrameworkServlet.java:909)
	at javax.servlet.http.HttpServlet.service(HttpServlet.java:681)
	at org.springframework.web.servlet.FrameworkServlet.service(FrameworkServlet.java:883)
	at javax.servlet.http.HttpServlet.service(HttpServlet.java:764)
	at org.apache.catalina.core.ApplicationFilterChain.internalDoFilter(ApplicationFilterChain.java:227)
	at org.apache.catalina.core.ApplicationFilterChain.doFilter(ApplicationFilterChain.java:162)
	at org.apache.tomcat.websocket.server.WsFilter.doFilter(WsFilter.java:53)
	at org.apache.catalina.core.ApplicationFilterChain.internalDoFilter(ApplicationFilterChain.java:189)
	at org.apache.catalina.core.ApplicationFilterChain.doFilter(ApplicationFilterChain.java:162)
	at com.github.xiaoymin.knife4j.aggre.core.filter.Knife4jRouteProxyFilter.doFilter(Knife4jRouteProxyFilter.java:84)
	at org.apache.catalina.core.ApplicationFilterChain.internalDoFilter(ApplicationFilterChain.java:189)
	at org.apache.catalina.core.ApplicationFilterChain.doFilter(ApplicationFilterChain.java:162)
	at cn.dev33.satoken.filter.SaServletFilter.doFilter(SaServletFilter.java:157)
	at com.iteaj.iboot.plugin.satoken.SaTokenAutoConfiguration$1.doFilter(SaTokenAutoConfiguration.java:96)
	at org.apache.catalina.core.ApplicationFilterChain.internalDoFilter(ApplicationFilterChain.java:189)
	at org.apache.catalina.core.ApplicationFilterChain.doFilter(ApplicationFilterChain.java:162)
	at org.springframework.web.filter.RequestContextFilter.doFilterInternal(RequestContextFilter.java:100)
	at org.springframework.web.filter.OncePerRequestFilter.doFilter(OncePerRequestFilter.java:117)
	at org.apache.catalina.core.ApplicationFilterChain.internalDoFilter(ApplicationFilterChain.java:189)
	at org.apache.catalina.core.ApplicationFilterChain.doFilter(ApplicationFilterChain.java:162)
	at org.springframework.web.filter.FormContentFilter.doFilterInternal(FormContentFilter.java:93)
	at org.springframework.web.filter.OncePerRequestFilter.doFilter(OncePerRequestFilter.java:117)
	at org.apache.catalina.core.ApplicationFilterChain.internalDoFilter(ApplicationFilterChain.java:189)
	at org.apache.catalina.core.ApplicationFilterChain.doFilter(ApplicationFilterChain.java:162)
	at org.springframework.web.filter.CharacterEncodingFilter.doFilterInternal(CharacterEncodingFilter.java:201)
	at org.springframework.web.filter.OncePerRequestFilter.doFilter(OncePerRequestFilter.java:117)
	at org.apache.catalina.core.ApplicationFilterChain.internalDoFilter(ApplicationFilterChain.java:189)
	at org.apache.catalina.core.ApplicationFilterChain.doFilter(ApplicationFilterChain.java:162)
	at org.apache.catalina.core.StandardWrapperValve.invoke(StandardWrapperValve.java:197)
	at org.apache.catalina.core.StandardContextValve.invoke(StandardContextValve.java:97)
	at org.apache.catalina.authenticator.AuthenticatorBase.invoke(AuthenticatorBase.java:541)
	at org.apache.catalina.core.StandardHostValve.invoke(StandardHostValve.java:135)
	at org.apache.catalina.valves.ErrorReportValve.invoke(ErrorReportValve.java:92)
	at org.apache.catalina.core.StandardEngineValve.invoke(StandardEngineValve.java:78)
	at org.apache.catalina.connector.CoyoteAdapter.service(CoyoteAdapter.java:360)
	at org.apache.coyote.http11.Http11Processor.service(Http11Processor.java:399)
	at org.apache.coyote.AbstractProcessorLight.process(AbstractProcessorLight.java:65)
	at org.apache.coyote.AbstractProtocol$ConnectionHandler.process(AbstractProtocol.java:890)
	at org.apache.tomcat.util.net.NioEndpoint$SocketProcessor.doRun(NioEndpoint.java:1789)
	at org.apache.tomcat.util.net.SocketProcessorBase.run(SocketProcessorBase.java:49)
	at org.apache.tomcat.util.threads.ThreadPoolExecutor.runWorker(ThreadPoolExecutor.java:1191)
	at org.apache.tomcat.util.threads.ThreadPoolExecutor$Worker.run(ThreadPoolExecutor.java:659)
	at org.apache.tomcat.util.threads.TaskThread$WrappingRunnable.run(TaskThread.java:61)
	at java.lang.Thread.run(Thread.java:750)
10:21:22 [main] INFO  c.iteaj.framework.spi.iot.ProtocolSupplierManager - <<<注册协议提供成功 MODBUS_RTU - 版本: 1.0.0 - 实现: 系统内置 - 说明: Modbus Rtu协议提供
10:21:22 [main] INFO  c.iteaj.framework.spi.iot.ProtocolSupplierManager - <<<注册协议提供成功 MODBUS_TCP - 版本: 1.0.0 - 实现: 系统内置 - 说明: Modbus Tcp协议提供
10:21:22 [main] INFO  c.iteaj.framework.spi.iot.ProtocolSupplierManager - <<<注册协议提供成功 DTU:MODBUS_TCP - 版本: 1.0.0 - 实现: 系统内置 - 说明: 基于DTU网关的Modbus Tcp协议提供
10:21:22 [main] INFO  c.iteaj.framework.spi.iot.ProtocolSupplierManager - <<<注册协议提供成功 DTU:MODBUS_RTU - 版本: 1.0.0 - 实现: 系统内置 - 说明: 基于DTU网关的Modbus Rtu协议提供
10:21:22 [main] INFO  c.iteaj.framework.spi.iot.ProtocolSupplierManager - <<<注册协议提供成功 MQTT_DEFAULT_IMPL - 版本: 1.0.0 - 实现: 系统内置 - 说明: 默认Mqtt协议
10:21:29 [main] INFO  com.iteaj.iboot.boot.IBootApplication - Starting IBootApplication v3.0.0 using Java 1.8.0_492 on DESKTOP-6NM70T0 with PID 22504 (D:\Proj\5.29\iboot-jetlinks\bootstrap\target\bootstrap.jar started by DESKTOP-6NM70T0$ in D:\Proj\5.29\iboot-jetlinks\bootstrap\target)
10:21:29 [main] INFO  com.iteaj.iboot.boot.IBootApplication - The following 5 profiles are active: "iot", "framework", "satoken", "knife4j", "prod"
10:21:43 [main] INFO  c.iteaj.framework.spi.iot.ProtocolSupplierManager - <<<注册协议提供成功 MODBUS_RTU - 版本: 1.0.0 - 实现: 系统内置 - 说明: Modbus Rtu协议提供
10:21:43 [main] INFO  c.iteaj.framework.spi.iot.ProtocolSupplierManager - <<<注册协议提供成功 MODBUS_TCP - 版本: 1.0.0 - 实现: 系统内置 - 说明: Modbus Tcp协议提供
10:21:43 [main] INFO  c.iteaj.framework.spi.iot.ProtocolSupplierManager - <<<注册协议提供成功 DTU:MODBUS_TCP - 版本: 1.0.0 - 实现: 系统内置 - 说明: 基于DTU网关的Modbus Tcp协议提供
10:21:43 [main] INFO  c.iteaj.framework.spi.iot.ProtocolSupplierManager - <<<注册协议提供成功 DTU:MODBUS_RTU - 版本: 1.0.0 - 实现: 系统内置 - 说明: 基于DTU网关的Modbus Rtu协议提供
10:21:43 [main] INFO  c.iteaj.framework.spi.iot.ProtocolSupplierManager - <<<注册协议提供成功 MQTT_DEFAULT_IMPL - 版本: 1.0.0 - 实现: 系统内置 - 说明: 默认Mqtt协议
10:21:49 [main] INFO  com.iteaj.iboot.boot.IBootApplication - Starting IBootApplication v3.0.0 using Java 1.8.0_492 on DESKTOP-6NM70T0 with PID 13548 (D:\Proj\5.29\iboot-jetlinks\bootstrap\target\bootstrap.jar started by DESKTOP-6NM70T0$ in D:\Proj\5.29\iboot-jetlinks\bootstrap\target)
10:21:49 [main] INFO  com.iteaj.iboot.boot.IBootApplication - The following 5 profiles are active: "iot", "framework", "satoken", "knife4j", "prod"
10:22:06 [main] INFO  c.iteaj.framework.spi.iot.ProtocolSupplierManager - <<<注册协议提供成功 MODBUS_RTU - 版本: 1.0.0 - 实现: 系统内置 - 说明: Modbus Rtu协议提供
10:22:06 [main] INFO  c.iteaj.framework.spi.iot.ProtocolSupplierManager - <<<注册协议提供成功 MODBUS_TCP - 版本: 1.0.0 - 实现: 系统内置 - 说明: Modbus Tcp协议提供
10:22:06 [main] INFO  c.iteaj.framework.spi.iot.ProtocolSupplierManager - <<<注册协议提供成功 DTU:MODBUS_TCP - 版本: 1.0.0 - 实现: 系统内置 - 说明: 基于DTU网关的Modbus Tcp协议提供
10:22:06 [main] INFO  c.iteaj.framework.spi.iot.ProtocolSupplierManager - <<<注册协议提供成功 DTU:MODBUS_RTU - 版本: 1.0.0 - 实现: 系统内置 - 说明: 基于DTU网关的Modbus Rtu协议提供
10:22:06 [main] INFO  c.iteaj.framework.spi.iot.ProtocolSupplierManager - <<<注册协议提供成功 MQTT_DEFAULT_IMPL - 版本: 1.0.0 - 实现: 系统内置 - 说明: 默认Mqtt协议
10:22:12 [main] INFO  com.iteaj.iboot.boot.IBootApplication - Starting IBootApplication v3.0.0 using Java 1.8.0_492 on DESKTOP-6NM70T0 with PID 16156 (D:\Proj\5.29\iboot-jetlinks\bootstrap\target\bootstrap.jar started by DESKTOP-6NM70T0$ in D:\Proj\5.29\iboot-jetlinks\bootstrap\target)
10:22:12 [main] INFO  com.iteaj.iboot.boot.IBootApplication - The following 5 profiles are active: "iot", "framework", "satoken", "knife4j", "prod"
10:22:27 [main] INFO  c.iteaj.framework.spi.iot.ProtocolSupplierManager - <<<注册协议提供成功 MODBUS_RTU - 版本: 1.0.0 - 实现: 系统内置 - 说明: Modbus Rtu协议提供
10:22:27 [main] INFO  c.iteaj.framework.spi.iot.ProtocolSupplierManager - <<<注册协议提供成功 MODBUS_TCP - 版本: 1.0.0 - 实现: 系统内置 - 说明: Modbus Tcp协议提供
10:22:27 [main] INFO  c.iteaj.framework.spi.iot.ProtocolSupplierManager - <<<注册协议提供成功 DTU:MODBUS_TCP - 版本: 1.0.0 - 实现: 系统内置 - 说明: 基于DTU网关的Modbus Tcp协议提供
10:22:27 [main] INFO  c.iteaj.framework.spi.iot.ProtocolSupplierManager - <<<注册协议提供成功 DTU:MODBUS_RTU - 版本: 1.0.0 - 实现: 系统内置 - 说明: 基于DTU网关的Modbus Rtu协议提供
10:22:27 [main] INFO  c.iteaj.framework.spi.iot.ProtocolSupplierManager - <<<注册协议提供成功 MQTT_DEFAULT_IMPL - 版本: 1.0.0 - 实现: 系统内置 - 说明: 默认Mqtt协议
10:22:34 [main] INFO  com.iteaj.iboot.boot.IBootApplication - Starting IBootApplication v3.0.0 using Java 1.8.0_492 on DESKTOP-6NM70T0 with PID 16408 (D:\Proj\5.29\iboot-jetlinks\bootstrap\target\bootstrap.jar started by DESKTOP-6NM70T0$ in D:\Proj\5.29\iboot-jetlinks\bootstrap\target)
10:22:34 [main] INFO  com.iteaj.iboot.boot.IBootApplication - The following 5 profiles are active: "iot", "framework", "satoken", "knife4j", "prod"
10:22:49 [main] INFO  c.iteaj.framework.spi.iot.ProtocolSupplierManager - <<<注册协议提供成功 MODBUS_RTU - 版本: 1.0.0 - 实现: 系统内置 - 说明: Modbus Rtu协议提供
10:22:49 [main] INFO  c.iteaj.framework.spi.iot.ProtocolSupplierManager - <<<注册协议提供成功 MODBUS_TCP - 版本: 1.0.0 - 实现: 系统内置 - 说明: Modbus Tcp协议提供
10:22:49 [main] INFO  c.iteaj.framework.spi.iot.ProtocolSupplierManager - <<<注册协议提供成功 DTU:MODBUS_TCP - 版本: 1.0.0 - 实现: 系统内置 - 说明: 基于DTU网关的Modbus Tcp协议提供
10:22:49 [main] INFO  c.iteaj.framework.spi.iot.ProtocolSupplierManager - <<<注册协议提供成功 DTU:MODBUS_RTU - 版本: 1.0.0 - 实现: 系统内置 - 说明: 基于DTU网关的Modbus Rtu协议提供
10:22:49 [main] INFO  c.iteaj.framework.spi.iot.ProtocolSupplierManager - <<<注册协议提供成功 MQTT_DEFAULT_IMPL - 版本: 1.0.0 - 实现: 系统内置 - 说明: 默认Mqtt协议
10:22:56 [main] INFO  com.iteaj.iboot.boot.IBootApplication - Starting IBootApplication v3.0.0 using Java 1.8.0_492 on DESKTOP-6NM70T0 with PID 11316 (D:\Proj\5.29\iboot-jetlinks\bootstrap\target\bootstrap.jar started by DESKTOP-6NM70T0$ in D:\Proj\5.29\iboot-jetlinks\bootstrap\target)
10:22:56 [main] INFO  com.iteaj.iboot.boot.IBootApplication - The following 5 profiles are active: "iot", "framework", "satoken", "knife4j", "prod"
10:23:12 [main] INFO  c.iteaj.framework.spi.iot.ProtocolSupplierManager - <<<注册协议提供成功 MODBUS_RTU - 版本: 1.0.0 - 实现: 系统内置 - 说明: Modbus Rtu协议提供
10:23:12 [main] INFO  c.iteaj.framework.spi.iot.ProtocolSupplierManager - <<<注册协议提供成功 MODBUS_TCP - 版本: 1.0.0 - 实现: 系统内置 - 说明: Modbus Tcp协议提供
10:23:12 [main] INFO  c.iteaj.framework.spi.iot.ProtocolSupplierManager - <<<注册协议提供成功 DTU:MODBUS_TCP - 版本: 1.0.0 - 实现: 系统内置 - 说明: 基于DTU网关的Modbus Tcp协议提供
10:23:12 [main] INFO  c.iteaj.framework.spi.iot.ProtocolSupplierManager - <<<注册协议提供成功 DTU:MODBUS_RTU - 版本: 1.0.0 - 实现: 系统内置 - 说明: 基于DTU网关的Modbus Rtu协议提供
10:23:12 [main] INFO  c.iteaj.framework.spi.iot.ProtocolSupplierManager - <<<注册协议提供成功 MQTT_DEFAULT_IMPL - 版本: 1.0.0 - 实现: 系统内置 - 说明: 默认Mqtt协议
10:23:18 [main] INFO  com.iteaj.iboot.boot.IBootApplication - Starting IBootApplication v3.0.0 using Java 1.8.0_492 on DESKTOP-6NM70T0 with PID 21848 (D:\Proj\5.29\iboot-jetlinks\bootstrap\target\bootstrap.jar started by DESKTOP-6NM70T0$ in D:\Proj\5.29\iboot-jetlinks\bootstrap\target)
10:23:18 [main] INFO  com.iteaj.iboot.boot.IBootApplication - The following 5 profiles are active: "iot", "framework", "satoken", "knife4j", "prod"
10:23:35 [main] INFO  c.iteaj.framework.spi.iot.ProtocolSupplierManager - <<<注册协议提供成功 MODBUS_RTU - 版本: 1.0.0 - 实现: 系统内置 - 说明: Modbus Rtu协议提供
10:23:35 [main] INFO  c.iteaj.framework.spi.iot.ProtocolSupplierManager - <<<注册协议提供成功 MODBUS_TCP - 版本: 1.0.0 - 实现: 系统内置 - 说明: Modbus Tcp协议提供
10:23:35 [main] INFO  c.iteaj.framework.spi.iot.ProtocolSupplierManager - <<<注册协议提供成功 DTU:MODBUS_TCP - 版本: 1.0.0 - 实现: 系统内置 - 说明: 基于DTU网关的Modbus Tcp协议提供
10:23:35 [main] INFO  c.iteaj.framework.spi.iot.ProtocolSupplierManager - <<<注册协议提供成功 DTU:MODBUS_RTU - 版本: 1.0.0 - 实现: 系统内置 - 说明: 基于DTU网关的Modbus Rtu协议提供
10:23:35 [main] INFO  c.iteaj.framework.spi.iot.ProtocolSupplierManager - <<<注册协议提供成功 MQTT_DEFAULT_IMPL - 版本: 1.0.0 - 实现: 系统内置 - 说明: 默认Mqtt协议
10:23:42 [main] INFO  com.iteaj.iboot.boot.IBootApplication - Starting IBootApplication v3.0.0 using Java 1.8.0_492 on DESKTOP-6NM70T0 with PID 14740 (D:\Proj\5.29\iboot-jetlinks\bootstrap\target\bootstrap.jar started by DESKTOP-6NM70T0$ in D:\Proj\5.29\iboot-jetlinks\bootstrap\target)
10:23:42 [main] INFO  com.iteaj.iboot.boot.IBootApplication - The following 5 profiles are active: "iot", "framework", "satoken", "knife4j", "prod"
10:23:57 [main] INFO  c.iteaj.framework.spi.iot.ProtocolSupplierManager - <<<注册协议提供成功 MODBUS_RTU - 版本: 1.0.0 - 实现: 系统内置 - 说明: Modbus Rtu协议提供
10:23:57 [main] INFO  c.iteaj.framework.spi.iot.ProtocolSupplierManager - <<<注册协议提供成功 MODBUS_TCP - 版本: 1.0.0 - 实现: 系统内置 - 说明: Modbus Tcp协议提供
10:23:57 [main] INFO  c.iteaj.framework.spi.iot.ProtocolSupplierManager - <<<注册协议提供成功 DTU:MODBUS_TCP - 版本: 1.0.0 - 实现: 系统内置 - 说明: 基于DTU网关的Modbus Tcp协议提供
10:23:57 [main] INFO  c.iteaj.framework.spi.iot.ProtocolSupplierManager - <<<注册协议提供成功 DTU:MODBUS_RTU - 版本: 1.0.0 - 实现: 系统内置 - 说明: 基于DTU网关的Modbus Rtu协议提供
10:23:57 [main] INFO  c.iteaj.framework.spi.iot.ProtocolSupplierManager - <<<注册协议提供成功 MQTT_DEFAULT_IMPL - 版本: 1.0.0 - 实现: 系统内置 - 说明: 默认Mqtt协议
10:24:04 [main] INFO  com.iteaj.iboot.boot.IBootApplication - Starting IBootApplication v3.0.0 using Java 1.8.0_492 on DESKTOP-6NM70T0 with PID 16320 (D:\Proj\5.29\iboot-jetlinks\bootstrap\target\bootstrap.jar started by DESKTOP-6NM70T0$ in D:\Proj\5.29\iboot-jetlinks\bootstrap\target)
10:24:04 [main] INFO  com.iteaj.iboot.boot.IBootApplication - The following 5 profiles are active: "iot", "framework", "satoken", "knife4j", "prod"
10:24:19 [main] INFO  c.iteaj.framework.spi.iot.ProtocolSupplierManager - <<<注册协议提供成功 MODBUS_RTU - 版本: 1.0.0 - 实现: 系统内置 - 说明: Modbus Rtu协议提供
10:24:19 [main] INFO  c.iteaj.framework.spi.iot.ProtocolSupplierManager - <<<注册协议提供成功 MODBUS_TCP - 版本: 1.0.0 - 实现: 系统内置 - 说明: Modbus Tcp协议提供
10:24:19 [main] INFO  c.iteaj.framework.spi.iot.ProtocolSupplierManager - <<<注册协议提供成功 DTU:MODBUS_TCP - 版本: 1.0.0 - 实现: 系统内置 - 说明: 基于DTU网关的Modbus Tcp协议提供
10:24:19 [main] INFO  c.iteaj.framework.spi.iot.ProtocolSupplierManager - <<<注册协议提供成功 DTU:MODBUS_RTU - 版本: 1.0.0 - 实现: 系统内置 - 说明: 基于DTU网关的Modbus Rtu协议提供
10:24:19 [main] INFO  c.iteaj.framework.spi.iot.ProtocolSupplierManager - <<<注册协议提供成功 MQTT_DEFAULT_IMPL - 版本: 1.0.0 - 实现: 系统内置 - 说明: 默认Mqtt协议
10:24:25 [main] INFO  com.iteaj.iboot.boot.IBootApplication - Starting IBootApplication v3.0.0 using Java 1.8.0_492 on DESKTOP-6NM70T0 with PID 15836 (D:\Proj\5.29\iboot-jetlinks\bootstrap\target\bootstrap.jar started by DESKTOP-6NM70T0$ in D:\Proj\5.29\iboot-jetlinks\bootstrap\target)
10:24:25 [main] INFO  com.iteaj.iboot.boot.IBootApplication - The following 5 profiles are active: "iot", "framework", "satoken", "knife4j", "prod"
10:24:40 [main] INFO  c.iteaj.framework.spi.iot.ProtocolSupplierManager - <<<注册协议提供成功 MODBUS_RTU - 版本: 1.0.0 - 实现: 系统内置 - 说明: Modbus Rtu协议提供
10:24:40 [main] INFO  c.iteaj.framework.spi.iot.ProtocolSupplierManager - <<<注册协议提供成功 MODBUS_TCP - 版本: 1.0.0 - 实现: 系统内置 - 说明: Modbus Tcp协议提供
10:24:40 [main] INFO  c.iteaj.framework.spi.iot.ProtocolSupplierManager - <<<注册协议提供成功 DTU:MODBUS_TCP - 版本: 1.0.0 - 实现: 系统内置 - 说明: 基于DTU网关的Modbus Tcp协议提供
10:24:40 [main] INFO  c.iteaj.framework.spi.iot.ProtocolSupplierManager - <<<注册协议提供成功 DTU:MODBUS_RTU - 版本: 1.0.0 - 实现: 系统内置 - 说明: 基于DTU网关的Modbus Rtu协议提供
10:24:40 [main] INFO  c.iteaj.framework.spi.iot.ProtocolSupplierManager - <<<注册协议提供成功 MQTT_DEFAULT_IMPL - 版本: 1.0.0 - 实现: 系统内置 - 说明: 默认Mqtt协议
10:24:47 [main] INFO  com.iteaj.iboot.boot.IBootApplication - Starting IBootApplication v3.0.0 using Java 1.8.0_492 on DESKTOP-6NM70T0 with PID 14532 (D:\Proj\5.29\iboot-jetlinks\bootstrap\target\bootstrap.jar started by DESKTOP-6NM70T0$ in D:\Proj\5.29\iboot-jetlinks\bootstrap\target)
10:24:47 [main] INFO  com.iteaj.iboot.boot.IBootApplication - The following 5 profiles are active: "iot", "framework", "satoken", "knife4j", "prod"
10:25:02 [main] INFO  c.iteaj.framework.spi.iot.ProtocolSupplierManager - <<<注册协议提供成功 MODBUS_RTU - 版本: 1.0.0 - 实现: 系统内置 - 说明: Modbus Rtu协议提供
10:25:02 [main] INFO  c.iteaj.framework.spi.iot.ProtocolSupplierManager - <<<注册协议提供成功 MODBUS_TCP - 版本: 1.0.0 - 实现: 系统内置 - 说明: Modbus Tcp协议提供
10:25:02 [main] INFO  c.iteaj.framework.spi.iot.ProtocolSupplierManager - <<<注册协议提供成功 DTU:MODBUS_TCP - 版本: 1.0.0 - 实现: 系统内置 - 说明: 基于DTU网关的Modbus Tcp协议提供
10:25:02 [main] INFO  c.iteaj.framework.spi.iot.ProtocolSupplierManager - <<<注册协议提供成功 DTU:MODBUS_RTU - 版本: 1.0.0 - 实现: 系统内置 - 说明: 基于DTU网关的Modbus Rtu协议提供
10:25:02 [main] INFO  c.iteaj.framework.spi.iot.ProtocolSupplierManager - <<<注册协议提供成功 MQTT_DEFAULT_IMPL - 版本: 1.0.0 - 实现: 系统内置 - 说明: 默认Mqtt协议
10:25:09 [main] INFO  com.iteaj.iboot.boot.IBootApplication - Starting IBootApplication v3.0.0 using Java 1.8.0_492 on DESKTOP-6NM70T0 with PID 14992 (D:\Proj\5.29\iboot-jetlinks\bootstrap\target\bootstrap.jar started by DESKTOP-6NM70T0$ in D:\Proj\5.29\iboot-jetlinks\bootstrap\target)
10:25:09 [main] INFO  com.iteaj.iboot.boot.IBootApplication - The following 5 profiles are active: "iot", "framework", "satoken", "knife4j", "prod"
10:25:24 [main] INFO  c.iteaj.framework.spi.iot.ProtocolSupplierManager - <<<注册协议提供成功 MODBUS_RTU - 版本: 1.0.0 - 实现: 系统内置 - 说明: Modbus Rtu协议提供
10:25:24 [main] INFO  c.iteaj.framework.spi.iot.ProtocolSupplierManager - <<<注册协议提供成功 MODBUS_TCP - 版本: 1.0.0 - 实现: 系统内置 - 说明: Modbus Tcp协议提供
10:25:24 [main] INFO  c.iteaj.framework.spi.iot.ProtocolSupplierManager - <<<注册协议提供成功 DTU:MODBUS_TCP - 版本: 1.0.0 - 实现: 系统内置 - 说明: 基于DTU网关的Modbus Tcp协议提供
10:25:24 [main] INFO  c.iteaj.framework.spi.iot.ProtocolSupplierManager - <<<注册协议提供成功 DTU:MODBUS_RTU - 版本: 1.0.0 - 实现: 系统内置 - 说明: 基于DTU网关的Modbus Rtu协议提供
10:25:24 [main] INFO  c.iteaj.framework.spi.iot.ProtocolSupplierManager - <<<注册协议提供成功 MQTT_DEFAULT_IMPL - 版本: 1.0.0 - 实现: 系统内置 - 说明: 默认Mqtt协议
10:25:30 [main] INFO  com.iteaj.iboot.boot.IBootApplication - Starting IBootApplication v3.0.0 using Java 1.8.0_492 on DESKTOP-6NM70T0 with PID 1944 (D:\Proj\5.29\iboot-jetlinks\bootstrap\target\bootstrap.jar started by DESKTOP-6NM70T0$ in D:\Proj\5.29\iboot-jetlinks\bootstrap\target)
10:25:30 [main] INFO  com.iteaj.iboot.boot.IBootApplication - The following 5 profiles are active: "iot", "framework", "satoken", "knife4j", "prod"
10:25:47 [main] INFO  c.iteaj.framework.spi.iot.ProtocolSupplierManager - <<<注册协议提供成功 MODBUS_RTU - 版本: 1.0.0 - 实现: 系统内置 - 说明: Modbus Rtu协议提供
10:25:47 [main] INFO  c.iteaj.framework.spi.iot.ProtocolSupplierManager - <<<注册协议提供成功 MODBUS_TCP - 版本: 1.0.0 - 实现: 系统内置 - 说明: Modbus Tcp协议提供
10:25:47 [main] INFO  c.iteaj.framework.spi.iot.ProtocolSupplierManager - <<<注册协议提供成功 DTU:MODBUS_TCP - 版本: 1.0.0 - 实现: 系统内置 - 说明: 基于DTU网关的Modbus Tcp协议提供
10:25:47 [main] INFO  c.iteaj.framework.spi.iot.ProtocolSupplierManager - <<<注册协议提供成功 DTU:MODBUS_RTU - 版本: 1.0.0 - 实现: 系统内置 - 说明: 基于DTU网关的Modbus Rtu协议提供
10:25:47 [main] INFO  c.iteaj.framework.spi.iot.ProtocolSupplierManager - <<<注册协议提供成功 MQTT_DEFAULT_IMPL - 版本: 1.0.0 - 实现: 系统内置 - 说明: 默认Mqtt协议
10:25:53 [main] INFO  com.iteaj.iboot.boot.IBootApplication - Starting IBootApplication v3.0.0 using Java 1.8.0_492 on DESKTOP-6NM70T0 with PID 3252 (D:\Proj\5.29\iboot-jetlinks\bootstrap\target\bootstrap.jar started by DESKTOP-6NM70T0$ in D:\Proj\5.29\iboot-jetlinks\bootstrap\target)
10:25:53 [main] INFO  com.iteaj.iboot.boot.IBootApplication - The following 5 profiles are active: "iot", "framework", "satoken", "knife4j", "prod"
10:26:09 [main] INFO  c.iteaj.framework.spi.iot.ProtocolSupplierManager - <<<注册协议提供成功 MODBUS_RTU - 版本: 1.0.0 - 实现: 系统内置 - 说明: Modbus Rtu协议提供
10:26:09 [main] INFO  c.iteaj.framework.spi.iot.ProtocolSupplierManager - <<<注册协议提供成功 MODBUS_TCP - 版本: 1.0.0 - 实现: 系统内置 - 说明: Modbus Tcp协议提供
10:26:09 [main] INFO  c.iteaj.framework.spi.iot.ProtocolSupplierManager - <<<注册协议提供成功 DTU:MODBUS_TCP - 版本: 1.0.0 - 实现: 系统内置 - 说明: 基于DTU网关的Modbus Tcp协议提供
10:26:09 [main] INFO  c.iteaj.framework.spi.iot.ProtocolSupplierManager - <<<注册协议提供成功 DTU:MODBUS_RTU - 版本: 1.0.0 - 实现: 系统内置 - 说明: 基于DTU网关的Modbus Rtu协议提供
10:26:09 [main] INFO  c.iteaj.framework.spi.iot.ProtocolSupplierManager - <<<注册协议提供成功 MQTT_DEFAULT_IMPL - 版本: 1.0.0 - 实现: 系统内置 - 说明: 默认Mqtt协议
10:26:15 [main] INFO  com.iteaj.iboot.boot.IBootApplication - Starting IBootApplication v3.0.0 using Java 1.8.0_492 on DESKTOP-6NM70T0 with PID 13200 (D:\Proj\5.29\iboot-jetlinks\bootstrap\target\bootstrap.jar started by DESKTOP-6NM70T0$ in D:\Proj\5.29\iboot-jetlinks\bootstrap\target)
10:26:15 [main] INFO  com.iteaj.iboot.boot.IBootApplication - The following 5 profiles are active: "iot", "framework", "satoken", "knife4j", "prod"
10:26:30 [main] INFO  c.iteaj.framework.spi.iot.ProtocolSupplierManager - <<<注册协议提供成功 MODBUS_RTU - 版本: 1.0.0 - 实现: 系统内置 - 说明: Modbus Rtu协议提供
10:26:30 [main] INFO  c.iteaj.framework.spi.iot.ProtocolSupplierManager - <<<注册协议提供成功 MODBUS_TCP - 版本: 1.0.0 - 实现: 系统内置 - 说明: Modbus Tcp协议提供
10:26:30 [main] INFO  c.iteaj.framework.spi.iot.ProtocolSupplierManager - <<<注册协议提供成功 DTU:MODBUS_TCP - 版本: 1.0.0 - 实现: 系统内置 - 说明: 基于DTU网关的Modbus Tcp协议提供
10:26:30 [main] INFO  c.iteaj.framework.spi.iot.ProtocolSupplierManager - <<<注册协议提供成功 DTU:MODBUS_RTU - 版本: 1.0.0 - 实现: 系统内置 - 说明: 基于DTU网关的Modbus Rtu协议提供
10:26:30 [main] INFO  c.iteaj.framework.spi.iot.ProtocolSupplierManager - <<<注册协议提供成功 MQTT_DEFAULT_IMPL - 版本: 1.0.0 - 实现: 系统内置 - 说明: 默认Mqtt协议
10:26:37 [main] INFO  com.iteaj.iboot.boot.IBootApplication - Starting IBootApplication v3.0.0 using Java 1.8.0_492 on DESKTOP-6NM70T0 with PID 19036 (D:\Proj\5.29\iboot-jetlinks\bootstrap\target\bootstrap.jar started by DESKTOP-6NM70T0$ in D:\Proj\5.29\iboot-jetlinks\bootstrap\target)
10:26:37 [main] INFO  com.iteaj.iboot.boot.IBootApplication - The following 5 profiles are active: "iot", "framework", "satoken", "knife4j", "prod"
10:26:52 [main] INFO  c.iteaj.framework.spi.iot.ProtocolSupplierManager - <<<注册协议提供成功 MODBUS_RTU - 版本: 1.0.0 - 实现: 系统内置 - 说明: Modbus Rtu协议提供
10:26:52 [main] INFO  c.iteaj.framework.spi.iot.ProtocolSupplierManager - <<<注册协议提供成功 MODBUS_TCP - 版本: 1.0.0 - 实现: 系统内置 - 说明: Modbus Tcp协议提供
10:26:52 [main] INFO  c.iteaj.framework.spi.iot.ProtocolSupplierManager - <<<注册协议提供成功 DTU:MODBUS_TCP - 版本: 1.0.0 - 实现: 系统内置 - 说明: 基于DTU网关的Modbus Tcp协议提供
10:26:52 [main] INFO  c.iteaj.framework.spi.iot.ProtocolSupplierManager - <<<注册协议提供成功 DTU:MODBUS_RTU - 版本: 1.0.0 - 实现: 系统内置 - 说明: 基于DTU网关的Modbus Rtu协议提供
10:26:52 [main] INFO  c.iteaj.framework.spi.iot.ProtocolSupplierManager - <<<注册协议提供成功 MQTT_DEFAULT_IMPL - 版本: 1.0.0 - 实现: 系统内置 - 说明: 默认Mqtt协议
10:26:58 [main] INFO  com.iteaj.iboot.boot.IBootApplication - Starting IBootApplication v3.0.0 using Java 1.8.0_492 on DESKTOP-6NM70T0 with PID 13876 (D:\Proj\5.29\iboot-jetlinks\bootstrap\target\bootstrap.jar started by DESKTOP-6NM70T0$ in D:\Proj\5.29\iboot-jetlinks\bootstrap\target)
10:26:58 [main] INFO  com.iteaj.iboot.boot.IBootApplication - The following 5 profiles are active: "iot", "framework", "satoken", "knife4j", "prod"
10:27:13 [main] INFO  c.iteaj.framework.spi.iot.ProtocolSupplierManager - <<<注册协议提供成功 MODBUS_RTU - 版本: 1.0.0 - 实现: 系统内置 - 说明: Modbus Rtu协议提供
10:27:13 [main] INFO  c.iteaj.framework.spi.iot.ProtocolSupplierManager - <<<注册协议提供成功 MODBUS_TCP - 版本: 1.0.0 - 实现: 系统内置 - 说明: Modbus Tcp协议提供
10:27:13 [main] INFO  c.iteaj.framework.spi.iot.ProtocolSupplierManager - <<<注册协议提供成功 DTU:MODBUS_TCP - 版本: 1.0.0 - 实现: 系统内置 - 说明: 基于DTU网关的Modbus Tcp协议提供
10:27:13 [main] INFO  c.iteaj.framework.spi.iot.ProtocolSupplierManager - <<<注册协议提供成功 DTU:MODBUS_RTU - 版本: 1.0.0 - 实现: 系统内置 - 说明: 基于DTU网关的Modbus Rtu协议提供
10:27:13 [main] INFO  c.iteaj.framework.spi.iot.ProtocolSupplierManager - <<<注册协议提供成功 MQTT_DEFAULT_IMPL - 版本: 1.0.0 - 实现: 系统内置 - 说明: 默认Mqtt协议
10:27:19 [main] INFO  com.iteaj.iboot.boot.IBootApplication - Starting IBootApplication v3.0.0 using Java 1.8.0_492 on DESKTOP-6NM70T0 with PID 440 (D:\Proj\5.29\iboot-jetlinks\bootstrap\target\bootstrap.jar started by DESKTOP-6NM70T0$ in D:\Proj\5.29\iboot-jetlinks\bootstrap\target)
10:27:19 [main] INFO  com.iteaj.iboot.boot.IBootApplication - The following 5 profiles are active: "iot", "framework", "satoken", "knife4j", "prod"
10:27:33 [main] INFO  c.iteaj.framework.spi.iot.ProtocolSupplierManager - <<<注册协议提供成功 MODBUS_RTU - 版本: 1.0.0 - 实现: 系统内置 - 说明: Modbus Rtu协议提供
10:27:33 [main] INFO  c.iteaj.framework.spi.iot.ProtocolSupplierManager - <<<注册协议提供成功 MODBUS_TCP - 版本: 1.0.0 - 实现: 系统内置 - 说明: Modbus Tcp协议提供
10:27:33 [main] INFO  c.iteaj.framework.spi.iot.ProtocolSupplierManager - <<<注册协议提供成功 DTU:MODBUS_TCP - 版本: 1.0.0 - 实现: 系统内置 - 说明: 基于DTU网关的Modbus Tcp协议提供
10:27:33 [main] INFO  c.iteaj.framework.spi.iot.ProtocolSupplierManager - <<<注册协议提供成功 DTU:MODBUS_RTU - 版本: 1.0.0 - 实现: 系统内置 - 说明: 基于DTU网关的Modbus Rtu协议提供
10:27:33 [main] INFO  c.iteaj.framework.spi.iot.ProtocolSupplierManager - <<<注册协议提供成功 MQTT_DEFAULT_IMPL - 版本: 1.0.0 - 实现: 系统内置 - 说明: 默认Mqtt协议
10:27:39 [main] INFO  com.iteaj.iboot.boot.IBootApplication - Starting IBootApplication v3.0.0 using Java 1.8.0_492 on DESKTOP-6NM70T0 with PID 7676 (D:\Proj\5.29\iboot-jetlinks\bootstrap\target\bootstrap.jar started by DESKTOP-6NM70T0$ in D:\Proj\5.29\iboot-jetlinks\bootstrap\target)
10:27:39 [main] INFO  com.iteaj.iboot.boot.IBootApplication - The following 5 profiles are active: "iot", "framework", "satoken", "knife4j", "prod"
10:27:55 [main] INFO  c.iteaj.framework.spi.iot.ProtocolSupplierManager - <<<注册协议提供成功 MODBUS_RTU - 版本: 1.0.0 - 实现: 系统内置 - 说明: Modbus Rtu协议提供
10:27:55 [main] INFO  c.iteaj.framework.spi.iot.ProtocolSupplierManager - <<<注册协议提供成功 MODBUS_TCP - 版本: 1.0.0 - 实现: 系统内置 - 说明: Modbus Tcp协议提供
10:27:55 [main] INFO  c.iteaj.framework.spi.iot.ProtocolSupplierManager - <<<注册协议提供成功 DTU:MODBUS_TCP - 版本: 1.0.0 - 实现: 系统内置 - 说明: 基于DTU网关的Modbus Tcp协议提供
10:27:55 [main] INFO  c.iteaj.framework.spi.iot.ProtocolSupplierManager - <<<注册协议提供成功 DTU:MODBUS_RTU - 版本: 1.0.0 - 实现: 系统内置 - 说明: 基于DTU网关的Modbus Rtu协议提供
10:27:55 [main] INFO  c.iteaj.framework.spi.iot.ProtocolSupplierManager - <<<注册协议提供成功 MQTT_DEFAULT_IMPL - 版本: 1.0.0 - 实现: 系统内置 - 说明: 默认Mqtt协议
10:28:01 [main] INFO  com.iteaj.iboot.boot.IBootApplication - Starting IBootApplication v3.0.0 using Java 1.8.0_492 on DESKTOP-6NM70T0 with PID 10336 (D:\Proj\5.29\iboot-jetlinks\bootstrap\target\bootstrap.jar started by DESKTOP-6NM70T0$ in D:\Proj\5.29\iboot-jetlinks\bootstrap\target)
10:28:01 [main] INFO  com.iteaj.iboot.boot.IBootApplication - The following 5 profiles are active: "iot", "framework", "satoken", "knife4j", "prod"
10:28:15 [main] INFO  c.iteaj.framework.spi.iot.ProtocolSupplierManager - <<<注册协议提供成功 MODBUS_RTU - 版本: 1.0.0 - 实现: 系统内置 - 说明: Modbus Rtu协议提供
10:28:15 [main] INFO  c.iteaj.framework.spi.iot.ProtocolSupplierManager - <<<注册协议提供成功 MODBUS_TCP - 版本: 1.0.0 - 实现: 系统内置 - 说明: Modbus Tcp协议提供
10:28:15 [main] INFO  c.iteaj.framework.spi.iot.ProtocolSupplierManager - <<<注册协议提供成功 DTU:MODBUS_TCP - 版本: 1.0.0 - 实现: 系统内置 - 说明: 基于DTU网关的Modbus Tcp协议提供
10:28:15 [main] INFO  c.iteaj.framework.spi.iot.ProtocolSupplierManager - <<<注册协议提供成功 DTU:MODBUS_RTU - 版本: 1.0.0 - 实现: 系统内置 - 说明: 基于DTU网关的Modbus Rtu协议提供
10:28:15 [main] INFO  c.iteaj.framework.spi.iot.ProtocolSupplierManager - <<<注册协议提供成功 MQTT_DEFAULT_IMPL - 版本: 1.0.0 - 实现: 系统内置 - 说明: 默认Mqtt协议
10:28:21 [main] INFO  com.iteaj.iboot.boot.IBootApplication - Starting IBootApplication v3.0.0 using Java 1.8.0_492 on DESKTOP-6NM70T0 with PID 14704 (D:\Proj\5.29\iboot-jetlinks\bootstrap\target\bootstrap.jar started by DESKTOP-6NM70T0$ in D:\Proj\5.29\iboot-jetlinks\bootstrap\target)
10:28:21 [main] INFO  com.iteaj.iboot.boot.IBootApplication - The following 5 profiles are active: "iot", "framework", "satoken", "knife4j", "prod"
10:28:36 [main] INFO  c.iteaj.framework.spi.iot.ProtocolSupplierManager - <<<注册协议提供成功 MODBUS_RTU - 版本: 1.0.0 - 实现: 系统内置 - 说明: Modbus Rtu协议提供
10:28:37 [main] INFO  c.iteaj.framework.spi.iot.ProtocolSupplierManager - <<<注册协议提供成功 MODBUS_TCP - 版本: 1.0.0 - 实现: 系统内置 - 说明: Modbus Tcp协议提供
10:28:37 [main] INFO  c.iteaj.framework.spi.iot.ProtocolSupplierManager - <<<注册协议提供成功 DTU:MODBUS_TCP - 版本: 1.0.0 - 实现: 系统内置 - 说明: 基于DTU网关的Modbus Tcp协议提供
10:28:37 [main] INFO  c.iteaj.framework.spi.iot.ProtocolSupplierManager - <<<注册协议提供成功 DTU:MODBUS_RTU - 版本: 1.0.0 - 实现: 系统内置 - 说明: 基于DTU网关的Modbus Rtu协议提供
10:28:37 [main] INFO  c.iteaj.framework.spi.iot.ProtocolSupplierManager - <<<注册协议提供成功 MQTT_DEFAULT_IMPL - 版本: 1.0.0 - 实现: 系统内置 - 说明: 默认Mqtt协议
10:28:43 [main] INFO  com.iteaj.iboot.boot.IBootApplication - Starting IBootApplication v3.0.0 using Java 1.8.0_492 on DESKTOP-6NM70T0 with PID 12468 (D:\Proj\5.29\iboot-jetlinks\bootstrap\target\bootstrap.jar started by DESKTOP-6NM70T0$ in D:\Proj\5.29\iboot-jetlinks\bootstrap\target)
10:28:43 [main] INFO  com.iteaj.iboot.boot.IBootApplication - The following 5 profiles are active: "iot", "framework", "satoken", "knife4j", "prod"
10:28:58 [main] INFO  c.iteaj.framework.spi.iot.ProtocolSupplierManager - <<<注册协议提供成功 MODBUS_RTU - 版本: 1.0.0 - 实现: 系统内置 - 说明: Modbus Rtu协议提供
10:28:58 [main] INFO  c.iteaj.framework.spi.iot.ProtocolSupplierManager - <<<注册协议提供成功 MODBUS_TCP - 版本: 1.0.0 - 实现: 系统内置 - 说明: Modbus Tcp协议提供
10:28:58 [main] INFO  c.iteaj.framework.spi.iot.ProtocolSupplierManager - <<<注册协议提供成功 DTU:MODBUS_TCP - 版本: 1.0.0 - 实现: 系统内置 - 说明: 基于DTU网关的Modbus Tcp协议提供
10:28:58 [main] INFO  c.iteaj.framework.spi.iot.ProtocolSupplierManager - <<<注册协议提供成功 DTU:MODBUS_RTU - 版本: 1.0.0 - 实现: 系统内置 - 说明: 基于DTU网关的Modbus Rtu协议提供
10:28:58 [main] INFO  c.iteaj.framework.spi.iot.ProtocolSupplierManager - <<<注册协议提供成功 MQTT_DEFAULT_IMPL - 版本: 1.0.0 - 实现: 系统内置 - 说明: 默认Mqtt协议
10:29:04 [main] INFO  com.iteaj.iboot.boot.IBootApplication - Starting IBootApplication v3.0.0 using Java 1.8.0_492 on DESKTOP-6NM70T0 with PID 7204 (D:\Proj\5.29\iboot-jetlinks\bootstrap\target\bootstrap.jar started by DESKTOP-6NM70T0$ in D:\Proj\5.29\iboot-jetlinks\bootstrap\target)
10:29:04 [main] INFO  com.iteaj.iboot.boot.IBootApplication - The following 5 profiles are active: "iot", "framework", "satoken", "knife4j", "prod"
10:29:22 [main] INFO  c.iteaj.framework.spi.iot.ProtocolSupplierManager - <<<注册协议提供成功 MODBUS_RTU - 版本: 1.0.0 - 实现: 系统内置 - 说明: Modbus Rtu协议提供
10:29:22 [main] INFO  c.iteaj.framework.spi.iot.ProtocolSupplierManager - <<<注册协议提供成功 MODBUS_TCP - 版本: 1.0.0 - 实现: 系统内置 - 说明: Modbus Tcp协议提供
10:29:22 [main] INFO  c.iteaj.framework.spi.iot.ProtocolSupplierManager - <<<注册协议提供成功 DTU:MODBUS_TCP - 版本: 1.0.0 - 实现: 系统内置 - 说明: 基于DTU网关的Modbus Tcp协议提供
10:29:22 [main] INFO  c.iteaj.framework.spi.iot.ProtocolSupplierManager - <<<注册协议提供成功 DTU:MODBUS_RTU - 版本: 1.0.0 - 实现: 系统内置 - 说明: 基于DTU网关的Modbus Rtu协议提供
10:29:22 [main] INFO  c.iteaj.framework.spi.iot.ProtocolSupplierManager - <<<注册协议提供成功 MQTT_DEFAULT_IMPL - 版本: 1.0.0 - 实现: 系统内置 - 说明: 默认Mqtt协议
10:29:29 [main] INFO  com.iteaj.iboot.boot.IBootApplication - Starting IBootApplication v3.0.0 using Java 1.8.0_492 on DESKTOP-6NM70T0 with PID 8280 (D:\Proj\5.29\iboot-jetlinks\bootstrap\target\bootstrap.jar started by DESKTOP-6NM70T0$ in D:\Proj\5.29\iboot-jetlinks\bootstrap\target)
10:29:29 [main] INFO  com.iteaj.iboot.boot.IBootApplication - The following 5 profiles are active: "iot", "framework", "satoken", "knife4j", "prod"
10:29:32 [http-nio-8085-exec-4] ERROR c.iteaj.framework.exception.IBootControllerAdvice - 业务执行失败
com.iteaj.framework.exception.ServiceException: 此产品[ENV_LED_BOARD]没有指定状态接口
	at com.iteaj.iboot.module.iot.controller.PanelsController.lambda$null$19(PanelsController.java:276)
	at com.iteaj.framework.result.OptionalResult.ifPresent(OptionalResult.java:40)
	at com.iteaj.iboot.module.iot.controller.PanelsController.lambda$switchCtrlStatus$20(PanelsController.java:274)
	at com.iteaj.framework.result.OptionalResult.ifPresent(OptionalResult.java:40)
	at com.iteaj.iboot.module.iot.controller.PanelsController.switchCtrlStatus(PanelsController.java:272)
	at sun.reflect.NativeMethodAccessorImpl.invoke0(Native Method)
	at sun.reflect.NativeMethodAccessorImpl.invoke(NativeMethodAccessorImpl.java:62)
	at sun.reflect.DelegatingMethodAccessorImpl.invoke(DelegatingMethodAccessorImpl.java:43)
	at java.lang.reflect.Method.invoke(Method.java:498)
	at org.springframework.web.method.support.InvocableHandlerMethod.doInvoke(InvocableHandlerMethod.java:205)
	at org.springframework.web.method.support.InvocableHandlerMethod.invokeForRequest(InvocableHandlerMethod.java:150)
	at org.springframework.web.servlet.mvc.method.annotation.ServletInvocableHandlerMethod.invokeAndHandle(ServletInvocableHandlerMethod.java:117)
	at org.springframework.web.servlet.mvc.method.annotation.RequestMappingHandlerAdapter.invokeHandlerMethod(RequestMappingHandlerAdapter.java:895)
	at org.springframework.web.servlet.mvc.method.annotation.RequestMappingHandlerAdapter.handleInternal(RequestMappingHandlerAdapter.java:808)
	at org.springframework.web.servlet.mvc.method.AbstractHandlerMethodAdapter.handle(AbstractHandlerMethodAdapter.java:87)
	at org.springframework.web.servlet.DispatcherServlet.doDispatch(DispatcherServlet.java:1070)
	at org.springframework.web.servlet.DispatcherServlet.doService(DispatcherServlet.java:963)
	at org.springframework.web.servlet.FrameworkServlet.processRequest(FrameworkServlet.java:1006)
	at org.springframework.web.servlet.FrameworkServlet.doPost(FrameworkServlet.java:909)
	at javax.servlet.http.HttpServlet.service(HttpServlet.java:681)
	at org.springframework.web.servlet.FrameworkServlet.service(FrameworkServlet.java:883)
	at javax.servlet.http.HttpServlet.service(HttpServlet.java:764)
	at org.apache.catalina.core.ApplicationFilterChain.internalDoFilter(ApplicationFilterChain.java:227)
	at org.apache.catalina.core.ApplicationFilterChain.doFilter(ApplicationFilterChain.java:162)
	at org.apache.tomcat.websocket.server.WsFilter.doFilter(WsFilter.java:53)
	at org.apache.catalina.core.ApplicationFilterChain.internalDoFilter(ApplicationFilterChain.java:189)
	at org.apache.catalina.core.ApplicationFilterChain.doFilter(ApplicationFilterChain.java:162)
	at com.github.xiaoymin.knife4j.aggre.core.filter.Knife4jRouteProxyFilter.doFilter(Knife4jRouteProxyFilter.java:84)
	at org.apache.catalina.core.ApplicationFilterChain.internalDoFilter(ApplicationFilterChain.java:189)
	at org.apache.catalina.core.ApplicationFilterChain.doFilter(ApplicationFilterChain.java:162)
	at cn.dev33.satoken.filter.SaServletFilter.doFilter(SaServletFilter.java:157)
	at com.iteaj.iboot.plugin.satoken.SaTokenAutoConfiguration$1.doFilter(SaTokenAutoConfiguration.java:96)
	at org.apache.catalina.core.ApplicationFilterChain.internalDoFilter(ApplicationFilterChain.java:189)
	at org.apache.catalina.core.ApplicationFilterChain.doFilter(ApplicationFilterChain.java:162)
	at org.springframework.web.filter.RequestContextFilter.doFilterInternal(RequestContextFilter.java:100)
	at org.springframework.web.filter.OncePerRequestFilter.doFilter(OncePerRequestFilter.java:117)
	at org.apache.catalina.core.ApplicationFilterChain.internalDoFilter(ApplicationFilterChain.java:189)
	at org.apache.catalina.core.ApplicationFilterChain.doFilter(ApplicationFilterChain.java:162)
	at org.springframework.web.filter.FormContentFilter.doFilterInternal(FormContentFilter.java:93)
	at org.springframework.web.filter.OncePerRequestFilter.doFilter(OncePerRequestFilter.java:117)
	at org.apache.catalina.core.ApplicationFilterChain.internalDoFilter(ApplicationFilterChain.java:189)
	at org.apache.catalina.core.ApplicationFilterChain.doFilter(ApplicationFilterChain.java:162)
	at org.springframework.web.filter.CharacterEncodingFilter.doFilterInternal(CharacterEncodingFilter.java:201)
	at org.springframework.web.filter.OncePerRequestFilter.doFilter(OncePerRequestFilter.java:117)
	at org.apache.catalina.core.ApplicationFilterChain.internalDoFilter(ApplicationFilterChain.java:189)
	at org.apache.catalina.core.ApplicationFilterChain.doFilter(ApplicationFilterChain.java:162)
	at org.apache.catalina.core.StandardWrapperValve.invoke(StandardWrapperValve.java:197)
	at org.apache.catalina.core.StandardContextValve.invoke(StandardContextValve.java:97)
	at org.apache.catalina.authenticator.AuthenticatorBase.invoke(AuthenticatorBase.java:541)
	at org.apache.catalina.core.StandardHostValve.invoke(StandardHostValve.java:135)
	at org.apache.catalina.valves.ErrorReportValve.invoke(ErrorReportValve.java:92)
	at org.apache.catalina.core.StandardEngineValve.invoke(StandardEngineValve.java:78)
	at org.apache.catalina.connector.CoyoteAdapter.service(CoyoteAdapter.java:360)
	at org.apache.coyote.http11.Http11Processor.service(Http11Processor.java:399)
	at org.apache.coyote.AbstractProcessorLight.process(AbstractProcessorLight.java:65)
	at org.apache.coyote.AbstractProtocol$ConnectionHandler.process(AbstractProtocol.java:890)
	at org.apache.tomcat.util.net.NioEndpoint$SocketProcessor.doRun(NioEndpoint.java:1789)
	at org.apache.tomcat.util.net.SocketProcessorBase.run(SocketProcessorBase.java:49)
	at org.apache.tomcat.util.threads.ThreadPoolExecutor.runWorker(ThreadPoolExecutor.java:1191)
	at org.apache.tomcat.util.threads.ThreadPoolExecutor$Worker.run(ThreadPoolExecutor.java:659)
	at org.apache.tomcat.util.threads.TaskThread$WrappingRunnable.run(TaskThread.java:61)
	at java.lang.Thread.run(Thread.java:750)
10:29:35 [http-nio-8085-exec-7] ERROR c.iteaj.framework.exception.IBootControllerAdvice - 业务执行失败
com.iteaj.framework.exception.ServiceException: 此产品[ENV_LED_BOARD]没有指定状态接口
	at com.iteaj.iboot.module.iot.controller.PanelsController.lambda$null$19(PanelsController.java:276)
	at com.iteaj.framework.result.OptionalResult.ifPresent(OptionalResult.java:40)
	at com.iteaj.iboot.module.iot.controller.PanelsController.lambda$switchCtrlStatus$20(PanelsController.java:274)
	at com.iteaj.framework.result.OptionalResult.ifPresent(OptionalResult.java:40)
	at com.iteaj.iboot.module.iot.controller.PanelsController.switchCtrlStatus(PanelsController.java:272)
	at sun.reflect.NativeMethodAccessorImpl.invoke0(Native Method)
	at sun.reflect.NativeMethodAccessorImpl.invoke(NativeMethodAccessorImpl.java:62)
	at sun.reflect.DelegatingMethodAccessorImpl.invoke(DelegatingMethodAccessorImpl.java:43)
	at java.lang.reflect.Method.invoke(Method.java:498)
	at org.springframework.web.method.support.InvocableHandlerMethod.doInvoke(InvocableHandlerMethod.java:205)
	at org.springframework.web.method.support.InvocableHandlerMethod.invokeForRequest(InvocableHandlerMethod.java:150)
	at org.springframework.web.servlet.mvc.method.annotation.ServletInvocableHandlerMethod.invokeAndHandle(ServletInvocableHandlerMethod.java:117)
	at org.springframework.web.servlet.mvc.method.annotation.RequestMappingHandlerAdapter.invokeHandlerMethod(RequestMappingHandlerAdapter.java:895)
	at org.springframework.web.servlet.mvc.method.annotation.RequestMappingHandlerAdapter.handleInternal(RequestMappingHandlerAdapter.java:808)
	at org.springframework.web.servlet.mvc.method.AbstractHandlerMethodAdapter.handle(AbstractHandlerMethodAdapter.java:87)
	at org.springframework.web.servlet.DispatcherServlet.doDispatch(DispatcherServlet.java:1070)
	at org.springframework.web.servlet.DispatcherServlet.doService(DispatcherServlet.java:963)
	at org.springframework.web.servlet.FrameworkServlet.processRequest(FrameworkServlet.java:1006)
	at org.springframework.web.servlet.FrameworkServlet.doPost(FrameworkServlet.java:909)
	at javax.servlet.http.HttpServlet.service(HttpServlet.java:681)
	at org.springframework.web.servlet.FrameworkServlet.service(FrameworkServlet.java:883)
	at javax.servlet.http.HttpServlet.service(HttpServlet.java:764)
	at org.apache.catalina.core.ApplicationFilterChain.internalDoFilter(ApplicationFilterChain.java:227)
	at org.apache.catalina.core.ApplicationFilterChain.doFilter(ApplicationFilterChain.java:162)
	at org.apache.tomcat.websocket.server.WsFilter.doFilter(WsFilter.java:53)
	at org.apache.catalina.core.ApplicationFilterChain.internalDoFilter(ApplicationFilterChain.java:189)
	at org.apache.catalina.core.ApplicationFilterChain.doFilter(ApplicationFilterChain.java:162)
	at com.github.xiaoymin.knife4j.aggre.core.filter.Knife4jRouteProxyFilter.doFilter(Knife4jRouteProxyFilter.java:84)
	at org.apache.catalina.core.ApplicationFilterChain.internalDoFilter(ApplicationFilterChain.java:189)
	at org.apache.catalina.core.ApplicationFilterChain.doFilter(ApplicationFilterChain.java:162)
	at cn.dev33.satoken.filter.SaServletFilter.doFilter(SaServletFilter.java:157)
	at com.iteaj.iboot.plugin.satoken.SaTokenAutoConfiguration$1.doFilter(SaTokenAutoConfiguration.java:96)
	at org.apache.catalina.core.ApplicationFilterChain.internalDoFilter(ApplicationFilterChain.java:189)
	at org.apache.catalina.core.ApplicationFilterChain.doFilter(ApplicationFilterChain.java:162)
	at org.springframework.web.filter.RequestContextFilter.doFilterInternal(RequestContextFilter.java:100)
	at org.springframework.web.filter.OncePerRequestFilter.doFilter(OncePerRequestFilter.java:117)
	at org.apache.catalina.core.ApplicationFilterChain.internalDoFilter(ApplicationFilterChain.java:189)
	at org.apache.catalina.core.ApplicationFilterChain.doFilter(ApplicationFilterChain.java:162)
	at org.springframework.web.filter.FormContentFilter.doFilterInternal(FormContentFilter.java:93)
	at org.springframework.web.filter.OncePerRequestFilter.doFilter(OncePerRequestFilter.java:117)
	at org.apache.catalina.core.ApplicationFilterChain.internalDoFilter(ApplicationFilterChain.java:189)
	at org.apache.catalina.core.ApplicationFilterChain.doFilter(ApplicationFilterChain.java:162)
	at org.springframework.web.filter.CharacterEncodingFilter.doFilterInternal(CharacterEncodingFilter.java:201)
	at org.springframework.web.filter.OncePerRequestFilter.doFilter(OncePerRequestFilter.java:117)
	at org.apache.catalina.core.ApplicationFilterChain.internalDoFilter(ApplicationFilterChain.java:189)
	at org.apache.catalina.core.ApplicationFilterChain.doFilter(ApplicationFilterChain.java:162)
	at org.apache.catalina.core.StandardWrapperValve.invoke(StandardWrapperValve.java:197)
	at org.apache.catalina.core.StandardContextValve.invoke(StandardContextValve.java:97)
	at org.apache.catalina.authenticator.AuthenticatorBase.invoke(AuthenticatorBase.java:541)
	at org.apache.catalina.core.StandardHostValve.invoke(StandardHostValve.java:135)
	at org.apache.catalina.valves.ErrorReportValve.invoke(ErrorReportValve.java:92)
	at org.apache.catalina.core.StandardEngineValve.invoke(StandardEngineValve.java:78)
	at org.apache.catalina.connector.CoyoteAdapter.service(CoyoteAdapter.java:360)
	at org.apache.coyote.http11.Http11Processor.service(Http11Processor.java:399)
	at org.apache.coyote.AbstractProcessorLight.process(AbstractProcessorLight.java:65)
	at org.apache.coyote.AbstractProtocol$ConnectionHandler.process(AbstractProtocol.java:890)
	at org.apache.tomcat.util.net.NioEndpoint$SocketProcessor.doRun(NioEndpoint.java:1789)
	at org.apache.tomcat.util.net.SocketProcessorBase.run(SocketProcessorBase.java:49)
	at org.apache.tomcat.util.threads.ThreadPoolExecutor.runWorker(ThreadPoolExecutor.java:1191)
	at org.apache.tomcat.util.threads.ThreadPoolExecutor$Worker.run(ThreadPoolExecutor.java:659)
	at org.apache.tomcat.util.threads.TaskThread$WrappingRunnable.run(TaskThread.java:61)
	at java.lang.Thread.run(Thread.java:750)
10:29:47 [main] INFO  c.iteaj.framework.spi.iot.ProtocolSupplierManager - <<<注册协议提供成功 MODBUS_RTU - 版本: 1.0.0 - 实现: 系统内置 - 说明: Modbus Rtu协议提供
10:29:47 [main] INFO  c.iteaj.framework.spi.iot.ProtocolSupplierManager - <<<注册协议提供成功 MODBUS_TCP - 版本: 1.0.0 - 实现: 系统内置 - 说明: Modbus Tcp协议提供
10:29:47 [main] INFO  c.iteaj.framework.spi.iot.ProtocolSupplierManager - <<<注册协议提供成功 DTU:MODBUS_TCP - 版本: 1.0.0 - 实现: 系统内置 - 说明: 基于DTU网关的Modbus Tcp协议提供
10:29:47 [main] INFO  c.iteaj.framework.spi.iot.ProtocolSupplierManager - <<<注册协议提供成功 DTU:MODBUS_RTU - 版本: 1.0.0 - 实现: 系统内置 - 说明: 基于DTU网关的Modbus Rtu协议提供
10:29:47 [main] INFO  c.iteaj.framework.spi.iot.ProtocolSupplierManager - <<<注册协议提供成功 MQTT_DEFAULT_IMPL - 版本: 1.0.0 - 实现: 系统内置 - 说明: 默认Mqtt协议
10:29:54 [main] INFO  com.iteaj.iboot.boot.IBootApplication - Starting IBootApplication v3.0.0 using Java 1.8.0_492 on DESKTOP-6NM70T0 with PID 12204 (D:\Proj\5.29\iboot-jetlinks\bootstrap\target\bootstrap.jar started by DESKTOP-6NM70T0$ in D:\Proj\5.29\iboot-jetlinks\bootstrap\target)
10:29:54 [main] INFO  com.iteaj.iboot.boot.IBootApplication - The following 5 profiles are active: "iot", "framework", "satoken", "knife4j", "prod"
10:29:56 [http-nio-8085-exec-5] ERROR c.iteaj.framework.exception.IBootControllerAdvice - 业务执行失败
com.iteaj.framework.exception.ServiceException: 此产品[ENV_LED_BOARD]没有指定状态接口
	at com.iteaj.iboot.module.iot.controller.PanelsController.lambda$null$19(PanelsController.java:276)
	at com.iteaj.framework.result.OptionalResult.ifPresent(OptionalResult.java:40)
	at com.iteaj.iboot.module.iot.controller.PanelsController.lambda$switchCtrlStatus$20(PanelsController.java:274)
	at com.iteaj.framework.result.OptionalResult.ifPresent(OptionalResult.java:40)
	at com.iteaj.iboot.module.iot.controller.PanelsController.switchCtrlStatus(PanelsController.java:272)
	at sun.reflect.NativeMethodAccessorImpl.invoke0(Native Method)
	at sun.reflect.NativeMethodAccessorImpl.invoke(NativeMethodAccessorImpl.java:62)
	at sun.reflect.DelegatingMethodAccessorImpl.invoke(DelegatingMethodAccessorImpl.java:43)
	at java.lang.reflect.Method.invoke(Method.java:498)
	at org.springframework.web.method.support.InvocableHandlerMethod.doInvoke(InvocableHandlerMethod.java:205)
	at org.springframework.web.method.support.InvocableHandlerMethod.invokeForRequest(InvocableHandlerMethod.java:150)
	at org.springframework.web.servlet.mvc.method.annotation.ServletInvocableHandlerMethod.invokeAndHandle(ServletInvocableHandlerMethod.java:117)
	at org.springframework.web.servlet.mvc.method.annotation.RequestMappingHandlerAdapter.invokeHandlerMethod(RequestMappingHandlerAdapter.java:895)
	at org.springframework.web.servlet.mvc.method.annotation.RequestMappingHandlerAdapter.handleInternal(RequestMappingHandlerAdapter.java:808)
	at org.springframework.web.servlet.mvc.method.AbstractHandlerMethodAdapter.handle(AbstractHandlerMethodAdapter.java:87)
	at org.springframework.web.servlet.DispatcherServlet.doDispatch(DispatcherServlet.java:1070)
	at org.springframework.web.servlet.DispatcherServlet.doService(DispatcherServlet.java:963)
	at org.springframework.web.servlet.FrameworkServlet.processRequest(FrameworkServlet.java:1006)
	at org.springframework.web.servlet.FrameworkServlet.doPost(FrameworkServlet.java:909)
	at javax.servlet.http.HttpServlet.service(HttpServlet.java:681)
	at org.springframework.web.servlet.FrameworkServlet.service(FrameworkServlet.java:883)
	at javax.servlet.http.HttpServlet.service(HttpServlet.java:764)
	at org.apache.catalina.core.ApplicationFilterChain.internalDoFilter(ApplicationFilterChain.java:227)
	at org.apache.catalina.core.ApplicationFilterChain.doFilter(ApplicationFilterChain.java:162)
	at org.apache.tomcat.websocket.server.WsFilter.doFilter(WsFilter.java:53)
	at org.apache.catalina.core.ApplicationFilterChain.internalDoFilter(ApplicationFilterChain.java:189)
	at org.apache.catalina.core.ApplicationFilterChain.doFilter(ApplicationFilterChain.java:162)
	at com.github.xiaoymin.knife4j.aggre.core.filter.Knife4jRouteProxyFilter.doFilter(Knife4jRouteProxyFilter.java:84)
	at org.apache.catalina.core.ApplicationFilterChain.internalDoFilter(ApplicationFilterChain.java:189)
	at org.apache.catalina.core.ApplicationFilterChain.doFilter(ApplicationFilterChain.java:162)
	at cn.dev33.satoken.filter.SaServletFilter.doFilter(SaServletFilter.java:157)
	at com.iteaj.iboot.plugin.satoken.SaTokenAutoConfiguration$1.doFilter(SaTokenAutoConfiguration.java:96)
	at org.apache.catalina.core.ApplicationFilterChain.internalDoFilter(ApplicationFilterChain.java:189)
	at org.apache.catalina.core.ApplicationFilterChain.doFilter(ApplicationFilterChain.java:162)
	at org.springframework.web.filter.RequestContextFilter.doFilterInternal(RequestContextFilter.java:100)
	at org.springframework.web.filter.OncePerRequestFilter.doFilter(OncePerRequestFilter.java:117)
	at org.apache.catalina.core.ApplicationFilterChain.internalDoFilter(ApplicationFilterChain.java:189)
	at org.apache.catalina.core.ApplicationFilterChain.doFilter(ApplicationFilterChain.java:162)
	at org.springframework.web.filter.FormContentFilter.doFilterInternal(FormContentFilter.java:93)
	at org.springframework.web.filter.OncePerRequestFilter.doFilter(OncePerRequestFilter.java:117)
	at org.apache.catalina.core.ApplicationFilterChain.internalDoFilter(ApplicationFilterChain.java:189)
	at org.apache.catalina.core.ApplicationFilterChain.doFilter(ApplicationFilterChain.java:162)
	at org.springframework.web.filter.CharacterEncodingFilter.doFilterInternal(CharacterEncodingFilter.java:201)
	at org.springframework.web.filter.OncePerRequestFilter.doFilter(OncePerRequestFilter.java:117)
	at org.apache.catalina.core.ApplicationFilterChain.internalDoFilter(ApplicationFilterChain.java:189)
	at org.apache.catalina.core.ApplicationFilterChain.doFilter(ApplicationFilterChain.java:162)
	at org.apache.catalina.core.StandardWrapperValve.invoke(StandardWrapperValve.java:197)
	at org.apache.catalina.core.StandardContextValve.invoke(StandardContextValve.java:97)
	at org.apache.catalina.authenticator.AuthenticatorBase.invoke(AuthenticatorBase.java:541)
	at org.apache.catalina.core.StandardHostValve.invoke(StandardHostValve.java:135)
	at org.apache.catalina.valves.ErrorReportValve.invoke(ErrorReportValve.java:92)
	at org.apache.catalina.core.StandardEngineValve.invoke(StandardEngineValve.java:78)
	at org.apache.catalina.connector.CoyoteAdapter.service(CoyoteAdapter.java:360)
	at org.apache.coyote.http11.Http11Processor.service(Http11Processor.java:399)
	at org.apache.coyote.AbstractProcessorLight.process(AbstractProcessorLight.java:65)
	at org.apache.coyote.AbstractProtocol$ConnectionHandler.process(AbstractProtocol.java:890)
	at org.apache.tomcat.util.net.NioEndpoint$SocketProcessor.doRun(NioEndpoint.java:1789)
	at org.apache.tomcat.util.net.SocketProcessorBase.run(SocketProcessorBase.java:49)
	at org.apache.tomcat.util.threads.ThreadPoolExecutor.runWorker(ThreadPoolExecutor.java:1191)
	at org.apache.tomcat.util.threads.ThreadPoolExecutor$Worker.run(ThreadPoolExecutor.java:659)
	at org.apache.tomcat.util.threads.TaskThread$WrappingRunnable.run(TaskThread.java:61)
	at java.lang.Thread.run(Thread.java:750)
10:29:57 [http-nio-8085-exec-9] ERROR c.iteaj.framework.exception.IBootControllerAdvice - 业务执行失败
com.iteaj.framework.exception.ServiceException: 此产品[ENV_LED_BOARD]没有指定状态接口
	at com.iteaj.iboot.module.iot.controller.PanelsController.lambda$null$19(PanelsController.java:276)
	at com.iteaj.framework.result.OptionalResult.ifPresent(OptionalResult.java:40)
	at com.iteaj.iboot.module.iot.controller.PanelsController.lambda$switchCtrlStatus$20(PanelsController.java:274)
	at com.iteaj.framework.result.OptionalResult.ifPresent(OptionalResult.java:40)
	at com.iteaj.iboot.module.iot.controller.PanelsController.switchCtrlStatus(PanelsController.java:272)
	at sun.reflect.NativeMethodAccessorImpl.invoke0(Native Method)
	at sun.reflect.NativeMethodAccessorImpl.invoke(NativeMethodAccessorImpl.java:62)
	at sun.reflect.DelegatingMethodAccessorImpl.invoke(DelegatingMethodAccessorImpl.java:43)
	at java.lang.reflect.Method.invoke(Method.java:498)
	at org.springframework.web.method.support.InvocableHandlerMethod.doInvoke(InvocableHandlerMethod.java:205)
	at org.springframework.web.method.support.InvocableHandlerMethod.invokeForRequest(InvocableHandlerMethod.java:150)
	at org.springframework.web.servlet.mvc.method.annotation.ServletInvocableHandlerMethod.invokeAndHandle(ServletInvocableHandlerMethod.java:117)
	at org.springframework.web.servlet.mvc.method.annotation.RequestMappingHandlerAdapter.invokeHandlerMethod(RequestMappingHandlerAdapter.java:895)
	at org.springframework.web.servlet.mvc.method.annotation.RequestMappingHandlerAdapter.handleInternal(RequestMappingHandlerAdapter.java:808)
	at org.springframework.web.servlet.mvc.method.AbstractHandlerMethodAdapter.handle(AbstractHandlerMethodAdapter.java:87)
	at org.springframework.web.servlet.DispatcherServlet.doDispatch(DispatcherServlet.java:1070)
	at org.springframework.web.servlet.DispatcherServlet.doService(DispatcherServlet.java:963)
	at org.springframework.web.servlet.FrameworkServlet.processRequest(FrameworkServlet.java:1006)
	at org.springframework.web.servlet.FrameworkServlet.doPost(FrameworkServlet.java:909)
	at javax.servlet.http.HttpServlet.service(HttpServlet.java:681)
	at org.springframework.web.servlet.FrameworkServlet.service(FrameworkServlet.java:883)
	at javax.servlet.http.HttpServlet.service(HttpServlet.java:764)
	at org.apache.catalina.core.ApplicationFilterChain.internalDoFilter(ApplicationFilterChain.java:227)
	at org.apache.catalina.core.ApplicationFilterChain.doFilter(ApplicationFilterChain.java:162)
	at org.apache.tomcat.websocket.server.WsFilter.doFilter(WsFilter.java:53)
	at org.apache.catalina.core.ApplicationFilterChain.internalDoFilter(ApplicationFilterChain.java:189)
	at org.apache.catalina.core.ApplicationFilterChain.doFilter(ApplicationFilterChain.java:162)
	at com.github.xiaoymin.knife4j.aggre.core.filter.Knife4jRouteProxyFilter.doFilter(Knife4jRouteProxyFilter.java:84)
	at org.apache.catalina.core.ApplicationFilterChain.internalDoFilter(ApplicationFilterChain.java:189)
	at org.apache.catalina.core.ApplicationFilterChain.doFilter(ApplicationFilterChain.java:162)
	at cn.dev33.satoken.filter.SaServletFilter.doFilter(SaServletFilter.java:157)
	at com.iteaj.iboot.plugin.satoken.SaTokenAutoConfiguration$1.doFilter(SaTokenAutoConfiguration.java:96)
	at org.apache.catalina.core.ApplicationFilterChain.internalDoFilter(ApplicationFilterChain.java:189)
	at org.apache.catalina.core.ApplicationFilterChain.doFilter(ApplicationFilterChain.java:162)
	at org.springframework.web.filter.RequestContextFilter.doFilterInternal(RequestContextFilter.java:100)
	at org.springframework.web.filter.OncePerRequestFilter.doFilter(OncePerRequestFilter.java:117)
	at org.apache.catalina.core.ApplicationFilterChain.internalDoFilter(ApplicationFilterChain.java:189)
	at org.apache.catalina.core.ApplicationFilterChain.doFilter(ApplicationFilterChain.java:162)
	at org.springframework.web.filter.FormContentFilter.doFilterInternal(FormContentFilter.java:93)
	at org.springframework.web.filter.OncePerRequestFilter.doFilter(OncePerRequestFilter.java:117)
	at org.apache.catalina.core.ApplicationFilterChain.internalDoFilter(ApplicationFilterChain.java:189)
	at org.apache.catalina.core.ApplicationFilterChain.doFilter(ApplicationFilterChain.java:162)
	at org.springframework.web.filter.CharacterEncodingFilter.doFilterInternal(CharacterEncodingFilter.java:201)
	at org.springframework.web.filter.OncePerRequestFilter.doFilter(OncePerRequestFilter.java:117)
	at org.apache.catalina.core.ApplicationFilterChain.internalDoFilter(ApplicationFilterChain.java:189)
	at org.apache.catalina.core.ApplicationFilterChain.doFilter(ApplicationFilterChain.java:162)
	at org.apache.catalina.core.StandardWrapperValve.invoke(StandardWrapperValve.java:197)
	at org.apache.catalina.core.StandardContextValve.invoke(StandardContextValve.java:97)
	at org.apache.catalina.authenticator.AuthenticatorBase.invoke(AuthenticatorBase.java:541)
	at org.apache.catalina.core.StandardHostValve.invoke(StandardHostValve.java:135)
	at org.apache.catalina.valves.ErrorReportValve.invoke(ErrorReportValve.java:92)
	at org.apache.catalina.core.StandardEngineValve.invoke(StandardEngineValve.java:78)
	at org.apache.catalina.connector.CoyoteAdapter.service(CoyoteAdapter.java:360)
	at org.apache.coyote.http11.Http11Processor.service(Http11Processor.java:399)
	at org.apache.coyote.AbstractProcessorLight.process(AbstractProcessorLight.java:65)
	at org.apache.coyote.AbstractProtocol$ConnectionHandler.process(AbstractProtocol.java:890)
	at org.apache.tomcat.util.net.NioEndpoint$SocketProcessor.doRun(NioEndpoint.java:1789)
	at org.apache.tomcat.util.net.SocketProcessorBase.run(SocketProcessorBase.java:49)
	at org.apache.tomcat.util.threads.ThreadPoolExecutor.runWorker(ThreadPoolExecutor.java:1191)
	at org.apache.tomcat.util.threads.ThreadPoolExecutor$Worker.run(ThreadPoolExecutor.java:659)
	at org.apache.tomcat.util.threads.TaskThread$WrappingRunnable.run(TaskThread.java:61)
	at java.lang.Thread.run(Thread.java:750)
10:29:57 [http-nio-8085-exec-3] ERROR c.iteaj.framework.exception.IBootControllerAdvice - 业务执行失败
com.iteaj.framework.exception.ServiceException: 此产品[ENV_LED_BOARD]没有指定状态接口
	at com.iteaj.iboot.module.iot.controller.PanelsController.lambda$null$19(PanelsController.java:276)
	at com.iteaj.framework.result.OptionalResult.ifPresent(OptionalResult.java:40)
	at com.iteaj.iboot.module.iot.controller.PanelsController.lambda$switchCtrlStatus$20(PanelsController.java:274)
	at com.iteaj.framework.result.OptionalResult.ifPresent(OptionalResult.java:40)
	at com.iteaj.iboot.module.iot.controller.PanelsController.switchCtrlStatus(PanelsController.java:272)
	at sun.reflect.NativeMethodAccessorImpl.invoke0(Native Method)
	at sun.reflect.NativeMethodAccessorImpl.invoke(NativeMethodAccessorImpl.java:62)
	at sun.reflect.DelegatingMethodAccessorImpl.invoke(DelegatingMethodAccessorImpl.java:43)
	at java.lang.reflect.Method.invoke(Method.java:498)
	at org.springframework.web.method.support.InvocableHandlerMethod.doInvoke(InvocableHandlerMethod.java:205)
	at org.springframework.web.method.support.InvocableHandlerMethod.invokeForRequest(InvocableHandlerMethod.java:150)
	at org.springframework.web.servlet.mvc.method.annotation.ServletInvocableHandlerMethod.invokeAndHandle(ServletInvocableHandlerMethod.java:117)
	at org.springframework.web.servlet.mvc.method.annotation.RequestMappingHandlerAdapter.invokeHandlerMethod(RequestMappingHandlerAdapter.java:895)
	at org.springframework.web.servlet.mvc.method.annotation.RequestMappingHandlerAdapter.handleInternal(RequestMappingHandlerAdapter.java:808)
	at org.springframework.web.servlet.mvc.method.AbstractHandlerMethodAdapter.handle(AbstractHandlerMethodAdapter.java:87)
	at org.springframework.web.servlet.DispatcherServlet.doDispatch(DispatcherServlet.java:1070)
	at org.springframework.web.servlet.DispatcherServlet.doService(DispatcherServlet.java:963)
	at org.springframework.web.servlet.FrameworkServlet.processRequest(FrameworkServlet.java:1006)
	at org.springframework.web.servlet.FrameworkServlet.doPost(FrameworkServlet.java:909)
	at javax.servlet.http.HttpServlet.service(HttpServlet.java:681)
	at org.springframework.web.servlet.FrameworkServlet.service(FrameworkServlet.java:883)
	at javax.servlet.http.HttpServlet.service(HttpServlet.java:764)
	at org.apache.catalina.core.ApplicationFilterChain.internalDoFilter(ApplicationFilterChain.java:227)
	at org.apache.catalina.core.ApplicationFilterChain.doFilter(ApplicationFilterChain.java:162)
	at org.apache.tomcat.websocket.server.WsFilter.doFilter(WsFilter.java:53)
	at org.apache.catalina.core.ApplicationFilterChain.internalDoFilter(ApplicationFilterChain.java:189)
	at org.apache.catalina.core.ApplicationFilterChain.doFilter(ApplicationFilterChain.java:162)
	at com.github.xiaoymin.knife4j.aggre.core.filter.Knife4jRouteProxyFilter.doFilter(Knife4jRouteProxyFilter.java:84)
	at org.apache.catalina.core.ApplicationFilterChain.internalDoFilter(ApplicationFilterChain.java:189)
	at org.apache.catalina.core.ApplicationFilterChain.doFilter(ApplicationFilterChain.java:162)
	at cn.dev33.satoken.filter.SaServletFilter.doFilter(SaServletFilter.java:157)
	at com.iteaj.iboot.plugin.satoken.SaTokenAutoConfiguration$1.doFilter(SaTokenAutoConfiguration.java:96)
	at org.apache.catalina.core.ApplicationFilterChain.internalDoFilter(ApplicationFilterChain.java:189)
	at org.apache.catalina.core.ApplicationFilterChain.doFilter(ApplicationFilterChain.java:162)
	at org.springframework.web.filter.RequestContextFilter.doFilterInternal(RequestContextFilter.java:100)
	at org.springframework.web.filter.OncePerRequestFilter.doFilter(OncePerRequestFilter.java:117)
	at org.apache.catalina.core.ApplicationFilterChain.internalDoFilter(ApplicationFilterChain.java:189)
	at org.apache.catalina.core.ApplicationFilterChain.doFilter(ApplicationFilterChain.java:162)
	at org.springframework.web.filter.FormContentFilter.doFilterInternal(FormContentFilter.java:93)
	at org.springframework.web.filter.OncePerRequestFilter.doFilter(OncePerRequestFilter.java:117)
	at org.apache.catalina.core.ApplicationFilterChain.internalDoFilter(ApplicationFilterChain.java:189)
	at org.apache.catalina.core.ApplicationFilterChain.doFilter(ApplicationFilterChain.java:162)
	at org.springframework.web.filter.CharacterEncodingFilter.doFilterInternal(CharacterEncodingFilter.java:201)
	at org.springframework.web.filter.OncePerRequestFilter.doFilter(OncePerRequestFilter.java:117)
	at org.apache.catalina.core.ApplicationFilterChain.internalDoFilter(ApplicationFilterChain.java:189)
	at org.apache.catalina.core.ApplicationFilterChain.doFilter(ApplicationFilterChain.java:162)
	at org.apache.catalina.core.StandardWrapperValve.invoke(StandardWrapperValve.java:197)
	at org.apache.catalina.core.StandardContextValve.invoke(StandardContextValve.java:97)
	at org.apache.catalina.authenticator.AuthenticatorBase.invoke(AuthenticatorBase.java:541)
	at org.apache.catalina.core.StandardHostValve.invoke(StandardHostValve.java:135)
	at org.apache.catalina.valves.ErrorReportValve.invoke(ErrorReportValve.java:92)
	at org.apache.catalina.core.StandardEngineValve.invoke(StandardEngineValve.java:78)
	at org.apache.catalina.connector.CoyoteAdapter.service(CoyoteAdapter.java:360)
	at org.apache.coyote.http11.Http11Processor.service(Http11Processor.java:399)
	at org.apache.coyote.AbstractProcessorLight.process(AbstractProcessorLight.java:65)
	at org.apache.coyote.AbstractProtocol$ConnectionHandler.process(AbstractProtocol.java:890)
	at org.apache.tomcat.util.net.NioEndpoint$SocketProcessor.doRun(NioEndpoint.java:1789)
	at org.apache.tomcat.util.net.SocketProcessorBase.run(SocketProcessorBase.java:49)
	at org.apache.tomcat.util.threads.ThreadPoolExecutor.runWorker(ThreadPoolExecutor.java:1191)
	at org.apache.tomcat.util.threads.ThreadPoolExecutor$Worker.run(ThreadPoolExecutor.java:659)
	at org.apache.tomcat.util.threads.TaskThread$WrappingRunnable.run(TaskThread.java:61)
	at java.lang.Thread.run(Thread.java:750)
10:29:58 [http-nio-8085-exec-6] ERROR c.iteaj.framework.exception.IBootControllerAdvice - 业务执行失败
com.iteaj.framework.exception.ServiceException: 此产品[ENV_LED_BOARD]没有指定状态接口
	at com.iteaj.iboot.module.iot.controller.PanelsController.lambda$null$19(PanelsController.java:276)
	at com.iteaj.framework.result.OptionalResult.ifPresent(OptionalResult.java:40)
	at com.iteaj.iboot.module.iot.controller.PanelsController.lambda$switchCtrlStatus$20(PanelsController.java:274)
	at com.iteaj.framework.result.OptionalResult.ifPresent(OptionalResult.java:40)
	at com.iteaj.iboot.module.iot.controller.PanelsController.switchCtrlStatus(PanelsController.java:272)
	at sun.reflect.NativeMethodAccessorImpl.invoke0(Native Method)
	at sun.reflect.NativeMethodAccessorImpl.invoke(NativeMethodAccessorImpl.java:62)
	at sun.reflect.DelegatingMethodAccessorImpl.invoke(DelegatingMethodAccessorImpl.java:43)
	at java.lang.reflect.Method.invoke(Method.java:498)
	at org.springframework.web.method.support.InvocableHandlerMethod.doInvoke(InvocableHandlerMethod.java:205)
	at org.springframework.web.method.support.InvocableHandlerMethod.invokeForRequest(InvocableHandlerMethod.java:150)
	at org.springframework.web.servlet.mvc.method.annotation.ServletInvocableHandlerMethod.invokeAndHandle(ServletInvocableHandlerMethod.java:117)
	at org.springframework.web.servlet.mvc.method.annotation.RequestMappingHandlerAdapter.invokeHandlerMethod(RequestMappingHandlerAdapter.java:895)
	at org.springframework.web.servlet.mvc.method.annotation.RequestMappingHandlerAdapter.handleInternal(RequestMappingHandlerAdapter.java:808)
	at org.springframework.web.servlet.mvc.method.AbstractHandlerMethodAdapter.handle(AbstractHandlerMethodAdapter.java:87)
	at org.springframework.web.servlet.DispatcherServlet.doDispatch(DispatcherServlet.java:1070)
	at org.springframework.web.servlet.DispatcherServlet.doService(DispatcherServlet.java:963)
	at org.springframework.web.servlet.FrameworkServlet.processRequest(FrameworkServlet.java:1006)
	at org.springframework.web.servlet.FrameworkServlet.doPost(FrameworkServlet.java:909)
	at javax.servlet.http.HttpServlet.service(HttpServlet.java:681)
	at org.springframework.web.servlet.FrameworkServlet.service(FrameworkServlet.java:883)
	at javax.servlet.http.HttpServlet.service(HttpServlet.java:764)
	at org.apache.catalina.core.ApplicationFilterChain.internalDoFilter(ApplicationFilterChain.java:227)
	at org.apache.catalina.core.ApplicationFilterChain.doFilter(ApplicationFilterChain.java:162)
	at org.apache.tomcat.websocket.server.WsFilter.doFilter(WsFilter.java:53)
	at org.apache.catalina.core.ApplicationFilterChain.internalDoFilter(ApplicationFilterChain.java:189)
	at org.apache.catalina.core.ApplicationFilterChain.doFilter(ApplicationFilterChain.java:162)
	at com.github.xiaoymin.knife4j.aggre.core.filter.Knife4jRouteProxyFilter.doFilter(Knife4jRouteProxyFilter.java:84)
	at org.apache.catalina.core.ApplicationFilterChain.internalDoFilter(ApplicationFilterChain.java:189)
	at org.apache.catalina.core.ApplicationFilterChain.doFilter(ApplicationFilterChain.java:162)
	at cn.dev33.satoken.filter.SaServletFilter.doFilter(SaServletFilter.java:157)
	at com.iteaj.iboot.plugin.satoken.SaTokenAutoConfiguration$1.doFilter(SaTokenAutoConfiguration.java:96)
	at org.apache.catalina.core.ApplicationFilterChain.internalDoFilter(ApplicationFilterChain.java:189)
	at org.apache.catalina.core.ApplicationFilterChain.doFilter(ApplicationFilterChain.java:162)
	at org.springframework.web.filter.RequestContextFilter.doFilterInternal(RequestContextFilter.java:100)
	at org.springframework.web.filter.OncePerRequestFilter.doFilter(OncePerRequestFilter.java:117)
	at org.apache.catalina.core.ApplicationFilterChain.internalDoFilter(ApplicationFilterChain.java:189)
	at org.apache.catalina.core.ApplicationFilterChain.doFilter(ApplicationFilterChain.java:162)
	at org.springframework.web.filter.FormContentFilter.doFilterInternal(FormContentFilter.java:93)
	at org.springframework.web.filter.OncePerRequestFilter.doFilter(OncePerRequestFilter.java:117)
	at org.apache.catalina.core.ApplicationFilterChain.internalDoFilter(ApplicationFilterChain.java:189)
	at org.apache.catalina.core.ApplicationFilterChain.doFilter(ApplicationFilterChain.java:162)
	at org.springframework.web.filter.CharacterEncodingFilter.doFilterInternal(CharacterEncodingFilter.java:201)
	at org.springframework.web.filter.OncePerRequestFilter.doFilter(OncePerRequestFilter.java:117)
	at org.apache.catalina.core.ApplicationFilterChain.internalDoFilter(ApplicationFilterChain.java:189)
	at org.apache.catalina.core.ApplicationFilterChain.doFilter(ApplicationFilterChain.java:162)
	at org.apache.catalina.core.StandardWrapperValve.invoke(StandardWrapperValve.java:197)
	at org.apache.catalina.core.StandardContextValve.invoke(StandardContextValve.java:97)
	at org.apache.catalina.authenticator.AuthenticatorBase.invoke(AuthenticatorBase.java:541)
	at org.apache.catalina.core.StandardHostValve.invoke(StandardHostValve.java:135)
	at org.apache.catalina.valves.ErrorReportValve.invoke(ErrorReportValve.java:92)
	at org.apache.catalina.core.StandardEngineValve.invoke(StandardEngineValve.java:78)
	at org.apache.catalina.connector.CoyoteAdapter.service(CoyoteAdapter.java:360)
	at org.apache.coyote.http11.Http11Processor.service(Http11Processor.java:399)
	at org.apache.coyote.AbstractProcessorLight.process(AbstractProcessorLight.java:65)
	at org.apache.coyote.AbstractProtocol$ConnectionHandler.process(AbstractProtocol.java:890)
	at org.apache.tomcat.util.net.NioEndpoint$SocketProcessor.doRun(NioEndpoint.java:1789)
	at org.apache.tomcat.util.net.SocketProcessorBase.run(SocketProcessorBase.java:49)
	at org.apache.tomcat.util.threads.ThreadPoolExecutor.runWorker(ThreadPoolExecutor.java:1191)
	at org.apache.tomcat.util.threads.ThreadPoolExecutor$Worker.run(ThreadPoolExecutor.java:659)
	at org.apache.tomcat.util.threads.TaskThread$WrappingRunnable.run(TaskThread.java:61)
	at java.lang.Thread.run(Thread.java:750)
10:30:15 [main] INFO  c.iteaj.framework.spi.iot.ProtocolSupplierManager - <<<注册协议提供成功 MODBUS_RTU - 版本: 1.0.0 - 实现: 系统内置 - 说明: Modbus Rtu协议提供
10:30:15 [main] INFO  c.iteaj.framework.spi.iot.ProtocolSupplierManager - <<<注册协议提供成功 MODBUS_TCP - 版本: 1.0.0 - 实现: 系统内置 - 说明: Modbus Tcp协议提供
10:30:15 [main] INFO  c.iteaj.framework.spi.iot.ProtocolSupplierManager - <<<注册协议提供成功 DTU:MODBUS_TCP - 版本: 1.0.0 - 实现: 系统内置 - 说明: 基于DTU网关的Modbus Tcp协议提供
10:30:15 [main] INFO  c.iteaj.framework.spi.iot.ProtocolSupplierManager - <<<注册协议提供成功 DTU:MODBUS_RTU - 版本: 1.0.0 - 实现: 系统内置 - 说明: 基于DTU网关的Modbus Rtu协议提供
10:30:15 [main] INFO  c.iteaj.framework.spi.iot.ProtocolSupplierManager - <<<注册协议提供成功 MQTT_DEFAULT_IMPL - 版本: 1.0.0 - 实现: 系统内置 - 说明: 默认Mqtt协议
10:30:22 [main] INFO  com.iteaj.iboot.boot.IBootApplication - Starting IBootApplication v3.0.0 using Java 1.8.0_492 on DESKTOP-6NM70T0 with PID 16192 (D:\Proj\5.29\iboot-jetlinks\bootstrap\target\bootstrap.jar started by DESKTOP-6NM70T0$ in D:\Proj\5.29\iboot-jetlinks\bootstrap\target)
10:30:22 [main] INFO  com.iteaj.iboot.boot.IBootApplication - The following 5 profiles are active: "iot", "framework", "satoken", "knife4j", "prod"
10:30:28 [http-nio-8085-exec-9] ERROR c.iteaj.framework.exception.IBootControllerAdvice - 业务执行失败
com.iteaj.framework.exception.ServiceException: 此产品[ENV_LED_BOARD]没有指定状态接口
	at com.iteaj.iboot.module.iot.controller.PanelsController.lambda$null$19(PanelsController.java:276)
	at com.iteaj.framework.result.OptionalResult.ifPresent(OptionalResult.java:40)
	at com.iteaj.iboot.module.iot.controller.PanelsController.lambda$switchCtrlStatus$20(PanelsController.java:274)
	at com.iteaj.framework.result.OptionalResult.ifPresent(OptionalResult.java:40)
	at com.iteaj.iboot.module.iot.controller.PanelsController.switchCtrlStatus(PanelsController.java:272)
	at sun.reflect.NativeMethodAccessorImpl.invoke0(Native Method)
	at sun.reflect.NativeMethodAccessorImpl.invoke(NativeMethodAccessorImpl.java:62)
	at sun.reflect.DelegatingMethodAccessorImpl.invoke(DelegatingMethodAccessorImpl.java:43)
	at java.lang.reflect.Method.invoke(Method.java:498)
	at org.springframework.web.method.support.InvocableHandlerMethod.doInvoke(InvocableHandlerMethod.java:205)
	at org.springframework.web.method.support.InvocableHandlerMethod.invokeForRequest(InvocableHandlerMethod.java:150)
	at org.springframework.web.servlet.mvc.method.annotation.ServletInvocableHandlerMethod.invokeAndHandle(ServletInvocableHandlerMethod.java:117)
	at org.springframework.web.servlet.mvc.method.annotation.RequestMappingHandlerAdapter.invokeHandlerMethod(RequestMappingHandlerAdapter.java:895)
	at org.springframework.web.servlet.mvc.method.annotation.RequestMappingHandlerAdapter.handleInternal(RequestMappingHandlerAdapter.java:808)
	at org.springframework.web.servlet.mvc.method.AbstractHandlerMethodAdapter.handle(AbstractHandlerMethodAdapter.java:87)
	at org.springframework.web.servlet.DispatcherServlet.doDispatch(DispatcherServlet.java:1070)
	at org.springframework.web.servlet.DispatcherServlet.doService(DispatcherServlet.java:963)
	at org.springframework.web.servlet.FrameworkServlet.processRequest(FrameworkServlet.java:1006)
	at org.springframework.web.servlet.FrameworkServlet.doPost(FrameworkServlet.java:909)
	at javax.servlet.http.HttpServlet.service(HttpServlet.java:681)
	at org.springframework.web.servlet.FrameworkServlet.service(FrameworkServlet.java:883)
	at javax.servlet.http.HttpServlet.service(HttpServlet.java:764)
	at org.apache.catalina.core.ApplicationFilterChain.internalDoFilter(ApplicationFilterChain.java:227)
	at org.apache.catalina.core.ApplicationFilterChain.doFilter(ApplicationFilterChain.java:162)
	at org.apache.tomcat.websocket.server.WsFilter.doFilter(WsFilter.java:53)
	at org.apache.catalina.core.ApplicationFilterChain.internalDoFilter(ApplicationFilterChain.java:189)
	at org.apache.catalina.core.ApplicationFilterChain.doFilter(ApplicationFilterChain.java:162)
	at com.github.xiaoymin.knife4j.aggre.core.filter.Knife4jRouteProxyFilter.doFilter(Knife4jRouteProxyFilter.java:84)
	at org.apache.catalina.core.ApplicationFilterChain.internalDoFilter(ApplicationFilterChain.java:189)
	at org.apache.catalina.core.ApplicationFilterChain.doFilter(ApplicationFilterChain.java:162)
	at cn.dev33.satoken.filter.SaServletFilter.doFilter(SaServletFilter.java:157)
	at com.iteaj.iboot.plugin.satoken.SaTokenAutoConfiguration$1.doFilter(SaTokenAutoConfiguration.java:96)
	at org.apache.catalina.core.ApplicationFilterChain.internalDoFilter(ApplicationFilterChain.java:189)
	at org.apache.catalina.core.ApplicationFilterChain.doFilter(ApplicationFilterChain.java:162)
	at org.springframework.web.filter.RequestContextFilter.doFilterInternal(RequestContextFilter.java:100)
	at org.springframework.web.filter.OncePerRequestFilter.doFilter(OncePerRequestFilter.java:117)
	at org.apache.catalina.core.ApplicationFilterChain.internalDoFilter(ApplicationFilterChain.java:189)
	at org.apache.catalina.core.ApplicationFilterChain.doFilter(ApplicationFilterChain.java:162)
	at org.springframework.web.filter.FormContentFilter.doFilterInternal(FormContentFilter.java:93)
	at org.springframework.web.filter.OncePerRequestFilter.doFilter(OncePerRequestFilter.java:117)
	at org.apache.catalina.core.ApplicationFilterChain.internalDoFilter(ApplicationFilterChain.java:189)
	at org.apache.catalina.core.ApplicationFilterChain.doFilter(ApplicationFilterChain.java:162)
	at org.springframework.web.filter.CharacterEncodingFilter.doFilterInternal(CharacterEncodingFilter.java:201)
	at org.springframework.web.filter.OncePerRequestFilter.doFilter(OncePerRequestFilter.java:117)
	at org.apache.catalina.core.ApplicationFilterChain.internalDoFilter(ApplicationFilterChain.java:189)
	at org.apache.catalina.core.ApplicationFilterChain.doFilter(ApplicationFilterChain.java:162)
	at org.apache.catalina.core.StandardWrapperValve.invoke(StandardWrapperValve.java:197)
	at org.apache.catalina.core.StandardContextValve.invoke(StandardContextValve.java:97)
	at org.apache.catalina.authenticator.AuthenticatorBase.invoke(AuthenticatorBase.java:541)
	at org.apache.catalina.core.StandardHostValve.invoke(StandardHostValve.java:135)
	at org.apache.catalina.valves.ErrorReportValve.invoke(ErrorReportValve.java:92)
	at org.apache.catalina.core.StandardEngineValve.invoke(StandardEngineValve.java:78)
	at org.apache.catalina.connector.CoyoteAdapter.service(CoyoteAdapter.java:360)
	at org.apache.coyote.http11.Http11Processor.service(Http11Processor.java:399)
	at org.apache.coyote.AbstractProcessorLight.process(AbstractProcessorLight.java:65)
	at org.apache.coyote.AbstractProtocol$ConnectionHandler.process(AbstractProtocol.java:890)
	at org.apache.tomcat.util.net.NioEndpoint$SocketProcessor.doRun(NioEndpoint.java:1789)
	at org.apache.tomcat.util.net.SocketProcessorBase.run(SocketProcessorBase.java:49)
	at org.apache.tomcat.util.threads.ThreadPoolExecutor.runWorker(ThreadPoolExecutor.java:1191)
	at org.apache.tomcat.util.threads.ThreadPoolExecutor$Worker.run(ThreadPoolExecutor.java:659)
	at org.apache.tomcat.util.threads.TaskThread$WrappingRunnable.run(TaskThread.java:61)
	at java.lang.Thread.run(Thread.java:750)
10:30:28 [http-nio-8085-exec-4] ERROR c.iteaj.framework.exception.IBootControllerAdvice - 业务执行失败
com.iteaj.framework.exception.ServiceException: 此产品[ENV_LED_BOARD]没有指定状态接口
	at com.iteaj.iboot.module.iot.controller.PanelsController.lambda$null$19(PanelsController.java:276)
	at com.iteaj.framework.result.OptionalResult.ifPresent(OptionalResult.java:40)
	at com.iteaj.iboot.module.iot.controller.PanelsController.lambda$switchCtrlStatus$20(PanelsController.java:274)
	at com.iteaj.framework.result.OptionalResult.ifPresent(OptionalResult.java:40)
	at com.iteaj.iboot.module.iot.controller.PanelsController.switchCtrlStatus(PanelsController.java:272)
	at sun.reflect.NativeMethodAccessorImpl.invoke0(Native Method)
	at sun.reflect.NativeMethodAccessorImpl.invoke(NativeMethodAccessorImpl.java:62)
	at sun.reflect.DelegatingMethodAccessorImpl.invoke(DelegatingMethodAccessorImpl.java:43)
	at java.lang.reflect.Method.invoke(Method.java:498)
	at org.springframework.web.method.support.InvocableHandlerMethod.doInvoke(InvocableHandlerMethod.java:205)
	at org.springframework.web.method.support.InvocableHandlerMethod.invokeForRequest(InvocableHandlerMethod.java:150)
	at org.springframework.web.servlet.mvc.method.annotation.ServletInvocableHandlerMethod.invokeAndHandle(ServletInvocableHandlerMethod.java:117)
	at org.springframework.web.servlet.mvc.method.annotation.RequestMappingHandlerAdapter.invokeHandlerMethod(RequestMappingHandlerAdapter.java:895)
	at org.springframework.web.servlet.mvc.method.annotation.RequestMappingHandlerAdapter.handleInternal(RequestMappingHandlerAdapter.java:808)
	at org.springframework.web.servlet.mvc.method.AbstractHandlerMethodAdapter.handle(AbstractHandlerMethodAdapter.java:87)
	at org.springframework.web.servlet.DispatcherServlet.doDispatch(DispatcherServlet.java:1070)
	at org.springframework.web.servlet.DispatcherServlet.doService(DispatcherServlet.java:963)
	at org.springframework.web.servlet.FrameworkServlet.processRequest(FrameworkServlet.java:1006)
	at org.springframework.web.servlet.FrameworkServlet.doPost(FrameworkServlet.java:909)
	at javax.servlet.http.HttpServlet.service(HttpServlet.java:681)
	at org.springframework.web.servlet.FrameworkServlet.service(FrameworkServlet.java:883)
	at javax.servlet.http.HttpServlet.service(HttpServlet.java:764)
	at org.apache.catalina.core.ApplicationFilterChain.internalDoFilter(ApplicationFilterChain.java:227)
	at org.apache.catalina.core.ApplicationFilterChain.doFilter(ApplicationFilterChain.java:162)
	at org.apache.tomcat.websocket.server.WsFilter.doFilter(WsFilter.java:53)
	at org.apache.catalina.core.ApplicationFilterChain.internalDoFilter(ApplicationFilterChain.java:189)
	at org.apache.catalina.core.ApplicationFilterChain.doFilter(ApplicationFilterChain.java:162)
	at com.github.xiaoymin.knife4j.aggre.core.filter.Knife4jRouteProxyFilter.doFilter(Knife4jRouteProxyFilter.java:84)
	at org.apache.catalina.core.ApplicationFilterChain.internalDoFilter(ApplicationFilterChain.java:189)
	at org.apache.catalina.core.ApplicationFilterChain.doFilter(ApplicationFilterChain.java:162)
	at cn.dev33.satoken.filter.SaServletFilter.doFilter(SaServletFilter.java:157)
	at com.iteaj.iboot.plugin.satoken.SaTokenAutoConfiguration$1.doFilter(SaTokenAutoConfiguration.java:96)
	at org.apache.catalina.core.ApplicationFilterChain.internalDoFilter(ApplicationFilterChain.java:189)
	at org.apache.catalina.core.ApplicationFilterChain.doFilter(ApplicationFilterChain.java:162)
	at org.springframework.web.filter.RequestContextFilter.doFilterInternal(RequestContextFilter.java:100)
	at org.springframework.web.filter.OncePerRequestFilter.doFilter(OncePerRequestFilter.java:117)
	at org.apache.catalina.core.ApplicationFilterChain.internalDoFilter(ApplicationFilterChain.java:189)
	at org.apache.catalina.core.ApplicationFilterChain.doFilter(ApplicationFilterChain.java:162)
	at org.springframework.web.filter.FormContentFilter.doFilterInternal(FormContentFilter.java:93)
	at org.springframework.web.filter.OncePerRequestFilter.doFilter(OncePerRequestFilter.java:117)
	at org.apache.catalina.core.ApplicationFilterChain.internalDoFilter(ApplicationFilterChain.java:189)
	at org.apache.catalina.core.ApplicationFilterChain.doFilter(ApplicationFilterChain.java:162)
	at org.springframework.web.filter.CharacterEncodingFilter.doFilterInternal(CharacterEncodingFilter.java:201)
	at org.springframework.web.filter.OncePerRequestFilter.doFilter(OncePerRequestFilter.java:117)
	at org.apache.catalina.core.ApplicationFilterChain.internalDoFilter(ApplicationFilterChain.java:189)
	at org.apache.catalina.core.ApplicationFilterChain.doFilter(ApplicationFilterChain.java:162)
	at org.apache.catalina.core.StandardWrapperValve.invoke(StandardWrapperValve.java:197)
	at org.apache.catalina.core.StandardContextValve.invoke(StandardContextValve.java:97)
	at org.apache.catalina.authenticator.AuthenticatorBase.invoke(AuthenticatorBase.java:541)
	at org.apache.catalina.core.StandardHostValve.invoke(StandardHostValve.java:135)
	at org.apache.catalina.valves.ErrorReportValve.invoke(ErrorReportValve.java:92)
	at org.apache.catalina.core.StandardEngineValve.invoke(StandardEngineValve.java:78)
	at org.apache.catalina.connector.CoyoteAdapter.service(CoyoteAdapter.java:360)
	at org.apache.coyote.http11.Http11Processor.service(Http11Processor.java:399)
	at org.apache.coyote.AbstractProcessorLight.process(AbstractProcessorLight.java:65)
	at org.apache.coyote.AbstractProtocol$ConnectionHandler.process(AbstractProtocol.java:890)
	at org.apache.tomcat.util.net.NioEndpoint$SocketProcessor.doRun(NioEndpoint.java:1789)
	at org.apache.tomcat.util.net.SocketProcessorBase.run(SocketProcessorBase.java:49)
	at org.apache.tomcat.util.threads.ThreadPoolExecutor.runWorker(ThreadPoolExecutor.java:1191)
	at org.apache.tomcat.util.threads.ThreadPoolExecutor$Worker.run(ThreadPoolExecutor.java:659)
	at org.apache.tomcat.util.threads.TaskThread$WrappingRunnable.run(TaskThread.java:61)
	at java.lang.Thread.run(Thread.java:750)
10:30:43 [main] INFO  c.iteaj.framework.spi.iot.ProtocolSupplierManager - <<<注册协议提供成功 MODBUS_RTU - 版本: 1.0.0 - 实现: 系统内置 - 说明: Modbus Rtu协议提供
10:30:43 [main] INFO  c.iteaj.framework.spi.iot.ProtocolSupplierManager - <<<注册协议提供成功 MODBUS_TCP - 版本: 1.0.0 - 实现: 系统内置 - 说明: Modbus Tcp协议提供
10:30:43 [main] INFO  c.iteaj.framework.spi.iot.ProtocolSupplierManager - <<<注册协议提供成功 DTU:MODBUS_TCP - 版本: 1.0.0 - 实现: 系统内置 - 说明: 基于DTU网关的Modbus Tcp协议提供
10:30:43 [main] INFO  c.iteaj.framework.spi.iot.ProtocolSupplierManager - <<<注册协议提供成功 DTU:MODBUS_RTU - 版本: 1.0.0 - 实现: 系统内置 - 说明: 基于DTU网关的Modbus Rtu协议提供
10:30:43 [main] INFO  c.iteaj.framework.spi.iot.ProtocolSupplierManager - <<<注册协议提供成功 MQTT_DEFAULT_IMPL - 版本: 1.0.0 - 实现: 系统内置 - 说明: 默认Mqtt协议
10:30:50 [main] INFO  com.iteaj.iboot.boot.IBootApplication - Starting IBootApplication v3.0.0 using Java 1.8.0_492 on DESKTOP-6NM70T0 with PID 10992 (D:\Proj\5.29\iboot-jetlinks\bootstrap\target\bootstrap.jar started by DESKTOP-6NM70T0$ in D:\Proj\5.29\iboot-jetlinks\bootstrap\target)
10:30:50 [main] INFO  com.iteaj.iboot.boot.IBootApplication - The following 5 profiles are active: "iot", "framework", "satoken", "knife4j", "prod"
10:31:06 [main] INFO  c.iteaj.framework.spi.iot.ProtocolSupplierManager - <<<注册协议提供成功 MODBUS_RTU - 版本: 1.0.0 - 实现: 系统内置 - 说明: Modbus Rtu协议提供
10:31:06 [main] INFO  c.iteaj.framework.spi.iot.ProtocolSupplierManager - <<<注册协议提供成功 MODBUS_TCP - 版本: 1.0.0 - 实现: 系统内置 - 说明: Modbus Tcp协议提供
10:31:06 [main] INFO  c.iteaj.framework.spi.iot.ProtocolSupplierManager - <<<注册协议提供成功 DTU:MODBUS_TCP - 版本: 1.0.0 - 实现: 系统内置 - 说明: 基于DTU网关的Modbus Tcp协议提供
10:31:06 [main] INFO  c.iteaj.framework.spi.iot.ProtocolSupplierManager - <<<注册协议提供成功 DTU:MODBUS_RTU - 版本: 1.0.0 - 实现: 系统内置 - 说明: 基于DTU网关的Modbus Rtu协议提供
10:31:06 [main] INFO  c.iteaj.framework.spi.iot.ProtocolSupplierManager - <<<注册协议提供成功 MQTT_DEFAULT_IMPL - 版本: 1.0.0 - 实现: 系统内置 - 说明: 默认Mqtt协议
10:31:11 [main] INFO  com.iteaj.iboot.boot.IBootApplication - Starting IBootApplication v3.0.0 using Java 1.8.0_492 on DESKTOP-6NM70T0 with PID 21128 (D:\Proj\5.29\iboot-jetlinks\bootstrap\target\bootstrap.jar started by DESKTOP-6NM70T0$ in D:\Proj\5.29\iboot-jetlinks\bootstrap\target)
10:31:11 [main] INFO  com.iteaj.iboot.boot.IBootApplication - The following 5 profiles are active: "iot", "framework", "satoken", "knife4j", "prod"
10:31:28 [main] INFO  c.iteaj.framework.spi.iot.ProtocolSupplierManager - <<<注册协议提供成功 MODBUS_RTU - 版本: 1.0.0 - 实现: 系统内置 - 说明: Modbus Rtu协议提供
10:31:28 [main] INFO  c.iteaj.framework.spi.iot.ProtocolSupplierManager - <<<注册协议提供成功 MODBUS_TCP - 版本: 1.0.0 - 实现: 系统内置 - 说明: Modbus Tcp协议提供
10:31:28 [main] INFO  c.iteaj.framework.spi.iot.ProtocolSupplierManager - <<<注册协议提供成功 DTU:MODBUS_TCP - 版本: 1.0.0 - 实现: 系统内置 - 说明: 基于DTU网关的Modbus Tcp协议提供
10:31:28 [main] INFO  c.iteaj.framework.spi.iot.ProtocolSupplierManager - <<<注册协议提供成功 DTU:MODBUS_RTU - 版本: 1.0.0 - 实现: 系统内置 - 说明: 基于DTU网关的Modbus Rtu协议提供
10:31:28 [main] INFO  c.iteaj.framework.spi.iot.ProtocolSupplierManager - <<<注册协议提供成功 MQTT_DEFAULT_IMPL - 版本: 1.0.0 - 实现: 系统内置 - 说明: 默认Mqtt协议
10:31:34 [main] INFO  com.iteaj.iboot.boot.IBootApplication - Starting IBootApplication v3.0.0 using Java 1.8.0_492 on DESKTOP-6NM70T0 with PID 17852 (D:\Proj\5.29\iboot-jetlinks\bootstrap\target\bootstrap.jar started by DESKTOP-6NM70T0$ in D:\Proj\5.29\iboot-jetlinks\bootstrap\target)
10:31:34 [main] INFO  com.iteaj.iboot.boot.IBootApplication - The following 5 profiles are active: "iot", "framework", "satoken", "knife4j", "prod"
10:31:50 [main] INFO  c.iteaj.framework.spi.iot.ProtocolSupplierManager - <<<注册协议提供成功 MODBUS_RTU - 版本: 1.0.0 - 实现: 系统内置 - 说明: Modbus Rtu协议提供
10:31:50 [main] INFO  c.iteaj.framework.spi.iot.ProtocolSupplierManager - <<<注册协议提供成功 MODBUS_TCP - 版本: 1.0.0 - 实现: 系统内置 - 说明: Modbus Tcp协议提供
10:31:50 [main] INFO  c.iteaj.framework.spi.iot.ProtocolSupplierManager - <<<注册协议提供成功 DTU:MODBUS_TCP - 版本: 1.0.0 - 实现: 系统内置 - 说明: 基于DTU网关的Modbus Tcp协议提供
10:31:50 [main] INFO  c.iteaj.framework.spi.iot.ProtocolSupplierManager - <<<注册协议提供成功 DTU:MODBUS_RTU - 版本: 1.0.0 - 实现: 系统内置 - 说明: 基于DTU网关的Modbus Rtu协议提供
10:31:50 [main] INFO  c.iteaj.framework.spi.iot.ProtocolSupplierManager - <<<注册协议提供成功 MQTT_DEFAULT_IMPL - 版本: 1.0.0 - 实现: 系统内置 - 说明: 默认Mqtt协议
10:31:56 [main] INFO  com.iteaj.iboot.boot.IBootApplication - Starting IBootApplication v3.0.0 using Java 1.8.0_492 on DESKTOP-6NM70T0 with PID 22012 (D:\Proj\5.29\iboot-jetlinks\bootstrap\target\bootstrap.jar started by DESKTOP-6NM70T0$ in D:\Proj\5.29\iboot-jetlinks\bootstrap\target)
10:31:56 [main] INFO  com.iteaj.iboot.boot.IBootApplication - The following 5 profiles are active: "iot", "framework", "satoken", "knife4j", "prod"
10:32:14 [main] INFO  c.iteaj.framework.spi.iot.ProtocolSupplierManager - <<<注册协议提供成功 MODBUS_RTU - 版本: 1.0.0 - 实现: 系统内置 - 说明: Modbus Rtu协议提供
10:32:14 [main] INFO  c.iteaj.framework.spi.iot.ProtocolSupplierManager - <<<注册协议提供成功 MODBUS_TCP - 版本: 1.0.0 - 实现: 系统内置 - 说明: Modbus Tcp协议提供
10:32:14 [main] INFO  c.iteaj.framework.spi.iot.ProtocolSupplierManager - <<<注册协议提供成功 DTU:MODBUS_TCP - 版本: 1.0.0 - 实现: 系统内置 - 说明: 基于DTU网关的Modbus Tcp协议提供
10:32:14 [main] INFO  c.iteaj.framework.spi.iot.ProtocolSupplierManager - <<<注册协议提供成功 DTU:MODBUS_RTU - 版本: 1.0.0 - 实现: 系统内置 - 说明: 基于DTU网关的Modbus Rtu协议提供
10:32:14 [main] INFO  c.iteaj.framework.spi.iot.ProtocolSupplierManager - <<<注册协议提供成功 MQTT_DEFAULT_IMPL - 版本: 1.0.0 - 实现: 系统内置 - 说明: 默认Mqtt协议
10:32:21 [main] INFO  com.iteaj.iboot.boot.IBootApplication - Starting IBootApplication v3.0.0 using Java 1.8.0_492 on DESKTOP-6NM70T0 with PID 19788 (D:\Proj\5.29\iboot-jetlinks\bootstrap\target\bootstrap.jar started by DESKTOP-6NM70T0$ in D:\Proj\5.29\iboot-jetlinks\bootstrap\target)
10:32:21 [main] INFO  com.iteaj.iboot.boot.IBootApplication - The following 5 profiles are active: "iot", "framework", "satoken", "knife4j", "prod"
10:32:37 [main] INFO  c.iteaj.framework.spi.iot.ProtocolSupplierManager - <<<注册协议提供成功 MODBUS_RTU - 版本: 1.0.0 - 实现: 系统内置 - 说明: Modbus Rtu协议提供
10:32:37 [main] INFO  c.iteaj.framework.spi.iot.ProtocolSupplierManager - <<<注册协议提供成功 MODBUS_TCP - 版本: 1.0.0 - 实现: 系统内置 - 说明: Modbus Tcp协议提供
10:32:37 [main] INFO  c.iteaj.framework.spi.iot.ProtocolSupplierManager - <<<注册协议提供成功 DTU:MODBUS_TCP - 版本: 1.0.0 - 实现: 系统内置 - 说明: 基于DTU网关的Modbus Tcp协议提供
10:32:37 [main] INFO  c.iteaj.framework.spi.iot.ProtocolSupplierManager - <<<注册协议提供成功 DTU:MODBUS_RTU - 版本: 1.0.0 - 实现: 系统内置 - 说明: 基于DTU网关的Modbus Rtu协议提供
10:32:37 [main] INFO  c.iteaj.framework.spi.iot.ProtocolSupplierManager - <<<注册协议提供成功 MQTT_DEFAULT_IMPL - 版本: 1.0.0 - 实现: 系统内置 - 说明: 默认Mqtt协议
10:32:43 [main] INFO  com.iteaj.iboot.boot.IBootApplication - Starting IBootApplication v3.0.0 using Java 1.8.0_492 on DESKTOP-6NM70T0 with PID 14004 (D:\Proj\5.29\iboot-jetlinks\bootstrap\target\bootstrap.jar started by DESKTOP-6NM70T0$ in D:\Proj\5.29\iboot-jetlinks\bootstrap\target)
10:32:43 [main] INFO  com.iteaj.iboot.boot.IBootApplication - The following 5 profiles are active: "iot", "framework", "satoken", "knife4j", "prod"
10:33:00 [main] INFO  c.iteaj.framework.spi.iot.ProtocolSupplierManager - <<<注册协议提供成功 MODBUS_RTU - 版本: 1.0.0 - 实现: 系统内置 - 说明: Modbus Rtu协议提供
10:33:00 [main] INFO  c.iteaj.framework.spi.iot.ProtocolSupplierManager - <<<注册协议提供成功 MODBUS_TCP - 版本: 1.0.0 - 实现: 系统内置 - 说明: Modbus Tcp协议提供
10:33:00 [main] INFO  c.iteaj.framework.spi.iot.ProtocolSupplierManager - <<<注册协议提供成功 DTU:MODBUS_TCP - 版本: 1.0.0 - 实现: 系统内置 - 说明: 基于DTU网关的Modbus Tcp协议提供
10:33:00 [main] INFO  c.iteaj.framework.spi.iot.ProtocolSupplierManager - <<<注册协议提供成功 DTU:MODBUS_RTU - 版本: 1.0.0 - 实现: 系统内置 - 说明: 基于DTU网关的Modbus Rtu协议提供
10:33:00 [main] INFO  c.iteaj.framework.spi.iot.ProtocolSupplierManager - <<<注册协议提供成功 MQTT_DEFAULT_IMPL - 版本: 1.0.0 - 实现: 系统内置 - 说明: 默认Mqtt协议
10:33:06 [main] INFO  com.iteaj.iboot.boot.IBootApplication - Starting IBootApplication v3.0.0 using Java 1.8.0_492 on DESKTOP-6NM70T0 with PID 2852 (D:\Proj\5.29\iboot-jetlinks\bootstrap\target\bootstrap.jar started by DESKTOP-6NM70T0$ in D:\Proj\5.29\iboot-jetlinks\bootstrap\target)
10:33:06 [main] INFO  com.iteaj.iboot.boot.IBootApplication - The following 5 profiles are active: "iot", "framework", "satoken", "knife4j", "prod"
10:33:25 [main] INFO  c.iteaj.framework.spi.iot.ProtocolSupplierManager - <<<注册协议提供成功 MODBUS_RTU - 版本: 1.0.0 - 实现: 系统内置 - 说明: Modbus Rtu协议提供
10:33:25 [main] INFO  c.iteaj.framework.spi.iot.ProtocolSupplierManager - <<<注册协议提供成功 MODBUS_TCP - 版本: 1.0.0 - 实现: 系统内置 - 说明: Modbus Tcp协议提供
10:33:25 [main] INFO  c.iteaj.framework.spi.iot.ProtocolSupplierManager - <<<注册协议提供成功 DTU:MODBUS_TCP - 版本: 1.0.0 - 实现: 系统内置 - 说明: 基于DTU网关的Modbus Tcp协议提供
10:33:25 [main] INFO  c.iteaj.framework.spi.iot.ProtocolSupplierManager - <<<注册协议提供成功 DTU:MODBUS_RTU - 版本: 1.0.0 - 实现: 系统内置 - 说明: 基于DTU网关的Modbus Rtu协议提供
10:33:25 [main] INFO  c.iteaj.framework.spi.iot.ProtocolSupplierManager - <<<注册协议提供成功 MQTT_DEFAULT_IMPL - 版本: 1.0.0 - 实现: 系统内置 - 说明: 默认Mqtt协议
10:33:31 [main] INFO  com.iteaj.iboot.boot.IBootApplication - Starting IBootApplication v3.0.0 using Java 1.8.0_492 on DESKTOP-6NM70T0 with PID 19272 (D:\Proj\5.29\iboot-jetlinks\bootstrap\target\bootstrap.jar started by DESKTOP-6NM70T0$ in D:\Proj\5.29\iboot-jetlinks\bootstrap\target)
10:33:31 [main] INFO  com.iteaj.iboot.boot.IBootApplication - The following 5 profiles are active: "iot", "framework", "satoken", "knife4j", "prod"
10:33:46 [main] INFO  c.iteaj.framework.spi.iot.ProtocolSupplierManager - <<<注册协议提供成功 MODBUS_RTU - 版本: 1.0.0 - 实现: 系统内置 - 说明: Modbus Rtu协议提供
10:33:46 [main] INFO  c.iteaj.framework.spi.iot.ProtocolSupplierManager - <<<注册协议提供成功 MODBUS_TCP - 版本: 1.0.0 - 实现: 系统内置 - 说明: Modbus Tcp协议提供
10:33:46 [main] INFO  c.iteaj.framework.spi.iot.ProtocolSupplierManager - <<<注册协议提供成功 DTU:MODBUS_TCP - 版本: 1.0.0 - 实现: 系统内置 - 说明: 基于DTU网关的Modbus Tcp协议提供
10:33:46 [main] INFO  c.iteaj.framework.spi.iot.ProtocolSupplierManager - <<<注册协议提供成功 DTU:MODBUS_RTU - 版本: 1.0.0 - 实现: 系统内置 - 说明: 基于DTU网关的Modbus Rtu协议提供
10:33:46 [main] INFO  c.iteaj.framework.spi.iot.ProtocolSupplierManager - <<<注册协议提供成功 MQTT_DEFAULT_IMPL - 版本: 1.0.0 - 实现: 系统内置 - 说明: 默认Mqtt协议
10:33:52 [main] INFO  com.iteaj.iboot.boot.IBootApplication - Starting IBootApplication v3.0.0 using Java 1.8.0_492 on DESKTOP-6NM70T0 with PID 19256 (D:\Proj\5.29\iboot-jetlinks\bootstrap\target\bootstrap.jar started by DESKTOP-6NM70T0$ in D:\Proj\5.29\iboot-jetlinks\bootstrap\target)
10:33:52 [main] INFO  com.iteaj.iboot.boot.IBootApplication - The following 5 profiles are active: "iot", "framework", "satoken", "knife4j", "prod"
10:34:08 [main] INFO  c.iteaj.framework.spi.iot.ProtocolSupplierManager - <<<注册协议提供成功 MODBUS_RTU - 版本: 1.0.0 - 实现: 系统内置 - 说明: Modbus Rtu协议提供
10:34:08 [main] INFO  c.iteaj.framework.spi.iot.ProtocolSupplierManager - <<<注册协议提供成功 MODBUS_TCP - 版本: 1.0.0 - 实现: 系统内置 - 说明: Modbus Tcp协议提供
10:34:08 [main] INFO  c.iteaj.framework.spi.iot.ProtocolSupplierManager - <<<注册协议提供成功 DTU:MODBUS_TCP - 版本: 1.0.0 - 实现: 系统内置 - 说明: 基于DTU网关的Modbus Tcp协议提供
10:34:08 [main] INFO  c.iteaj.framework.spi.iot.ProtocolSupplierManager - <<<注册协议提供成功 DTU:MODBUS_RTU - 版本: 1.0.0 - 实现: 系统内置 - 说明: 基于DTU网关的Modbus Rtu协议提供
10:34:08 [main] INFO  c.iteaj.framework.spi.iot.ProtocolSupplierManager - <<<注册协议提供成功 MQTT_DEFAULT_IMPL - 版本: 1.0.0 - 实现: 系统内置 - 说明: 默认Mqtt协议
10:34:14 [main] INFO  com.iteaj.iboot.boot.IBootApplication - Starting IBootApplication v3.0.0 using Java 1.8.0_492 on DESKTOP-6NM70T0 with PID 18596 (D:\Proj\5.29\iboot-jetlinks\bootstrap\target\bootstrap.jar started by DESKTOP-6NM70T0$ in D:\Proj\5.29\iboot-jetlinks\bootstrap\target)
10:34:14 [main] INFO  com.iteaj.iboot.boot.IBootApplication - The following 5 profiles are active: "iot", "framework", "satoken", "knife4j", "prod"
10:34:34 [main] INFO  c.iteaj.framework.spi.iot.ProtocolSupplierManager - <<<注册协议提供成功 MODBUS_RTU - 版本: 1.0.0 - 实现: 系统内置 - 说明: Modbus Rtu协议提供
10:34:34 [main] INFO  c.iteaj.framework.spi.iot.ProtocolSupplierManager - <<<注册协议提供成功 MODBUS_TCP - 版本: 1.0.0 - 实现: 系统内置 - 说明: Modbus Tcp协议提供
10:34:34 [main] INFO  c.iteaj.framework.spi.iot.ProtocolSupplierManager - <<<注册协议提供成功 DTU:MODBUS_TCP - 版本: 1.0.0 - 实现: 系统内置 - 说明: 基于DTU网关的Modbus Tcp协议提供
10:34:34 [main] INFO  c.iteaj.framework.spi.iot.ProtocolSupplierManager - <<<注册协议提供成功 DTU:MODBUS_RTU - 版本: 1.0.0 - 实现: 系统内置 - 说明: 基于DTU网关的Modbus Rtu协议提供
10:34:34 [main] INFO  c.iteaj.framework.spi.iot.ProtocolSupplierManager - <<<注册协议提供成功 MQTT_DEFAULT_IMPL - 版本: 1.0.0 - 实现: 系统内置 - 说明: 默认Mqtt协议
10:34:41 [main] INFO  com.iteaj.iboot.boot.IBootApplication - Starting IBootApplication v3.0.0 using Java 1.8.0_492 on DESKTOP-6NM70T0 with PID 12736 (D:\Proj\5.29\iboot-jetlinks\bootstrap\target\bootstrap.jar started by DESKTOP-6NM70T0$ in D:\Proj\5.29\iboot-jetlinks\bootstrap\target)
10:34:41 [main] INFO  com.iteaj.iboot.boot.IBootApplication - The following 5 profiles are active: "iot", "framework", "satoken", "knife4j", "prod"
10:34:59 [main] INFO  c.iteaj.framework.spi.iot.ProtocolSupplierManager - <<<注册协议提供成功 MODBUS_RTU - 版本: 1.0.0 - 实现: 系统内置 - 说明: Modbus Rtu协议提供
10:34:59 [main] INFO  c.iteaj.framework.spi.iot.ProtocolSupplierManager - <<<注册协议提供成功 MODBUS_TCP - 版本: 1.0.0 - 实现: 系统内置 - 说明: Modbus Tcp协议提供
10:34:59 [main] INFO  c.iteaj.framework.spi.iot.ProtocolSupplierManager - <<<注册协议提供成功 DTU:MODBUS_TCP - 版本: 1.0.0 - 实现: 系统内置 - 说明: 基于DTU网关的Modbus Tcp协议提供
10:34:59 [main] INFO  c.iteaj.framework.spi.iot.ProtocolSupplierManager - <<<注册协议提供成功 DTU:MODBUS_RTU - 版本: 1.0.0 - 实现: 系统内置 - 说明: 基于DTU网关的Modbus Rtu协议提供
10:34:59 [main] INFO  c.iteaj.framework.spi.iot.ProtocolSupplierManager - <<<注册协议提供成功 MQTT_DEFAULT_IMPL - 版本: 1.0.0 - 实现: 系统内置 - 说明: 默认Mqtt协议
10:35:05 [main] INFO  com.iteaj.iboot.boot.IBootApplication - Starting IBootApplication v3.0.0 using Java 1.8.0_492 on DESKTOP-6NM70T0 with PID 5156 (D:\Proj\5.29\iboot-jetlinks\bootstrap\target\bootstrap.jar started by DESKTOP-6NM70T0$ in D:\Proj\5.29\iboot-jetlinks\bootstrap\target)
10:35:05 [main] INFO  com.iteaj.iboot.boot.IBootApplication - The following 5 profiles are active: "iot", "framework", "satoken", "knife4j", "prod"
10:35:19 [main] INFO  c.iteaj.framework.spi.iot.ProtocolSupplierManager - <<<注册协议提供成功 MODBUS_RTU - 版本: 1.0.0 - 实现: 系统内置 - 说明: Modbus Rtu协议提供
10:35:19 [main] INFO  c.iteaj.framework.spi.iot.ProtocolSupplierManager - <<<注册协议提供成功 MODBUS_TCP - 版本: 1.0.0 - 实现: 系统内置 - 说明: Modbus Tcp协议提供
10:35:19 [main] INFO  c.iteaj.framework.spi.iot.ProtocolSupplierManager - <<<注册协议提供成功 DTU:MODBUS_TCP - 版本: 1.0.0 - 实现: 系统内置 - 说明: 基于DTU网关的Modbus Tcp协议提供
10:35:19 [main] INFO  c.iteaj.framework.spi.iot.ProtocolSupplierManager - <<<注册协议提供成功 DTU:MODBUS_RTU - 版本: 1.0.0 - 实现: 系统内置 - 说明: 基于DTU网关的Modbus Rtu协议提供
10:35:19 [main] INFO  c.iteaj.framework.spi.iot.ProtocolSupplierManager - <<<注册协议提供成功 MQTT_DEFAULT_IMPL - 版本: 1.0.0 - 实现: 系统内置 - 说明: 默认Mqtt协议
10:35:25 [main] INFO  com.iteaj.iboot.boot.IBootApplication - Starting IBootApplication v3.0.0 using Java 1.8.0_492 on DESKTOP-6NM70T0 with PID 19704 (D:\Proj\5.29\iboot-jetlinks\bootstrap\target\bootstrap.jar started by DESKTOP-6NM70T0$ in D:\Proj\5.29\iboot-jetlinks\bootstrap\target)
10:35:25 [main] INFO  com.iteaj.iboot.boot.IBootApplication - The following 5 profiles are active: "iot", "framework", "satoken", "knife4j", "prod"
10:35:45 [main] INFO  c.iteaj.framework.spi.iot.ProtocolSupplierManager - <<<注册协议提供成功 MODBUS_RTU - 版本: 1.0.0 - 实现: 系统内置 - 说明: Modbus Rtu协议提供
10:35:45 [main] INFO  c.iteaj.framework.spi.iot.ProtocolSupplierManager - <<<注册协议提供成功 MODBUS_TCP - 版本: 1.0.0 - 实现: 系统内置 - 说明: Modbus Tcp协议提供
10:35:45 [main] INFO  c.iteaj.framework.spi.iot.ProtocolSupplierManager - <<<注册协议提供成功 DTU:MODBUS_TCP - 版本: 1.0.0 - 实现: 系统内置 - 说明: 基于DTU网关的Modbus Tcp协议提供
10:35:45 [main] INFO  c.iteaj.framework.spi.iot.ProtocolSupplierManager - <<<注册协议提供成功 DTU:MODBUS_RTU - 版本: 1.0.0 - 实现: 系统内置 - 说明: 基于DTU网关的Modbus Rtu协议提供
10:35:45 [main] INFO  c.iteaj.framework.spi.iot.ProtocolSupplierManager - <<<注册协议提供成功 MQTT_DEFAULT_IMPL - 版本: 1.0.0 - 实现: 系统内置 - 说明: 默认Mqtt协议
10:35:52 [main] INFO  com.iteaj.iboot.boot.IBootApplication - Starting IBootApplication v3.0.0 using Java 1.8.0_492 on DESKTOP-6NM70T0 with PID 14052 (D:\Proj\5.29\iboot-jetlinks\bootstrap\target\bootstrap.jar started by DESKTOP-6NM70T0$ in D:\Proj\5.29\iboot-jetlinks\bootstrap\target)
10:35:52 [main] INFO  com.iteaj.iboot.boot.IBootApplication - The following 5 profiles are active: "iot", "framework", "satoken", "knife4j", "prod"
10:36:06 [main] INFO  c.iteaj.framework.spi.iot.ProtocolSupplierManager - <<<注册协议提供成功 MODBUS_RTU - 版本: 1.0.0 - 实现: 系统内置 - 说明: Modbus Rtu协议提供
10:36:06 [main] INFO  c.iteaj.framework.spi.iot.ProtocolSupplierManager - <<<注册协议提供成功 MODBUS_TCP - 版本: 1.0.0 - 实现: 系统内置 - 说明: Modbus Tcp协议提供
10:36:06 [main] INFO  c.iteaj.framework.spi.iot.ProtocolSupplierManager - <<<注册协议提供成功 DTU:MODBUS_TCP - 版本: 1.0.0 - 实现: 系统内置 - 说明: 基于DTU网关的Modbus Tcp协议提供
10:36:06 [main] INFO  c.iteaj.framework.spi.iot.ProtocolSupplierManager - <<<注册协议提供成功 DTU:MODBUS_RTU - 版本: 1.0.0 - 实现: 系统内置 - 说明: 基于DTU网关的Modbus Rtu协议提供
10:36:06 [main] INFO  c.iteaj.framework.spi.iot.ProtocolSupplierManager - <<<注册协议提供成功 MQTT_DEFAULT_IMPL - 版本: 1.0.0 - 实现: 系统内置 - 说明: 默认Mqtt协议
10:36:12 [main] INFO  com.iteaj.iboot.boot.IBootApplication - Starting IBootApplication v3.0.0 using Java 1.8.0_492 on DESKTOP-6NM70T0 with PID 10840 (D:\Proj\5.29\iboot-jetlinks\bootstrap\target\bootstrap.jar started by DESKTOP-6NM70T0$ in D:\Proj\5.29\iboot-jetlinks\bootstrap\target)
10:36:12 [main] INFO  com.iteaj.iboot.boot.IBootApplication - The following 5 profiles are active: "iot", "framework", "satoken", "knife4j", "prod"
10:36:26 [main] INFO  c.iteaj.framework.spi.iot.ProtocolSupplierManager - <<<注册协议提供成功 MODBUS_RTU - 版本: 1.0.0 - 实现: 系统内置 - 说明: Modbus Rtu协议提供
10:36:26 [main] INFO  c.iteaj.framework.spi.iot.ProtocolSupplierManager - <<<注册协议提供成功 MODBUS_TCP - 版本: 1.0.0 - 实现: 系统内置 - 说明: Modbus Tcp协议提供
10:36:26 [main] INFO  c.iteaj.framework.spi.iot.ProtocolSupplierManager - <<<注册协议提供成功 DTU:MODBUS_TCP - 版本: 1.0.0 - 实现: 系统内置 - 说明: 基于DTU网关的Modbus Tcp协议提供
10:36:26 [main] INFO  c.iteaj.framework.spi.iot.ProtocolSupplierManager - <<<注册协议提供成功 DTU:MODBUS_RTU - 版本: 1.0.0 - 实现: 系统内置 - 说明: 基于DTU网关的Modbus Rtu协议提供
10:36:26 [main] INFO  c.iteaj.framework.spi.iot.ProtocolSupplierManager - <<<注册协议提供成功 MQTT_DEFAULT_IMPL - 版本: 1.0.0 - 实现: 系统内置 - 说明: 默认Mqtt协议
10:36:32 [main] INFO  com.iteaj.iboot.boot.IBootApplication - Starting IBootApplication v3.0.0 using Java 1.8.0_492 on DESKTOP-6NM70T0 with PID 9996 (D:\Proj\5.29\iboot-jetlinks\bootstrap\target\bootstrap.jar started by DESKTOP-6NM70T0$ in D:\Proj\5.29\iboot-jetlinks\bootstrap\target)
10:36:32 [main] INFO  com.iteaj.iboot.boot.IBootApplication - The following 5 profiles are active: "iot", "framework", "satoken", "knife4j", "prod"
10:36:49 [main] INFO  c.iteaj.framework.spi.iot.ProtocolSupplierManager - <<<注册协议提供成功 MODBUS_RTU - 版本: 1.0.0 - 实现: 系统内置 - 说明: Modbus Rtu协议提供
10:36:49 [main] INFO  c.iteaj.framework.spi.iot.ProtocolSupplierManager - <<<注册协议提供成功 MODBUS_TCP - 版本: 1.0.0 - 实现: 系统内置 - 说明: Modbus Tcp协议提供
10:36:49 [main] INFO  c.iteaj.framework.spi.iot.ProtocolSupplierManager - <<<注册协议提供成功 DTU:MODBUS_TCP - 版本: 1.0.0 - 实现: 系统内置 - 说明: 基于DTU网关的Modbus Tcp协议提供
10:36:49 [main] INFO  c.iteaj.framework.spi.iot.ProtocolSupplierManager - <<<注册协议提供成功 DTU:MODBUS_RTU - 版本: 1.0.0 - 实现: 系统内置 - 说明: 基于DTU网关的Modbus Rtu协议提供
10:36:49 [main] INFO  c.iteaj.framework.spi.iot.ProtocolSupplierManager - <<<注册协议提供成功 MQTT_DEFAULT_IMPL - 版本: 1.0.0 - 实现: 系统内置 - 说明: 默认Mqtt协议
10:36:56 [main] INFO  com.iteaj.iboot.boot.IBootApplication - Starting IBootApplication v3.0.0 using Java 1.8.0_492 on DESKTOP-6NM70T0 with PID 12008 (D:\Proj\5.29\iboot-jetlinks\bootstrap\target\bootstrap.jar started by DESKTOP-6NM70T0$ in D:\Proj\5.29\iboot-jetlinks\bootstrap\target)
10:36:56 [main] INFO  com.iteaj.iboot.boot.IBootApplication - The following 5 profiles are active: "iot", "framework", "satoken", "knife4j", "prod"
10:37:12 [main] INFO  c.iteaj.framework.spi.iot.ProtocolSupplierManager - <<<注册协议提供成功 MODBUS_RTU - 版本: 1.0.0 - 实现: 系统内置 - 说明: Modbus Rtu协议提供
10:37:12 [main] INFO  c.iteaj.framework.spi.iot.ProtocolSupplierManager - <<<注册协议提供成功 MODBUS_TCP - 版本: 1.0.0 - 实现: 系统内置 - 说明: Modbus Tcp协议提供
10:37:12 [main] INFO  c.iteaj.framework.spi.iot.ProtocolSupplierManager - <<<注册协议提供成功 DTU:MODBUS_TCP - 版本: 1.0.0 - 实现: 系统内置 - 说明: 基于DTU网关的Modbus Tcp协议提供
10:37:12 [main] INFO  c.iteaj.framework.spi.iot.ProtocolSupplierManager - <<<注册协议提供成功 DTU:MODBUS_RTU - 版本: 1.0.0 - 实现: 系统内置 - 说明: 基于DTU网关的Modbus Rtu协议提供
10:37:12 [main] INFO  c.iteaj.framework.spi.iot.ProtocolSupplierManager - <<<注册协议提供成功 MQTT_DEFAULT_IMPL - 版本: 1.0.0 - 实现: 系统内置 - 说明: 默认Mqtt协议
10:37:19 [main] INFO  com.iteaj.iboot.boot.IBootApplication - Starting IBootApplication v3.0.0 using Java 1.8.0_492 on DESKTOP-6NM70T0 with PID 12556 (D:\Proj\5.29\iboot-jetlinks\bootstrap\target\bootstrap.jar started by DESKTOP-6NM70T0$ in D:\Proj\5.29\iboot-jetlinks\bootstrap\target)
10:37:19 [main] INFO  com.iteaj.iboot.boot.IBootApplication - The following 5 profiles are active: "iot", "framework", "satoken", "knife4j", "prod"
10:37:36 [main] INFO  c.iteaj.framework.spi.iot.ProtocolSupplierManager - <<<注册协议提供成功 MODBUS_RTU - 版本: 1.0.0 - 实现: 系统内置 - 说明: Modbus Rtu协议提供
10:37:36 [main] INFO  c.iteaj.framework.spi.iot.ProtocolSupplierManager - <<<注册协议提供成功 MODBUS_TCP - 版本: 1.0.0 - 实现: 系统内置 - 说明: Modbus Tcp协议提供
10:37:36 [main] INFO  c.iteaj.framework.spi.iot.ProtocolSupplierManager - <<<注册协议提供成功 DTU:MODBUS_TCP - 版本: 1.0.0 - 实现: 系统内置 - 说明: 基于DTU网关的Modbus Tcp协议提供
10:37:36 [main] INFO  c.iteaj.framework.spi.iot.ProtocolSupplierManager - <<<注册协议提供成功 DTU:MODBUS_RTU - 版本: 1.0.0 - 实现: 系统内置 - 说明: 基于DTU网关的Modbus Rtu协议提供
10:37:36 [main] INFO  c.iteaj.framework.spi.iot.ProtocolSupplierManager - <<<注册协议提供成功 MQTT_DEFAULT_IMPL - 版本: 1.0.0 - 实现: 系统内置 - 说明: 默认Mqtt协议
10:37:43 [main] INFO  com.iteaj.iboot.boot.IBootApplication - Starting IBootApplication v3.0.0 using Java 1.8.0_492 on DESKTOP-6NM70T0 with PID 20564 (D:\Proj\5.29\iboot-jetlinks\bootstrap\target\bootstrap.jar started by DESKTOP-6NM70T0$ in D:\Proj\5.29\iboot-jetlinks\bootstrap\target)
10:37:43 [main] INFO  com.iteaj.iboot.boot.IBootApplication - The following 5 profiles are active: "iot", "framework", "satoken", "knife4j", "prod"
10:38:03 [main] INFO  c.iteaj.framework.spi.iot.ProtocolSupplierManager - <<<注册协议提供成功 MODBUS_RTU - 版本: 1.0.0 - 实现: 系统内置 - 说明: Modbus Rtu协议提供
10:38:03 [main] INFO  c.iteaj.framework.spi.iot.ProtocolSupplierManager - <<<注册协议提供成功 MODBUS_TCP - 版本: 1.0.0 - 实现: 系统内置 - 说明: Modbus Tcp协议提供
10:38:03 [main] INFO  c.iteaj.framework.spi.iot.ProtocolSupplierManager - <<<注册协议提供成功 DTU:MODBUS_TCP - 版本: 1.0.0 - 实现: 系统内置 - 说明: 基于DTU网关的Modbus Tcp协议提供
10:38:03 [main] INFO  c.iteaj.framework.spi.iot.ProtocolSupplierManager - <<<注册协议提供成功 DTU:MODBUS_RTU - 版本: 1.0.0 - 实现: 系统内置 - 说明: 基于DTU网关的Modbus Rtu协议提供
10:38:03 [main] INFO  c.iteaj.framework.spi.iot.ProtocolSupplierManager - <<<注册协议提供成功 MQTT_DEFAULT_IMPL - 版本: 1.0.0 - 实现: 系统内置 - 说明: 默认Mqtt协议
10:38:10 [main] INFO  com.iteaj.iboot.boot.IBootApplication - Starting IBootApplication v3.0.0 using Java 1.8.0_492 on DESKTOP-6NM70T0 with PID 16836 (D:\Proj\5.29\iboot-jetlinks\bootstrap\target\bootstrap.jar started by DESKTOP-6NM70T0$ in D:\Proj\5.29\iboot-jetlinks\bootstrap\target)
10:38:10 [main] INFO  com.iteaj.iboot.boot.IBootApplication - The following 5 profiles are active: "iot", "framework", "satoken", "knife4j", "prod"
10:38:29 [main] INFO  c.iteaj.framework.spi.iot.ProtocolSupplierManager - <<<注册协议提供成功 MODBUS_RTU - 版本: 1.0.0 - 实现: 系统内置 - 说明: Modbus Rtu协议提供
10:38:29 [main] INFO  c.iteaj.framework.spi.iot.ProtocolSupplierManager - <<<注册协议提供成功 MODBUS_TCP - 版本: 1.0.0 - 实现: 系统内置 - 说明: Modbus Tcp协议提供
10:38:29 [main] INFO  c.iteaj.framework.spi.iot.ProtocolSupplierManager - <<<注册协议提供成功 DTU:MODBUS_TCP - 版本: 1.0.0 - 实现: 系统内置 - 说明: 基于DTU网关的Modbus Tcp协议提供
10:38:29 [main] INFO  c.iteaj.framework.spi.iot.ProtocolSupplierManager - <<<注册协议提供成功 DTU:MODBUS_RTU - 版本: 1.0.0 - 实现: 系统内置 - 说明: 基于DTU网关的Modbus Rtu协议提供
10:38:29 [main] INFO  c.iteaj.framework.spi.iot.ProtocolSupplierManager - <<<注册协议提供成功 MQTT_DEFAULT_IMPL - 版本: 1.0.0 - 实现: 系统内置 - 说明: 默认Mqtt协议
10:38:37 [main] INFO  com.iteaj.iboot.boot.IBootApplication - Starting IBootApplication v3.0.0 using Java 1.8.0_492 on DESKTOP-6NM70T0 with PID 19188 (D:\Proj\5.29\iboot-jetlinks\bootstrap\target\bootstrap.jar started by DESKTOP-6NM70T0$ in D:\Proj\5.29\iboot-jetlinks\bootstrap\target)
10:38:37 [main] INFO  com.iteaj.iboot.boot.IBootApplication - The following 5 profiles are active: "iot", "framework", "satoken", "knife4j", "prod"
10:38:58 [main] INFO  c.iteaj.framework.spi.iot.ProtocolSupplierManager - <<<注册协议提供成功 MODBUS_RTU - 版本: 1.0.0 - 实现: 系统内置 - 说明: Modbus Rtu协议提供
10:38:58 [main] INFO  c.iteaj.framework.spi.iot.ProtocolSupplierManager - <<<注册协议提供成功 MODBUS_TCP - 版本: 1.0.0 - 实现: 系统内置 - 说明: Modbus Tcp协议提供
10:38:58 [main] INFO  c.iteaj.framework.spi.iot.ProtocolSupplierManager - <<<注册协议提供成功 DTU:MODBUS_TCP - 版本: 1.0.0 - 实现: 系统内置 - 说明: 基于DTU网关的Modbus Tcp协议提供
10:38:58 [main] INFO  c.iteaj.framework.spi.iot.ProtocolSupplierManager - <<<注册协议提供成功 DTU:MODBUS_RTU - 版本: 1.0.0 - 实现: 系统内置 - 说明: 基于DTU网关的Modbus Rtu协议提供
10:38:58 [main] INFO  c.iteaj.framework.spi.iot.ProtocolSupplierManager - <<<注册协议提供成功 MQTT_DEFAULT_IMPL - 版本: 1.0.0 - 实现: 系统内置 - 说明: 默认Mqtt协议
10:39:06 [main] INFO  com.iteaj.iboot.boot.IBootApplication - Starting IBootApplication v3.0.0 using Java 1.8.0_492 on DESKTOP-6NM70T0 with PID 19952 (D:\Proj\5.29\iboot-jetlinks\bootstrap\target\bootstrap.jar started by DESKTOP-6NM70T0$ in D:\Proj\5.29\iboot-jetlinks\bootstrap\target)
10:39:06 [main] INFO  com.iteaj.iboot.boot.IBootApplication - The following 5 profiles are active: "iot", "framework", "satoken", "knife4j", "prod"
10:39:29 [main] INFO  c.iteaj.framework.spi.iot.ProtocolSupplierManager - <<<注册协议提供成功 MODBUS_RTU - 版本: 1.0.0 - 实现: 系统内置 - 说明: Modbus Rtu协议提供
10:39:29 [main] INFO  c.iteaj.framework.spi.iot.ProtocolSupplierManager - <<<注册协议提供成功 MODBUS_TCP - 版本: 1.0.0 - 实现: 系统内置 - 说明: Modbus Tcp协议提供
10:39:29 [main] INFO  c.iteaj.framework.spi.iot.ProtocolSupplierManager - <<<注册协议提供成功 DTU:MODBUS_TCP - 版本: 1.0.0 - 实现: 系统内置 - 说明: 基于DTU网关的Modbus Tcp协议提供
10:39:29 [main] INFO  c.iteaj.framework.spi.iot.ProtocolSupplierManager - <<<注册协议提供成功 DTU:MODBUS_RTU - 版本: 1.0.0 - 实现: 系统内置 - 说明: 基于DTU网关的Modbus Rtu协议提供
10:39:29 [main] INFO  c.iteaj.framework.spi.iot.ProtocolSupplierManager - <<<注册协议提供成功 MQTT_DEFAULT_IMPL - 版本: 1.0.0 - 实现: 系统内置 - 说明: 默认Mqtt协议
10:39:38 [main] INFO  com.iteaj.iboot.boot.IBootApplication - Starting IBootApplication v3.0.0 using Java 1.8.0_492 on DESKTOP-6NM70T0 with PID 12528 (D:\Proj\5.29\iboot-jetlinks\bootstrap\target\bootstrap.jar started by DESKTOP-6NM70T0$ in D:\Proj\5.29\iboot-jetlinks\bootstrap\target)
10:39:38 [main] INFO  com.iteaj.iboot.boot.IBootApplication - The following 5 profiles are active: "iot", "framework", "satoken", "knife4j", "prod"
10:39:55 [main] INFO  c.iteaj.framework.spi.iot.ProtocolSupplierManager - <<<注册协议提供成功 MODBUS_RTU - 版本: 1.0.0 - 实现: 系统内置 - 说明: Modbus Rtu协议提供
10:39:55 [main] INFO  c.iteaj.framework.spi.iot.ProtocolSupplierManager - <<<注册协议提供成功 MODBUS_TCP - 版本: 1.0.0 - 实现: 系统内置 - 说明: Modbus Tcp协议提供
10:39:55 [main] INFO  c.iteaj.framework.spi.iot.ProtocolSupplierManager - <<<注册协议提供成功 DTU:MODBUS_TCP - 版本: 1.0.0 - 实现: 系统内置 - 说明: 基于DTU网关的Modbus Tcp协议提供
10:39:55 [main] INFO  c.iteaj.framework.spi.iot.ProtocolSupplierManager - <<<注册协议提供成功 DTU:MODBUS_RTU - 版本: 1.0.0 - 实现: 系统内置 - 说明: 基于DTU网关的Modbus Rtu协议提供
10:39:55 [main] INFO  c.iteaj.framework.spi.iot.ProtocolSupplierManager - <<<注册协议提供成功 MQTT_DEFAULT_IMPL - 版本: 1.0.0 - 实现: 系统内置 - 说明: 默认Mqtt协议
10:40:01 [main] INFO  com.iteaj.iboot.boot.IBootApplication - Starting IBootApplication v3.0.0 using Java 1.8.0_492 on DESKTOP-6NM70T0 with PID 12224 (D:\Proj\5.29\iboot-jetlinks\bootstrap\target\bootstrap.jar started by DESKTOP-6NM70T0$ in D:\Proj\5.29\iboot-jetlinks\bootstrap\target)
10:40:01 [main] INFO  com.iteaj.iboot.boot.IBootApplication - The following 5 profiles are active: "iot", "framework", "satoken", "knife4j", "prod"
10:40:16 [main] INFO  c.iteaj.framework.spi.iot.ProtocolSupplierManager - <<<注册协议提供成功 MODBUS_RTU - 版本: 1.0.0 - 实现: 系统内置 - 说明: Modbus Rtu协议提供
10:40:16 [main] INFO  c.iteaj.framework.spi.iot.ProtocolSupplierManager - <<<注册协议提供成功 MODBUS_TCP - 版本: 1.0.0 - 实现: 系统内置 - 说明: Modbus Tcp协议提供
10:40:16 [main] INFO  c.iteaj.framework.spi.iot.ProtocolSupplierManager - <<<注册协议提供成功 DTU:MODBUS_TCP - 版本: 1.0.0 - 实现: 系统内置 - 说明: 基于DTU网关的Modbus Tcp协议提供
10:40:16 [main] INFO  c.iteaj.framework.spi.iot.ProtocolSupplierManager - <<<注册协议提供成功 DTU:MODBUS_RTU - 版本: 1.0.0 - 实现: 系统内置 - 说明: 基于DTU网关的Modbus Rtu协议提供
10:40:16 [main] INFO  c.iteaj.framework.spi.iot.ProtocolSupplierManager - <<<注册协议提供成功 MQTT_DEFAULT_IMPL - 版本: 1.0.0 - 实现: 系统内置 - 说明: 默认Mqtt协议
10:40:22 [main] INFO  com.iteaj.iboot.boot.IBootApplication - Starting IBootApplication v3.0.0 using Java 1.8.0_492 on DESKTOP-6NM70T0 with PID 14792 (D:\Proj\5.29\iboot-jetlinks\bootstrap\target\bootstrap.jar started by DESKTOP-6NM70T0$ in D:\Proj\5.29\iboot-jetlinks\bootstrap\target)
10:40:22 [main] INFO  com.iteaj.iboot.boot.IBootApplication - The following 5 profiles are active: "iot", "framework", "satoken", "knife4j", "prod"
10:40:37 [main] INFO  c.iteaj.framework.spi.iot.ProtocolSupplierManager - <<<注册协议提供成功 MODBUS_RTU - 版本: 1.0.0 - 实现: 系统内置 - 说明: Modbus Rtu协议提供
10:40:37 [main] INFO  c.iteaj.framework.spi.iot.ProtocolSupplierManager - <<<注册协议提供成功 MODBUS_TCP - 版本: 1.0.0 - 实现: 系统内置 - 说明: Modbus Tcp协议提供
10:40:37 [main] INFO  c.iteaj.framework.spi.iot.ProtocolSupplierManager - <<<注册协议提供成功 DTU:MODBUS_TCP - 版本: 1.0.0 - 实现: 系统内置 - 说明: 基于DTU网关的Modbus Tcp协议提供
10:40:37 [main] INFO  c.iteaj.framework.spi.iot.ProtocolSupplierManager - <<<注册协议提供成功 DTU:MODBUS_RTU - 版本: 1.0.0 - 实现: 系统内置 - 说明: 基于DTU网关的Modbus Rtu协议提供
10:40:37 [main] INFO  c.iteaj.framework.spi.iot.ProtocolSupplierManager - <<<注册协议提供成功 MQTT_DEFAULT_IMPL - 版本: 1.0.0 - 实现: 系统内置 - 说明: 默认Mqtt协议
10:40:44 [main] INFO  com.iteaj.iboot.boot.IBootApplication - Starting IBootApplication v3.0.0 using Java 1.8.0_492 on DESKTOP-6NM70T0 with PID 18620 (D:\Proj\5.29\iboot-jetlinks\bootstrap\target\bootstrap.jar started by DESKTOP-6NM70T0$ in D:\Proj\5.29\iboot-jetlinks\bootstrap\target)
10:40:44 [main] INFO  com.iteaj.iboot.boot.IBootApplication - The following 5 profiles are active: "iot", "framework", "satoken", "knife4j", "prod"
10:40:58 [main] INFO  c.iteaj.framework.spi.iot.ProtocolSupplierManager - <<<注册协议提供成功 MODBUS_RTU - 版本: 1.0.0 - 实现: 系统内置 - 说明: Modbus Rtu协议提供
10:40:58 [main] INFO  c.iteaj.framework.spi.iot.ProtocolSupplierManager - <<<注册协议提供成功 MODBUS_TCP - 版本: 1.0.0 - 实现: 系统内置 - 说明: Modbus Tcp协议提供
10:40:58 [main] INFO  c.iteaj.framework.spi.iot.ProtocolSupplierManager - <<<注册协议提供成功 DTU:MODBUS_TCP - 版本: 1.0.0 - 实现: 系统内置 - 说明: 基于DTU网关的Modbus Tcp协议提供
10:40:58 [main] INFO  c.iteaj.framework.spi.iot.ProtocolSupplierManager - <<<注册协议提供成功 DTU:MODBUS_RTU - 版本: 1.0.0 - 实现: 系统内置 - 说明: 基于DTU网关的Modbus Rtu协议提供
10:40:58 [main] INFO  c.iteaj.framework.spi.iot.ProtocolSupplierManager - <<<注册协议提供成功 MQTT_DEFAULT_IMPL - 版本: 1.0.0 - 实现: 系统内置 - 说明: 默认Mqtt协议
10:41:04 [main] INFO  com.iteaj.iboot.boot.IBootApplication - Starting IBootApplication v3.0.0 using Java 1.8.0_492 on DESKTOP-6NM70T0 with PID 16564 (D:\Proj\5.29\iboot-jetlinks\bootstrap\target\bootstrap.jar started by DESKTOP-6NM70T0$ in D:\Proj\5.29\iboot-jetlinks\bootstrap\target)
10:41:04 [main] INFO  com.iteaj.iboot.boot.IBootApplication - The following 5 profiles are active: "iot", "framework", "satoken", "knife4j", "prod"
10:41:18 [main] INFO  c.iteaj.framework.spi.iot.ProtocolSupplierManager - <<<注册协议提供成功 MODBUS_RTU - 版本: 1.0.0 - 实现: 系统内置 - 说明: Modbus Rtu协议提供
10:41:18 [main] INFO  c.iteaj.framework.spi.iot.ProtocolSupplierManager - <<<注册协议提供成功 MODBUS_TCP - 版本: 1.0.0 - 实现: 系统内置 - 说明: Modbus Tcp协议提供
10:41:18 [main] INFO  c.iteaj.framework.spi.iot.ProtocolSupplierManager - <<<注册协议提供成功 DTU:MODBUS_TCP - 版本: 1.0.0 - 实现: 系统内置 - 说明: 基于DTU网关的Modbus Tcp协议提供
10:41:18 [main] INFO  c.iteaj.framework.spi.iot.ProtocolSupplierManager - <<<注册协议提供成功 DTU:MODBUS_RTU - 版本: 1.0.0 - 实现: 系统内置 - 说明: 基于DTU网关的Modbus Rtu协议提供
10:41:18 [main] INFO  c.iteaj.framework.spi.iot.ProtocolSupplierManager - <<<注册协议提供成功 MQTT_DEFAULT_IMPL - 版本: 1.0.0 - 实现: 系统内置 - 说明: 默认Mqtt协议
10:41:24 [main] INFO  com.iteaj.iboot.boot.IBootApplication - Starting IBootApplication v3.0.0 using Java 1.8.0_492 on DESKTOP-6NM70T0 with PID 16692 (D:\Proj\5.29\iboot-jetlinks\bootstrap\target\bootstrap.jar started by DESKTOP-6NM70T0$ in D:\Proj\5.29\iboot-jetlinks\bootstrap\target)
10:41:24 [main] INFO  com.iteaj.iboot.boot.IBootApplication - The following 5 profiles are active: "iot", "framework", "satoken", "knife4j", "prod"
10:41:45 [main] INFO  c.iteaj.framework.spi.iot.ProtocolSupplierManager - <<<注册协议提供成功 MODBUS_RTU - 版本: 1.0.0 - 实现: 系统内置 - 说明: Modbus Rtu协议提供
10:41:45 [main] INFO  c.iteaj.framework.spi.iot.ProtocolSupplierManager - <<<注册协议提供成功 MODBUS_TCP - 版本: 1.0.0 - 实现: 系统内置 - 说明: Modbus Tcp协议提供
10:41:45 [main] INFO  c.iteaj.framework.spi.iot.ProtocolSupplierManager - <<<注册协议提供成功 DTU:MODBUS_TCP - 版本: 1.0.0 - 实现: 系统内置 - 说明: 基于DTU网关的Modbus Tcp协议提供
10:41:45 [main] INFO  c.iteaj.framework.spi.iot.ProtocolSupplierManager - <<<注册协议提供成功 DTU:MODBUS_RTU - 版本: 1.0.0 - 实现: 系统内置 - 说明: 基于DTU网关的Modbus Rtu协议提供
10:41:45 [main] INFO  c.iteaj.framework.spi.iot.ProtocolSupplierManager - <<<注册协议提供成功 MQTT_DEFAULT_IMPL - 版本: 1.0.0 - 实现: 系统内置 - 说明: 默认Mqtt协议
