2026-06-09 14:44:13.541  WARN 1096 --- [reactor-tcp-nio-2] i.a.r.mysql.client.MessageDuplexCodec    : Connection has been closed by peer
2026-06-09 14:44:13.592  WARN 1096 --- [main] onfigReactiveWebServerApplicationContext : Exception encountered during context initialization - cancelling refresh attempt: org.springframework.beans.factory.UnsatisfiedDependencyException: Error creating bean with name 'defaultNotifierManager' defined in class path resource [org/jetlinks/community/notify/DefaultNotifierManager.class]: Unsatisfied dependency expressed through constructor parameter 1; nested exception is org.springframework.beans.factory.UnsatisfiedDependencyException: Error creating bean with name 'notifyConfigManager' defined in class path resource [org/jetlinks/community/notify/configuration/NotifierAutoConfiguration.class]: Unsatisfied dependency expressed through method 'notifyConfigManager' parameter 0; nested exception is org.springframework.beans.factory.UnsatisfiedDependencyException: Error creating bean with name 'defaultNotifyConfigManager': Unsatisfied dependency expressed through field 'configService'; nested exception is org.springframework.beans.factory.UnsatisfiedDependencyException: Error creating bean with name 'notifyConfigService': Unsatisfied dependency expressed through field 'repository'; nested exception is org.springframework.beans.factory.UnsatisfiedDependencyException: Error creating bean with name 'NotifyConfigEntityReactiveRepository': Unsatisfied dependency expressed through bean property 'operator'; nested exception is org.springframework.beans.factory.UnsatisfiedDependencyException: Error creating bean with name 'databaseOperator' defined in class path resource [org/hswebframework/web/crud/configuration/EasyormConfiguration.class]: Unsatisfied dependency expressed through method 'databaseOperator' parameter 0; nested exception is org.springframework.beans.factory.BeanCreationException: Error creating bean with name 'databaseMetadata' defined in class path resource [org/hswebframework/web/crud/configuration/EasyormConfiguration.class]: Bean instantiation via factory method failed; nested exception is org.springframework.beans.BeanInstantiationException: Failed to instantiate [org.hswebframework.ezorm.rdb.metadata.RDBDatabaseMetadata]: Factory method 'databaseMetadata' threw exception; nested exception is org.springframework.transaction.CannotCreateTransactionException: Could not open R2DBC Connection for transaction; nested exception is io.r2dbc.spi.R2dbcPermissionDeniedException: [HY000] Authentication type 'caching_sha2_password' must require SSL in full authentication phase
2026-06-09 14:44:13.595  WARN 1096 --- [reactor-tcp-nio-2] i.a.r.mysql.client.MessageDuplexCodec    : Connection has been closed by peer
2026-06-09 14:44:13.596  WARN 1096 --- [reactor-tcp-nio-2] i.a.r.mysql.client.MessageDuplexCodec    : Connection has been closed by peer
2026-06-09 14:44:13.596  WARN 1096 --- [reactor-tcp-nio-2] i.a.r.mysql.client.MessageDuplexCodec    : Connection has been closed by peer
2026-06-09 14:44:13.596  WARN 1096 --- [reactor-tcp-nio-2] i.a.r.mysql.client.MessageDuplexCodec    : Connection has been closed by peer
2026-06-09 14:44:13.597  WARN 1096 --- [reactor-tcp-nio-2] i.a.r.mysql.client.MessageDuplexCodec    : Connection has been closed by peer
2026-06-09 14:44:13.597  WARN 1096 --- [reactor-tcp-nio-2] i.a.r.mysql.client.MessageDuplexCodec    : Connection has been closed by peer
2026-06-09 14:44:13.597  WARN 1096 --- [reactor-tcp-nio-2] i.a.r.mysql.client.MessageDuplexCodec    : Connection has been closed by peer
2026-06-09 14:44:13.597  WARN 1096 --- [reactor-tcp-nio-2] i.a.r.mysql.client.MessageDuplexCodec    : Connection has been closed by peer
2026-06-09 14:44:13.597  WARN 1096 --- [reactor-tcp-nio-2] i.a.r.mysql.client.MessageDuplexCodec    : Connection has been closed by peer
2026-06-09 14:44:13.597  WARN 1096 --- [reactor-tcp-nio-2] i.a.r.mysql.client.MessageDuplexCodec    : Connection has been closed by peer
2026-06-09 14:44:13.903 ERROR 1096 --- [main] o.s.boot.SpringApplication               : Application run failed

org.springframework.beans.factory.UnsatisfiedDependencyException: Error creating bean with name 'defaultNotifierManager' defined in class path resource [org/jetlinks/community/notify/DefaultNotifierManager.class]: Unsatisfied dependency expressed through constructor parameter 1; nested exception is org.springframework.beans.factory.UnsatisfiedDependencyException: Error creating bean with name 'notifyConfigManager' defined in class path resource [org/jetlinks/community/notify/configuration/NotifierAutoConfiguration.class]: Unsatisfied dependency expressed through method 'notifyConfigManager' parameter 0; nested exception is org.springframework.beans.factory.UnsatisfiedDependencyException: Error creating bean with name 'defaultNotifyConfigManager': Unsatisfied dependency expressed through field 'configService'; nested exception is org.springframework.beans.factory.UnsatisfiedDependencyException: Error creating bean with name 'notifyConfigService': Unsatisfied dependency expressed through field 'repository'; nested exception is org.springframework.beans.factory.UnsatisfiedDependencyException: Error creating bean with name 'NotifyConfigEntityReactiveRepository': Unsatisfied dependency expressed through bean property 'operator'; nested exception is org.springframework.beans.factory.UnsatisfiedDependencyException: Error creating bean with name 'databaseOperator' defined in class path resource [org/hswebframework/web/crud/configuration/EasyormConfiguration.class]: Unsatisfied dependency expressed through method 'databaseOperator' parameter 0; nested exception is org.springframework.beans.factory.BeanCreationException: Error creating bean with name 'databaseMetadata' defined in class path resource [org/hswebframework/web/crud/configuration/EasyormConfiguration.class]: Bean instantiation via factory method failed; nested exception is org.springframework.beans.BeanInstantiationException: Failed to instantiate [org.hswebframework.ezorm.rdb.metadata.RDBDatabaseMetadata]: Factory method 'databaseMetadata' threw exception; nested exception is org.springframework.transaction.CannotCreateTransactionException: Could not open R2DBC Connection for transaction; nested exception is io.r2dbc.spi.R2dbcPermissionDeniedException: [HY000] Authentication type 'caching_sha2_password' must require SSL in full authentication phase
	at org.springframework.beans.factory.support.ConstructorResolver.createArgumentArray(ConstructorResolver.java:794)
	at org.springframework.beans.factory.support.ConstructorResolver.autowireConstructor(ConstructorResolver.java:220)
	at org.springframework.beans.factory.support.AbstractAutowireCapableBeanFactory.autowireConstructor(AbstractAutowireCapableBeanFactory.java:1372)
	at org.springframework.beans.factory.support.AbstractAutowireCapableBeanFactory.createBeanInstance(AbstractAutowireCapableBeanFactory.java:1222)
	at org.springframework.beans.factory.support.AbstractAutowireCapableBeanFactory.doCreateBean(AbstractAutowireCapableBeanFactory.java:582)
	at org.springframework.beans.factory.support.AbstractAutowireCapableBeanFactory.createBean(AbstractAutowireCapableBeanFactory.java:542)
	at org.springframework.beans.factory.support.AbstractBeanFactory.lambda$doGetBean$0(AbstractBeanFactory.java:336)
	at org.springframework.beans.factory.support.DefaultSingletonBeanRegistry.getSingleton(DefaultSingletonBeanRegistry.java:234)
	at org.springframework.beans.factory.support.AbstractBeanFactory.doGetBean(AbstractBeanFactory.java:334)
	at org.springframework.beans.factory.support.AbstractBeanFactory.getBean(AbstractBeanFactory.java:214)
	at org.springframework.context.support.PostProcessorRegistrationDelegate.registerBeanPostProcessors(PostProcessorRegistrationDelegate.java:270)
	at org.springframework.context.support.AbstractApplicationContext.registerBeanPostProcessors(AbstractApplicationContext.java:773)
	at org.springframework.context.support.AbstractApplicationContext.refresh(AbstractApplicationContext.java:575)
	at org.springframework.boot.web.reactive.context.ReactiveWebServerApplicationContext.refresh(ReactiveWebServerApplicationContext.java:66)
	at org.springframework.boot.SpringApplication.refresh(SpringApplication.java:732)
	at org.springframework.boot.SpringApplication.refreshContext(SpringApplication.java:409)
	at org.springframework.boot.SpringApplication.run(SpringApplication.java:308)
	at org.springframework.boot.SpringApplication.run(SpringApplication.java:1300)
	at org.springframework.boot.SpringApplication.run(SpringApplication.java:1289)
	at org.jetlinks.community.standalone.JetLinksApplication.main(JetLinksApplication.java:33)
	at sun.reflect.NativeMethodAccessorImpl.invoke0(Native Method)
	at sun.reflect.NativeMethodAccessorImpl.invoke(NativeMethodAccessorImpl.java:62)
	at sun.reflect.DelegatingMethodAccessorImpl.invoke(DelegatingMethodAccessorImpl.java:43)
	at java.lang.reflect.Method.invoke(Method.java:498)
	at org.springframework.boot.loader.MainMethodRunner.run(MainMethodRunner.java:49)
	at org.springframework.boot.loader.Launcher.launch(Launcher.java:108)
	at org.springframework.boot.loader.Launcher.launch(Launcher.java:58)
	at org.springframework.boot.loader.PropertiesLauncher.main(PropertiesLauncher.java:467)
Caused by: org.springframework.beans.factory.UnsatisfiedDependencyException: Error creating bean with name 'notifyConfigManager' defined in class path resource [org/jetlinks/community/notify/configuration/NotifierAutoConfiguration.class]: Unsatisfied dependency expressed through method 'notifyConfigManager' parameter 0; nested exception is org.springframework.beans.factory.UnsatisfiedDependencyException: Error creating bean with name 'defaultNotifyConfigManager': Unsatisfied dependency expressed through field 'configService'; nested exception is org.springframework.beans.factory.UnsatisfiedDependencyException: Error creating bean with name 'notifyConfigService': Unsatisfied dependency expressed through field 'repository'; nested exception is org.springframework.beans.factory.UnsatisfiedDependencyException: Error creating bean with name 'NotifyConfigEntityReactiveRepository': Unsatisfied dependency expressed through bean property 'operator'; nested exception is org.springframework.beans.factory.UnsatisfiedDependencyException: Error creating bean with name 'databaseOperator' defined in class path resource [org/hswebframework/web/crud/configuration/EasyormConfiguration.class]: Unsatisfied dependency expressed through method 'databaseOperator' parameter 0; nested exception is org.springframework.beans.factory.BeanCreationException: Error creating bean with name 'databaseMetadata' defined in class path resource [org/hswebframework/web/crud/configuration/EasyormConfiguration.class]: Bean instantiation via factory method failed; nested exception is org.springframework.beans.BeanInstantiationException: Failed to instantiate [org.hswebframework.ezorm.rdb.metadata.RDBDatabaseMetadata]: Factory method 'databaseMetadata' threw exception; nested exception is org.springframework.transaction.CannotCreateTransactionException: Could not open R2DBC Connection for transaction; nested exception is io.r2dbc.spi.R2dbcPermissionDeniedException: [HY000] Authentication type 'caching_sha2_password' must require SSL in full authentication phase
	at org.springframework.beans.factory.support.ConstructorResolver.createArgumentArray(ConstructorResolver.java:794)
	at org.springframework.beans.factory.support.ConstructorResolver.instantiateUsingFactoryMethod(ConstructorResolver.java:532)
	at org.springframework.beans.factory.support.AbstractAutowireCapableBeanFactory.instantiateUsingFactoryMethod(AbstractAutowireCapableBeanFactory.java:1352)
	at org.springframework.beans.factory.support.AbstractAutowireCapableBeanFactory.createBeanInstance(AbstractAutowireCapableBeanFactory.java:1195)
	at org.springframework.beans.factory.support.AbstractAutowireCapableBeanFactory.doCreateBean(AbstractAutowireCapableBeanFactory.java:582)
	at org.springframework.beans.factory.support.AbstractAutowireCapableBeanFactory.createBean(AbstractAutowireCapableBeanFactory.java:542)
	at org.springframework.beans.factory.support.AbstractBeanFactory.lambda$doGetBean$0(AbstractBeanFactory.java:336)
	at org.springframework.beans.factory.support.DefaultSingletonBeanRegistry.getSingleton(DefaultSingletonBeanRegistry.java:234)
	at org.springframework.beans.factory.support.AbstractBeanFactory.doGetBean(AbstractBeanFactory.java:334)
	at org.springframework.beans.factory.support.AbstractBeanFactory.getBean(AbstractBeanFactory.java:209)
	at org.springframework.beans.factory.config.DependencyDescriptor.resolveCandidate(DependencyDescriptor.java:276)
	at org.springframework.beans.factory.support.DefaultListableBeanFactory.doResolveDependency(DefaultListableBeanFactory.java:1391)
	at org.springframework.beans.factory.support.DefaultListableBeanFactory.resolveDependency(DefaultListableBeanFactory.java:1311)
	at org.springframework.beans.factory.support.ConstructorResolver.resolveAutowiredArgument(ConstructorResolver.java:904)
	at org.springframework.beans.factory.support.ConstructorResolver.createArgumentArray(ConstructorResolver.java:781)
	... 27 common frames omitted
Caused by: org.springframework.beans.factory.UnsatisfiedDependencyException: Error creating bean with name 'defaultNotifyConfigManager': Unsatisfied dependency expressed through field 'configService'; nested exception is org.springframework.beans.factory.UnsatisfiedDependencyException: Error creating bean with name 'notifyConfigService': Unsatisfied dependency expressed through field 'repository'; nested exception is org.springframework.beans.factory.UnsatisfiedDependencyException: Error creating bean with name 'NotifyConfigEntityReactiveRepository': Unsatisfied dependency expressed through bean property 'operator'; nested exception is org.springframework.beans.factory.UnsatisfiedDependencyException: Error creating bean with name 'databaseOperator' defined in class path resource [org/hswebframework/web/crud/configuration/EasyormConfiguration.class]: Unsatisfied dependency expressed through method 'databaseOperator' parameter 0; nested exception is org.springframework.beans.factory.BeanCreationException: Error creating bean with name 'databaseMetadata' defined in class path resource [org/hswebframework/web/crud/configuration/EasyormConfiguration.class]: Bean instantiation via factory method failed; nested exception is org.springframework.beans.BeanInstantiationException: Failed to instantiate [org.hswebframework.ezorm.rdb.metadata.RDBDatabaseMetadata]: Factory method 'databaseMetadata' threw exception; nested exception is org.springframework.transaction.CannotCreateTransactionException: Could not open R2DBC Connection for transaction; nested exception is io.r2dbc.spi.R2dbcPermissionDeniedException: [HY000] Authentication type 'caching_sha2_password' must require SSL in full authentication phase
	at org.springframework.beans.factory.annotation.AutowiredAnnotationBeanPostProcessor$AutowiredFieldElement.resolveFieldValue(AutowiredAnnotationBeanPostProcessor.java:713)
	at org.springframework.beans.factory.annotation.AutowiredAnnotationBeanPostProcessor$AutowiredFieldElement.inject(AutowiredAnnotationBeanPostProcessor.java:693)
	at org.springframework.beans.factory.annotation.InjectionMetadata.inject(InjectionMetadata.java:119)
	at org.springframework.beans.factory.annotation.AutowiredAnnotationBeanPostProcessor.postProcessProperties(AutowiredAnnotationBeanPostProcessor.java:408)
	at org.springframework.beans.factory.support.AbstractAutowireCapableBeanFactory.populateBean(AbstractAutowireCapableBeanFactory.java:1431)
	at org.springframework.beans.factory.support.AbstractAutowireCapableBeanFactory.doCreateBean(AbstractAutowireCapableBeanFactory.java:619)
	at org.springframework.beans.factory.support.AbstractAutowireCapableBeanFactory.createBean(AbstractAutowireCapableBeanFactory.java:542)
	at org.springframework.beans.factory.support.AbstractBeanFactory.lambda$doGetBean$0(AbstractBeanFactory.java:336)
	at org.springframework.beans.factory.support.DefaultSingletonBeanRegistry.getSingleton(DefaultSingletonBeanRegistry.java:234)
	at org.springframework.beans.factory.support.AbstractBeanFactory.doGetBean(AbstractBeanFactory.java:334)
	at org.springframework.beans.factory.support.AbstractBeanFactory.getBean(AbstractBeanFactory.java:209)
	at org.springframework.beans.factory.config.DependencyDescriptor.resolveCandidate(DependencyDescriptor.java:276)
	at org.springframework.beans.factory.support.DefaultListableBeanFactory.addCandidateEntry(DefaultListableBeanFactory.java:1609)
	at org.springframework.beans.factory.support.DefaultListableBeanFactory.findAutowireCandidates(DefaultListableBeanFactory.java:1573)
	at org.springframework.beans.factory.support.DefaultListableBeanFactory.resolveMultipleBeans(DefaultListableBeanFactory.java:1462)
	at org.springframework.beans.factory.support.DefaultListableBeanFactory.doResolveDependency(DefaultListableBeanFactory.java:1349)
	at org.springframework.beans.factory.support.DefaultListableBeanFactory.resolveDependency(DefaultListableBeanFactory.java:1311)
	at org.springframework.beans.factory.support.ConstructorResolver.resolveAutowiredArgument(ConstructorResolver.java:904)
	at org.springframework.beans.factory.support.ConstructorResolver.createArgumentArray(ConstructorResolver.java:781)
	... 41 common frames omitted
Caused by: org.springframework.beans.factory.UnsatisfiedDependencyException: Error creating bean with name 'notifyConfigService': Unsatisfied dependency expressed through field 'repository'; nested exception is org.springframework.beans.factory.UnsatisfiedDependencyException: Error creating bean with name 'NotifyConfigEntityReactiveRepository': Unsatisfied dependency expressed through bean property 'operator'; nested exception is org.springframework.beans.factory.UnsatisfiedDependencyException: Error creating bean with name 'databaseOperator' defined in class path resource [org/hswebframework/web/crud/configuration/EasyormConfiguration.class]: Unsatisfied dependency expressed through method 'databaseOperator' parameter 0; nested exception is org.springframework.beans.factory.BeanCreationException: Error creating bean with name 'databaseMetadata' defined in class path resource [org/hswebframework/web/crud/configuration/EasyormConfiguration.class]: Bean instantiation via factory method failed; nested exception is org.springframework.beans.BeanInstantiationException: Failed to instantiate [org.hswebframework.ezorm.rdb.metadata.RDBDatabaseMetadata]: Factory method 'databaseMetadata' threw exception; nested exception is org.springframework.transaction.CannotCreateTransactionException: Could not open R2DBC Connection for transaction; nested exception is io.r2dbc.spi.R2dbcPermissionDeniedException: [HY000] Authentication type 'caching_sha2_password' must require SSL in full authentication phase
	at org.springframework.beans.factory.annotation.AutowiredAnnotationBeanPostProcessor$AutowiredFieldElement.resolveFieldValue(AutowiredAnnotationBeanPostProcessor.java:713)
	at org.springframework.beans.factory.annotation.AutowiredAnnotationBeanPostProcessor$AutowiredFieldElement.inject(AutowiredAnnotationBeanPostProcessor.java:693)
	at org.springframework.beans.factory.annotation.InjectionMetadata.inject(InjectionMetadata.java:119)
	at org.springframework.beans.factory.annotation.AutowiredAnnotationBeanPostProcessor.postProcessProperties(AutowiredAnnotationBeanPostProcessor.java:408)
	at org.springframework.beans.factory.support.AbstractAutowireCapableBeanFactory.populateBean(AbstractAutowireCapableBeanFactory.java:1431)
	at org.springframework.beans.factory.support.AbstractAutowireCapableBeanFactory.doCreateBean(AbstractAutowireCapableBeanFactory.java:619)
	at org.springframework.beans.factory.support.AbstractAutowireCapableBeanFactory.createBean(AbstractAutowireCapableBeanFactory.java:542)
	at org.springframework.beans.factory.support.AbstractBeanFactory.lambda$doGetBean$0(AbstractBeanFactory.java:336)
	at org.springframework.beans.factory.support.DefaultSingletonBeanRegistry.getSingleton(DefaultSingletonBeanRegistry.java:234)
	at org.springframework.beans.factory.support.AbstractBeanFactory.doGetBean(AbstractBeanFactory.java:334)
	at org.springframework.beans.factory.support.AbstractBeanFactory.getBean(AbstractBeanFactory.java:209)
	at org.springframework.beans.factory.config.DependencyDescriptor.resolveCandidate(DependencyDescriptor.java:276)
	at org.springframework.beans.factory.support.DefaultListableBeanFactory.doResolveDependency(DefaultListableBeanFactory.java:1391)
	at org.springframework.beans.factory.support.DefaultListableBeanFactory.resolveDependency(DefaultListableBeanFactory.java:1311)
	at org.springframework.beans.factory.annotation.AutowiredAnnotationBeanPostProcessor$AutowiredFieldElement.resolveFieldValue(AutowiredAnnotationBeanPostProcessor.java:710)
	... 59 common frames omitted
Caused by: org.springframework.beans.factory.UnsatisfiedDependencyException: Error creating bean with name 'NotifyConfigEntityReactiveRepository': Unsatisfied dependency expressed through bean property 'operator'; nested exception is org.springframework.beans.factory.UnsatisfiedDependencyException: Error creating bean with name 'databaseOperator' defined in class path resource [org/hswebframework/web/crud/configuration/EasyormConfiguration.class]: Unsatisfied dependency expressed through method 'databaseOperator' parameter 0; nested exception is org.springframework.beans.factory.BeanCreationException: Error creating bean with name 'databaseMetadata' defined in class path resource [org/hswebframework/web/crud/configuration/EasyormConfiguration.class]: Bean instantiation via factory method failed; nested exception is org.springframework.beans.BeanInstantiationException: Failed to instantiate [org.hswebframework.ezorm.rdb.metadata.RDBDatabaseMetadata]: Factory method 'databaseMetadata' threw exception; nested exception is org.springframework.transaction.CannotCreateTransactionException: Could not open R2DBC Connection for transaction; nested exception is io.r2dbc.spi.R2dbcPermissionDeniedException: [HY000] Authentication type 'caching_sha2_password' must require SSL in full authentication phase
	at org.springframework.beans.factory.support.AbstractAutowireCapableBeanFactory.autowireByType(AbstractAutowireCapableBeanFactory.java:1534)
	at org.springframework.beans.factory.support.AbstractAutowireCapableBeanFactory.populateBean(AbstractAutowireCapableBeanFactory.java:1417)
	at org.springframework.beans.factory.support.AbstractAutowireCapableBeanFactory.doCreateBean(AbstractAutowireCapableBeanFactory.java:619)
	at org.springframework.beans.factory.support.AbstractAutowireCapableBeanFactory.createBean(AbstractAutowireCapableBeanFactory.java:542)
	at org.springframework.beans.factory.support.AbstractBeanFactory.lambda$doGetBean$0(AbstractBeanFactory.java:336)
	at org.springframework.beans.factory.support.DefaultSingletonBeanRegistry.getSingleton(DefaultSingletonBeanRegistry.java:234)
	at org.springframework.beans.factory.support.AbstractBeanFactory.doGetBean(AbstractBeanFactory.java:334)
	at org.springframework.beans.factory.support.AbstractBeanFactory.getBean(AbstractBeanFactory.java:209)
	at org.springframework.beans.factory.config.DependencyDescriptor.resolveCandidate(DependencyDescriptor.java:276)
	at org.springframework.beans.factory.support.DefaultListableBeanFactory.doResolveDependency(DefaultListableBeanFactory.java:1391)
	at org.springframework.beans.factory.support.DefaultListableBeanFactory.resolveDependency(DefaultListableBeanFactory.java:1311)
	at org.springframework.beans.factory.annotation.AutowiredAnnotationBeanPostProcessor$AutowiredFieldElement.resolveFieldValue(AutowiredAnnotationBeanPostProcessor.java:710)
	... 73 common frames omitted
Caused by: org.springframework.beans.factory.UnsatisfiedDependencyException: Error creating bean with name 'databaseOperator' defined in class path resource [org/hswebframework/web/crud/configuration/EasyormConfiguration.class]: Unsatisfied dependency expressed through method 'databaseOperator' parameter 0; nested exception is org.springframework.beans.factory.BeanCreationException: Error creating bean with name 'databaseMetadata' defined in class path resource [org/hswebframework/web/crud/configuration/EasyormConfiguration.class]: Bean instantiation via factory method failed; nested exception is org.springframework.beans.BeanInstantiationException: Failed to instantiate [org.hswebframework.ezorm.rdb.metadata.RDBDatabaseMetadata]: Factory method 'databaseMetadata' threw exception; nested exception is org.springframework.transaction.CannotCreateTransactionException: Could not open R2DBC Connection for transaction; nested exception is io.r2dbc.spi.R2dbcPermissionDeniedException: [HY000] Authentication type 'caching_sha2_password' must require SSL in full authentication phase
	at org.springframework.beans.factory.support.ConstructorResolver.createArgumentArray(ConstructorResolver.java:794)
	at org.springframework.beans.factory.support.ConstructorResolver.instantiateUsingFactoryMethod(ConstructorResolver.java:532)
	at org.springframework.beans.factory.support.AbstractAutowireCapableBeanFactory.instantiateUsingFactoryMethod(AbstractAutowireCapableBeanFactory.java:1352)
	at org.springframework.beans.factory.support.AbstractAutowireCapableBeanFactory.createBeanInstance(AbstractAutowireCapableBeanFactory.java:1195)
	at org.springframework.beans.factory.support.AbstractAutowireCapableBeanFactory.doCreateBean(AbstractAutowireCapableBeanFactory.java:582)
	at org.springframework.beans.factory.support.AbstractAutowireCapableBeanFactory.createBean(AbstractAutowireCapableBeanFactory.java:542)
	at org.springframework.beans.factory.support.AbstractBeanFactory.lambda$doGetBean$0(AbstractBeanFactory.java:336)
	at org.springframework.beans.factory.support.DefaultSingletonBeanRegistry.getSingleton(DefaultSingletonBeanRegistry.java:234)
	at org.springframework.beans.factory.support.AbstractBeanFactory.doGetBean(AbstractBeanFactory.java:334)
	at org.springframework.beans.factory.support.AbstractBeanFactory.getBean(AbstractBeanFactory.java:209)
	at org.springframework.beans.factory.config.DependencyDescriptor.resolveCandidate(DependencyDescriptor.java:276)
	at org.springframework.beans.factory.support.DefaultListableBeanFactory.doResolveDependency(DefaultListableBeanFactory.java:1391)
	at org.springframework.beans.factory.support.DefaultListableBeanFactory.resolveDependency(DefaultListableBeanFactory.java:1311)
	at org.springframework.beans.factory.support.AbstractAutowireCapableBeanFactory.autowireByType(AbstractAutowireCapableBeanFactory.java:1519)
	... 84 common frames omitted
Caused by: org.springframework.beans.factory.BeanCreationException: Error creating bean with name 'databaseMetadata' defined in class path resource [org/hswebframework/web/crud/configuration/EasyormConfiguration.class]: Bean instantiation via factory method failed; nested exception is org.springframework.beans.BeanInstantiationException: Failed to instantiate [org.hswebframework.ezorm.rdb.metadata.RDBDatabaseMetadata]: Factory method 'databaseMetadata' threw exception; nested exception is org.springframework.transaction.CannotCreateTransactionException: Could not open R2DBC Connection for transaction; nested exception is io.r2dbc.spi.R2dbcPermissionDeniedException: [HY000] Authentication type 'caching_sha2_password' must require SSL in full authentication phase
	at org.springframework.beans.factory.support.ConstructorResolver.instantiate(ConstructorResolver.java:646)
	at org.springframework.beans.factory.support.ConstructorResolver.instantiateUsingFactoryMethod(ConstructorResolver.java:626)
	at org.springframework.beans.factory.support.AbstractAutowireCapableBeanFactory.instantiateUsingFactoryMethod(AbstractAutowireCapableBeanFactory.java:1352)
	at org.springframework.beans.factory.support.AbstractAutowireCapableBeanFactory.createBeanInstance(AbstractAutowireCapableBeanFactory.java:1195)
	at org.springframework.beans.factory.support.AbstractAutowireCapableBeanFactory.doCreateBean(AbstractAutowireCapableBeanFactory.java:582)
	at org.springframework.beans.factory.support.AbstractAutowireCapableBeanFactory.createBean(AbstractAutowireCapableBeanFactory.java:542)
	at org.springframework.beans.factory.support.AbstractBeanFactory.lambda$doGetBean$0(AbstractBeanFactory.java:336)
	at org.springframework.beans.factory.support.DefaultSingletonBeanRegistry.getSingleton(DefaultSingletonBeanRegistry.java:234)
	at org.springframework.beans.factory.support.AbstractBeanFactory.doGetBean(AbstractBeanFactory.java:334)
	at org.springframework.beans.factory.support.AbstractBeanFactory.getBean(AbstractBeanFactory.java:209)
	at org.springframework.beans.factory.config.DependencyDescriptor.resolveCandidate(DependencyDescriptor.java:276)
	at org.springframework.beans.factory.support.DefaultListableBeanFactory.doResolveDependency(DefaultListableBeanFactory.java:1391)
	at org.springframework.beans.factory.support.DefaultListableBeanFactory.resolveDependency(DefaultListableBeanFactory.java:1311)
	at org.springframework.beans.factory.support.ConstructorResolver.resolveAutowiredArgument(ConstructorResolver.java:904)
	at org.springframework.beans.factory.support.ConstructorResolver.createArgumentArray(ConstructorResolver.java:781)
	... 97 common frames omitted
Caused by: org.springframework.beans.BeanInstantiationException: Failed to instantiate [org.hswebframework.ezorm.rdb.metadata.RDBDatabaseMetadata]: Factory method 'databaseMetadata' threw exception; nested exception is org.springframework.transaction.CannotCreateTransactionException: Could not open R2DBC Connection for transaction; nested exception is io.r2dbc.spi.R2dbcPermissionDeniedException: [HY000] Authentication type 'caching_sha2_password' must require SSL in full authentication phase
	at org.springframework.beans.factory.support.SimpleInstantiationStrategy.instantiate(SimpleInstantiationStrategy.java:185)
	at org.springframework.beans.factory.support.ConstructorResolver.instantiate(ConstructorResolver.java:641)
	... 111 common frames omitted
Caused by: org.springframework.transaction.CannotCreateTransactionException: Could not open R2DBC Connection for transaction; nested exception is io.r2dbc.spi.R2dbcPermissionDeniedException: [HY000] Authentication type 'caching_sha2_password' must require SSL in full authentication phase
	at org.springframework.r2dbc.connection.R2dbcTransactionManager.lambda$null$5(R2dbcTransactionManager.java:222)
	at reactor.core.publisher.FluxOnErrorResume$ResumeSubscriber.onError(FluxOnErrorResume.java:94)
	at reactor.core.publisher.MonoFlatMap$FlatMapMain.onError(MonoFlatMap.java:172)
	at reactor.core.publisher.FluxPeek$PeekSubscriber.onError(FluxPeek.java:222)
	at reactor.core.publisher.FluxRetry$RetrySubscriber.onError(FluxRetry.java:95)
	at reactor.core.publisher.MonoFlatMap$FlatMapMain.onError(MonoFlatMap.java:172)
	at reactor.pool.AbstractPool$Borrower.fail(AbstractPool.java:475)
	at reactor.pool.SimpleDequePool.lambda$drainLoop$9(SimpleDequePool.java:431)
	at reactor.core.publisher.FluxDoOnEach$DoOnEachSubscriber.onError(FluxDoOnEach.java:186)
	at reactor.core.publisher.MonoFlatMap$FlatMapMain.onError(MonoFlatMap.java:172)
	at reactor.core.publisher.MonoFlatMap$FlatMapMain.secondError(MonoFlatMap.java:192)
	at reactor.core.publisher.MonoFlatMap$FlatMapInner.onError(MonoFlatMap.java:259)
	at reactor.core.publisher.MonoIgnoreThen$ThenIgnoreMain.onError(MonoIgnoreThen.java:278)
	at reactor.core.publisher.FluxOnErrorResume$ResumeSubscriber.onError(FluxOnErrorResume.java:106)
	at reactor.core.publisher.MonoIgnoreThen$ThenIgnoreMain.onError(MonoIgnoreThen.java:278)
	at reactor.core.publisher.MonoIgnoreThen$ThenIgnoreMain.subscribeNext(MonoIgnoreThen.java:231)
	at reactor.core.publisher.MonoIgnoreThen$ThenIgnoreMain.onComplete(MonoIgnoreThen.java:203)
	at reactor.core.publisher.Operators.complete(Operators.java:137)
	at reactor.netty.FutureMono.doSubscribe(FutureMono.java:122)
	at reactor.netty.FutureMono$DeferredFutureMono.subscribe(FutureMono.java:114)
	at reactor.core.publisher.Mono.subscribe(Mono.java:4491)
	at reactor.core.publisher.MonoIgnoreThen$ThenIgnoreMain.subscribeNext(MonoIgnoreThen.java:263)
	at reactor.core.publisher.MonoIgnoreThen.subscribe(MonoIgnoreThen.java:51)
	at reactor.core.publisher.Mono.subscribe(Mono.java:4491)
	at reactor.core.publisher.FluxOnErrorResume$ResumeSubscriber.onError(FluxOnErrorResume.java:103)
	at reactor.core.publisher.MonoFlatMapMany$FlatMapManyInner.onError(MonoFlatMapMany.java:255)
	at reactor.core.publisher.FluxPeekFuseable$PeekFuseableSubscriber.onError(FluxPeekFuseable.java:234)
	at reactor.core.publisher.FluxContextWrite$ContextWriteSubscriber.onError(FluxContextWrite.java:121)
	at io.asyncer.r2dbc.mysql.util.DiscardOnCancelSubscriber.onError(DiscardOnCancelSubscriber.java:75)
	at reactor.core.publisher.FluxPeekFuseable$PeekConditionalSubscriber.onError(FluxPeekFuseable.java:903)
	at reactor.core.publisher.FluxHandle$HandleConditionalSubscriber.onError(FluxHandle.java:427)
	at reactor.core.publisher.FluxHandle$HandleConditionalSubscriber.onNext(FluxHandle.java:329)
	at reactor.core.publisher.FluxPeekFuseable$PeekConditionalSubscriber.onNext(FluxPeekFuseable.java:854)
	at reactor.core.publisher.EmitterProcessor.drain(EmitterProcessor.java:537)
	at reactor.core.publisher.EmitterProcessor.tryEmitNext(EmitterProcessor.java:343)
	at reactor.core.publisher.SinkManySerialized.tryEmitNext(SinkManySerialized.java:100)
	at reactor.core.publisher.InternalManySink.emitNext(InternalManySink.java:27)
	at io.asyncer.r2dbc.mysql.client.ReactorNettyClient$ResponseSink.next(ReactorNettyClient.java:356)
	at io.asyncer.r2dbc.mysql.client.ReactorNettyClient.lambda$new$0(ReactorNettyClient.java:115)
	at reactor.core.publisher.FluxPeek$PeekSubscriber.onNext(FluxPeek.java:185)
	at reactor.netty.channel.FluxReceive.drainReceiver(FluxReceive.java:294)
	at reactor.netty.channel.FluxReceive.onInboundNext(FluxReceive.java:403)
	at reactor.netty.channel.ChannelOperations.onInboundNext(ChannelOperations.java:419)
	at reactor.netty.channel.ChannelOperationsHandler.channelRead(ChannelOperationsHandler.java:115)
	at io.netty.channel.AbstractChannelHandlerContext.invokeChannelRead(AbstractChannelHandlerContext.java:444)
	at io.netty.channel.AbstractChannelHandlerContext.invokeChannelRead(AbstractChannelHandlerContext.java:420)
	at io.netty.channel.AbstractChannelHandlerContext.fireChannelRead(AbstractChannelHandlerContext.java:412)
	at io.asyncer.r2dbc.mysql.client.MessageDuplexCodec.handleDecoded(MessageDuplexCodec.java:178)
	at io.asyncer.r2dbc.mysql.client.MessageDuplexCodec.channelRead(MessageDuplexCodec.java:81)
	at io.netty.channel.AbstractChannelHandlerContext.invokeChannelRead(AbstractChannelHandlerContext.java:442)
	at io.netty.channel.AbstractChannelHandlerContext.invokeChannelRead(AbstractChannelHandlerContext.java:420)
	at io.netty.channel.AbstractChannelHandlerContext.fireChannelRead(AbstractChannelHandlerContext.java:412)
	at io.netty.handler.codec.ByteToMessageDecoder.fireChannelRead(ByteToMessageDecoder.java:346)
	at io.netty.handler.codec.ByteToMessageDecoder.channelRead(ByteToMessageDecoder.java:318)
	at io.netty.channel.AbstractChannelHandlerContext.invokeChannelRead(AbstractChannelHandlerContext.java:444)
	at io.netty.channel.AbstractChannelHandlerContext.invokeChannelRead(AbstractChannelHandlerContext.java:420)
	at io.netty.channel.AbstractChannelHandlerContext.fireChannelRead(AbstractChannelHandlerContext.java:412)
	at io.netty.channel.DefaultChannelPipeline$HeadContext.channelRead(DefaultChannelPipeline.java:1407)
	at io.netty.channel.AbstractChannelHandlerContext.invokeChannelRead(AbstractChannelHandlerContext.java:440)
	at io.netty.channel.AbstractChannelHandlerContext.invokeChannelRead(AbstractChannelHandlerContext.java:420)
	at io.netty.channel.DefaultChannelPipeline.fireChannelRead(DefaultChannelPipeline.java:918)
	at io.netty.channel.nio.AbstractNioByteChannel$NioByteUnsafe.read(AbstractNioByteChannel.java:166)
	at io.netty.channel.nio.NioEventLoop.processSelectedKey(NioEventLoop.java:788)
	at io.netty.channel.nio.NioEventLoop.processSelectedKeysOptimized(NioEventLoop.java:724)
	at io.netty.channel.nio.NioEventLoop.processSelectedKeys(NioEventLoop.java:650)
	at io.netty.channel.nio.NioEventLoop.run(NioEventLoop.java:562)
	at io.netty.util.concurrent.SingleThreadEventExecutor$4.run(SingleThreadEventExecutor.java:994)
	at io.netty.util.internal.ThreadExecutorMap$2.run(ThreadExecutorMap.java:74)
	at io.netty.util.concurrent.FastThreadLocalRunnable.run(FastThreadLocalRunnable.java:30)
	at java.lang.Thread.run(Thread.java:750)
	Suppressed: java.lang.Exception: #block terminated with an error
		at reactor.core.publisher.BlockingSingleSubscriber.blockingGet(BlockingSingleSubscriber.java:141)
		at reactor.core.publisher.Mono.block(Mono.java:1766)
		at org.hswebframework.web.crud.configuration.EasyormConfiguration.databaseMetadata(EasyormConfiguration.java:80)
		at sun.reflect.NativeMethodAccessorImpl.invoke0(Native Method)
		at sun.reflect.NativeMethodAccessorImpl.invoke(NativeMethodAccessorImpl.java:62)
		at sun.reflect.DelegatingMethodAccessorImpl.invoke(DelegatingMethodAccessorImpl.java:43)
		at java.lang.reflect.Method.invoke(Method.java:498)
		at org.springframework.beans.factory.support.SimpleInstantiationStrategy.instantiate(SimpleInstantiationStrategy.java:154)
		at org.springframework.beans.factory.support.ConstructorResolver.instantiate(ConstructorResolver.java:641)
		at org.springframework.beans.factory.support.ConstructorResolver.instantiateUsingFactoryMethod(ConstructorResolver.java:626)
		at org.springframework.beans.factory.support.AbstractAutowireCapableBeanFactory.instantiateUsingFactoryMethod(AbstractAutowireCapableBeanFactory.java:1352)
		at org.springframework.beans.factory.support.AbstractAutowireCapableBeanFactory.createBeanInstance(AbstractAutowireCapableBeanFactory.java:1195)
		at org.springframework.beans.factory.support.AbstractAutowireCapableBeanFactory.doCreateBean(AbstractAutowireCapableBeanFactory.java:582)
		at org.springframework.beans.factory.support.AbstractAutowireCapableBeanFactory.createBean(AbstractAutowireCapableBeanFactory.java:542)
		at org.springframework.beans.factory.support.AbstractBeanFactory.lambda$doGetBean$0(AbstractBeanFactory.java:336)
		at org.springframework.beans.factory.support.DefaultSingletonBeanRegistry.getSingleton(DefaultSingletonBeanRegistry.java:234)
		at org.springframework.beans.factory.support.AbstractBeanFactory.doGetBean(AbstractBeanFactory.java:334)
		at org.springframework.beans.factory.support.AbstractBeanFactory.getBean(AbstractBeanFactory.java:209)
		at org.springframework.beans.factory.config.DependencyDescriptor.resolveCandidate(DependencyDescriptor.java:276)
		at org.springframework.beans.factory.support.DefaultListableBeanFactory.doResolveDependency(DefaultListableBeanFactory.java:1391)
		at org.springframework.beans.factory.support.DefaultListableBeanFactory.resolveDependency(DefaultListableBeanFactory.java:1311)
		at org.springframework.beans.factory.support.ConstructorResolver.resolveAutowiredArgument(ConstructorResolver.java:904)
		at org.springframework.beans.factory.support.ConstructorResolver.createArgumentArray(ConstructorResolver.java:781)
		at org.springframework.beans.factory.support.ConstructorResolver.instantiateUsingFactoryMethod(ConstructorResolver.java:532)
		at org.springframework.beans.factory.support.AbstractAutowireCapableBeanFactory.instantiateUsingFactoryMethod(AbstractAutowireCapableBeanFactory.java:1352)
		at org.springframework.beans.factory.support.AbstractAutowireCapableBeanFactory.createBeanInstance(AbstractAutowireCapableBeanFactory.java:1195)
		at org.springframework.beans.factory.support.AbstractAutowireCapableBeanFactory.doCreateBean(AbstractAutowireCapableBeanFactory.java:582)
		at org.springframework.beans.factory.support.AbstractAutowireCapableBeanFactory.createBean(AbstractAutowireCapableBeanFactory.java:542)
		at org.springframework.beans.factory.support.AbstractBeanFactory.lambda$doGetBean$0(AbstractBeanFactory.java:336)
		at org.springframework.beans.factory.support.DefaultSingletonBeanRegistry.getSingleton(DefaultSingletonBeanRegistry.java:234)
		at org.springframework.beans.factory.support.AbstractBeanFactory.doGetBean(AbstractBeanFactory.java:334)
		at org.springframework.beans.factory.support.AbstractBeanFactory.getBean(AbstractBeanFactory.java:209)
		at org.springframework.beans.factory.config.DependencyDescriptor.resolveCandidate(DependencyDescriptor.java:276)
		at org.springframework.beans.factory.support.DefaultListableBeanFactory.doResolveDependency(DefaultListableBeanFactory.java:1391)
		at org.springframework.beans.factory.support.DefaultListableBeanFactory.resolveDependency(DefaultListableBeanFactory.java:1311)
		at org.springframework.beans.factory.support.AbstractAutowireCapableBeanFactory.autowireByType(AbstractAutowireCapableBeanFactory.java:1519)
		at org.springframework.beans.factory.support.AbstractAutowireCapableBeanFactory.populateBean(AbstractAutowireCapableBeanFactory.java:1417)
		at org.springframework.beans.factory.support.AbstractAutowireCapableBeanFactory.doCreateBean(AbstractAutowireCapableBeanFactory.java:619)
		at org.springframework.beans.factory.support.AbstractAutowireCapableBeanFactory.createBean(AbstractAutowireCapableBeanFactory.java:542)
		at org.springframework.beans.factory.support.AbstractBeanFactory.lambda$doGetBean$0(AbstractBeanFactory.java:336)
		at org.springframework.beans.factory.support.DefaultSingletonBeanRegistry.getSingleton(DefaultSingletonBeanRegistry.java:234)
		at org.springframework.beans.factory.support.AbstractBeanFactory.doGetBean(AbstractBeanFactory.java:334)
		at org.springframework.beans.factory.support.AbstractBeanFactory.getBean(AbstractBeanFactory.java:209)
		at org.springframework.beans.factory.config.DependencyDescriptor.resolveCandidate(DependencyDescriptor.java:276)
		at org.springframework.beans.factory.support.DefaultListableBeanFactory.doResolveDependency(DefaultListableBeanFactory.java:1391)
		at org.springframework.beans.factory.support.DefaultListableBeanFactory.resolveDependency(DefaultListableBeanFactory.java:1311)
		at org.springframework.beans.factory.annotation.AutowiredAnnotationBeanPostProcessor$AutowiredFieldElement.resolveFieldValue(AutowiredAnnotationBeanPostProcessor.java:710)
		at org.springframework.beans.factory.annotation.AutowiredAnnotationBeanPostProcessor$AutowiredFieldElement.inject(AutowiredAnnotationBeanPostProcessor.java:693)
		at org.springframework.beans.factory.annotation.InjectionMetadata.inject(InjectionMetadata.java:119)
		at org.springframework.beans.factory.annotation.AutowiredAnnotationBeanPostProcessor.postProcessProperties(AutowiredAnnotationBeanPostProcessor.java:408)
		at org.springframework.beans.factory.support.AbstractAutowireCapableBeanFactory.populateBean(AbstractAutowireCapableBeanFactory.java:1431)
		at org.springframework.beans.factory.support.AbstractAutowireCapableBeanFactory.doCreateBean(AbstractAutowireCapableBeanFactory.java:619)
		at org.springframework.beans.factory.support.AbstractAutowireCapableBeanFactory.createBean(AbstractAutowireCapableBeanFactory.java:542)
		at org.springframework.beans.factory.support.AbstractBeanFactory.lambda$doGetBean$0(AbstractBeanFactory.java:336)
		at org.springframework.beans.factory.support.DefaultSingletonBeanRegistry.getSingleton(DefaultSingletonBeanRegistry.java:234)
		at org.springframework.beans.factory.support.AbstractBeanFactory.doGetBean(AbstractBeanFactory.java:334)
		at org.springframework.beans.factory.support.AbstractBeanFactory.getBean(AbstractBeanFactory.java:209)
		at org.springframework.beans.factory.config.DependencyDescriptor.resolveCandidate(DependencyDescriptor.java:276)
		at org.springframework.beans.factory.support.DefaultListableBeanFactory.doResolveDependency(DefaultListableBeanFactory.java:1391)
		at org.springframework.beans.factory.support.DefaultListableBeanFactory.resolveDependency(DefaultListableBeanFactory.java:1311)
		at org.springframework.beans.factory.annotation.AutowiredAnnotationBeanPostProcessor$AutowiredFieldElement.resolveFieldValue(AutowiredAnnotationBeanPostProcessor.java:710)
		at org.springframework.beans.factory.annotation.AutowiredAnnotationBeanPostProcessor$AutowiredFieldElement.inject(AutowiredAnnotationBeanPostProcessor.java:693)
		at org.springframework.beans.factory.annotation.InjectionMetadata.inject(InjectionMetadata.java:119)
		at org.springframework.beans.factory.annotation.AutowiredAnnotationBeanPostProcessor.postProcessProperties(AutowiredAnnotationBeanPostProcessor.java:408)
		at org.springframework.beans.factory.support.AbstractAutowireCapableBeanFactory.populateBean(AbstractAutowireCapableBeanFactory.java:1431)
		at org.springframework.beans.factory.support.AbstractAutowireCapableBeanFactory.doCreateBean(AbstractAutowireCapableBeanFactory.java:619)
		at org.springframework.beans.factory.support.AbstractAutowireCapableBeanFactory.createBean(AbstractAutowireCapableBeanFactory.java:542)
		at org.springframework.beans.factory.support.AbstractBeanFactory.lambda$doGetBean$0(AbstractBeanFactory.java:336)
		at org.springframework.beans.factory.support.DefaultSingletonBeanRegistry.getSingleton(DefaultSingletonBeanRegistry.java:234)
		at org.springframework.beans.factory.support.AbstractBeanFactory.doGetBean(AbstractBeanFactory.java:334)
		at org.springframework.beans.factory.support.AbstractBeanFactory.getBean(AbstractBeanFactory.java:209)
		at org.springframework.beans.factory.config.DependencyDescriptor.resolveCandidate(DependencyDescriptor.java:276)
		at org.springframework.beans.factory.support.DefaultListableBeanFactory.addCandidateEntry(DefaultListableBeanFactory.java:1609)
		at org.springframework.beans.factory.support.DefaultListableBeanFactory.findAutowireCandidates(DefaultListableBeanFactory.java:1573)
		at org.springframework.beans.factory.support.DefaultListableBeanFactory.resolveMultipleBeans(DefaultListableBeanFactory.java:1462)
		at org.springframework.beans.factory.support.DefaultListableBeanFactory.doResolveDependency(DefaultListableBeanFactory.java:1349)
		at org.springframework.beans.factory.support.DefaultListableBeanFactory.resolveDependency(DefaultListableBeanFactory.java:1311)
		at org.springframework.beans.factory.support.ConstructorResolver.resolveAutowiredArgument(ConstructorResolver.java:904)
		at org.springframework.beans.factory.support.ConstructorResolver.createArgumentArray(ConstructorResolver.java:781)
		at org.springframework.beans.factory.support.ConstructorResolver.instantiateUsingFactoryMethod(ConstructorResolver.java:532)
		at org.springframework.beans.factory.support.AbstractAutowireCapableBeanFactory.instantiateUsingFactoryMethod(AbstractAutowireCapableBeanFactory.java:1352)
		at org.springframework.beans.factory.support.AbstractAutowireCapableBeanFactory.createBeanInstance(AbstractAutowireCapableBeanFactory.java:1195)
		at org.springframework.beans.factory.support.AbstractAutowireCapableBeanFactory.doCreateBean(AbstractAutowireCapableBeanFactory.java:582)
		at org.springframework.beans.factory.support.AbstractAutowireCapableBeanFactory.createBean(AbstractAutowireCapableBeanFactory.java:542)
		at org.springframework.beans.factory.support.AbstractBeanFactory.lambda$doGetBean$0(AbstractBeanFactory.java:336)
		at org.springframework.beans.factory.support.DefaultSingletonBeanRegistry.getSingleton(DefaultSingletonBeanRegistry.java:234)
		at org.springframework.beans.factory.support.AbstractBeanFactory.doGetBean(AbstractBeanFactory.java:334)
		at org.springframework.beans.factory.support.AbstractBeanFactory.getBean(AbstractBeanFactory.java:209)
		at org.springframework.beans.factory.config.DependencyDescriptor.resolveCandidate(DependencyDescriptor.java:276)
		at org.springframework.beans.factory.support.DefaultListableBeanFactory.doResolveDependency(DefaultListableBeanFactory.java:1391)
		at org.springframework.beans.factory.support.DefaultListableBeanFactory.resolveDependency(DefaultListableBeanFactory.java:1311)
		at org.springframework.beans.factory.support.ConstructorResolver.resolveAutowiredArgument(ConstructorResolver.java:904)
		at org.springframework.beans.factory.support.ConstructorResolver.createArgumentArray(ConstructorResolver.java:781)
		at org.springframework.beans.factory.support.ConstructorResolver.autowireConstructor(ConstructorResolver.java:220)
		at org.springframework.beans.factory.support.AbstractAutowireCapableBeanFactory.autowireConstructor(AbstractAutowireCapableBeanFactory.java:1372)
		at org.springframework.beans.factory.support.AbstractAutowireCapableBeanFactory.createBeanInstance(AbstractAutowireCapableBeanFactory.java:1222)
		at org.springframework.beans.factory.support.AbstractAutowireCapableBeanFactory.doCreateBean(AbstractAutowireCapableBeanFactory.java:582)
		at org.springframework.beans.factory.support.AbstractAutowireCapableBeanFactory.createBean(AbstractAutowireCapableBeanFactory.java:542)
		at org.springframework.beans.factory.support.AbstractBeanFactory.lambda$doGetBean$0(AbstractBeanFactory.java:336)
		at org.springframework.beans.factory.support.DefaultSingletonBeanRegistry.getSingleton(DefaultSingletonBeanRegistry.java:234)
		at org.springframework.beans.factory.support.AbstractBeanFactory.doGetBean(AbstractBeanFactory.java:334)
		at org.springframework.beans.factory.support.AbstractBeanFactory.getBean(AbstractBeanFactory.java:214)
		at org.springframework.context.support.PostProcessorRegistrationDelegate.registerBeanPostProcessors(PostProcessorRegistrationDelegate.java:270)
		at org.springframework.context.support.AbstractApplicationContext.registerBeanPostProcessors(AbstractApplicationContext.java:773)
		at org.springframework.context.support.AbstractApplicationContext.refresh(AbstractApplicationContext.java:575)
		at org.springframework.boot.web.reactive.context.ReactiveWebServerApplicationContext.refresh(ReactiveWebServerApplicationContext.java:66)
		at org.springframework.boot.SpringApplication.refresh(SpringApplication.java:732)
		at org.springframework.boot.SpringApplication.refreshContext(SpringApplication.java:409)
		at org.springframework.boot.SpringApplication.run(SpringApplication.java:308)
		at org.springframework.boot.SpringApplication.run(SpringApplication.java:1300)
		at org.springframework.boot.SpringApplication.run(SpringApplication.java:1289)
		at org.jetlinks.community.standalone.JetLinksApplication.main(JetLinksApplication.java:33)
		at sun.reflect.NativeMethodAccessorImpl.invoke0(Native Method)
		at sun.reflect.NativeMethodAccessorImpl.invoke(NativeMethodAccessorImpl.java:62)
		at sun.reflect.DelegatingMethodAccessorImpl.invoke(DelegatingMethodAccessorImpl.java:43)
		at java.lang.reflect.Method.invoke(Method.java:498)
		at org.springframework.boot.loader.MainMethodRunner.run(MainMethodRunner.java:49)
		at org.springframework.boot.loader.Launcher.launch(Launcher.java:108)
		at org.springframework.boot.loader.Launcher.launch(Launcher.java:58)
		at org.springframework.boot.loader.PropertiesLauncher.main(PropertiesLauncher.java:467)
Caused by: io.r2dbc.spi.R2dbcPermissionDeniedException: Authentication type 'caching_sha2_password' must require SSL in full authentication phase
	at io.asyncer.r2dbc.mysql.LoginExchangeable.createAuthResponse(QueryFlow.java:879)
	at io.asyncer.r2dbc.mysql.LoginExchangeable.accept(QueryFlow.java:846)
	at io.asyncer.r2dbc.mysql.LoginExchangeable.accept(QueryFlow.java:748)
	at reactor.core.publisher.FluxHandle$HandleConditionalSubscriber.onNext(FluxHandle.java:324)
	... 38 common frames omitted

2026-06-09 14:44:39.189  WARN 17032 --- [reactor-tcp-nio-2] i.a.r.mysql.client.MessageDuplexCodec    : Connection has been closed by peer
2026-06-09 14:44:39.257  WARN 17032 --- [main] onfigReactiveWebServerApplicationContext : Exception encountered during context initialization - cancelling refresh attempt: org.springframework.beans.factory.UnsatisfiedDependencyException: Error creating bean with name 'defaultNotifierManager' defined in class path resource [org/jetlinks/community/notify/DefaultNotifierManager.class]: Unsatisfied dependency expressed through constructor parameter 1; nested exception is org.springframework.beans.factory.UnsatisfiedDependencyException: Error creating bean with name 'notifyConfigManager' defined in class path resource [org/jetlinks/community/notify/configuration/NotifierAutoConfiguration.class]: Unsatisfied dependency expressed through method 'notifyConfigManager' parameter 0; nested exception is org.springframework.beans.factory.UnsatisfiedDependencyException: Error creating bean with name 'defaultNotifyConfigManager': Unsatisfied dependency expressed through field 'configService'; nested exception is org.springframework.beans.factory.UnsatisfiedDependencyException: Error creating bean with name 'notifyConfigService': Unsatisfied dependency expressed through field 'repository'; nested exception is org.springframework.beans.factory.UnsatisfiedDependencyException: Error creating bean with name 'NotifyConfigEntityReactiveRepository': Unsatisfied dependency expressed through bean property 'operator'; nested exception is org.springframework.beans.factory.UnsatisfiedDependencyException: Error creating bean with name 'databaseOperator' defined in class path resource [org/hswebframework/web/crud/configuration/EasyormConfiguration.class]: Unsatisfied dependency expressed through method 'databaseOperator' parameter 0; nested exception is org.springframework.beans.factory.BeanCreationException: Error creating bean with name 'databaseMetadata' defined in class path resource [org/hswebframework/web/crud/configuration/EasyormConfiguration.class]: Bean instantiation via factory method failed; nested exception is org.springframework.beans.BeanInstantiationException: Failed to instantiate [org.hswebframework.ezorm.rdb.metadata.RDBDatabaseMetadata]: Factory method 'databaseMetadata' threw exception; nested exception is org.springframework.transaction.CannotCreateTransactionException: Could not open R2DBC Connection for transaction; nested exception is io.r2dbc.spi.R2dbcPermissionDeniedException: [HY000] Authentication type 'caching_sha2_password' must require SSL in full authentication phase
2026-06-09 14:44:39.264  WARN 17032 --- [reactor-tcp-nio-2] i.a.r.mysql.client.MessageDuplexCodec    : Connection has been closed by peer
2026-06-09 14:44:39.265  WARN 17032 --- [reactor-tcp-nio-2] i.a.r.mysql.client.MessageDuplexCodec    : Connection has been closed by peer
2026-06-09 14:44:39.266  WARN 17032 --- [reactor-tcp-nio-2] i.a.r.mysql.client.MessageDuplexCodec    : Connection has been closed by peer
2026-06-09 14:44:39.266  WARN 17032 --- [reactor-tcp-nio-2] i.a.r.mysql.client.MessageDuplexCodec    : Connection has been closed by peer
2026-06-09 14:44:39.267  WARN 17032 --- [reactor-tcp-nio-2] i.a.r.mysql.client.MessageDuplexCodec    : Connection has been closed by peer
2026-06-09 14:44:39.268  WARN 17032 --- [reactor-tcp-nio-2] i.a.r.mysql.client.MessageDuplexCodec    : Connection has been closed by peer
2026-06-09 14:44:39.268  WARN 17032 --- [reactor-tcp-nio-2] i.a.r.mysql.client.MessageDuplexCodec    : Connection has been closed by peer
2026-06-09 14:44:39.271  WARN 17032 --- [reactor-tcp-nio-2] i.a.r.mysql.client.MessageDuplexCodec    : Connection has been closed by peer
2026-06-09 14:44:39.271  WARN 17032 --- [reactor-tcp-nio-2] i.a.r.mysql.client.MessageDuplexCodec    : Connection has been closed by peer
2026-06-09 14:44:39.272  WARN 17032 --- [reactor-tcp-nio-2] i.a.r.mysql.client.MessageDuplexCodec    : Connection has been closed by peer
2026-06-09 14:44:39.580 ERROR 17032 --- [main] o.s.boot.SpringApplication               : Application run failed

org.springframework.beans.factory.UnsatisfiedDependencyException: Error creating bean with name 'defaultNotifierManager' defined in class path resource [org/jetlinks/community/notify/DefaultNotifierManager.class]: Unsatisfied dependency expressed through constructor parameter 1; nested exception is org.springframework.beans.factory.UnsatisfiedDependencyException: Error creating bean with name 'notifyConfigManager' defined in class path resource [org/jetlinks/community/notify/configuration/NotifierAutoConfiguration.class]: Unsatisfied dependency expressed through method 'notifyConfigManager' parameter 0; nested exception is org.springframework.beans.factory.UnsatisfiedDependencyException: Error creating bean with name 'defaultNotifyConfigManager': Unsatisfied dependency expressed through field 'configService'; nested exception is org.springframework.beans.factory.UnsatisfiedDependencyException: Error creating bean with name 'notifyConfigService': Unsatisfied dependency expressed through field 'repository'; nested exception is org.springframework.beans.factory.UnsatisfiedDependencyException: Error creating bean with name 'NotifyConfigEntityReactiveRepository': Unsatisfied dependency expressed through bean property 'operator'; nested exception is org.springframework.beans.factory.UnsatisfiedDependencyException: Error creating bean with name 'databaseOperator' defined in class path resource [org/hswebframework/web/crud/configuration/EasyormConfiguration.class]: Unsatisfied dependency expressed through method 'databaseOperator' parameter 0; nested exception is org.springframework.beans.factory.BeanCreationException: Error creating bean with name 'databaseMetadata' defined in class path resource [org/hswebframework/web/crud/configuration/EasyormConfiguration.class]: Bean instantiation via factory method failed; nested exception is org.springframework.beans.BeanInstantiationException: Failed to instantiate [org.hswebframework.ezorm.rdb.metadata.RDBDatabaseMetadata]: Factory method 'databaseMetadata' threw exception; nested exception is org.springframework.transaction.CannotCreateTransactionException: Could not open R2DBC Connection for transaction; nested exception is io.r2dbc.spi.R2dbcPermissionDeniedException: [HY000] Authentication type 'caching_sha2_password' must require SSL in full authentication phase
	at org.springframework.beans.factory.support.ConstructorResolver.createArgumentArray(ConstructorResolver.java:794)
	at org.springframework.beans.factory.support.ConstructorResolver.autowireConstructor(ConstructorResolver.java:220)
	at org.springframework.beans.factory.support.AbstractAutowireCapableBeanFactory.autowireConstructor(AbstractAutowireCapableBeanFactory.java:1372)
	at org.springframework.beans.factory.support.AbstractAutowireCapableBeanFactory.createBeanInstance(AbstractAutowireCapableBeanFactory.java:1222)
	at org.springframework.beans.factory.support.AbstractAutowireCapableBeanFactory.doCreateBean(AbstractAutowireCapableBeanFactory.java:582)
	at org.springframework.beans.factory.support.AbstractAutowireCapableBeanFactory.createBean(AbstractAutowireCapableBeanFactory.java:542)
	at org.springframework.beans.factory.support.AbstractBeanFactory.lambda$doGetBean$0(AbstractBeanFactory.java:336)
	at org.springframework.beans.factory.support.DefaultSingletonBeanRegistry.getSingleton(DefaultSingletonBeanRegistry.java:234)
	at org.springframework.beans.factory.support.AbstractBeanFactory.doGetBean(AbstractBeanFactory.java:334)
	at org.springframework.beans.factory.support.AbstractBeanFactory.getBean(AbstractBeanFactory.java:214)
	at org.springframework.context.support.PostProcessorRegistrationDelegate.registerBeanPostProcessors(PostProcessorRegistrationDelegate.java:270)
	at org.springframework.context.support.AbstractApplicationContext.registerBeanPostProcessors(AbstractApplicationContext.java:773)
	at org.springframework.context.support.AbstractApplicationContext.refresh(AbstractApplicationContext.java:575)
	at org.springframework.boot.web.reactive.context.ReactiveWebServerApplicationContext.refresh(ReactiveWebServerApplicationContext.java:66)
	at org.springframework.boot.SpringApplication.refresh(SpringApplication.java:732)
	at org.springframework.boot.SpringApplication.refreshContext(SpringApplication.java:409)
	at org.springframework.boot.SpringApplication.run(SpringApplication.java:308)
	at org.springframework.boot.SpringApplication.run(SpringApplication.java:1300)
	at org.springframework.boot.SpringApplication.run(SpringApplication.java:1289)
	at org.jetlinks.community.standalone.JetLinksApplication.main(JetLinksApplication.java:33)
	at sun.reflect.NativeMethodAccessorImpl.invoke0(Native Method)
	at sun.reflect.NativeMethodAccessorImpl.invoke(NativeMethodAccessorImpl.java:62)
	at sun.reflect.DelegatingMethodAccessorImpl.invoke(DelegatingMethodAccessorImpl.java:43)
	at java.lang.reflect.Method.invoke(Method.java:498)
	at org.springframework.boot.loader.MainMethodRunner.run(MainMethodRunner.java:49)
	at org.springframework.boot.loader.Launcher.launch(Launcher.java:108)
	at org.springframework.boot.loader.Launcher.launch(Launcher.java:58)
	at org.springframework.boot.loader.PropertiesLauncher.main(PropertiesLauncher.java:467)
Caused by: org.springframework.beans.factory.UnsatisfiedDependencyException: Error creating bean with name 'notifyConfigManager' defined in class path resource [org/jetlinks/community/notify/configuration/NotifierAutoConfiguration.class]: Unsatisfied dependency expressed through method 'notifyConfigManager' parameter 0; nested exception is org.springframework.beans.factory.UnsatisfiedDependencyException: Error creating bean with name 'defaultNotifyConfigManager': Unsatisfied dependency expressed through field 'configService'; nested exception is org.springframework.beans.factory.UnsatisfiedDependencyException: Error creating bean with name 'notifyConfigService': Unsatisfied dependency expressed through field 'repository'; nested exception is org.springframework.beans.factory.UnsatisfiedDependencyException: Error creating bean with name 'NotifyConfigEntityReactiveRepository': Unsatisfied dependency expressed through bean property 'operator'; nested exception is org.springframework.beans.factory.UnsatisfiedDependencyException: Error creating bean with name 'databaseOperator' defined in class path resource [org/hswebframework/web/crud/configuration/EasyormConfiguration.class]: Unsatisfied dependency expressed through method 'databaseOperator' parameter 0; nested exception is org.springframework.beans.factory.BeanCreationException: Error creating bean with name 'databaseMetadata' defined in class path resource [org/hswebframework/web/crud/configuration/EasyormConfiguration.class]: Bean instantiation via factory method failed; nested exception is org.springframework.beans.BeanInstantiationException: Failed to instantiate [org.hswebframework.ezorm.rdb.metadata.RDBDatabaseMetadata]: Factory method 'databaseMetadata' threw exception; nested exception is org.springframework.transaction.CannotCreateTransactionException: Could not open R2DBC Connection for transaction; nested exception is io.r2dbc.spi.R2dbcPermissionDeniedException: [HY000] Authentication type 'caching_sha2_password' must require SSL in full authentication phase
	at org.springframework.beans.factory.support.ConstructorResolver.createArgumentArray(ConstructorResolver.java:794)
	at org.springframework.beans.factory.support.ConstructorResolver.instantiateUsingFactoryMethod(ConstructorResolver.java:532)
	at org.springframework.beans.factory.support.AbstractAutowireCapableBeanFactory.instantiateUsingFactoryMethod(AbstractAutowireCapableBeanFactory.java:1352)
	at org.springframework.beans.factory.support.AbstractAutowireCapableBeanFactory.createBeanInstance(AbstractAutowireCapableBeanFactory.java:1195)
	at org.springframework.beans.factory.support.AbstractAutowireCapableBeanFactory.doCreateBean(AbstractAutowireCapableBeanFactory.java:582)
	at org.springframework.beans.factory.support.AbstractAutowireCapableBeanFactory.createBean(AbstractAutowireCapableBeanFactory.java:542)
	at org.springframework.beans.factory.support.AbstractBeanFactory.lambda$doGetBean$0(AbstractBeanFactory.java:336)
	at org.springframework.beans.factory.support.DefaultSingletonBeanRegistry.getSingleton(DefaultSingletonBeanRegistry.java:234)
	at org.springframework.beans.factory.support.AbstractBeanFactory.doGetBean(AbstractBeanFactory.java:334)
	at org.springframework.beans.factory.support.AbstractBeanFactory.getBean(AbstractBeanFactory.java:209)
	at org.springframework.beans.factory.config.DependencyDescriptor.resolveCandidate(DependencyDescriptor.java:276)
	at org.springframework.beans.factory.support.DefaultListableBeanFactory.doResolveDependency(DefaultListableBeanFactory.java:1391)
	at org.springframework.beans.factory.support.DefaultListableBeanFactory.resolveDependency(DefaultListableBeanFactory.java:1311)
	at org.springframework.beans.factory.support.ConstructorResolver.resolveAutowiredArgument(ConstructorResolver.java:904)
	at org.springframework.beans.factory.support.ConstructorResolver.createArgumentArray(ConstructorResolver.java:781)
	... 27 common frames omitted
Caused by: org.springframework.beans.factory.UnsatisfiedDependencyException: Error creating bean with name 'defaultNotifyConfigManager': Unsatisfied dependency expressed through field 'configService'; nested exception is org.springframework.beans.factory.UnsatisfiedDependencyException: Error creating bean with name 'notifyConfigService': Unsatisfied dependency expressed through field 'repository'; nested exception is org.springframework.beans.factory.UnsatisfiedDependencyException: Error creating bean with name 'NotifyConfigEntityReactiveRepository': Unsatisfied dependency expressed through bean property 'operator'; nested exception is org.springframework.beans.factory.UnsatisfiedDependencyException: Error creating bean with name 'databaseOperator' defined in class path resource [org/hswebframework/web/crud/configuration/EasyormConfiguration.class]: Unsatisfied dependency expressed through method 'databaseOperator' parameter 0; nested exception is org.springframework.beans.factory.BeanCreationException: Error creating bean with name 'databaseMetadata' defined in class path resource [org/hswebframework/web/crud/configuration/EasyormConfiguration.class]: Bean instantiation via factory method failed; nested exception is org.springframework.beans.BeanInstantiationException: Failed to instantiate [org.hswebframework.ezorm.rdb.metadata.RDBDatabaseMetadata]: Factory method 'databaseMetadata' threw exception; nested exception is org.springframework.transaction.CannotCreateTransactionException: Could not open R2DBC Connection for transaction; nested exception is io.r2dbc.spi.R2dbcPermissionDeniedException: [HY000] Authentication type 'caching_sha2_password' must require SSL in full authentication phase
	at org.springframework.beans.factory.annotation.AutowiredAnnotationBeanPostProcessor$AutowiredFieldElement.resolveFieldValue(AutowiredAnnotationBeanPostProcessor.java:713)
	at org.springframework.beans.factory.annotation.AutowiredAnnotationBeanPostProcessor$AutowiredFieldElement.inject(AutowiredAnnotationBeanPostProcessor.java:693)
	at org.springframework.beans.factory.annotation.InjectionMetadata.inject(InjectionMetadata.java:119)
	at org.springframework.beans.factory.annotation.AutowiredAnnotationBeanPostProcessor.postProcessProperties(AutowiredAnnotationBeanPostProcessor.java:408)
	at org.springframework.beans.factory.support.AbstractAutowireCapableBeanFactory.populateBean(AbstractAutowireCapableBeanFactory.java:1431)
	at org.springframework.beans.factory.support.AbstractAutowireCapableBeanFactory.doCreateBean(AbstractAutowireCapableBeanFactory.java:619)
	at org.springframework.beans.factory.support.AbstractAutowireCapableBeanFactory.createBean(AbstractAutowireCapableBeanFactory.java:542)
	at org.springframework.beans.factory.support.AbstractBeanFactory.lambda$doGetBean$0(AbstractBeanFactory.java:336)
	at org.springframework.beans.factory.support.DefaultSingletonBeanRegistry.getSingleton(DefaultSingletonBeanRegistry.java:234)
	at org.springframework.beans.factory.support.AbstractBeanFactory.doGetBean(AbstractBeanFactory.java:334)
	at org.springframework.beans.factory.support.AbstractBeanFactory.getBean(AbstractBeanFactory.java:209)
	at org.springframework.beans.factory.config.DependencyDescriptor.resolveCandidate(DependencyDescriptor.java:276)
	at org.springframework.beans.factory.support.DefaultListableBeanFactory.addCandidateEntry(DefaultListableBeanFactory.java:1609)
	at org.springframework.beans.factory.support.DefaultListableBeanFactory.findAutowireCandidates(DefaultListableBeanFactory.java:1573)
	at org.springframework.beans.factory.support.DefaultListableBeanFactory.resolveMultipleBeans(DefaultListableBeanFactory.java:1462)
	at org.springframework.beans.factory.support.DefaultListableBeanFactory.doResolveDependency(DefaultListableBeanFactory.java:1349)
	at org.springframework.beans.factory.support.DefaultListableBeanFactory.resolveDependency(DefaultListableBeanFactory.java:1311)
	at org.springframework.beans.factory.support.ConstructorResolver.resolveAutowiredArgument(ConstructorResolver.java:904)
	at org.springframework.beans.factory.support.ConstructorResolver.createArgumentArray(ConstructorResolver.java:781)
	... 41 common frames omitted
Caused by: org.springframework.beans.factory.UnsatisfiedDependencyException: Error creating bean with name 'notifyConfigService': Unsatisfied dependency expressed through field 'repository'; nested exception is org.springframework.beans.factory.UnsatisfiedDependencyException: Error creating bean with name 'NotifyConfigEntityReactiveRepository': Unsatisfied dependency expressed through bean property 'operator'; nested exception is org.springframework.beans.factory.UnsatisfiedDependencyException: Error creating bean with name 'databaseOperator' defined in class path resource [org/hswebframework/web/crud/configuration/EasyormConfiguration.class]: Unsatisfied dependency expressed through method 'databaseOperator' parameter 0; nested exception is org.springframework.beans.factory.BeanCreationException: Error creating bean with name 'databaseMetadata' defined in class path resource [org/hswebframework/web/crud/configuration/EasyormConfiguration.class]: Bean instantiation via factory method failed; nested exception is org.springframework.beans.BeanInstantiationException: Failed to instantiate [org.hswebframework.ezorm.rdb.metadata.RDBDatabaseMetadata]: Factory method 'databaseMetadata' threw exception; nested exception is org.springframework.transaction.CannotCreateTransactionException: Could not open R2DBC Connection for transaction; nested exception is io.r2dbc.spi.R2dbcPermissionDeniedException: [HY000] Authentication type 'caching_sha2_password' must require SSL in full authentication phase
	at org.springframework.beans.factory.annotation.AutowiredAnnotationBeanPostProcessor$AutowiredFieldElement.resolveFieldValue(AutowiredAnnotationBeanPostProcessor.java:713)
	at org.springframework.beans.factory.annotation.AutowiredAnnotationBeanPostProcessor$AutowiredFieldElement.inject(AutowiredAnnotationBeanPostProcessor.java:693)
	at org.springframework.beans.factory.annotation.InjectionMetadata.inject(InjectionMetadata.java:119)
	at org.springframework.beans.factory.annotation.AutowiredAnnotationBeanPostProcessor.postProcessProperties(AutowiredAnnotationBeanPostProcessor.java:408)
	at org.springframework.beans.factory.support.AbstractAutowireCapableBeanFactory.populateBean(AbstractAutowireCapableBeanFactory.java:1431)
	at org.springframework.beans.factory.support.AbstractAutowireCapableBeanFactory.doCreateBean(AbstractAutowireCapableBeanFactory.java:619)
	at org.springframework.beans.factory.support.AbstractAutowireCapableBeanFactory.createBean(AbstractAutowireCapableBeanFactory.java:542)
	at org.springframework.beans.factory.support.AbstractBeanFactory.lambda$doGetBean$0(AbstractBeanFactory.java:336)
	at org.springframework.beans.factory.support.DefaultSingletonBeanRegistry.getSingleton(DefaultSingletonBeanRegistry.java:234)
	at org.springframework.beans.factory.support.AbstractBeanFactory.doGetBean(AbstractBeanFactory.java:334)
	at org.springframework.beans.factory.support.AbstractBeanFactory.getBean(AbstractBeanFactory.java:209)
	at org.springframework.beans.factory.config.DependencyDescriptor.resolveCandidate(DependencyDescriptor.java:276)
	at org.springframework.beans.factory.support.DefaultListableBeanFactory.doResolveDependency(DefaultListableBeanFactory.java:1391)
	at org.springframework.beans.factory.support.DefaultListableBeanFactory.resolveDependency(DefaultListableBeanFactory.java:1311)
	at org.springframework.beans.factory.annotation.AutowiredAnnotationBeanPostProcessor$AutowiredFieldElement.resolveFieldValue(AutowiredAnnotationBeanPostProcessor.java:710)
	... 59 common frames omitted
Caused by: org.springframework.beans.factory.UnsatisfiedDependencyException: Error creating bean with name 'NotifyConfigEntityReactiveRepository': Unsatisfied dependency expressed through bean property 'operator'; nested exception is org.springframework.beans.factory.UnsatisfiedDependencyException: Error creating bean with name 'databaseOperator' defined in class path resource [org/hswebframework/web/crud/configuration/EasyormConfiguration.class]: Unsatisfied dependency expressed through method 'databaseOperator' parameter 0; nested exception is org.springframework.beans.factory.BeanCreationException: Error creating bean with name 'databaseMetadata' defined in class path resource [org/hswebframework/web/crud/configuration/EasyormConfiguration.class]: Bean instantiation via factory method failed; nested exception is org.springframework.beans.BeanInstantiationException: Failed to instantiate [org.hswebframework.ezorm.rdb.metadata.RDBDatabaseMetadata]: Factory method 'databaseMetadata' threw exception; nested exception is org.springframework.transaction.CannotCreateTransactionException: Could not open R2DBC Connection for transaction; nested exception is io.r2dbc.spi.R2dbcPermissionDeniedException: [HY000] Authentication type 'caching_sha2_password' must require SSL in full authentication phase
	at org.springframework.beans.factory.support.AbstractAutowireCapableBeanFactory.autowireByType(AbstractAutowireCapableBeanFactory.java:1534)
	at org.springframework.beans.factory.support.AbstractAutowireCapableBeanFactory.populateBean(AbstractAutowireCapableBeanFactory.java:1417)
	at org.springframework.beans.factory.support.AbstractAutowireCapableBeanFactory.doCreateBean(AbstractAutowireCapableBeanFactory.java:619)
	at org.springframework.beans.factory.support.AbstractAutowireCapableBeanFactory.createBean(AbstractAutowireCapableBeanFactory.java:542)
	at org.springframework.beans.factory.support.AbstractBeanFactory.lambda$doGetBean$0(AbstractBeanFactory.java:336)
	at org.springframework.beans.factory.support.DefaultSingletonBeanRegistry.getSingleton(DefaultSingletonBeanRegistry.java:234)
	at org.springframework.beans.factory.support.AbstractBeanFactory.doGetBean(AbstractBeanFactory.java:334)
	at org.springframework.beans.factory.support.AbstractBeanFactory.getBean(AbstractBeanFactory.java:209)
	at org.springframework.beans.factory.config.DependencyDescriptor.resolveCandidate(DependencyDescriptor.java:276)
	at org.springframework.beans.factory.support.DefaultListableBeanFactory.doResolveDependency(DefaultListableBeanFactory.java:1391)
	at org.springframework.beans.factory.support.DefaultListableBeanFactory.resolveDependency(DefaultListableBeanFactory.java:1311)
	at org.springframework.beans.factory.annotation.AutowiredAnnotationBeanPostProcessor$AutowiredFieldElement.resolveFieldValue(AutowiredAnnotationBeanPostProcessor.java:710)
	... 73 common frames omitted
Caused by: org.springframework.beans.factory.UnsatisfiedDependencyException: Error creating bean with name 'databaseOperator' defined in class path resource [org/hswebframework/web/crud/configuration/EasyormConfiguration.class]: Unsatisfied dependency expressed through method 'databaseOperator' parameter 0; nested exception is org.springframework.beans.factory.BeanCreationException: Error creating bean with name 'databaseMetadata' defined in class path resource [org/hswebframework/web/crud/configuration/EasyormConfiguration.class]: Bean instantiation via factory method failed; nested exception is org.springframework.beans.BeanInstantiationException: Failed to instantiate [org.hswebframework.ezorm.rdb.metadata.RDBDatabaseMetadata]: Factory method 'databaseMetadata' threw exception; nested exception is org.springframework.transaction.CannotCreateTransactionException: Could not open R2DBC Connection for transaction; nested exception is io.r2dbc.spi.R2dbcPermissionDeniedException: [HY000] Authentication type 'caching_sha2_password' must require SSL in full authentication phase
	at org.springframework.beans.factory.support.ConstructorResolver.createArgumentArray(ConstructorResolver.java:794)
	at org.springframework.beans.factory.support.ConstructorResolver.instantiateUsingFactoryMethod(ConstructorResolver.java:532)
	at org.springframework.beans.factory.support.AbstractAutowireCapableBeanFactory.instantiateUsingFactoryMethod(AbstractAutowireCapableBeanFactory.java:1352)
	at org.springframework.beans.factory.support.AbstractAutowireCapableBeanFactory.createBeanInstance(AbstractAutowireCapableBeanFactory.java:1195)
	at org.springframework.beans.factory.support.AbstractAutowireCapableBeanFactory.doCreateBean(AbstractAutowireCapableBeanFactory.java:582)
	at org.springframework.beans.factory.support.AbstractAutowireCapableBeanFactory.createBean(AbstractAutowireCapableBeanFactory.java:542)
	at org.springframework.beans.factory.support.AbstractBeanFactory.lambda$doGetBean$0(AbstractBeanFactory.java:336)
	at org.springframework.beans.factory.support.DefaultSingletonBeanRegistry.getSingleton(DefaultSingletonBeanRegistry.java:234)
	at org.springframework.beans.factory.support.AbstractBeanFactory.doGetBean(AbstractBeanFactory.java:334)
	at org.springframework.beans.factory.support.AbstractBeanFactory.getBean(AbstractBeanFactory.java:209)
	at org.springframework.beans.factory.config.DependencyDescriptor.resolveCandidate(DependencyDescriptor.java:276)
	at org.springframework.beans.factory.support.DefaultListableBeanFactory.doResolveDependency(DefaultListableBeanFactory.java:1391)
	at org.springframework.beans.factory.support.DefaultListableBeanFactory.resolveDependency(DefaultListableBeanFactory.java:1311)
	at org.springframework.beans.factory.support.AbstractAutowireCapableBeanFactory.autowireByType(AbstractAutowireCapableBeanFactory.java:1519)
	... 84 common frames omitted
Caused by: org.springframework.beans.factory.BeanCreationException: Error creating bean with name 'databaseMetadata' defined in class path resource [org/hswebframework/web/crud/configuration/EasyormConfiguration.class]: Bean instantiation via factory method failed; nested exception is org.springframework.beans.BeanInstantiationException: Failed to instantiate [org.hswebframework.ezorm.rdb.metadata.RDBDatabaseMetadata]: Factory method 'databaseMetadata' threw exception; nested exception is org.springframework.transaction.CannotCreateTransactionException: Could not open R2DBC Connection for transaction; nested exception is io.r2dbc.spi.R2dbcPermissionDeniedException: [HY000] Authentication type 'caching_sha2_password' must require SSL in full authentication phase
	at org.springframework.beans.factory.support.ConstructorResolver.instantiate(ConstructorResolver.java:646)
	at org.springframework.beans.factory.support.ConstructorResolver.instantiateUsingFactoryMethod(ConstructorResolver.java:626)
	at org.springframework.beans.factory.support.AbstractAutowireCapableBeanFactory.instantiateUsingFactoryMethod(AbstractAutowireCapableBeanFactory.java:1352)
	at org.springframework.beans.factory.support.AbstractAutowireCapableBeanFactory.createBeanInstance(AbstractAutowireCapableBeanFactory.java:1195)
	at org.springframework.beans.factory.support.AbstractAutowireCapableBeanFactory.doCreateBean(AbstractAutowireCapableBeanFactory.java:582)
	at org.springframework.beans.factory.support.AbstractAutowireCapableBeanFactory.createBean(AbstractAutowireCapableBeanFactory.java:542)
	at org.springframework.beans.factory.support.AbstractBeanFactory.lambda$doGetBean$0(AbstractBeanFactory.java:336)
	at org.springframework.beans.factory.support.DefaultSingletonBeanRegistry.getSingleton(DefaultSingletonBeanRegistry.java:234)
	at org.springframework.beans.factory.support.AbstractBeanFactory.doGetBean(AbstractBeanFactory.java:334)
	at org.springframework.beans.factory.support.AbstractBeanFactory.getBean(AbstractBeanFactory.java:209)
	at org.springframework.beans.factory.config.DependencyDescriptor.resolveCandidate(DependencyDescriptor.java:276)
	at org.springframework.beans.factory.support.DefaultListableBeanFactory.doResolveDependency(DefaultListableBeanFactory.java:1391)
	at org.springframework.beans.factory.support.DefaultListableBeanFactory.resolveDependency(DefaultListableBeanFactory.java:1311)
	at org.springframework.beans.factory.support.ConstructorResolver.resolveAutowiredArgument(ConstructorResolver.java:904)
	at org.springframework.beans.factory.support.ConstructorResolver.createArgumentArray(ConstructorResolver.java:781)
	... 97 common frames omitted
Caused by: org.springframework.beans.BeanInstantiationException: Failed to instantiate [org.hswebframework.ezorm.rdb.metadata.RDBDatabaseMetadata]: Factory method 'databaseMetadata' threw exception; nested exception is org.springframework.transaction.CannotCreateTransactionException: Could not open R2DBC Connection for transaction; nested exception is io.r2dbc.spi.R2dbcPermissionDeniedException: [HY000] Authentication type 'caching_sha2_password' must require SSL in full authentication phase
	at org.springframework.beans.factory.support.SimpleInstantiationStrategy.instantiate(SimpleInstantiationStrategy.java:185)
	at org.springframework.beans.factory.support.ConstructorResolver.instantiate(ConstructorResolver.java:641)
	... 111 common frames omitted
Caused by: org.springframework.transaction.CannotCreateTransactionException: Could not open R2DBC Connection for transaction; nested exception is io.r2dbc.spi.R2dbcPermissionDeniedException: [HY000] Authentication type 'caching_sha2_password' must require SSL in full authentication phase
	at org.springframework.r2dbc.connection.R2dbcTransactionManager.lambda$null$5(R2dbcTransactionManager.java:222)
	at reactor.core.publisher.FluxOnErrorResume$ResumeSubscriber.onError(FluxOnErrorResume.java:94)
	at reactor.core.publisher.MonoFlatMap$FlatMapMain.onError(MonoFlatMap.java:172)
	at reactor.core.publisher.FluxPeek$PeekSubscriber.onError(FluxPeek.java:222)
	at reactor.core.publisher.FluxRetry$RetrySubscriber.onError(FluxRetry.java:95)
	at reactor.core.publisher.MonoFlatMap$FlatMapMain.onError(MonoFlatMap.java:172)
	at reactor.pool.AbstractPool$Borrower.fail(AbstractPool.java:475)
	at reactor.pool.SimpleDequePool.lambda$drainLoop$9(SimpleDequePool.java:431)
	at reactor.core.publisher.FluxDoOnEach$DoOnEachSubscriber.onError(FluxDoOnEach.java:186)
	at reactor.core.publisher.MonoFlatMap$FlatMapMain.onError(MonoFlatMap.java:172)
	at reactor.core.publisher.MonoFlatMap$FlatMapMain.secondError(MonoFlatMap.java:192)
	at reactor.core.publisher.MonoFlatMap$FlatMapInner.onError(MonoFlatMap.java:259)
	at reactor.core.publisher.MonoIgnoreThen$ThenIgnoreMain.onError(MonoIgnoreThen.java:278)
	at reactor.core.publisher.FluxOnErrorResume$ResumeSubscriber.onError(FluxOnErrorResume.java:106)
	at reactor.core.publisher.MonoIgnoreThen$ThenIgnoreMain.onError(MonoIgnoreThen.java:278)
	at reactor.core.publisher.MonoIgnoreThen$ThenIgnoreMain.subscribeNext(MonoIgnoreThen.java:231)
	at reactor.core.publisher.MonoIgnoreThen$ThenIgnoreMain.onComplete(MonoIgnoreThen.java:203)
	at reactor.core.publisher.Operators.complete(Operators.java:137)
	at reactor.netty.FutureMono.doSubscribe(FutureMono.java:122)
	at reactor.netty.FutureMono$DeferredFutureMono.subscribe(FutureMono.java:114)
	at reactor.core.publisher.Mono.subscribe(Mono.java:4491)
	at reactor.core.publisher.MonoIgnoreThen$ThenIgnoreMain.subscribeNext(MonoIgnoreThen.java:263)
	at reactor.core.publisher.MonoIgnoreThen.subscribe(MonoIgnoreThen.java:51)
	at reactor.core.publisher.Mono.subscribe(Mono.java:4491)
	at reactor.core.publisher.FluxOnErrorResume$ResumeSubscriber.onError(FluxOnErrorResume.java:103)
	at reactor.core.publisher.MonoFlatMapMany$FlatMapManyInner.onError(MonoFlatMapMany.java:255)
	at reactor.core.publisher.FluxPeekFuseable$PeekFuseableSubscriber.onError(FluxPeekFuseable.java:234)
	at reactor.core.publisher.FluxContextWrite$ContextWriteSubscriber.onError(FluxContextWrite.java:121)
	at io.asyncer.r2dbc.mysql.util.DiscardOnCancelSubscriber.onError(DiscardOnCancelSubscriber.java:75)
	at reactor.core.publisher.FluxPeekFuseable$PeekConditionalSubscriber.onError(FluxPeekFuseable.java:903)
	at reactor.core.publisher.FluxHandle$HandleConditionalSubscriber.onError(FluxHandle.java:427)
	at reactor.core.publisher.FluxHandle$HandleConditionalSubscriber.onNext(FluxHandle.java:329)
	at reactor.core.publisher.FluxPeekFuseable$PeekConditionalSubscriber.onNext(FluxPeekFuseable.java:854)
	at reactor.core.publisher.EmitterProcessor.drain(EmitterProcessor.java:537)
	at reactor.core.publisher.EmitterProcessor.tryEmitNext(EmitterProcessor.java:343)
	at reactor.core.publisher.SinkManySerialized.tryEmitNext(SinkManySerialized.java:100)
	at reactor.core.publisher.InternalManySink.emitNext(InternalManySink.java:27)
	at io.asyncer.r2dbc.mysql.client.ReactorNettyClient$ResponseSink.next(ReactorNettyClient.java:356)
	at io.asyncer.r2dbc.mysql.client.ReactorNettyClient.lambda$new$0(ReactorNettyClient.java:115)
	at reactor.core.publisher.FluxPeek$PeekSubscriber.onNext(FluxPeek.java:185)
	at reactor.netty.channel.FluxReceive.drainReceiver(FluxReceive.java:294)
	at reactor.netty.channel.FluxReceive.onInboundNext(FluxReceive.java:403)
	at reactor.netty.channel.ChannelOperations.onInboundNext(ChannelOperations.java:419)
	at reactor.netty.channel.ChannelOperationsHandler.channelRead(ChannelOperationsHandler.java:115)
	at io.netty.channel.AbstractChannelHandlerContext.invokeChannelRead(AbstractChannelHandlerContext.java:444)
	at io.netty.channel.AbstractChannelHandlerContext.invokeChannelRead(AbstractChannelHandlerContext.java:420)
	at io.netty.channel.AbstractChannelHandlerContext.fireChannelRead(AbstractChannelHandlerContext.java:412)
	at io.asyncer.r2dbc.mysql.client.MessageDuplexCodec.handleDecoded(MessageDuplexCodec.java:178)
	at io.asyncer.r2dbc.mysql.client.MessageDuplexCodec.channelRead(MessageDuplexCodec.java:81)
	at io.netty.channel.AbstractChannelHandlerContext.invokeChannelRead(AbstractChannelHandlerContext.java:442)
	at io.netty.channel.AbstractChannelHandlerContext.invokeChannelRead(AbstractChannelHandlerContext.java:420)
	at io.netty.channel.AbstractChannelHandlerContext.fireChannelRead(AbstractChannelHandlerContext.java:412)
	at io.netty.handler.codec.ByteToMessageDecoder.fireChannelRead(ByteToMessageDecoder.java:346)
	at io.netty.handler.codec.ByteToMessageDecoder.channelRead(ByteToMessageDecoder.java:318)
	at io.netty.channel.AbstractChannelHandlerContext.invokeChannelRead(AbstractChannelHandlerContext.java:444)
	at io.netty.channel.AbstractChannelHandlerContext.invokeChannelRead(AbstractChannelHandlerContext.java:420)
	at io.netty.channel.AbstractChannelHandlerContext.fireChannelRead(AbstractChannelHandlerContext.java:412)
	at io.netty.channel.DefaultChannelPipeline$HeadContext.channelRead(DefaultChannelPipeline.java:1407)
	at io.netty.channel.AbstractChannelHandlerContext.invokeChannelRead(AbstractChannelHandlerContext.java:440)
	at io.netty.channel.AbstractChannelHandlerContext.invokeChannelRead(AbstractChannelHandlerContext.java:420)
	at io.netty.channel.DefaultChannelPipeline.fireChannelRead(DefaultChannelPipeline.java:918)
	at io.netty.channel.nio.AbstractNioByteChannel$NioByteUnsafe.read(AbstractNioByteChannel.java:166)
	at io.netty.channel.nio.NioEventLoop.processSelectedKey(NioEventLoop.java:788)
	at io.netty.channel.nio.NioEventLoop.processSelectedKeysOptimized(NioEventLoop.java:724)
	at io.netty.channel.nio.NioEventLoop.processSelectedKeys(NioEventLoop.java:650)
	at io.netty.channel.nio.NioEventLoop.run(NioEventLoop.java:562)
	at io.netty.util.concurrent.SingleThreadEventExecutor$4.run(SingleThreadEventExecutor.java:994)
	at io.netty.util.internal.ThreadExecutorMap$2.run(ThreadExecutorMap.java:74)
	at io.netty.util.concurrent.FastThreadLocalRunnable.run(FastThreadLocalRunnable.java:30)
	at java.lang.Thread.run(Thread.java:750)
	Suppressed: java.lang.Exception: #block terminated with an error
		at reactor.core.publisher.BlockingSingleSubscriber.blockingGet(BlockingSingleSubscriber.java:141)
		at reactor.core.publisher.Mono.block(Mono.java:1766)
		at org.hswebframework.web.crud.configuration.EasyormConfiguration.databaseMetadata(EasyormConfiguration.java:80)
		at sun.reflect.NativeMethodAccessorImpl.invoke0(Native Method)
		at sun.reflect.NativeMethodAccessorImpl.invoke(NativeMethodAccessorImpl.java:62)
		at sun.reflect.DelegatingMethodAccessorImpl.invoke(DelegatingMethodAccessorImpl.java:43)
		at java.lang.reflect.Method.invoke(Method.java:498)
		at org.springframework.beans.factory.support.SimpleInstantiationStrategy.instantiate(SimpleInstantiationStrategy.java:154)
		at org.springframework.beans.factory.support.ConstructorResolver.instantiate(ConstructorResolver.java:641)
		at org.springframework.beans.factory.support.ConstructorResolver.instantiateUsingFactoryMethod(ConstructorResolver.java:626)
		at org.springframework.beans.factory.support.AbstractAutowireCapableBeanFactory.instantiateUsingFactoryMethod(AbstractAutowireCapableBeanFactory.java:1352)
		at org.springframework.beans.factory.support.AbstractAutowireCapableBeanFactory.createBeanInstance(AbstractAutowireCapableBeanFactory.java:1195)
		at org.springframework.beans.factory.support.AbstractAutowireCapableBeanFactory.doCreateBean(AbstractAutowireCapableBeanFactory.java:582)
		at org.springframework.beans.factory.support.AbstractAutowireCapableBeanFactory.createBean(AbstractAutowireCapableBeanFactory.java:542)
		at org.springframework.beans.factory.support.AbstractBeanFactory.lambda$doGetBean$0(AbstractBeanFactory.java:336)
		at org.springframework.beans.factory.support.DefaultSingletonBeanRegistry.getSingleton(DefaultSingletonBeanRegistry.java:234)
		at org.springframework.beans.factory.support.AbstractBeanFactory.doGetBean(AbstractBeanFactory.java:334)
		at org.springframework.beans.factory.support.AbstractBeanFactory.getBean(AbstractBeanFactory.java:209)
		at org.springframework.beans.factory.config.DependencyDescriptor.resolveCandidate(DependencyDescriptor.java:276)
		at org.springframework.beans.factory.support.DefaultListableBeanFactory.doResolveDependency(DefaultListableBeanFactory.java:1391)
		at org.springframework.beans.factory.support.DefaultListableBeanFactory.resolveDependency(DefaultListableBeanFactory.java:1311)
		at org.springframework.beans.factory.support.ConstructorResolver.resolveAutowiredArgument(ConstructorResolver.java:904)
		at org.springframework.beans.factory.support.ConstructorResolver.createArgumentArray(ConstructorResolver.java:781)
		at org.springframework.beans.factory.support.ConstructorResolver.instantiateUsingFactoryMethod(ConstructorResolver.java:532)
		at org.springframework.beans.factory.support.AbstractAutowireCapableBeanFactory.instantiateUsingFactoryMethod(AbstractAutowireCapableBeanFactory.java:1352)
		at org.springframework.beans.factory.support.AbstractAutowireCapableBeanFactory.createBeanInstance(AbstractAutowireCapableBeanFactory.java:1195)
		at org.springframework.beans.factory.support.AbstractAutowireCapableBeanFactory.doCreateBean(AbstractAutowireCapableBeanFactory.java:582)
		at org.springframework.beans.factory.support.AbstractAutowireCapableBeanFactory.createBean(AbstractAutowireCapableBeanFactory.java:542)
		at org.springframework.beans.factory.support.AbstractBeanFactory.lambda$doGetBean$0(AbstractBeanFactory.java:336)
		at org.springframework.beans.factory.support.DefaultSingletonBeanRegistry.getSingleton(DefaultSingletonBeanRegistry.java:234)
		at org.springframework.beans.factory.support.AbstractBeanFactory.doGetBean(AbstractBeanFactory.java:334)
		at org.springframework.beans.factory.support.AbstractBeanFactory.getBean(AbstractBeanFactory.java:209)
		at org.springframework.beans.factory.config.DependencyDescriptor.resolveCandidate(DependencyDescriptor.java:276)
		at org.springframework.beans.factory.support.DefaultListableBeanFactory.doResolveDependency(DefaultListableBeanFactory.java:1391)
		at org.springframework.beans.factory.support.DefaultListableBeanFactory.resolveDependency(DefaultListableBeanFactory.java:1311)
		at org.springframework.beans.factory.support.AbstractAutowireCapableBeanFactory.autowireByType(AbstractAutowireCapableBeanFactory.java:1519)
		at org.springframework.beans.factory.support.AbstractAutowireCapableBeanFactory.populateBean(AbstractAutowireCapableBeanFactory.java:1417)
		at org.springframework.beans.factory.support.AbstractAutowireCapableBeanFactory.doCreateBean(AbstractAutowireCapableBeanFactory.java:619)
		at org.springframework.beans.factory.support.AbstractAutowireCapableBeanFactory.createBean(AbstractAutowireCapableBeanFactory.java:542)
		at org.springframework.beans.factory.support.AbstractBeanFactory.lambda$doGetBean$0(AbstractBeanFactory.java:336)
		at org.springframework.beans.factory.support.DefaultSingletonBeanRegistry.getSingleton(DefaultSingletonBeanRegistry.java:234)
		at org.springframework.beans.factory.support.AbstractBeanFactory.doGetBean(AbstractBeanFactory.java:334)
		at org.springframework.beans.factory.support.AbstractBeanFactory.getBean(AbstractBeanFactory.java:209)
		at org.springframework.beans.factory.config.DependencyDescriptor.resolveCandidate(DependencyDescriptor.java:276)
		at org.springframework.beans.factory.support.DefaultListableBeanFactory.doResolveDependency(DefaultListableBeanFactory.java:1391)
		at org.springframework.beans.factory.support.DefaultListableBeanFactory.resolveDependency(DefaultListableBeanFactory.java:1311)
		at org.springframework.beans.factory.annotation.AutowiredAnnotationBeanPostProcessor$AutowiredFieldElement.resolveFieldValue(AutowiredAnnotationBeanPostProcessor.java:710)
		at org.springframework.beans.factory.annotation.AutowiredAnnotationBeanPostProcessor$AutowiredFieldElement.inject(AutowiredAnnotationBeanPostProcessor.java:693)
		at org.springframework.beans.factory.annotation.InjectionMetadata.inject(InjectionMetadata.java:119)
		at org.springframework.beans.factory.annotation.AutowiredAnnotationBeanPostProcessor.postProcessProperties(AutowiredAnnotationBeanPostProcessor.java:408)
		at org.springframework.beans.factory.support.AbstractAutowireCapableBeanFactory.populateBean(AbstractAutowireCapableBeanFactory.java:1431)
		at org.springframework.beans.factory.support.AbstractAutowireCapableBeanFactory.doCreateBean(AbstractAutowireCapableBeanFactory.java:619)
		at org.springframework.beans.factory.support.AbstractAutowireCapableBeanFactory.createBean(AbstractAutowireCapableBeanFactory.java:542)
		at org.springframework.beans.factory.support.AbstractBeanFactory.lambda$doGetBean$0(AbstractBeanFactory.java:336)
		at org.springframework.beans.factory.support.DefaultSingletonBeanRegistry.getSingleton(DefaultSingletonBeanRegistry.java:234)
		at org.springframework.beans.factory.support.AbstractBeanFactory.doGetBean(AbstractBeanFactory.java:334)
		at org.springframework.beans.factory.support.AbstractBeanFactory.getBean(AbstractBeanFactory.java:209)
		at org.springframework.beans.factory.config.DependencyDescriptor.resolveCandidate(DependencyDescriptor.java:276)
		at org.springframework.beans.factory.support.DefaultListableBeanFactory.doResolveDependency(DefaultListableBeanFactory.java:1391)
		at org.springframework.beans.factory.support.DefaultListableBeanFactory.resolveDependency(DefaultListableBeanFactory.java:1311)
		at org.springframework.beans.factory.annotation.AutowiredAnnotationBeanPostProcessor$AutowiredFieldElement.resolveFieldValue(AutowiredAnnotationBeanPostProcessor.java:710)
		at org.springframework.beans.factory.annotation.AutowiredAnnotationBeanPostProcessor$AutowiredFieldElement.inject(AutowiredAnnotationBeanPostProcessor.java:693)
		at org.springframework.beans.factory.annotation.InjectionMetadata.inject(InjectionMetadata.java:119)
		at org.springframework.beans.factory.annotation.AutowiredAnnotationBeanPostProcessor.postProcessProperties(AutowiredAnnotationBeanPostProcessor.java:408)
		at org.springframework.beans.factory.support.AbstractAutowireCapableBeanFactory.populateBean(AbstractAutowireCapableBeanFactory.java:1431)
		at org.springframework.beans.factory.support.AbstractAutowireCapableBeanFactory.doCreateBean(AbstractAutowireCapableBeanFactory.java:619)
		at org.springframework.beans.factory.support.AbstractAutowireCapableBeanFactory.createBean(AbstractAutowireCapableBeanFactory.java:542)
		at org.springframework.beans.factory.support.AbstractBeanFactory.lambda$doGetBean$0(AbstractBeanFactory.java:336)
		at org.springframework.beans.factory.support.DefaultSingletonBeanRegistry.getSingleton(DefaultSingletonBeanRegistry.java:234)
		at org.springframework.beans.factory.support.AbstractBeanFactory.doGetBean(AbstractBeanFactory.java:334)
		at org.springframework.beans.factory.support.AbstractBeanFactory.getBean(AbstractBeanFactory.java:209)
		at org.springframework.beans.factory.config.DependencyDescriptor.resolveCandidate(DependencyDescriptor.java:276)
		at org.springframework.beans.factory.support.DefaultListableBeanFactory.addCandidateEntry(DefaultListableBeanFactory.java:1609)
		at org.springframework.beans.factory.support.DefaultListableBeanFactory.findAutowireCandidates(DefaultListableBeanFactory.java:1573)
		at org.springframework.beans.factory.support.DefaultListableBeanFactory.resolveMultipleBeans(DefaultListableBeanFactory.java:1462)
		at org.springframework.beans.factory.support.DefaultListableBeanFactory.doResolveDependency(DefaultListableBeanFactory.java:1349)
		at org.springframework.beans.factory.support.DefaultListableBeanFactory.resolveDependency(DefaultListableBeanFactory.java:1311)
		at org.springframework.beans.factory.support.ConstructorResolver.resolveAutowiredArgument(ConstructorResolver.java:904)
		at org.springframework.beans.factory.support.ConstructorResolver.createArgumentArray(ConstructorResolver.java:781)
		at org.springframework.beans.factory.support.ConstructorResolver.instantiateUsingFactoryMethod(ConstructorResolver.java:532)
		at org.springframework.beans.factory.support.AbstractAutowireCapableBeanFactory.instantiateUsingFactoryMethod(AbstractAutowireCapableBeanFactory.java:1352)
		at org.springframework.beans.factory.support.AbstractAutowireCapableBeanFactory.createBeanInstance(AbstractAutowireCapableBeanFactory.java:1195)
		at org.springframework.beans.factory.support.AbstractAutowireCapableBeanFactory.doCreateBean(AbstractAutowireCapableBeanFactory.java:582)
		at org.springframework.beans.factory.support.AbstractAutowireCapableBeanFactory.createBean(AbstractAutowireCapableBeanFactory.java:542)
		at org.springframework.beans.factory.support.AbstractBeanFactory.lambda$doGetBean$0(AbstractBeanFactory.java:336)
		at org.springframework.beans.factory.support.DefaultSingletonBeanRegistry.getSingleton(DefaultSingletonBeanRegistry.java:234)
		at org.springframework.beans.factory.support.AbstractBeanFactory.doGetBean(AbstractBeanFactory.java:334)
		at org.springframework.beans.factory.support.AbstractBeanFactory.getBean(AbstractBeanFactory.java:209)
		at org.springframework.beans.factory.config.DependencyDescriptor.resolveCandidate(DependencyDescriptor.java:276)
		at org.springframework.beans.factory.support.DefaultListableBeanFactory.doResolveDependency(DefaultListableBeanFactory.java:1391)
		at org.springframework.beans.factory.support.DefaultListableBeanFactory.resolveDependency(DefaultListableBeanFactory.java:1311)
		at org.springframework.beans.factory.support.ConstructorResolver.resolveAutowiredArgument(ConstructorResolver.java:904)
		at org.springframework.beans.factory.support.ConstructorResolver.createArgumentArray(ConstructorResolver.java:781)
		at org.springframework.beans.factory.support.ConstructorResolver.autowireConstructor(ConstructorResolver.java:220)
		at org.springframework.beans.factory.support.AbstractAutowireCapableBeanFactory.autowireConstructor(AbstractAutowireCapableBeanFactory.java:1372)
		at org.springframework.beans.factory.support.AbstractAutowireCapableBeanFactory.createBeanInstance(AbstractAutowireCapableBeanFactory.java:1222)
		at org.springframework.beans.factory.support.AbstractAutowireCapableBeanFactory.doCreateBean(AbstractAutowireCapableBeanFactory.java:582)
		at org.springframework.beans.factory.support.AbstractAutowireCapableBeanFactory.createBean(AbstractAutowireCapableBeanFactory.java:542)
		at org.springframework.beans.factory.support.AbstractBeanFactory.lambda$doGetBean$0(AbstractBeanFactory.java:336)
		at org.springframework.beans.factory.support.DefaultSingletonBeanRegistry.getSingleton(DefaultSingletonBeanRegistry.java:234)
		at org.springframework.beans.factory.support.AbstractBeanFactory.doGetBean(AbstractBeanFactory.java:334)
		at org.springframework.beans.factory.support.AbstractBeanFactory.getBean(AbstractBeanFactory.java:214)
		at org.springframework.context.support.PostProcessorRegistrationDelegate.registerBeanPostProcessors(PostProcessorRegistrationDelegate.java:270)
		at org.springframework.context.support.AbstractApplicationContext.registerBeanPostProcessors(AbstractApplicationContext.java:773)
		at org.springframework.context.support.AbstractApplicationContext.refresh(AbstractApplicationContext.java:575)
		at org.springframework.boot.web.reactive.context.ReactiveWebServerApplicationContext.refresh(ReactiveWebServerApplicationContext.java:66)
		at org.springframework.boot.SpringApplication.refresh(SpringApplication.java:732)
		at org.springframework.boot.SpringApplication.refreshContext(SpringApplication.java:409)
		at org.springframework.boot.SpringApplication.run(SpringApplication.java:308)
		at org.springframework.boot.SpringApplication.run(SpringApplication.java:1300)
		at org.springframework.boot.SpringApplication.run(SpringApplication.java:1289)
		at org.jetlinks.community.standalone.JetLinksApplication.main(JetLinksApplication.java:33)
		at sun.reflect.NativeMethodAccessorImpl.invoke0(Native Method)
		at sun.reflect.NativeMethodAccessorImpl.invoke(NativeMethodAccessorImpl.java:62)
		at sun.reflect.DelegatingMethodAccessorImpl.invoke(DelegatingMethodAccessorImpl.java:43)
		at java.lang.reflect.Method.invoke(Method.java:498)
		at org.springframework.boot.loader.MainMethodRunner.run(MainMethodRunner.java:49)
		at org.springframework.boot.loader.Launcher.launch(Launcher.java:108)
		at org.springframework.boot.loader.Launcher.launch(Launcher.java:58)
		at org.springframework.boot.loader.PropertiesLauncher.main(PropertiesLauncher.java:467)
Caused by: io.r2dbc.spi.R2dbcPermissionDeniedException: Authentication type 'caching_sha2_password' must require SSL in full authentication phase
	at io.asyncer.r2dbc.mysql.LoginExchangeable.createAuthResponse(QueryFlow.java:879)
	at io.asyncer.r2dbc.mysql.LoginExchangeable.accept(QueryFlow.java:846)
	at io.asyncer.r2dbc.mysql.LoginExchangeable.accept(QueryFlow.java:748)
	at reactor.core.publisher.FluxHandle$HandleConditionalSubscriber.onNext(FluxHandle.java:324)
	... 38 common frames omitted

2026-06-09 14:45:14.420  WARN 13692 --- [main] onfigReactiveWebServerApplicationContext : Exception encountered during context initialization - cancelling refresh attempt: org.springframework.beans.factory.UnsatisfiedDependencyException: Error creating bean with name 'defaultNotifierManager' defined in class path resource [org/jetlinks/community/notify/DefaultNotifierManager.class]: Unsatisfied dependency expressed through constructor parameter 1; nested exception is org.springframework.beans.factory.UnsatisfiedDependencyException: Error creating bean with name 'notifyConfigManager' defined in class path resource [org/jetlinks/community/notify/configuration/NotifierAutoConfiguration.class]: Unsatisfied dependency expressed through method 'notifyConfigManager' parameter 0; nested exception is org.springframework.beans.factory.UnsatisfiedDependencyException: Error creating bean with name 'defaultNotifyConfigManager': Unsatisfied dependency expressed through field 'configService'; nested exception is org.springframework.beans.factory.UnsatisfiedDependencyException: Error creating bean with name 'notifyConfigService': Unsatisfied dependency expressed through field 'cacheManager'; nested exception is org.springframework.beans.factory.BeanCreationException: Error creating bean with name 'reactiveCacheManager' defined in class path resource [org/hswebframework/web/cache/configuration/ReactiveCacheManagerConfiguration.class]: Bean instantiation via factory method failed; nested exception is org.springframework.beans.BeanInstantiationException: Failed to instantiate [org.hswebframework.web.cache.ReactiveCacheManager]: Factory method 'reactiveCacheManager' threw exception; nested exception is org.springframework.beans.factory.UnsatisfiedDependencyException: Error creating bean with name 'reactiveRedisTemplate' defined in class path resource [org/jetlinks/community/configure/redis/RedisSerializationConfiguration.class]: Unsatisfied dependency expressed through method 'reactiveRedisTemplate' parameter 0; nested exception is org.springframework.beans.factory.UnsatisfiedDependencyException: Error creating bean with name 'redisConnectionFactory' defined in class path resource [org/springframework/boot/autoconfigure/data/redis/LettuceConnectionConfiguration.class]: Unsatisfied dependency expressed through method 'redisConnectionFactory' parameter 1; nested exception is org.springframework.beans.factory.BeanCreationException: Error creating bean with name 'lettuceClientResources' defined in class path resource [org/springframework/boot/autoconfigure/data/redis/LettuceConnectionConfiguration.class]: Bean instantiation via factory method failed; nested exception is org.springframework.beans.BeanInstantiationException: Failed to instantiate [io.lettuce.core.resource.DefaultClientResources]: Factory method 'lettuceClientResources' threw exception; nested exception is org.springframework.beans.factory.UnsatisfiedDependencyException: Error creating bean with name 'lettuceMetrics' defined in class path resource [org/springframework/boot/actuate/autoconfigure/metrics/redis/LettuceMetricsAutoConfiguration.class]: Unsatisfied dependency expressed through method 'lettuceMetrics' parameter 0; nested exception is org.springframework.beans.factory.UnsatisfiedDependencyException: Error creating bean with name 'meterRegistry' defined in class path resource [org/jetlinks/community/timeseries/micrometer/TimeSeriesMeterRegistryConfiguration.class]: Unsatisfied dependency expressed through method 'meterRegistry' parameter 0; nested exception is org.springframework.beans.factory.UnsatisfiedDependencyException: Error creating bean with name 'timeSeriesMeterRegistrySupplier' defined in class path resource [org/jetlinks/community/timeseries/micrometer/TimeSeriesMeterRegistryConfiguration.class]: Unsatisfied dependency expressed through method 'timeSeriesMeterRegistrySupplier' parameter 0; nested exception is org.springframework.beans.factory.UnsatisfiedDependencyException: Error creating bean with name 'elasticSearchTimeSeriesManager' defined in class path resource [org/jetlinks/community/elastic/search/configuration/ElasticSearchConfiguration.class]: Unsatisfied dependency expressed through method 'elasticSearchTimeSeriesManager' parameter 0; nested exception is org.springframework.beans.factory.UnsatisfiedDependencyException: Error creating bean with name 'elasticSearchIndexManager' defined in class path resource [org/jetlinks/community/elastic/search/configuration/ElasticSearchConfiguration.class]: Unsatisfied dependency expressed through method 'elasticSearchIndexManager' parameter 0; nested exception is org.springframework.beans.factory.UnsatisfiedDependencyException: Error creating bean with name 'timeByDayElasticSearchIndexStrategy' defined in class path resource [org/jetlinks/community/elastic/search/index/strategies/TimeByDayElasticSearchIndexStrategy.class]: Unsatisfied dependency expressed through constructor parameter 0; nested exception is org.springframework.beans.factory.BeanCreationException: Error creating bean with name 'defaultReactiveElasticsearchClient' defined in class path resource [org/jetlinks/community/elastic/search/configuration/ElasticSearchConfiguration.class]: Bean instantiation via factory method failed; nested exception is org.springframework.beans.BeanInstantiationException: Failed to instantiate [org.jetlinks.community.elastic.search.service.reactive.DefaultReactiveElasticsearchClient]: Factory method 'defaultReactiveElasticsearchClient' threw exception; nested exception is java.lang.IllegalStateException: Timeout on blocking read for 10000000000 NANOSECONDS
2026-06-09 14:45:14.819  WARN 13692 --- [main] .w.c.e.DatabaseExceptionAnalyzerReporter : 
=============================
操作超时,请检查数据库连接是否正确,数据库是否能正常访问.
=============================


java.lang.IllegalStateException: Timeout on blocking read for 10000000000 NANOSECONDS
	at reactor.core.publisher.BlockingSingleSubscriber.blockingGet(BlockingSingleSubscriber.java:124)
	at reactor.core.publisher.Mono.block(Mono.java:1766)
	at org.jetlinks.community.elastic.search.service.reactive.DefaultReactiveElasticsearchClient.<init>(DefaultReactiveElasticsearchClient.java:155)
	at org.jetlinks.community.elastic.search.configuration.ElasticSearchConfiguration.defaultReactiveElasticsearchClient(ElasticSearchConfiguration.java:71)
	at sun.reflect.NativeMethodAccessorImpl.invoke0(Native Method)
	at sun.reflect.NativeMethodAccessorImpl.invoke(NativeMethodAccessorImpl.java:62)
	at sun.reflect.DelegatingMethodAccessorImpl.invoke(DelegatingMethodAccessorImpl.java:43)
	at java.lang.reflect.Method.invoke(Method.java:498)
	at org.springframework.beans.factory.support.SimpleInstantiationStrategy.instantiate(SimpleInstantiationStrategy.java:154)
	at org.springframework.beans.factory.support.ConstructorResolver.instantiate(ConstructorResolver.java:641)
	at org.springframework.beans.factory.support.ConstructorResolver.instantiateUsingFactoryMethod(ConstructorResolver.java:626)
	at org.springframework.beans.factory.support.AbstractAutowireCapableBeanFactory.instantiateUsingFactoryMethod(AbstractAutowireCapableBeanFactory.java:1352)
	at org.springframework.beans.factory.support.AbstractAutowireCapableBeanFactory.createBeanInstance(AbstractAutowireCapableBeanFactory.java:1195)
	at org.springframework.beans.factory.support.AbstractAutowireCapableBeanFactory.doCreateBean(AbstractAutowireCapableBeanFactory.java:582)
	at org.springframework.beans.factory.support.AbstractAutowireCapableBeanFactory.createBean(AbstractAutowireCapableBeanFactory.java:542)
	at org.springframework.beans.factory.support.AbstractBeanFactory.lambda$doGetBean$0(AbstractBeanFactory.java:336)
	at org.springframework.beans.factory.support.DefaultSingletonBeanRegistry.getSingleton(DefaultSingletonBeanRegistry.java:234)
	at org.springframework.beans.factory.support.AbstractBeanFactory.doGetBean(AbstractBeanFactory.java:334)
	at org.springframework.beans.factory.support.AbstractBeanFactory.getBean(AbstractBeanFactory.java:209)
	at org.springframework.beans.factory.config.DependencyDescriptor.resolveCandidate(DependencyDescriptor.java:276)
	at org.springframework.beans.factory.support.DefaultListableBeanFactory.doResolveDependency(DefaultListableBeanFactory.java:1391)
	at org.springframework.beans.factory.support.DefaultListableBeanFactory.resolveDependency(DefaultListableBeanFactory.java:1311)
	at org.springframework.beans.factory.support.ConstructorResolver.resolveAutowiredArgument(ConstructorResolver.java:904)
	at org.springframework.beans.factory.support.ConstructorResolver.createArgumentArray(ConstructorResolver.java:781)
	at org.springframework.beans.factory.support.ConstructorResolver.autowireConstructor(ConstructorResolver.java:220)
	at org.springframework.beans.factory.support.AbstractAutowireCapableBeanFactory.autowireConstructor(AbstractAutowireCapableBeanFactory.java:1372)
	at org.springframework.beans.factory.support.AbstractAutowireCapableBeanFactory.createBeanInstance(AbstractAutowireCapableBeanFactory.java:1222)
	at org.springframework.beans.factory.support.AbstractAutowireCapableBeanFactory.doCreateBean(AbstractAutowireCapableBeanFactory.java:582)
	at org.springframework.beans.factory.support.AbstractAutowireCapableBeanFactory.createBean(AbstractAutowireCapableBeanFactory.java:542)
	at org.springframework.beans.factory.support.AbstractBeanFactory.lambda$doGetBean$0(AbstractBeanFactory.java:336)
	at org.springframework.beans.factory.support.DefaultSingletonBeanRegistry.getSingleton(DefaultSingletonBeanRegistry.java:234)
	at org.springframework.beans.factory.support.AbstractBeanFactory.doGetBean(AbstractBeanFactory.java:334)
	at org.springframework.beans.factory.support.AbstractBeanFactory.getBean(AbstractBeanFactory.java:209)
	at org.springframework.beans.factory.config.DependencyDescriptor.resolveCandidate(DependencyDescriptor.java:276)
	at org.springframework.beans.factory.support.DefaultListableBeanFactory.addCandidateEntry(DefaultListableBeanFactory.java:1609)
	at org.springframework.beans.factory.support.DefaultListableBeanFactory.findAutowireCandidates(DefaultListableBeanFactory.java:1573)
	at org.springframework.beans.factory.support.DefaultListableBeanFactory.resolveMultipleBeans(DefaultListableBeanFactory.java:1462)
	at org.springframework.beans.factory.support.DefaultListableBeanFactory.doResolveDependency(DefaultListableBeanFactory.java:1349)
	at org.springframework.beans.factory.support.DefaultListableBeanFactory.resolveDependency(DefaultListableBeanFactory.java:1311)
	at org.springframework.beans.factory.support.ConstructorResolver.resolveAutowiredArgument(ConstructorResolver.java:904)
	at org.springframework.beans.factory.support.ConstructorResolver.createArgumentArray(ConstructorResolver.java:781)
	at org.springframework.beans.factory.support.ConstructorResolver.instantiateUsingFactoryMethod(ConstructorResolver.java:532)
	at org.springframework.beans.factory.support.AbstractAutowireCapableBeanFactory.instantiateUsingFactoryMethod(AbstractAutowireCapableBeanFactory.java:1352)
	at org.springframework.beans.factory.support.AbstractAutowireCapableBeanFactory.createBeanInstance(AbstractAutowireCapableBeanFactory.java:1195)
	at org.springframework.beans.factory.support.AbstractAutowireCapableBeanFactory.doCreateBean(AbstractAutowireCapableBeanFactory.java:582)
	at org.springframework.beans.factory.support.AbstractAutowireCapableBeanFactory.createBean(AbstractAutowireCapableBeanFactory.java:542)
	at org.springframework.beans.factory.support.AbstractBeanFactory.lambda$doGetBean$0(AbstractBeanFactory.java:336)
	at org.springframework.beans.factory.support.DefaultSingletonBeanRegistry.getSingleton(DefaultSingletonBeanRegistry.java:234)
	at org.springframework.beans.factory.support.AbstractBeanFactory.doGetBean(AbstractBeanFactory.java:334)
	at org.springframework.beans.factory.support.AbstractBeanFactory.getBean(AbstractBeanFactory.java:209)
	at org.springframework.beans.factory.config.DependencyDescriptor.resolveCandidate(DependencyDescriptor.java:276)
	at org.springframework.beans.factory.support.DefaultListableBeanFactory.doResolveDependency(DefaultListableBeanFactory.java:1391)
	at org.springframework.beans.factory.support.DefaultListableBeanFactory.resolveDependency(DefaultListableBeanFactory.java:1311)
	at org.springframework.beans.factory.support.ConstructorResolver.resolveAutowiredArgument(ConstructorResolver.java:904)
	at org.springframework.beans.factory.support.ConstructorResolver.createArgumentArray(ConstructorResolver.java:781)
	at org.springframework.beans.factory.support.ConstructorResolver.instantiateUsingFactoryMethod(ConstructorResolver.java:532)
	at org.springframework.beans.factory.support.AbstractAutowireCapableBeanFactory.instantiateUsingFactoryMethod(AbstractAutowireCapableBeanFactory.java:1352)
	at org.springframework.beans.factory.support.AbstractAutowireCapableBeanFactory.createBeanInstance(AbstractAutowireCapableBeanFactory.java:1195)
	at org.springframework.beans.factory.support.AbstractAutowireCapableBeanFactory.doCreateBean(AbstractAutowireCapableBeanFactory.java:582)
	at org.springframework.beans.factory.support.AbstractAutowireCapableBeanFactory.createBean(AbstractAutowireCapableBeanFactory.java:542)
	at org.springframework.beans.factory.support.AbstractBeanFactory.lambda$doGetBean$0(AbstractBeanFactory.java:336)
	at org.springframework.beans.factory.support.DefaultSingletonBeanRegistry.getSingleton(DefaultSingletonBeanRegistry.java:234)
	at org.springframework.beans.factory.support.AbstractBeanFactory.doGetBean(AbstractBeanFactory.java:334)
	at org.springframework.beans.factory.support.AbstractBeanFactory.getBean(AbstractBeanFactory.java:209)
	at org.springframework.beans.factory.config.DependencyDescriptor.resolveCandidate(DependencyDescriptor.java:276)
	at org.springframework.beans.factory.support.DefaultListableBeanFactory.doResolveDependency(DefaultListableBeanFactory.java:1391)
	at org.springframework.beans.factory.support.DefaultListableBeanFactory.resolveDependency(DefaultListableBeanFactory.java:1311)
	at org.springframework.beans.factory.support.ConstructorResolver.resolveAutowiredArgument(ConstructorResolver.java:904)
	at org.springframework.beans.factory.support.ConstructorResolver.createArgumentArray(ConstructorResolver.java:781)
	at org.springframework.beans.factory.support.ConstructorResolver.instantiateUsingFactoryMethod(ConstructorResolver.java:532)
	at org.springframework.beans.factory.support.AbstractAutowireCapableBeanFactory.instantiateUsingFactoryMethod(AbstractAutowireCapableBeanFactory.java:1352)
	at org.springframework.beans.factory.support.AbstractAutowireCapableBeanFactory.createBeanInstance(AbstractAutowireCapableBeanFactory.java:1195)
	at org.springframework.beans.factory.support.AbstractAutowireCapableBeanFactory.doCreateBean(AbstractAutowireCapableBeanFactory.java:582)
	at org.springframework.beans.factory.support.AbstractAutowireCapableBeanFactory.createBean(AbstractAutowireCapableBeanFactory.java:542)
	at org.springframework.beans.factory.support.AbstractBeanFactory.lambda$doGetBean$0(AbstractBeanFactory.java:336)
	at org.springframework.beans.factory.support.DefaultSingletonBeanRegistry.getSingleton(DefaultSingletonBeanRegistry.java:234)
	at org.springframework.beans.factory.support.AbstractBeanFactory.doGetBean(AbstractBeanFactory.java:334)
	at org.springframework.beans.factory.support.AbstractBeanFactory.getBean(AbstractBeanFactory.java:209)
	at org.springframework.beans.factory.config.DependencyDescriptor.resolveCandidate(DependencyDescriptor.java:276)
	at org.springframework.beans.factory.support.DefaultListableBeanFactory.doResolveDependency(DefaultListableBeanFactory.java:1391)
	at org.springframework.beans.factory.support.DefaultListableBeanFactory.resolveDependency(DefaultListableBeanFactory.java:1311)
	at org.springframework.beans.factory.support.ConstructorResolver.resolveAutowiredArgument(ConstructorResolver.java:904)
	at org.springframework.beans.factory.support.ConstructorResolver.createArgumentArray(ConstructorResolver.java:781)
	at org.springframework.beans.factory.support.ConstructorResolver.instantiateUsingFactoryMethod(ConstructorResolver.java:532)
	at org.springframework.beans.factory.support.AbstractAutowireCapableBeanFactory.instantiateUsingFactoryMethod(AbstractAutowireCapableBeanFactory.java:1352)
	at org.springframework.beans.factory.support.AbstractAutowireCapableBeanFactory.createBeanInstance(AbstractAutowireCapableBeanFactory.java:1195)
	at org.springframework.beans.factory.support.AbstractAutowireCapableBeanFactory.doCreateBean(AbstractAutowireCapableBeanFactory.java:582)
	at org.springframework.beans.factory.support.AbstractAutowireCapableBeanFactory.createBean(AbstractAutowireCapableBeanFactory.java:542)
	at org.springframework.beans.factory.support.AbstractBeanFactory.lambda$doGetBean$0(AbstractBeanFactory.java:336)
	at org.springframework.beans.factory.support.DefaultSingletonBeanRegistry.getSingleton(DefaultSingletonBeanRegistry.java:234)
	at org.springframework.beans.factory.support.AbstractBeanFactory.doGetBean(AbstractBeanFactory.java:334)
	at org.springframework.beans.factory.support.AbstractBeanFactory.getBean(AbstractBeanFactory.java:209)
	at org.springframework.beans.factory.config.DependencyDescriptor.resolveCandidate(DependencyDescriptor.java:276)
	at org.springframework.beans.factory.support.DefaultListableBeanFactory.doResolveDependency(DefaultListableBeanFactory.java:1391)
	at org.springframework.beans.factory.support.DefaultListableBeanFactory.resolveDependency(DefaultListableBeanFactory.java:1311)
	at org.springframework.beans.factory.support.ConstructorResolver.resolveAutowiredArgument(ConstructorResolver.java:904)
	at org.springframework.beans.factory.support.ConstructorResolver.createArgumentArray(ConstructorResolver.java:781)
	at org.springframework.beans.factory.support.ConstructorResolver.instantiateUsingFactoryMethod(ConstructorResolver.java:532)
	at org.springframework.beans.factory.support.AbstractAutowireCapableBeanFactory.instantiateUsingFactoryMethod(AbstractAutowireCapableBeanFactory.java:1352)
	at org.springframework.beans.factory.support.AbstractAutowireCapableBeanFactory.createBeanInstance(AbstractAutowireCapableBeanFactory.java:1195)
	at org.springframework.beans.factory.support.AbstractAutowireCapableBeanFactory.doCreateBean(AbstractAutowireCapableBeanFactory.java:582)
	at org.springframework.beans.factory.support.AbstractAutowireCapableBeanFactory.createBean(AbstractAutowireCapableBeanFactory.java:542)
	at org.springframework.beans.factory.support.AbstractBeanFactory.lambda$doGetBean$0(AbstractBeanFactory.java:336)
	at org.springframework.beans.factory.support.DefaultSingletonBeanRegistry.getSingleton(DefaultSingletonBeanRegistry.java:234)
	at org.springframework.beans.factory.support.AbstractBeanFactory.doGetBean(AbstractBeanFactory.java:334)
	at org.springframework.beans.factory.support.AbstractBeanFactory.getBean(AbstractBeanFactory.java:209)
	at org.springframework.beans.factory.config.DependencyDescriptor.resolveCandidate(DependencyDescriptor.java:276)
	at org.springframework.beans.factory.support.DefaultListableBeanFactory.addCandidateEntry(DefaultListableBeanFactory.java:1616)
	at org.springframework.beans.factory.support.DefaultListableBeanFactory.findAutowireCandidates(DefaultListableBeanFactory.java:1573)
	at org.springframework.beans.factory.support.DefaultListableBeanFactory.resolveMultipleBeans(DefaultListableBeanFactory.java:1417)
	at org.springframework.beans.factory.support.DefaultListableBeanFactory.doResolveDependency(DefaultListableBeanFactory.java:1349)
	at org.springframework.beans.factory.support.DefaultListableBeanFactory$DependencyObjectProvider.resolveStream(DefaultListableBeanFactory.java:2119)
	at org.springframework.beans.factory.support.DefaultListableBeanFactory$DependencyObjectProvider.orderedStream(DefaultListableBeanFactory.java:2113)
	at org.springframework.boot.autoconfigure.data.redis.LettuceConnectionConfiguration.lettuceClientResources(LettuceConnectionConfiguration.java:72)
	at sun.reflect.NativeMethodAccessorImpl.invoke0(Native Method)
	at sun.reflect.NativeMethodAccessorImpl.invoke(NativeMethodAccessorImpl.java:62)
	at sun.reflect.DelegatingMethodAccessorImpl.invoke(DelegatingMethodAccessorImpl.java:43)
	at java.lang.reflect.Method.invoke(Method.java:498)
	at org.springframework.beans.factory.support.SimpleInstantiationStrategy.instantiate(SimpleInstantiationStrategy.java:154)
	at org.springframework.beans.factory.support.ConstructorResolver.instantiate(ConstructorResolver.java:641)
	at org.springframework.beans.factory.support.ConstructorResolver.instantiateUsingFactoryMethod(ConstructorResolver.java:626)
	at org.springframework.beans.factory.support.AbstractAutowireCapableBeanFactory.instantiateUsingFactoryMethod(AbstractAutowireCapableBeanFactory.java:1352)
	at org.springframework.beans.factory.support.AbstractAutowireCapableBeanFactory.createBeanInstance(AbstractAutowireCapableBeanFactory.java:1195)
	at org.springframework.beans.factory.support.AbstractAutowireCapableBeanFactory.doCreateBean(AbstractAutowireCapableBeanFactory.java:582)
	at org.springframework.beans.factory.support.AbstractAutowireCapableBeanFactory.createBean(AbstractAutowireCapableBeanFactory.java:542)
	at org.springframework.beans.factory.support.AbstractBeanFactory.lambda$doGetBean$0(AbstractBeanFactory.java:336)
	at org.springframework.beans.factory.support.DefaultSingletonBeanRegistry.getSingleton(DefaultSingletonBeanRegistry.java:234)
	at org.springframework.beans.factory.support.AbstractBeanFactory.doGetBean(AbstractBeanFactory.java:334)
	at org.springframework.beans.factory.support.AbstractBeanFactory.getBean(AbstractBeanFactory.java:209)
	at org.springframework.beans.factory.config.DependencyDescriptor.resolveCandidate(DependencyDescriptor.java:276)
	at org.springframework.beans.factory.support.DefaultListableBeanFactory.doResolveDependency(DefaultListableBeanFactory.java:1391)
	at org.springframework.beans.factory.support.DefaultListableBeanFactory.resolveDependency(DefaultListableBeanFactory.java:1311)
	at org.springframework.beans.factory.support.ConstructorResolver.resolveAutowiredArgument(ConstructorResolver.java:904)
	at org.springframework.beans.factory.support.ConstructorResolver.createArgumentArray(ConstructorResolver.java:781)
	at org.springframework.beans.factory.support.ConstructorResolver.instantiateUsingFactoryMethod(ConstructorResolver.java:532)
	at org.springframework.beans.factory.support.AbstractAutowireCapableBeanFactory.instantiateUsingFactoryMethod(AbstractAutowireCapableBeanFactory.java:1352)
	at org.springframework.beans.factory.support.AbstractAutowireCapableBeanFactory.createBeanInstance(AbstractAutowireCapableBeanFactory.java:1195)
	at org.springframework.beans.factory.support.AbstractAutowireCapableBeanFactory.doCreateBean(AbstractAutowireCapableBeanFactory.java:582)
	at org.springframework.beans.factory.support.AbstractAutowireCapableBeanFactory.createBean(AbstractAutowireCapableBeanFactory.java:542)
	at org.springframework.beans.factory.support.AbstractBeanFactory.lambda$doGetBean$0(AbstractBeanFactory.java:336)
	at org.springframework.beans.factory.support.DefaultSingletonBeanRegistry.getSingleton(DefaultSingletonBeanRegistry.java:234)
	at org.springframework.beans.factory.support.AbstractBeanFactory.doGetBean(AbstractBeanFactory.java:334)
	at org.springframework.beans.factory.support.AbstractBeanFactory.getBean(AbstractBeanFactory.java:209)
	at org.springframework.beans.factory.config.DependencyDescriptor.resolveCandidate(DependencyDescriptor.java:276)
	at org.springframework.beans.factory.support.DefaultListableBeanFactory.doResolveDependency(DefaultListableBeanFactory.java:1391)
	at org.springframework.beans.factory.support.DefaultListableBeanFactory.resolveDependency(DefaultListableBeanFactory.java:1311)
	at org.springframework.beans.factory.support.ConstructorResolver.resolveAutowiredArgument(ConstructorResolver.java:904)
	at org.springframework.beans.factory.support.ConstructorResolver.createArgumentArray(ConstructorResolver.java:781)
	at org.springframework.beans.factory.support.ConstructorResolver.instantiateUsingFactoryMethod(ConstructorResolver.java:532)
	at org.springframework.beans.factory.support.AbstractAutowireCapableBeanFactory.instantiateUsingFactoryMethod(AbstractAutowireCapableBeanFactory.java:1352)
	at org.springframework.beans.factory.support.AbstractAutowireCapableBeanFactory.createBeanInstance(AbstractAutowireCapableBeanFactory.java:1195)
	at org.springframework.beans.factory.support.AbstractAutowireCapableBeanFactory.doCreateBean(AbstractAutowireCapableBeanFactory.java:582)
	at org.springframework.beans.factory.support.AbstractAutowireCapableBeanFactory.createBean(AbstractAutowireCapableBeanFactory.java:542)
	at org.springframework.beans.factory.support.AbstractBeanFactory.lambda$doGetBean$0(AbstractBeanFactory.java:336)
	at org.springframework.beans.factory.support.DefaultSingletonBeanRegistry.getSingleton(DefaultSingletonBeanRegistry.java:234)
	at org.springframework.beans.factory.support.AbstractBeanFactory.doGetBean(AbstractBeanFactory.java:334)
	at org.springframework.beans.factory.support.AbstractBeanFactory.getBean(AbstractBeanFactory.java:234)
	at org.springframework.beans.factory.support.DefaultListableBeanFactory.resolveNamedBean(DefaultListableBeanFactory.java:1284)
	at org.springframework.beans.factory.support.DefaultListableBeanFactory.resolveNamedBean(DefaultListableBeanFactory.java:1245)
	at org.springframework.beans.factory.support.DefaultListableBeanFactory.resolveBean(DefaultListableBeanFactory.java:494)
	at org.springframework.beans.factory.support.DefaultListableBeanFactory.access$000(DefaultListableBeanFactory.java:121)
	at org.springframework.beans.factory.support.DefaultListableBeanFactory$1.getIfAvailable(DefaultListableBeanFactory.java:423)
	at org.hswebframework.web.cache.configuration.ReactiveCacheProperties.createCacheManager(ReactiveCacheProperties.java:69)
	at org.hswebframework.web.cache.configuration.ReactiveCacheManagerConfiguration.reactiveCacheManager(ReactiveCacheManagerConfiguration.java:19)
	at sun.reflect.NativeMethodAccessorImpl.invoke0(Native Method)
	at sun.reflect.NativeMethodAccessorImpl.invoke(NativeMethodAccessorImpl.java:62)
	at sun.reflect.DelegatingMethodAccessorImpl.invoke(DelegatingMethodAccessorImpl.java:43)
	at java.lang.reflect.Method.invoke(Method.java:498)
	at org.springframework.beans.factory.support.SimpleInstantiationStrategy.instantiate(SimpleInstantiationStrategy.java:154)
	at org.springframework.beans.factory.support.ConstructorResolver.instantiate(ConstructorResolver.java:641)
	at org.springframework.beans.factory.support.ConstructorResolver.instantiateUsingFactoryMethod(ConstructorResolver.java:626)
	at org.springframework.beans.factory.support.AbstractAutowireCapableBeanFactory.instantiateUsingFactoryMethod(AbstractAutowireCapableBeanFactory.java:1352)
	at org.springframework.beans.factory.support.AbstractAutowireCapableBeanFactory.createBeanInstance(AbstractAutowireCapableBeanFactory.java:1195)
	at org.springframework.beans.factory.support.AbstractAutowireCapableBeanFactory.doCreateBean(AbstractAutowireCapableBeanFactory.java:582)
	at org.springframework.beans.factory.support.AbstractAutowireCapableBeanFactory.createBean(AbstractAutowireCapableBeanFactory.java:542)
	at org.springframework.beans.factory.support.AbstractBeanFactory.lambda$doGetBean$0(AbstractBeanFactory.java:336)
	at org.springframework.beans.factory.support.DefaultSingletonBeanRegistry.getSingleton(DefaultSingletonBeanRegistry.java:234)
	at org.springframework.beans.factory.support.AbstractBeanFactory.doGetBean(AbstractBeanFactory.java:334)
	at org.springframework.beans.factory.support.AbstractBeanFactory.getBean(AbstractBeanFactory.java:209)
	at org.springframework.beans.factory.config.DependencyDescriptor.resolveCandidate(DependencyDescriptor.java:276)
	at org.springframework.beans.factory.support.DefaultListableBeanFactory.doResolveDependency(DefaultListableBeanFactory.java:1391)
	at org.springframework.beans.factory.support.DefaultListableBeanFactory.resolveDependency(DefaultListableBeanFactory.java:1311)
	at org.springframework.beans.factory.annotation.AutowiredAnnotationBeanPostProcessor$AutowiredFieldElement.resolveFieldValue(AutowiredAnnotationBeanPostProcessor.java:710)
	at org.springframework.beans.factory.annotation.AutowiredAnnotationBeanPostProcessor$AutowiredFieldElement.inject(AutowiredAnnotationBeanPostProcessor.java:693)
	at org.springframework.beans.factory.annotation.InjectionMetadata.inject(InjectionMetadata.java:119)
	at org.springframework.beans.factory.annotation.AutowiredAnnotationBeanPostProcessor.postProcessProperties(AutowiredAnnotationBeanPostProcessor.java:408)
	at org.springframework.beans.factory.support.AbstractAutowireCapableBeanFactory.populateBean(AbstractAutowireCapableBeanFactory.java:1431)
	at org.springframework.beans.factory.support.AbstractAutowireCapableBeanFactory.doCreateBean(AbstractAutowireCapableBeanFactory.java:619)
	at org.springframework.beans.factory.support.AbstractAutowireCapableBeanFactory.createBean(AbstractAutowireCapableBeanFactory.java:542)
	at org.springframework.beans.factory.support.AbstractBeanFactory.lambda$doGetBean$0(AbstractBeanFactory.java:336)
	at org.springframework.beans.factory.support.DefaultSingletonBeanRegistry.getSingleton(DefaultSingletonBeanRegistry.java:234)
	at org.springframework.beans.factory.support.AbstractBeanFactory.doGetBean(AbstractBeanFactory.java:334)
	at org.springframework.beans.factory.support.AbstractBeanFactory.getBean(AbstractBeanFactory.java:209)
	at org.springframework.beans.factory.config.DependencyDescriptor.resolveCandidate(DependencyDescriptor.java:276)
	at org.springframework.beans.factory.support.DefaultListableBeanFactory.doResolveDependency(DefaultListableBeanFactory.java:1391)
	at org.springframework.beans.factory.support.DefaultListableBeanFactory.resolveDependency(DefaultListableBeanFactory.java:1311)
	at org.springframework.beans.factory.annotation.AutowiredAnnotationBeanPostProcessor$AutowiredFieldElement.resolveFieldValue(AutowiredAnnotationBeanPostProcessor.java:710)
	at org.springframework.beans.factory.annotation.AutowiredAnnotationBeanPostProcessor$AutowiredFieldElement.inject(AutowiredAnnotationBeanPostProcessor.java:693)
	at org.springframework.beans.factory.annotation.InjectionMetadata.inject(InjectionMetadata.java:119)
	at org.springframework.beans.factory.annotation.AutowiredAnnotationBeanPostProcessor.postProcessProperties(AutowiredAnnotationBeanPostProcessor.java:408)
	at org.springframework.beans.factory.support.AbstractAutowireCapableBeanFactory.populateBean(AbstractAutowireCapableBeanFactory.java:1431)
	at org.springframework.beans.factory.support.AbstractAutowireCapableBeanFactory.doCreateBean(AbstractAutowireCapableBeanFactory.java:619)
	at org.springframework.beans.factory.support.AbstractAutowireCapableBeanFactory.createBean(AbstractAutowireCapableBeanFactory.java:542)
	at org.springframework.beans.factory.support.AbstractBeanFactory.lambda$doGetBean$0(AbstractBeanFactory.java:336)
	at org.springframework.beans.factory.support.DefaultSingletonBeanRegistry.getSingleton(DefaultSingletonBeanRegistry.java:234)
	at org.springframework.beans.factory.support.AbstractBeanFactory.doGetBean(AbstractBeanFactory.java:334)
	at org.springframework.beans.factory.support.AbstractBeanFactory.getBean(AbstractBeanFactory.java:209)
	at org.springframework.beans.factory.config.DependencyDescriptor.resolveCandidate(DependencyDescriptor.java:276)
	at org.springframework.beans.factory.support.DefaultListableBeanFactory.addCandidateEntry(DefaultListableBeanFactory.java:1609)
	at org.springframework.beans.factory.support.DefaultListableBeanFactory.findAutowireCandidates(DefaultListableBeanFactory.java:1573)
	at org.springframework.beans.factory.support.DefaultListableBeanFactory.resolveMultipleBeans(DefaultListableBeanFactory.java:1462)
	at org.springframework.beans.factory.support.DefaultListableBeanFactory.doResolveDependency(DefaultListableBeanFactory.java:1349)
	at org.springframework.beans.factory.support.DefaultListableBeanFactory.resolveDependency(DefaultListableBeanFactory.java:1311)
	at org.springframework.beans.factory.support.ConstructorResolver.resolveAutowiredArgument(ConstructorResolver.java:904)
	at org.springframework.beans.factory.support.ConstructorResolver.createArgumentArray(ConstructorResolver.java:781)
	at org.springframework.beans.factory.support.ConstructorResolver.instantiateUsingFactoryMethod(ConstructorResolver.java:532)
	at org.springframework.beans.factory.support.AbstractAutowireCapableBeanFactory.instantiateUsingFactoryMethod(AbstractAutowireCapableBeanFactory.java:1352)
	at org.springframework.beans.factory.support.AbstractAutowireCapableBeanFactory.createBeanInstance(AbstractAutowireCapableBeanFactory.java:1195)
	at org.springframework.beans.factory.support.AbstractAutowireCapableBeanFactory.doCreateBean(AbstractAutowireCapableBeanFactory.java:582)
	at org.springframework.beans.factory.support.AbstractAutowireCapableBeanFactory.createBean(AbstractAutowireCapableBeanFactory.java:542)
	at org.springframework.beans.factory.support.AbstractBeanFactory.lambda$doGetBean$0(AbstractBeanFactory.java:336)
	at org.springframework.beans.factory.support.DefaultSingletonBeanRegistry.getSingleton(DefaultSingletonBeanRegistry.java:234)
	at org.springframework.beans.factory.support.AbstractBeanFactory.doGetBean(AbstractBeanFactory.java:334)
	at org.springframework.beans.factory.support.AbstractBeanFactory.getBean(AbstractBeanFactory.java:209)
	at org.springframework.beans.factory.config.DependencyDescriptor.resolveCandidate(DependencyDescriptor.java:276)
	at org.springframework.beans.factory.support.DefaultListableBeanFactory.doResolveDependency(DefaultListableBeanFactory.java:1391)
	at org.springframework.beans.factory.support.DefaultListableBeanFactory.resolveDependency(DefaultListableBeanFactory.java:1311)
	at org.springframework.beans.factory.support.ConstructorResolver.resolveAutowiredArgument(ConstructorResolver.java:904)
	at org.springframework.beans.factory.support.ConstructorResolver.createArgumentArray(ConstructorResolver.java:781)
	at org.springframework.beans.factory.support.ConstructorResolver.autowireConstructor(ConstructorResolver.java:220)
	at org.springframework.beans.factory.support.AbstractAutowireCapableBeanFactory.autowireConstructor(AbstractAutowireCapableBeanFactory.java:1372)
	at org.springframework.beans.factory.support.AbstractAutowireCapableBeanFactory.createBeanInstance(AbstractAutowireCapableBeanFactory.java:1222)
	at org.springframework.beans.factory.support.AbstractAutowireCapableBeanFactory.doCreateBean(AbstractAutowireCapableBeanFactory.java:582)
	at org.springframework.beans.factory.support.AbstractAutowireCapableBeanFactory.createBean(AbstractAutowireCapableBeanFactory.java:542)
	at org.springframework.beans.factory.support.AbstractBeanFactory.lambda$doGetBean$0(AbstractBeanFactory.java:336)
	at org.springframework.beans.factory.support.DefaultSingletonBeanRegistry.getSingleton(DefaultSingletonBeanRegistry.java:234)
	at org.springframework.beans.factory.support.AbstractBeanFactory.doGetBean(AbstractBeanFactory.java:334)
	at org.springframework.beans.factory.support.AbstractBeanFactory.getBean(AbstractBeanFactory.java:214)
	at org.springframework.context.support.PostProcessorRegistrationDelegate.registerBeanPostProcessors(PostProcessorRegistrationDelegate.java:270)
	at org.springframework.context.support.AbstractApplicationContext.registerBeanPostProcessors(AbstractApplicationContext.java:773)
	at org.springframework.context.support.AbstractApplicationContext.refresh(AbstractApplicationContext.java:575)
	at org.springframework.boot.web.reactive.context.ReactiveWebServerApplicationContext.refresh(ReactiveWebServerApplicationContext.java:66)
	at org.springframework.boot.SpringApplication.refresh(SpringApplication.java:732)
	at org.springframework.boot.SpringApplication.refreshContext(SpringApplication.java:409)
	at org.springframework.boot.SpringApplication.run(SpringApplication.java:308)
	at org.springframework.boot.SpringApplication.run(SpringApplication.java:1300)
	at org.springframework.boot.SpringApplication.run(SpringApplication.java:1289)
	at org.jetlinks.community.standalone.JetLinksApplication.main(JetLinksApplication.java:33)
	at sun.reflect.NativeMethodAccessorImpl.invoke0(Native Method)
	at sun.reflect.NativeMethodAccessorImpl.invoke(NativeMethodAccessorImpl.java:62)
	at sun.reflect.DelegatingMethodAccessorImpl.invoke(DelegatingMethodAccessorImpl.java:43)
	at java.lang.reflect.Method.invoke(Method.java:498)
	at org.springframework.boot.loader.MainMethodRunner.run(MainMethodRunner.java:49)
	at org.springframework.boot.loader.Launcher.launch(Launcher.java:108)
	at org.springframework.boot.loader.Launcher.launch(Launcher.java:58)
	at org.springframework.boot.loader.PropertiesLauncher.main(PropertiesLauncher.java:467)

2026-06-09 15:06:25.969  WARN 452 --- [reactor-http-nio-2] r.netty.http.client.HttpClientConnect    : [ec857250-101, L:/127.0.0.1:65009 - R:/127.0.0.1:9200] The connection observed an error

io.netty.handler.timeout.ReadTimeoutException: null

2026-06-09 15:06:26.664  WARN 452 --- [reactor-http-nio-2] o.j.c.b.PersistenceBuffer.elasticsearch  : write elasticsearch data failed do retry later,size:1,remainder:1.use time: 10503 ms,error: WebClientRequestException: nested exception is io.netty.handler.timeout.ReadTimeoutException
